card_name,issuing_bank,issuing_bank_raw,card_network,categories,joining_fee,annual_fee,fee_waiver_condition,reward_rate,reward_structure,redemption_options,welcome_benefits,milestone_benefits,lounge_access,eligibility,interest_rate_apr,forex_markup,other_charges,key_features,pros,cons,rating,source_site,source_url
ICICI MakeMyTrip Signature (Mastercard) credit card,ICICI Bank,ICICI,Mastercard,"[""Catalogue Products"", ""Experience"", ""Travel Booking"", ""Hotel Transfer"", ""Pay by Points""]",2500,,,0.5% to 1%,"[{""child"": ""Earn 1.3 Reward Points per ₹200 spent"", ""name"": ""Base Rewards""}, {""child"": ""Earn 4 Reward Points per ₹200 spent"", ""name"": ""MakeMyTrip Hotels""}, {""child"": ""Earn 2 Reward Points per ₹200 spent"", ""name"": ""Flights""}, {""child"": ""Earn 1.5 Reward Points per ₹200 spent"", ""name"": ""International""}, {""child"": ""Earn 1 Reward Points per ₹200 spent"", ""name"": ""Insurance""}, {""child"": ""Earn 1 Reward Points per ₹200 spent"", ""name"": ""Education""}, {""child"": "" No Reward Points on this category."", ""name"": ""Rent""}, {""child"": "" No Reward Points on this category."", ""name"": ""Utilities""}, {""child"": "" No Reward Points on this category."", ""name"": ""Wallets""}, {""child"": "" No Reward Points on this category."", ""name"": ""Skill Based Gaming""}, {""child"": "" No Reward Points on this category."", ""name"": ""Jewellery""}, {""child"": "" No Reward Points on this category."", ""name"": ""UPI""}, {""child"": "" No Reward Points on this category."", ""name"": ""Fuel""}]","[{""title"": "" Discover Reward Points Redemption Options"", ""subtitle"": ""To explore the full range of redemption options for this card, download the SaveSage Club app now."", ""barCodeImageUrl"": ""/"", ""appUrl"": ""https://savesage.co/ZH8bLjZqSPb""}]",,"[{""milestoneNumber"": 1, ""spent"": 250000, ""cycleType"": ""STATEMENT"", ""benefits"": ""1,100 MyCash Points."", ""milestoneType"": ""YEAR""}, {""milestoneNumber"": 2, ""spent"": 500000, ""cycleType"": ""STATEMENT"", ""benefits"": ""4,000 MyCash Points."", ""milestoneType"": ""YEAR""}]","[{""maintitle"": ""Domestic lounge"", ""limit"": [""2 per quarter""], ""eligibility"": [""No explicit spend condition""]}, {""maintitle"": ""Railway lounge"", ""limit"": [""1 per quarter""], ""eligibility"": [""No explicit spend condition""]}, {""maintitle"": ""International lounge"", ""limit"": [""1 per year""], ""eligibility"": [""No explicit spend condition""]}]",,,,"[{""mainTitle"": ""BookMyShow"", ""child"": ""Get upto 25% Discount""}, {""mainTitle"": ""INOX"", ""child"": ""Get upto 25% Discount""}, {""mainTitle"": ""MakeMyTrip"", ""child"": ""MakeMyTrip Black membership""}]","[""Get upto 25% Discount"", ""Get upto 25% Discount"", ""MakeMyTrip Black membership""]",,,,savesage.club,https://savesage.club/credit-card/icici-makemytrip-signature-mastercard
ICICI MakeMyTrip Signature (Rupay) credit card,ICICI Bank,ICICI,Rupay,"[""Catalogue Products"", ""Experience"", ""Travel Booking"", ""Hotel Transfer"", ""Pay by Points""]",2500,,,0.5% to 1%,"[{""child"": ""Earn 1.3 Reward Points per ₹200 spent"", ""name"": ""Base Rewards""}, {""child"": ""Earn 4 Reward Points per ₹200 spent"", ""name"": ""MakeMyTrip Hotels""}, {""child"": ""Earn 2 Reward Points per ₹200 spent"", ""name"": ""Flights""}, {""child"": ""Earn 1.5 Reward Points per ₹200 spent"", ""name"": ""International""}, {""child"": ""Earn 1 Reward Points per ₹200 spent"", ""name"": ""Insurance""}, {""child"": ""Earn 1 Reward Points per ₹200 spent"", ""name"": ""Education""}, {""child"": "" No Reward Points on this category."", ""name"": ""Fuel""}, {""child"": "" No Reward Points on this category."", ""name"": ""Wallets""}, {""child"": "" No Reward Points on this category."", ""name"": ""Jewellery""}, {""child"": "" No Reward Points on this category."", ""name"": ""Rent""}, {""child"": "" No Reward Points on this category."", ""name"": ""Utilities""}, {""child"": "" No Reward Points on this category."", ""name"": ""Skill Based Gaming""}]","[{""title"": "" Discover Reward Points Redemption Options"", ""subtitle"": ""To explore the full range of redemption options for this card, download the SaveSage Club app now."", ""barCodeImageUrl"": ""/"", ""appUrl"": ""https://savesage.co/ZH8bLjZqSPb""}]",,"[{""milestoneNumber"": 1, ""spent"": 250000, ""cycleType"": ""STATEMENT"", ""benefits"": ""1,100 MyCash Points."", ""milestoneType"": ""YEAR""}, {""milestoneNumber"": 2, ""spent"": 500000, ""cycleType"": ""STATEMENT"", ""benefits"": ""4,000 MyCash Points."", ""milestoneType"": ""YEAR""}]","[{""maintitle"": ""Domestic lounge"", ""limit"": [""2 per quarter""], ""eligibility"": [""No explicit spend condition""]}, {""maintitle"": ""Railway lounge"", ""limit"": [""1 per quarter""], ""eligibility"": [""No explicit spend condition""]}, {""maintitle"": ""International lounge"", ""limit"": [""1 per year""], ""eligibility"": [""No explicit spend condition""]}]",,,,"[{""mainTitle"": ""BookMyShow"", ""child"": ""Get upto 25% Discount""}, {""mainTitle"": ""INOX"", ""child"": ""Get upto 25% Discount""}, {""mainTitle"": ""MakeMyTrip"", ""child"": ""MakeMyTrip Black membership""}]","[""Get upto 25% Discount"", ""Get upto 25% Discount"", ""MakeMyTrip Black membership""]",,,,savesage.club,https://savesage.club/credit-card/icici-makemytrip-signature-rupay
IDFC IndiGo Dual (Mastercard) credit card,IDFC FIRST Bank,IDFC,Mastercard,"[""Airline Transfer"", ""Travel Booking""]",4999,,,2% to 4%,"[{""child"": ""Earn 3 Reward Points per ₹100 spent"", ""name"": ""Base Rewards""}, {""child"": ""Earn 6 Reward Points per ₹100 spent"", ""name"": ""Indigo""}, {""child"": ""Earn 0.5 Reward Points per ₹100 spent"", ""name"": ""Utilities""}, {""child"": ""Earn 0.5 Reward Points per ₹100 spent"", ""name"": ""Insurance""}, {""child"": ""Earn 0.5 Reward Points per ₹100 spent"", ""name"": ""Rent""}, {""child"": ""Earn 0.5 Reward Points per ₹100 spent"", ""name"": ""Wallets""}, {""child"": ""Earn 0.5 Reward Points per ₹100 spent"", ""name"": ""Fuel""}, {""child"": "" No Reward Points on this category."", ""name"": ""UPI""}, {""child"": "" No Reward Points on this category."", ""name"": ""EMI""}]","[{""title"": "" Discover Reward Points Redemption Options"", ""subtitle"": ""To explore the full range of redemption options for this card, download the SaveSage Club app now."", ""barCodeImageUrl"": ""/"", ""appUrl"": ""https://savesage.co/ZH8bLjZqSPb""}]",,"[{""milestoneNumber"": 1, ""spent"": 0, ""cycleType"": ""STATEMENT"", ""benefits"": ""Earns 5,000 additional BluChips, for a total of 5,000 BluChips."", ""milestoneType"": ""YEAR""}, {""milestoneNumber"": 2, ""spent"": 100000, ""cycleType"": ""STATEMENT"", ""benefits"": ""Voucher of 3000 BluChips"", ""milestoneType"": ""YEAR""}, {""milestoneNumber"": 3, ""spent"": 500000, ""cycleType"": ""STATEMENT"", ""benefits"": ""Earns 5,000 additional BluChips, for a total of 10,000 BluChips."", ""milestoneType"": ""YEAR""}, {""milestoneNumber"": 4, ""spent"": 800000, ""cycleType"": ""STATEMENT"", ""benefits"": ""Earns 5,000 additional BluChips, for a total of 15,000 BluChips."", ""milestoneType"": ""YEAR""}, {""milestoneNumber"": 5, ""spent"": 1000000, ""cycleType"": ""STATEMENT"", ""benefits"": ""Earns 5,000 additional BluChips, for a total of 20,000 BluChips."", ""milestoneType"": ""YEAR""}, {""milestoneNumber"": 6, ""spent"": 1200000, ""cycleType"": ""STATEMENT"", ""benefits"": ""Earns 5,000 additional BluChips, for a total of 25,000 BluChips."", ""milestoneType"": ""YEAR""}]",[],,,,"[{""mainTitle"": ""EazyDiner"", ""child"": ""Upto ₹400 off""}, {""mainTitle"": ""EazyDiner"", ""child"": ""EazyDiner""}, {""mainTitle"": ""Golf"", ""child"": ""Complimentary Golf Rounds""}, {""mainTitle"": ""Insurance"", ""child"": ""Trip Cancellation Cover""}, {""mainTitle"": ""Road Side Assistance"", ""child"": ""Road Side Assistance""}]","[""Upto ₹400 off"", ""EazyDiner"", ""Complimentary Golf Rounds"", ""Trip Cancellation Cover"", ""Road Side Assistance""]",,,,savesage.club,https://savesage.club/credit-card/idfc-indigo-dual-mastercard
IDFC FIRST Digital RuPay credit card,IDFC FIRST Bank,IDFC,,[],199,,,NA,"[{""child"": ""Earn 1 Reward Points per ₹150 spent"", ""name"": ""Base Rewards""}, {""child"": ""Earn 3 Reward Points per ₹150 spent"", ""name"": ""UPI > 2K""}, {""child"": ""Earn 1 Reward Points per ₹150 spent"", ""name"": ""UPI < 2K""}, {""child"": ""Earn 1 Reward Points per ₹150 spent"", ""name"": ""Utilities""}, {""child"": "" No Reward Points on this category."", ""name"": ""EMI""}, {""child"": "" No Reward Points on this category."", ""name"": ""Fuel""}]","[{""title"": "" Discover Reward Points Redemption Options"", ""subtitle"": ""To explore the full range of redemption options for this card, download the SaveSage Club app now."", ""barCodeImageUrl"": ""/"", ""appUrl"": ""https://savesage.co/ZH8bLjZqSPb""}]",,[],[],,,,"[{""mainTitle"": ""Road Side Assistance"", ""child"": ""Road Side Assistance""}]","[""Road Side Assistance""]",,,,savesage.club,https://savesage.club/credit-card/idfc-first-digital-rupay
Amex Corporate Platinum credit card,American Express,Amex,,"[""Airline Transfer"", ""Hotel Transfer""]",0,,,1% to 10%,"[{""child"": ""Earn 1 Reward Points per ₹40 spent"", ""name"": ""Base Rewards""}, {""child"": ""Earn 5 Reward Points per ₹50 spent"", ""name"": ""Wellbeing Nutrition""}, {""child"": ""Earn 5 Reward Points per ₹50 spent"", ""name"": ""Nykaa Fashion""}, {""child"": ""Earn 5 Reward Points per ₹50 spent"", ""name"": ""Puma""}, {""child"": ""Earn 5 Reward Points per ₹50 spent"", ""name"": ""Tanishq""}, {""child"": ""Earn 5 Reward Points per ₹50 spent"", ""name"": ""Uniqlo""}, {""child"": ""Earn 5 Reward Points per ₹50 spent"", ""name"": ""Forest Essentials""}, {""child"": ""Earn 5 Reward Points per ₹50 spent"", ""name"": ""Acer""}, {""child"": ""Earn 5 Reward Points per ₹50 spent"", ""name"": ""Ajio""}, {""child"": ""Earn 5 Reward Points per ₹50 spent"", ""name"": ""Amex Shopwise""}, {""child"": ""Earn 5 Reward Points per ₹50 spent"", ""name"": ""Dyson""}, {""child"": ""Earn 5 Reward Points per ₹50 spent"", ""name"": ""Apple""}, {""child"": ""Earn 5 Reward Points per ₹50 spent"", ""name"": ""Aurelia""}, {""child"": ""Earn 5 Reward Points per ₹50 spent"", ""name"": ""Croma""}, {""child"": ""Earn 5 Reward Points per ₹50 spent"", ""name"": ""Farfetch""}, {""child"": ""Earn 5 Reward Points per ₹50 spent"", ""name"": ""Flipkart""}, {""child"": ""Earn 5 Reward Points per ₹50 spent"", ""name"": ""IGP""}, {""child"": ""Earn 5 Reward Points per ₹50 spent"", ""name"": ""Koskii""}, {""child"": ""Earn 5 Reward Points per ₹50 spent"", ""name"": ""Lenovo""}, {""child"": ""Earn 5 Reward Points per ₹50 spent"", ""name"": ""MakeMyTrip""}, {""child"": ""Earn 5 Reward Points per ₹50 spent"", ""name"": ""Mokobara""}, {""child"": ""Earn 5 Reward Points per ₹50 spent"", ""name"": ""Myntra""}, {""child"": ""Earn 5 Reward Points per ₹50 spent"", ""name"": ""Nykaa""}, {""child"": ""Earn 1 Reward Points per ₹100 spent"", ""name"": ""Utilities""}, {""child"": "" No Reward Points on this category."", ""name"": ""Fuel""}, {""child"": "" No Reward Points on this category."", ""name"": ""HPCL""}, {""child"": "" No Reward Points on this category."", ""name"": ""UPI""}]","[{""title"": "" Discover Reward Points Redemption Options"", ""subtitle"": ""To explore the full range of redemption options for this card, download the SaveSage Club app now."", ""barCodeImageUrl"": ""/"", ""appUrl"": ""https://savesage.co/ZH8bLjZqSPb""}]",,"[{""milestoneNumber"": 1, ""spent"": 3000000, ""cycleType"": ""STATEMENT"", ""benefits"": ""Get a Gift Voucher worth ₹10,000."", ""milestoneType"": ""YEAR""}]","[{""maintitle"": ""Domestic lounge"", ""limit"": [""Unlimited""], ""eligibility"": [""Enjoy access to The Centurion® Lounges* and Escape Lounges – The Centurion® Studio Partner, Lufthansa lounges, and Delta Sky Club®\nGet a membership to the highest tier of Priority PassTM (valued at US $429) and access to over 1,200 airport lounges across the globe.\nAccess the Centurion Lounge at Terminal 3, IGI Airport Delhi, and at Terminal 2, CSI Airport Mumbai along with over 30 domestic airport partner lounges across key cities in India.""]}, {""maintitle"": ""International lounge"", ""limit"": [""Unlimited""], ""eligibility"": [""Enjoy access to The Centurion® Lounges* and Escape Lounges – The Centurion® Studio Partner, Lufthansa lounges, and Delta Sky Club®\nGet a membership to the highest tier of Priority PassTM (valued at US $429) and access to over 1,200 airport lounges across the globe.\nAccess the Centurion Lounge at Terminal 3, IGI Airport Delhi, and at Terminal 2, CSI Airport Mumbai along with over 30 domestic airport partner lounges across key cities in India.""]}]",,,,"[{""mainTitle"": ""EazyDiner"", ""child"": ""15% Off upto ₹2000""}, {""mainTitle"": ""FINE HOTELS AND RESORTS"", ""child"": ""Privileges at FINE HOTELS AND RESORTS""}, {""mainTitle"": ""Hertz Gold Plus Rewards"", ""child"": ""Enjoy special benefits such as discounts, upgrades, and priority service when renting with Hertz""}, {""mainTitle"": ""Insurance"", ""child"": ""Insurance Cover""}, {""mainTitle"": ""International Airline Program"", ""child"": ""Travel aboard some of the world's leading airlines and enjoy special perks.""}, {""mainTitle"": ""MakeMyTrip"", ""child"": ""MakeMyTrip Vouchers""}, {""mainTitle"": ""Marriott Bonvoy"", ""child"": ""Marriott Bonvoy Gold Elite Status""}, {""mainTitle"": ""Taj Epicure Plus"", ""child"": ""Get complimentary Epicure Plus membership.""}]","[""15% Off upto ₹2000"", ""Privileges at FINE HOTELS AND RESORTS"", ""Enjoy special benefits such as discounts, upgrades, and priority service when renting with Hertz"", ""Insurance Cover"", ""Travel aboard some of the world's leading airlines and enjoy special perks."", ""MakeMyTrip Vouchers"", ""Marriott Bonvoy Gold Elite Status"", ""Get complimentary Epicure Plus membership.""]",,,,savesage.club,https://savesage.club/credit-card/amex-corporate-platinum
Amex Corporate Gold credit card,American Express,Amex,,"[""Airline Transfer"", ""Hotel Transfer""]",0,,,1% to 10%,"[{""child"": ""Earn 1 Reward Points per ₹50 spent"", ""name"": ""Base Rewards""}, {""child"": ""Earn 3 Reward Points per ₹50 spent"", ""name"": ""Tanishq""}, {""child"": ""Earn 3 Reward Points per ₹50 spent"", ""name"": ""Uniqlo""}, {""child"": ""Earn 3 Reward Points per ₹50 spent"", ""name"": ""Forest Essentials""}, {""child"": ""Earn 3 Reward Points per ₹50 spent"", ""name"": ""Wellbeing Nutrition""}, {""child"": ""Earn 3 Reward Points per ₹50 spent"", ""name"": ""Ajio""}, {""child"": ""Earn 3 Reward Points per ₹50 spent"", ""name"": ""Acer""}, {""child"": ""Earn 3 Reward Points per ₹50 spent"", ""name"": ""Amex Shopwise""}, {""child"": ""Earn 3 Reward Points per ₹50 spent"", ""name"": ""Apple""}, {""child"": ""Earn 3 Reward Points per ₹50 spent"", ""name"": ""Aurelia""}, {""child"": ""Earn 3 Reward Points per ₹50 spent"", ""name"": ""Croma""}, {""child"": ""Earn 3 Reward Points per ₹50 spent"", ""name"": ""Myntra""}, {""child"": ""Earn 3 Reward Points per ₹50 spent"", ""name"": ""Dyson""}, {""child"": ""Earn 3 Reward Points per ₹50 spent"", ""name"": ""Farfetch""}, {""child"": ""Earn 3 Reward Points per ₹50 spent"", ""name"": ""Flipkart""}, {""child"": ""Earn 3 Reward Points per ₹50 spent"", ""name"": ""IGP""}, {""child"": ""Earn 3 Reward Points per ₹50 spent"", ""name"": ""Koskii""}, {""child"": ""Earn 3 Reward Points per ₹50 spent"", ""name"": ""Lenovo""}, {""child"": ""Earn 3 Reward Points per ₹50 spent"", ""name"": ""MakeMyTrip""}, {""child"": ""Earn 3 Reward Points per ₹50 spent"", ""name"": ""Mokobara""}, {""child"": ""Earn 3 Reward Points per ₹50 spent"", ""name"": ""Nykaa""}, {""child"": ""Earn 3 Reward Points per ₹50 spent"", ""name"": ""Nykaa Fashion""}, {""child"": ""Earn 3 Reward Points per ₹50 spent"", ""name"": ""Puma""}, {""child"": ""Earn 1 Reward Points per ₹100 spent"", ""name"": ""HPCL""}, {""child"": ""Earn 1 Reward Points per ₹100 spent"", ""name"": ""Fuel""}, {""child"": "" No Reward Points on this category."", ""name"": ""UPI""}]","[{""title"": "" Discover Reward Points Redemption Options"", ""subtitle"": ""To explore the full range of redemption options for this card, download the SaveSage Club app now."", ""barCodeImageUrl"": ""/"", ""appUrl"": ""https://savesage.co/ZH8bLjZqSPb""}]",,[],"[{""maintitle"": ""International lounge"", ""limit"": [""2 per year""], ""eligibility"": [""More than two visits lounge visits for Gold Cardmembers will be charged at the prevailing retail rate""]}]",,,,"[{""mainTitle"": ""EazyDiner"", ""child"": ""15% Off upto ₹2000""}, {""mainTitle"": ""Insurance"", ""child"": ""Insurance Cover""}]","[""15% Off upto ₹2000"", ""Insurance Cover""]",,,,savesage.club,https://savesage.club/credit-card/amex-corporate-gold
Amex Corporate Green credit card,American Express,Amex,,"[""Airline Transfer"", ""Hotel Transfer""]",0,,,1% to 10%,"[{""child"": ""Earn 1 Reward Points per ₹50 spent"", ""name"": ""Base Rewards""}, {""child"": ""Earn 2 Reward Points per ₹50 spent"", ""name"": ""IGP""}, {""child"": ""Earn 2 Reward Points per ₹50 spent"", ""name"": ""Puma""}, {""child"": ""Earn 2 Reward Points per ₹50 spent"", ""name"": ""Tanishq""}, {""child"": ""Earn 2 Reward Points per ₹50 spent"", ""name"": ""Wellbeing Nutrition""}, {""child"": ""Earn 2 Reward Points per ₹50 spent"", ""name"": ""Nykaa""}, {""child"": ""Earn 2 Reward Points per ₹50 spent"", ""name"": ""Nykaa Fashion""}, {""child"": ""Earn 2 Reward Points per ₹50 spent"", ""name"": ""Uniqlo""}, {""child"": ""Earn 2 Reward Points per ₹50 spent"", ""name"": ""Forest Essentials""}, {""child"": ""Earn 2 Reward Points per ₹50 spent"", ""name"": ""Farfetch""}, {""child"": ""Earn 2 Reward Points per ₹50 spent"", ""name"": ""Acer""}, {""child"": ""Earn 2 Reward Points per ₹50 spent"", ""name"": ""Ajio""}, {""child"": ""Earn 2 Reward Points per ₹50 spent"", ""name"": ""Amex Shopwise""}, {""child"": ""Earn 2 Reward Points per ₹50 spent"", ""name"": ""Apple""}, {""child"": ""Earn 2 Reward Points per ₹50 spent"", ""name"": ""Aurelia""}, {""child"": ""Earn 2 Reward Points per ₹50 spent"", ""name"": ""Croma""}, {""child"": ""Earn 2 Reward Points per ₹50 spent"", ""name"": ""Dyson""}, {""child"": ""Earn 2 Reward Points per ₹50 spent"", ""name"": ""Flipkart""}, {""child"": ""Earn 2 Reward Points per ₹50 spent"", ""name"": ""Koskii""}, {""child"": ""Earn 2 Reward Points per ₹50 spent"", ""name"": ""Lenovo""}, {""child"": ""Earn 2 Reward Points per ₹50 spent"", ""name"": ""MakeMyTrip""}, {""child"": ""Earn 2 Reward Points per ₹50 spent"", ""name"": ""Mokobara""}, {""child"": ""Earn 2 Reward Points per ₹50 spent"", ""name"": ""Myntra""}, {""child"": ""Earn 1 Reward Points per ₹100 spent"", ""name"": ""Utilities""}, {""child"": "" No Reward Points on this category."", ""name"": ""HPCL""}, {""child"": "" No Reward Points on this category."", ""name"": ""UPI""}, {""child"": "" No Reward Points on this category."", ""name"": ""Fuel""}]","[{""title"": "" Discover Reward Points Redemption Options"", ""subtitle"": ""To explore the full range of redemption options for this card, download the SaveSage Club app now."", ""barCodeImageUrl"": ""/"", ""appUrl"": ""https://savesage.co/ZH8bLjZqSPb""}]",,[],[],,,,"[{""mainTitle"": ""EazyDiner"", ""child"": ""15% Off upto ₹2000""}]","[""15% Off upto ₹2000""]",,,,savesage.club,https://savesage.club/credit-card/amex-corporate-green
SBI Flipkart credit card,SBI Card,SBI,,[],500,,,NA,"[{""child"": ""Earn 1 Reward Points per ₹100 spent"", ""name"": ""Base Rewards""}, {""child"": ""Earn 7.5 Reward Points per ₹100 spent"", ""name"": ""Myntra""}, {""child"": ""Earn 5 Reward Points per ₹100 spent"", ""name"": ""Cleartrip""}, {""child"": ""Earn 5 Reward Points per ₹100 spent"", ""name"": ""Flipkart""}, {""child"": ""Earn 4 Reward Points per ₹100 spent"", ""name"": ""Uber""}, {""child"": ""Earn 4 Reward Points per ₹100 spent"", ""name"": ""Netmeds""}, {""child"": ""Earn 4 Reward Points per ₹100 spent"", ""name"": ""PVR""}, {""child"": ""Earn 4 Reward Points per ₹100 spent"", ""name"": ""Zomato""}, {""child"": "" No Reward Points on this category."", ""name"": ""Utilities""}, {""child"": "" No Reward Points on this category."", ""name"": ""Wallets""}, {""child"": "" No Reward Points on this category."", ""name"": ""Gaming""}, {""child"": "" No Reward Points on this category."", ""name"": ""Gift Cards""}, {""child"": "" No Reward Points on this category."", ""name"": ""Education""}, {""child"": "" No Reward Points on this category."", ""name"": ""Jewellery""}, {""child"": "" No Reward Points on this category."", ""name"": ""Education (Third-party)""}, {""child"": "" No Reward Points on this category."", ""name"": ""Fuel""}, {""child"": "" No Reward Points on this category."", ""name"": ""Insurance""}, {""child"": "" No Reward Points on this category."", ""name"": ""EMI""}, {""child"": "" No Reward Points on this category."", ""name"": ""Government""}, {""child"": "" No Reward Points on this category."", ""name"": ""Rent""}]","[{""title"": "" Discover Reward Points Redemption Options"", ""subtitle"": ""To explore the full range of redemption options for this card, download the SaveSage Club app now."", ""barCodeImageUrl"": ""/"", ""appUrl"": ""https://savesage.co/ZH8bLjZqSPb""}]",,"[{""milestoneNumber"": 1, ""spent"": 0, ""cycleType"": ""STATEMENT"", ""benefits"": ""Rs. 250 worth flipkart vouchers"", ""milestoneType"": ""DAYS""}, {""milestoneNumber"": 2, ""spent"": 350000, ""cycleType"": ""STATEMENT"", ""benefits"": ""The renewal fee will be waived."", ""milestoneType"": ""YEAR""}]",[],,,,[],[],,,,savesage.club,https://savesage.club/credit-card/sbi-flipkart
SBI Karnataka Bank SimplySAVE credit card,SBI Card,SBI,,"[""Brand Wallet"", ""Catalogue Products""]",499,,,2% to 3%,"[{""child"": ""Earn 1 Reward Points per ₹150 spent"", ""name"": ""Base Rewards""}, {""child"": ""Earn 10 Reward Points per ₹150 spent"", ""name"": ""Dining""}, {""child"": ""Earn 10 Reward Points per ₹150 spent"", ""name"": ""Grocery""}, {""child"": ""Earn 10 Reward Points per ₹150 spent"", ""name"": ""Departmental Stores""}, {""child"": "" No Reward Points on this category."", ""name"": ""Utilities""}, {""child"": "" No Reward Points on this category."", ""name"": ""Fuel""}]","[{""title"": "" Discover Reward Points Redemption Options"", ""subtitle"": ""To explore the full range of redemption options for this card, download the SaveSage Club app now."", ""barCodeImageUrl"": ""/"", ""appUrl"": ""https://savesage.co/ZH8bLjZqSPb""}]",,"[{""milestoneNumber"": 1, ""spent"": 100000, ""cycleType"": ""STATEMENT"", ""benefits"": ""The renewal fee will be waived."", ""milestoneType"": ""YEAR""}]",[],,,,[],[],,,,savesage.club,https://savesage.club/credit-card/sbi-karnataka-bank-simplysave
SBI Karnataka Bank SBI PRIME credit card,SBI Card,SBI,,"[""Catalogue Brand Vouchers""]",2999,,,1% to 2.5%,"[{""child"": ""Earn 2 Reward Points per ₹100 spent"", ""name"": ""Base Rewards""}, {""child"": ""Earn 20 Reward Points per ₹100 spent"", ""name"": ""Birthday""}, {""child"": ""Earn 20 Reward Points per ₹100 spent"", ""name"": ""Utilities""}, {""child"": ""Earn 10 Reward Points per ₹100 spent"", ""name"": ""Grocery""}, {""child"": ""Earn 10 Reward Points per ₹100 spent"", ""name"": ""Dining""}, {""child"": ""Earn 10 Reward Points per ₹100 spent"", ""name"": ""Departmental Stores""}, {""child"": "" No Reward Points on this category."", ""name"": ""Fuel""}]","[{""title"": "" Discover Reward Points Redemption Options"", ""subtitle"": ""To explore the full range of redemption options for this card, download the SaveSage Club app now."", ""barCodeImageUrl"": ""/"", ""appUrl"": ""https://savesage.co/ZH8bLjZqSPb""}]",,"[{""milestoneNumber"": 1, ""spent"": 50000, ""cycleType"": ""STATEMENT"", ""benefits"": ""Pizza Hut e-voucher worth ₹1,000."", ""milestoneType"": ""YEAR""}, {""milestoneNumber"": 2, ""spent"": 300000, ""cycleType"": ""STATEMENT"", ""benefits"": ""The renewal fee will be waived."", ""milestoneType"": ""YEAR""}, {""milestoneNumber"": 3, ""spent"": 500000, ""cycleType"": ""STATEMENT"", ""benefits"": ""E-Gift Voucher worth Rs. 7,000 from Yatra.com/Pantaloons"", ""milestoneType"": ""YEAR""}]","[{""maintitle"": ""Domestic lounge"", ""limit"": [""2 per quarter/ 8 per year""], ""eligibility"": [""No explicit spend condition""]}, {""maintitle"": ""International lounge"", ""limit"": [""2 per quarter""], ""eligibility"": [""No explicit spend condition""]}]",,,,[],[],,,,savesage.club,https://savesage.club/credit-card/sbi-karnataka-bank-sbi-prime
HDFC Pixel Play (Rupay) credit card,HDFC Bank,HDFC,Rupay,"[""Brand Wallet"", ""Cashback""]",500,,,1% to 10%,"[{""child"": ""Earn 1 Reward Points per ₹100 spent"", ""name"": ""Base Rewards""}, {""child"": ""Earn 5 Reward Points per ₹100 spent"", ""name"": ""Myntra""}, {""child"": ""Earn 5 Reward Points per ₹100 spent"", ""name"": ""Nykaa""}, {""child"": ""Earn 5 Reward Points per ₹100 spent"", ""name"": ""Blinkit""}, {""child"": ""Earn 5 Reward Points per ₹100 spent"", ""name"": ""BookMyShow""}, {""child"": ""Earn 5 Reward Points per ₹100 spent"", ""name"": ""Croma""}, {""child"": ""Earn 5 Reward Points per ₹100 spent"", ""name"": ""MakeMyTrip""}, {""child"": ""Earn 5 Reward Points per ₹100 spent"", ""name"": ""Reliance Smart Bazaar""}, {""child"": ""Earn 5 Reward Points per ₹100 spent"", ""name"": ""SmartBuy""}, {""child"": ""Earn 5 Reward Points per ₹100 spent"", ""name"": ""Zomato""}, {""child"": ""Earn 5 Reward Points per ₹100 spent"", ""name"": ""Reliance Digital""}, {""child"": ""Earn 5 Reward Points per ₹100 spent"", ""name"": ""Uber""}, {""child"": ""Earn 3 Reward Points per ₹100 spent"", ""name"": ""Amazon""}, {""child"": ""Earn 3 Reward Points per ₹100 spent"", ""name"": ""Flipkart""}, {""child"": "" No Reward Points on this category."", ""name"": ""Wallets""}, {""child"": "" No Reward Points on this category."", ""name"": ""Government""}, {""child"": "" No Reward Points on this category."", ""name"": ""Rent""}, {""child"": "" No Reward Points on this category."", ""name"": ""Fuel""}]","[{""title"": "" Discover Reward Points Redemption Options"", ""subtitle"": ""To explore the full range of redemption options for this card, download the SaveSage Club app now."", ""barCodeImageUrl"": ""/"", ""appUrl"": ""https://savesage.co/ZH8bLjZqSPb""}]",,"[{""milestoneNumber"": 1, ""spent"": 20000, ""cycleType"": ""STATEMENT"", ""benefits"": ""The joining fee will be waived."", ""milestoneType"": ""QUARTER""}, {""milestoneNumber"": 2, ""spent"": 100000, ""cycleType"": ""STATEMENT"", ""benefits"": ""The renewal fee will be waived."", ""milestoneType"": ""YEAR""}]",[],,,,[],[],,,,savesage.club,https://savesage.club/credit-card/hdfc-pixel-play-rupay
Kotak Indigo credit card,Kotak Mahindra Bank,Kotak,,"[""Cashback""]",1500,,,1.5% to 15%,"[{""child"": ""Earn 1 Reward Points per ₹100 spent"", ""name"": ""Base Rewards""}, {""child"": ""Earn 19 Reward Points per ₹100 spent"", ""name"": ""Indigo""}, {""child"": ""Earn 2 Reward Points per ₹100 spent"", ""name"": ""Dining""}, {""child"": ""Earn 2 Reward Points per ₹100 spent"", ""name"": ""Entertainment""}, {""child"": "" No Reward Points on this category."", ""name"": ""Education""}, {""child"": "" No Reward Points on this category."", ""name"": ""Wallets""}, {""child"": "" No Reward Points on this category."", ""name"": ""Rent""}, {""child"": "" No Reward Points on this category."", ""name"": ""Online Gaming""}, {""child"": "" No Reward Points on this category."", ""name"": ""Utilities""}]","[{""title"": "" Discover Reward Points Redemption Options"", ""subtitle"": ""To explore the full range of redemption options for this card, download the SaveSage Club app now."", ""barCodeImageUrl"": ""/"", ""appUrl"": ""https://savesage.co/ZH8bLjZqSPb""}]",,"[{""milestoneNumber"": 1, ""spent"": 0, ""cycleType"": ""CALENDAR"", ""benefits"": ""2,500 IndiGo BluChips"", ""milestoneType"": ""YEAR""}, {""milestoneNumber"": 2, ""spent"": 125000, ""cycleType"": ""STATEMENT"", ""benefits"": ""Earn a voucher worth 2,500 IndiGo BluChips on spending ₹1.25L within the anniversary year"", ""milestoneType"": ""YEAR""}, {""milestoneNumber"": 3, ""spent"": 250000, ""cycleType"": ""STATEMENT"", ""benefits"": ""Earn the 2rd voucher worth 2,500 IndiGo BluChips on spending ₹2.5L within the anniversary year"", ""milestoneType"": ""YEAR""}, {""milestoneNumber"": 4, ""spent"": 600000, ""cycleType"": ""STATEMENT"", ""benefits"": ""Earn the 3rd voucher worth 2,500 IndiGo BluChips on spending ₹6L within the anniversary year"", ""milestoneType"": ""YEAR""}]",[],,,,[],[],,,,savesage.club,https://savesage.club/credit-card/kotak-indigo
SBI Indigo credit card,SBI Card,SBI,,[],1499,,,NA,"[{""child"": ""Earn 1 Reward Points per ₹100 spent"", ""name"": ""Base Rewards""}, {""child"": ""Earn 3 Reward Points per ₹100 spent"", ""name"": ""IndiGo App/Web""}, {""child"": ""Earn 2 Reward Points per ₹100 spent"", ""name"": ""Hotels""}, {""child"": ""Earn 2 Reward Points per ₹100 spent"", ""name"": ""Travel""}, {""child"": "" No Reward Points on this category."", ""name"": ""Fuel""}]","[{""title"": "" Discover Reward Points Redemption Options"", ""subtitle"": ""To explore the full range of redemption options for this card, download the SaveSage Club app now."", ""barCodeImageUrl"": ""/"", ""appUrl"": ""https://savesage.co/ZH8bLjZqSPb""}]",,"[{""milestoneNumber"": 1, ""spent"": 0, ""cycleType"": ""STATEMENT"", ""benefits"": ""2,500 IndiGo BluChips post annual fee payment and first transaction within 60 days of account opening."", ""milestoneType"": ""YEAR""}, {""milestoneNumber"": 2, ""spent"": 200000, ""cycleType"": ""STATEMENT"", ""benefits"": ""2,500 IndiGo Bluchips"", ""milestoneType"": ""YEAR""}, {""milestoneNumber"": 3, ""spent"": 400000, ""cycleType"": ""STATEMENT"", ""benefits"": ""2,500 IndiGo Bluchips"", ""milestoneType"": ""YEAR""}, {""milestoneNumber"": 4, ""spent"": 600000, ""cycleType"": ""STATEMENT"", ""benefits"": ""2,500 IndiGo Bluchips"", ""milestoneType"": ""YEAR""}]","[{""maintitle"": ""Domestic lounge"", ""limit"": [""1 per quarter""], ""eligibility"": [""4 Domestic Lounge access in a year capped at 1 access per quarter (Eligible on spends of ₹ 50,000 per quarter)""]}]",,,,[],[],,,,savesage.club,https://savesage.club/credit-card/sbi-indigo
HSBC Privé credit card,HSBC,HSBC,,[],null,,,NA,"[{""child"": ""Earn 5 Reward Points per ₹150 spent"", ""name"": ""Base Rewards""}, {""child"": ""Earn 60 Reward Points per ₹100 spent"", ""name"": ""HSBC - Hotels""}, {""child"": ""Earn 30 Reward Points per ₹100 spent"", ""name"": ""HSBC - Flights""}, {""child"": ""Earn 10 Reward Points per ₹100 spent"", ""name"": ""HSBC - Car Rentals""}, {""child"": "" No Reward Points on this category."", ""name"": ""Non-Financial Institutions""}, {""child"": "" No Reward Points on this category."", ""name"": ""Rent""}, {""child"": "" No Reward Points on this category."", ""name"": ""Jewellery""}, {""child"": "" No Reward Points on this category."", ""name"": ""Insurance""}, {""child"": "" No Reward Points on this category."", ""name"": ""Fuel""}, {""child"": "" No Reward Points on this category."", ""name"": ""Wallets""}, {""child"": "" No Reward Points on this category."", ""name"": ""Education""}, {""child"": "" No Reward Points on this category."", ""name"": ""UPI""}, {""child"": "" No Reward Points on this category."", ""name"": ""Utilities""}, {""child"": "" No Reward Points on this category."", ""name"": ""Government""}]","[{""title"": "" Discover Reward Points Redemption Options"", ""subtitle"": ""To explore the full range of redemption options for this card, download the SaveSage Club app now."", ""barCodeImageUrl"": ""/"", ""appUrl"": ""https://savesage.co/ZH8bLjZqSPb""}]",,[],"[{""maintitle"": ""Domestic lounge"", ""limit"": [""Unlimited""], ""eligibility"": [""No explicit spend condition""]}, {""maintitle"": ""International lounge"", ""limit"": [""Unlimited""], ""eligibility"": [""No explicit spend condition""]}, {""maintitle"": ""Add on card domestic lounge"", ""limit"": [""Unlimited""], ""eligibility"": [""""]}, {""maintitle"": ""Add on card international lounge"", ""limit"": [""Unlimited""], ""eligibility"": [""""]}]",,,,"[{""mainTitle"": ""EazyDiner"", ""child"": ""30% off upto ₹2000""}, {""mainTitle"": ""VKYC"", ""child"": ""Get Amazon voucher""}]","[""30% off upto ₹2000"", ""Get Amazon voucher""]",,,,savesage.club,https://savesage.club/credit-card/hsbc-priv
IDFC IndiGo Dual (RuPay) credit card,IDFC FIRST Bank,IDFC,RuPay,[],4999,,,NA,"[{""child"": ""Earn 3 Reward Points per ₹100 spent"", ""name"": ""Base Rewards""}, {""child"": ""Earn 6 Reward Points per ₹100 spent"", ""name"": ""Indigo""}, {""child"": ""Earn 0.5 Reward Points per ₹100 spent"", ""name"": ""UPI""}, {""child"": ""Earn 0.5 Reward Points per ₹100 spent"", ""name"": ""Insurance""}, {""child"": ""Earn 0.5 Reward Points per ₹100 spent"", ""name"": ""Fuel""}, {""child"": ""Earn 0.5 Reward Points per ₹100 spent"", ""name"": ""Rent""}, {""child"": ""Earn 0.5 Reward Points per ₹100 spent"", ""name"": ""Utilities""}, {""child"": ""Earn 0.5 Reward Points per ₹100 spent"", ""name"": ""Wallets""}, {""child"": "" No Reward Points on this category."", ""name"": ""EMI""}]","[{""title"": "" Discover Reward Points Redemption Options"", ""subtitle"": ""To explore the full range of redemption options for this card, download the SaveSage Club app now."", ""barCodeImageUrl"": ""/"", ""appUrl"": ""https://savesage.co/ZH8bLjZqSPb""}]",,"[{""milestoneNumber"": 1, ""spent"": 0, ""cycleType"": ""STATEMENT"", ""benefits"": ""Earns 5,000 additional BluChips, for a total of 5,000 BluChips."", ""milestoneType"": ""YEAR""}, {""milestoneNumber"": 2, ""spent"": 100000, ""cycleType"": ""STATEMENT"", ""benefits"": ""Voucher of 3000 BluChips"", ""milestoneType"": ""YEAR""}, {""milestoneNumber"": 3, ""spent"": 500000, ""cycleType"": ""STATEMENT"", ""benefits"": ""Earns 5,000 additional BluChips, for a total of 10,000 BluChips."", ""milestoneType"": ""YEAR""}, {""milestoneNumber"": 4, ""spent"": 800000, ""cycleType"": ""STATEMENT"", ""benefits"": ""Earns 5,000 additional BluChips, for a total of 15,000 BluChips."", ""milestoneType"": ""YEAR""}, {""milestoneNumber"": 5, ""spent"": 1000000, ""cycleType"": ""STATEMENT"", ""benefits"": ""Earns 5,000 additional BluChips, for a total of 20,000 BluChips."", ""milestoneType"": ""YEAR""}, {""milestoneNumber"": 6, ""spent"": 1200000, ""cycleType"": ""STATEMENT"", ""benefits"": ""Earns 5,000 additional BluChips, for a total of 25,000 BluChips."", ""milestoneType"": ""YEAR""}]",[],,,,"[{""mainTitle"": ""EazyDiner"", ""child"": ""Upto ₹400 off""}, {""mainTitle"": ""EazyDiner"", ""child"": ""EazyDiner""}, {""mainTitle"": ""Insurance"", ""child"": ""Trip Cancellation Cover""}, {""mainTitle"": ""Road Side Assistance"", ""child"": ""Road Side Assistance""}]","[""Upto ₹400 off"", ""EazyDiner"", ""Trip Cancellation Cover"", ""Road Side Assistance""]",,,,savesage.club,https://savesage.club/credit-card/idfc-indigo-dual-rupay
SBI Prime (RuPay) credit card,SBI Card,SBI,RuPay,"[""Cashback""]",2999,,,1% to 2%,"[{""child"": ""Earn 2 Reward Points per ₹100 spent"", ""name"": ""Base Rewards""}, {""child"": ""Earn 20 Reward Points per ₹100 spent"", ""name"": ""Birthday""}, {""child"": ""Earn 10 Reward Points per ₹100 spent"", ""name"": ""Grocery""}, {""child"": ""Earn 10 Reward Points per ₹100 spent"", ""name"": ""Departmental Stores""}, {""child"": ""Earn 10 Reward Points per ₹100 spent"", ""name"": ""Dining""}, {""child"": ""Earn 10 Reward Points per ₹100 spent"", ""name"": ""Movies""}, {""child"": ""Earn 2 Reward Points per ₹100 spent"", ""name"": ""UPI""}, {""child"": "" No Reward Points on this category."", ""name"": ""Utilities""}, {""child"": "" No Reward Points on this category."", ""name"": ""Jewellery""}, {""child"": "" No Reward Points on this category."", ""name"": ""Rent""}, {""child"": "" No Reward Points on this category."", ""name"": ""Wallets""}, {""child"": "" No Reward Points on this category."", ""name"": ""EMI""}, {""child"": "" No Reward Points on this category."", ""name"": ""Fuel""}, {""child"": "" No Reward Points on this category."", ""name"": ""Government""}]","[{""title"": "" Discover Reward Points Redemption Options"", ""subtitle"": ""To explore the full range of redemption options for this card, download the SaveSage Club app now."", ""barCodeImageUrl"": ""/"", ""appUrl"": ""https://savesage.co/ZH8bLjZqSPb""}]",,"[{""milestoneNumber"": 1, ""spent"": 0, ""cycleType"": ""STATEMENT"", ""benefits"": ""E-gift Voucher worth Rs. 3,000 from any of the following brands: Bata/Hush Puppies, Pantaloons, Aditya Birla Fashion, Shoppers Stop and Yatra.com"", ""milestoneType"": ""YEAR""}, {""milestoneNumber"": 2, ""spent"": 50000, ""cycleType"": ""STATEMENT"", ""benefits"": ""Pizza Hut voucher worth ₹1,000."", ""milestoneType"": ""YEAR""}, {""milestoneNumber"": 3, ""spent"": 300000, ""cycleType"": ""STATEMENT"", ""benefits"": ""The renewal fee will be waived."", ""milestoneType"": ""YEAR""}, {""milestoneNumber"": 4, ""spent"": 500000, ""cycleType"": ""STATEMENT"", ""benefits"": ""E-gift voucher worth ₹7,000 from Yatra.com / Pantaloons."", ""milestoneType"": ""YEAR""}]","[{""maintitle"": ""Domestic lounge"", ""limit"": [""2 per quarter""], ""eligibility"": [""No explicit spend condition""]}, {""maintitle"": ""International lounge"", ""limit"": [""2 per quarter""], ""eligibility"": [""4 Complimentary Lounge Access using Priority Pass.""]}]",,,,"[{""mainTitle"": ""Avis"", ""child"": ""Up to 35% off""}, {""mainTitle"": ""Hertz"", ""child"": ""10% discount""}, {""mainTitle"": ""ITC"", ""child"": ""Club ITC Membership""}]","[""Up to 35% off"", ""10% discount"", ""Club ITC Membership""]",,,,savesage.club,https://savesage.club/credit-card/sbi-prime-rupay
SBI Gold & More credit card,SBI Card,SBI,,"[""Cashback""]",299,,,1% to 2%,"[{""child"": ""Earn 1 Reward Points per ₹100 spent"", ""name"": ""Base Rewards""}, {""child"": ""Earn 10 Reward Points per ₹100 spent"", ""name"": ""Grocery""}, {""child"": ""Earn 10 Reward Points per ₹100 spent"", ""name"": ""Departmental Stores""}, {""child"": "" No Reward Points on this category."", ""name"": ""Fuel""}]","[{""title"": "" Discover Reward Points Redemption Options"", ""subtitle"": ""To explore the full range of redemption options for this card, download the SaveSage Club app now."", ""barCodeImageUrl"": ""/"", ""appUrl"": ""https://savesage.co/ZH8bLjZqSPb""}]",,[],[],,,,[],[],,,,savesage.club,https://savesage.club/credit-card/sbi-gold-more
SBI Tata Select credit card,SBI Card,SBI,,"[""Travel Booking""]",2999,,,2% to 4%,"[{""child"": ""Earn 1 Reward Points per ₹100 spent"", ""name"": ""Base Rewards""}, {""child"": ""Earn 5 Reward Points per ₹100 spent"", ""name"": ""Tata Outlets""}, {""child"": ""Earn 5 Reward Points per ₹100 spent"", ""name"": ""Westside""}, {""child"": ""Earn 4 Reward Points per ₹100 spent"", ""name"": ""Titan""}, {""child"": ""Earn 3 Reward Points per ₹100 spent"", ""name"": ""International""}, {""child"": ""Earn 3 Reward Points per ₹100 spent"", ""name"": ""Grocery""}, {""child"": ""Earn 3 Reward Points per ₹100 spent"", ""name"": ""Departmental Stores""}, {""child"": ""Earn 3 Reward Points per ₹100 spent"", ""name"": ""Dining""}, {""child"": ""Earn 2 Reward Points per ₹100 spent"", ""name"": ""Landmark""}, {""child"": ""Earn 2 Reward Points per ₹100 spent"", ""name"": ""Croma""}, {""child"": ""Earn 2 Reward Points per ₹100 spent"", ""name"": ""Tanishq""}, {""child"": ""Earn 2 Reward Points per ₹100 spent"", ""name"": ""Tata Cliq""}, {""child"": "" No Reward Points on this category."", ""name"": ""Fuel""}]","[{""title"": "" Discover Reward Points Redemption Options"", ""subtitle"": ""To explore the full range of redemption options for this card, download the SaveSage Club app now."", ""barCodeImageUrl"": ""/"", ""appUrl"": ""https://savesage.co/ZH8bLjZqSPb""}]",,"[{""milestoneNumber"": 1, ""spent"": 0, ""cycleType"": ""STATEMENT"", ""benefits"": ""e- Gift Voucher worth Rs. 3,000 from any of the following brands: Yatra, Hush Puppies / Bata, Aditya Birla Fashion, Westside"", ""milestoneType"": ""YEAR""}, {""milestoneNumber"": 2, ""spent"": 200000, ""cycleType"": ""STATEMENT"", ""benefits"": ""e- Gift Voucher worth Rs. 3,000 from any of the following brands: Yatra, Hush Puppies / Bata, Aditya Birla Fashion, Westside"", ""milestoneType"": ""YEAR""}, {""milestoneNumber"": 3, ""spent"": 400000, ""cycleType"": ""STATEMENT"", ""benefits"": ""e- Gift Voucher worth Rs. 3,000 from any of the following brands: Yatra, Hush Puppies / Bata, Aditya Birla Fashion, Westside"", ""milestoneType"": ""YEAR""}, {""milestoneNumber"": 4, ""spent"": 500000, ""cycleType"": ""STATEMENT"", ""benefits"": ""e- Gift Voucher worth Rs. 3,000 from any of the following brands: Yatra, Hush Puppies / Bata, Aditya Birla Fashion, Westside"", ""milestoneType"": ""YEAR""}]","[{""maintitle"": ""Domestic lounge"", ""limit"": [""2 per quarter""], ""eligibility"": [""No explicit spend condition""]}]",,,,[],[],,,,savesage.club,https://savesage.club/credit-card/sbi-tata-select
SBI Tata Croma Select credit card,SBI Card,SBI,,"[""Experience""]",2999,,,1% to 2%,"[{""child"": ""Earn 1 Reward Points per ₹100 spent"", ""name"": ""Base Rewards""}, {""child"": ""Earn 5 Reward Points per ₹100 spent"", ""name"": ""Westside""}, {""child"": ""Earn 5 Reward Points per ₹100 spent"", ""name"": ""Tata Outlets""}, {""child"": ""Earn 4 Reward Points per ₹100 spent"", ""name"": ""Titan""}, {""child"": ""Earn 3 Reward Points per ₹100 spent"", ""name"": ""Dining""}, {""child"": ""Earn 3 Reward Points per ₹100 spent"", ""name"": ""International""}, {""child"": ""Earn 3 Reward Points per ₹100 spent"", ""name"": ""Grocery""}, {""child"": ""Earn 3 Reward Points per ₹100 spent"", ""name"": ""Departmental Stores""}, {""child"": ""Earn 2 Reward Points per ₹100 spent"", ""name"": ""Tanishq""}, {""child"": ""Earn 2 Reward Points per ₹100 spent"", ""name"": ""Tata Cliq""}, {""child"": ""Earn 2 Reward Points per ₹100 spent"", ""name"": ""Landmark""}, {""child"": ""Earn 2 Reward Points per ₹100 spent"", ""name"": ""Croma""}, {""child"": "" No Reward Points on this category."", ""name"": ""Fuel""}]","[{""title"": "" Discover Reward Points Redemption Options"", ""subtitle"": ""To explore the full range of redemption options for this card, download the SaveSage Club app now."", ""barCodeImageUrl"": ""/"", ""appUrl"": ""https://savesage.co/ZH8bLjZqSPb""}]",,"[{""milestoneNumber"": 1, ""spent"": 0, ""cycleType"": ""STATEMENT"", ""benefits"": ""e- Gift Voucher worth Rs. 3,000 from any of the following brands: Yatra, Hush Puppies / Bata, Aditya Birla Fashion, Westside"", ""milestoneType"": ""YEAR""}, {""milestoneNumber"": 2, ""spent"": 200000, ""cycleType"": ""STATEMENT"", ""benefits"": ""e- Gift Voucher worth Rs. 3,000 from any of the following brands: Yatra, Hush Puppies / Bata, Aditya Birla Fashion, Westside"", ""milestoneType"": ""YEAR""}, {""milestoneNumber"": 3, ""spent"": 400000, ""cycleType"": ""STATEMENT"", ""benefits"": ""e- Gift Voucher worth Rs. 3,000 from any of the following brands: Yatra, Hush Puppies / Bata, Aditya Birla Fashion, Westside"", ""milestoneType"": ""YEAR""}, {""milestoneNumber"": 4, ""spent"": 500000, ""cycleType"": ""STATEMENT"", ""benefits"": ""e- Gift Voucher worth Rs. 3,000 from any of the following brands: Yatra, Hush Puppies / Bata, Aditya Birla Fashion, Westside"", ""milestoneType"": ""YEAR""}]","[{""maintitle"": ""Domestic lounge"", ""limit"": [""2 per quarter""], ""eligibility"": [""No explicit spend condition""]}]",,,,[],[],,,,savesage.club,https://savesage.club/credit-card/sbi-tata-croma-select
SBI Tata Star Select credit card,SBI Card,SBI,,"[""Rewards""]",2999,,,1% to 2%,"[{""child"": ""Earn 1 Reward Points per ₹100 spent"", ""name"": ""Base Rewards""}, {""child"": ""Earn 5 Reward Points per ₹100 spent"", ""name"": ""Westside""}, {""child"": ""Earn 4 Reward Points per ₹100 spent"", ""name"": ""Titan""}, {""child"": ""Earn 3.5 Reward Points per ₹100 spent"", ""name"": ""Star Bazaar""}, {""child"": ""Earn 3.5 Reward Points per ₹100 spent"", ""name"": ""Star Outlets""}, {""child"": ""Earn 3 Reward Points per ₹100 spent"", ""name"": ""International""}, {""child"": ""Earn 3 Reward Points per ₹100 spent"", ""name"": ""Dining""}, {""child"": ""Earn 3 Reward Points per ₹100 spent"", ""name"": ""Departmental Stores""}, {""child"": ""Earn 3 Reward Points per ₹100 spent"", ""name"": ""Grocery""}, {""child"": ""Earn 2 Reward Points per ₹100 spent"", ""name"": ""Tanishq""}, {""child"": ""Earn 2 Reward Points per ₹100 spent"", ""name"": ""Tata Cliq""}, {""child"": ""Earn 2 Reward Points per ₹100 spent"", ""name"": ""Landmark""}, {""child"": ""Earn 2 Reward Points per ₹100 spent"", ""name"": ""Croma""}, {""child"": "" No Reward Points on this category."", ""name"": ""Fuel""}]","[{""title"": "" Discover Reward Points Redemption Options"", ""subtitle"": ""To explore the full range of redemption options for this card, download the SaveSage Club app now."", ""barCodeImageUrl"": ""/"", ""appUrl"": ""https://savesage.co/ZH8bLjZqSPb""}]",,"[{""milestoneNumber"": 1, ""spent"": 0, ""cycleType"": ""STATEMENT"", ""benefits"": ""E- Gift Voucher worth Rs. 3,500 from STAR"", ""milestoneType"": ""YEAR""}, {""milestoneNumber"": 2, ""spent"": 200000, ""cycleType"": ""STATEMENT"", ""benefits"": ""Anniversary E- Gift Voucher worth Rs. 3,000 from STAR."", ""milestoneType"": ""YEAR""}, {""milestoneNumber"": 3, ""spent"": 400000, ""cycleType"": ""STATEMENT"", ""benefits"": ""e- Gift Voucher worth Rs. 3,000 from STAR."", ""milestoneType"": ""YEAR""}, {""milestoneNumber"": 4, ""spent"": 500000, ""cycleType"": ""STATEMENT"", ""benefits"": ""e- Gift Voucher worth Rs. 3,000 from STAR."", ""milestoneType"": ""YEAR""}]","[{""maintitle"": ""Domestic lounge"", ""limit"": [""2 per quarter""], ""eligibility"": [""No explicit spend condition""]}]",,,,[],[],,,,savesage.club,https://savesage.club/credit-card/sbi-tata-star-select
Axis Privilege (Amex) credit card,Axis Bank,Axis,Amex,[],1500,,,NA,"[{""child"": ""Earn 10 Reward Points per ₹200 spent"", ""name"": ""Base Rewards""}, {""child"": "" No Reward Points on this category."", ""name"": ""Fuel""}, {""child"": "" No Reward Points on this category."", ""name"": ""Insurance""}, {""child"": "" No Reward Points on this category."", ""name"": ""EMI""}, {""child"": "" No Reward Points on this category."", ""name"": ""Government""}, {""child"": "" No Reward Points on this category."", ""name"": ""Jewellery""}, {""child"": "" No Reward Points on this category."", ""name"": ""Rent""}, {""child"": "" No Reward Points on this category."", ""name"": ""Utilities""}, {""child"": "" No Reward Points on this category."", ""name"": ""Wallets""}, {""child"": "" No Reward Points on this category."", ""name"": ""Education""}, {""child"": "" No Reward Points on this category."", ""name"": ""UPI""}]","[{""title"": "" Discover Reward Points Redemption Options"", ""subtitle"": ""To explore the full range of redemption options for this card, download the SaveSage Club app now."", ""barCodeImageUrl"": ""/"", ""appUrl"": ""https://savesage.co/ZH8bLjZqSPb""}]",,"[{""milestoneNumber"": 1, ""spent"": 250000, ""cycleType"": ""STATEMENT"", ""benefits"": ""10,000 EDGE RPs."", ""milestoneType"": ""YEAR""}, {""milestoneNumber"": 2, ""spent"": 500000, ""cycleType"": ""STATEMENT"", ""benefits"": ""The renewal fee will be waived."", ""milestoneType"": ""YEAR""}]","[{""maintitle"": ""Domestic lounge"", ""limit"": [""2 per quarter""], ""eligibility"": [""Minimum spends of ₹50k in previous 3 calendar months.""]}]",,,,"[{""mainTitle"": ""Blinkit"", ""child"": ""Instant discount of Rs.150""}, {""mainTitle"": ""District"", ""child"": ""Buy One Get One Free""}, {""mainTitle"": ""EazyDiner"", ""child"": ""15% off via Dining Delights Program""}, {""mainTitle"": ""Insurance"", ""child"": ""Purchase Protection Worth 1 Lakh""}, {""mainTitle"": ""Swiggy"", ""child"": ""Rs.150 instant discount""}, {""mainTitle"": ""Swiggy"", ""child"": ""Rs.150 instant discount on Instamart""}, {""mainTitle"": ""Yatra"", ""child"": ""14% - 25% off at Yatra.""}, {""mainTitle"": ""Zomato"", ""child"": ""Offer on Zomato""}]","[""Instant discount of Rs.150"", ""Buy One Get One Free"", ""15% off via Dining Delights Program"", ""Purchase Protection Worth 1 Lakh"", ""Rs.150 instant discount"", ""Rs.150 instant discount on Instamart"", ""14% - 25% off at Yatra."", ""Offer on Zomato""]",,,,savesage.club,https://savesage.club/credit-card/axis-privilege-amex
AU Kosmo (Kiwi) credit card,AU Small Finance Bank,AU,,[],0,,,NA,"[{""child"": ""Earn 2 Reward Points per ₹100 spent"", ""name"": ""Base Rewards""}, {""child"": ""Earn 8 Reward Points per ₹100 spent"", ""name"": ""UPI Scan (Neon Members)""}, {""child"": ""Earn 6 Reward Points per ₹100 spent"", ""name"": ""UPI Scan (Non-Neon Members)""}, {""child"": "" No Reward Points on this category."", ""name"": ""Professional Services""}, {""child"": "" No Reward Points on this category."", ""name"": ""Jewellery""}, {""child"": "" No Reward Points on this category."", ""name"": ""Insurance""}, {""child"": "" No Reward Points on this category."", ""name"": ""Wallets""}, {""child"": "" No Reward Points on this category."", ""name"": ""Education""}, {""child"": "" No Reward Points on this category."", ""name"": ""Fuel""}, {""child"": "" No Reward Points on this category."", ""name"": ""Utilities""}, {""child"": "" No Reward Points on this category."", ""name"": ""Business Spends""}, {""child"": "" No Reward Points on this category."", ""name"": ""Retail""}, {""child"": "" No Reward Points on this category."", ""name"": ""Transportation & Tolls""}, {""child"": "" No Reward Points on this category."", ""name"": ""Rent""}, {""child"": "" No Reward Points on this category."", ""name"": ""Agricultural""}, {""child"": "" No Reward Points on this category."", ""name"": ""Marketing""}, {""child"": "" No Reward Points on this category."", ""name"": ""Government""}]","[{""title"": "" Discover Reward Points Redemption Options"", ""subtitle"": ""To explore the full range of redemption options for this card, download the SaveSage Club app now."", ""barCodeImageUrl"": ""/"", ""appUrl"": ""https://savesage.co/ZH8bLjZqSPb""}]",,"[{""milestoneNumber"": 1, ""spent"": 50000, ""cycleType"": ""STATEMENT"", ""benefits"": ""Additional 2K Kiwis worth ₹500."", ""milestoneType"": ""YEAR""}, {""milestoneNumber"": 2, ""spent"": 100000, ""cycleType"": ""STATEMENT"", ""benefits"": ""Additional 6K Kiwis worth ₹1500."", ""milestoneType"": ""YEAR""}, {""milestoneNumber"": 3, ""spent"": 150000, ""cycleType"": ""STATEMENT"", ""benefits"": ""Additional 10K Kiwis worth ₹2500."", ""milestoneType"": ""YEAR""}]","[{""maintitle"": ""Domestic lounge"", ""limit"": [""3 per year""], ""eligibility"": [""3 lounge accesses in a year by reaching higher milestones (₹ 50,000, ₹ 1,00,000, ₹ 1,50,000).""]}]",,,,"[{""mainTitle"": ""EazyDiner"", ""child"": ""Upto ₹500 off""}, {""mainTitle"": ""EMI on UPI"", ""child"": ""Cashback on Interest Portion""}]","[""Upto ₹500 off"", ""Cashback on Interest Portion""]",,,,savesage.club,https://savesage.club/credit-card/au-kosmo-kiwi
Suryoday Bank RuPay Platinum (Stable money) credit card,Suryoday Small Finance Bank,Suryoday Bank,,[],0,,,NA,"[{""child"": ""Earn 0.5 Reward Points per ₹100 spent"", ""name"": ""Base Rewards""}, {""child"": "" No Reward Points on this category."", ""name"": ""Wallets""}, {""child"": "" No Reward Points on this category."", ""name"": ""Utilities""}, {""child"": "" No Reward Points on this category."", ""name"": ""Government""}, {""child"": "" No Reward Points on this category."", ""name"": ""Charity""}, {""child"": "" No Reward Points on this category."", ""name"": ""Insurance""}, {""child"": "" No Reward Points on this category."", ""name"": ""Railways""}, {""child"": "" No Reward Points on this category."", ""name"": ""Education""}, {""child"": "" No Reward Points on this category."", ""name"": ""Fuel""}, {""child"": "" No Reward Points on this category."", ""name"": ""Transportation & Tolls""}]","[{""title"": "" Discover Reward Points Redemption Options"", ""subtitle"": ""To explore the full range of redemption options for this card, download the SaveSage Club app now."", ""barCodeImageUrl"": ""/"", ""appUrl"": ""https://savesage.co/ZH8bLjZqSPb""}]",,[],"[{""maintitle"": ""Domestic lounge"", ""limit"": [""2 per quarter""], ""eligibility"": [""2 visits per quarter.""]}, {""maintitle"": ""International lounge"", ""limit"": [""2 per year""], ""eligibility"": [""2 complimentary international airport lounge visits per year.""]}]",,,,[],[],,,,savesage.club,https://savesage.club/credit-card/suryoday-bank-rupay-platinum-stable-money
Suryoday Bank RuPay Platinum credit card,Suryoday Small Finance Bank,Suryoday Bank,,[],0,,,NA,"[{""child"": ""Earn 0.5 Reward Points per ₹100 spent"", ""name"": ""Base Rewards""}, {""child"": "" No Reward Points on this category."", ""name"": ""Wallets""}, {""child"": "" No Reward Points on this category."", ""name"": ""Utilities""}, {""child"": "" No Reward Points on this category."", ""name"": ""Government""}, {""child"": "" No Reward Points on this category."", ""name"": ""Charity""}, {""child"": "" No Reward Points on this category."", ""name"": ""Insurance""}, {""child"": "" No Reward Points on this category."", ""name"": ""Railways""}, {""child"": "" No Reward Points on this category."", ""name"": ""Education""}, {""child"": "" No Reward Points on this category."", ""name"": ""Fuel""}, {""child"": "" No Reward Points on this category."", ""name"": ""Transportation & Tolls""}]","[{""title"": "" Discover Reward Points Redemption Options"", ""subtitle"": ""To explore the full range of redemption options for this card, download the SaveSage Club app now."", ""barCodeImageUrl"": ""/"", ""appUrl"": ""https://savesage.co/ZH8bLjZqSPb""}]",,[],"[{""maintitle"": ""Domestic lounge"", ""limit"": [""2 per quarter""], ""eligibility"": [""2 visits per quarter.""]}, {""maintitle"": ""International lounge"", ""limit"": [""2 per year""], ""eligibility"": [""2 complimentary international airport lounge visits per year.""]}]",,,,[],[],,,,savesage.club,https://savesage.club/credit-card/suryoday-bank-rupay-platinum
Suryoday Bank RuPay Select (Stable money) credit card,Suryoday Small Finance Bank,Suryoday Bank,,"[""Cashback""]",0,,,0.5% to 1.5%,"[{""child"": ""Earn 0.5 Reward Points per ₹100 spent"", ""name"": ""Base Rewards""}, {""child"": "" No Reward Points on this category."", ""name"": ""Railways""}, {""child"": "" No Reward Points on this category."", ""name"": ""Charity""}, {""child"": "" No Reward Points on this category."", ""name"": ""Fuel""}, {""child"": "" No Reward Points on this category."", ""name"": ""Utilities""}, {""child"": "" No Reward Points on this category."", ""name"": ""Government""}, {""child"": "" No Reward Points on this category."", ""name"": ""Insurance""}, {""child"": "" No Reward Points on this category."", ""name"": ""Transportation & Tolls""}, {""child"": "" No Reward Points on this category."", ""name"": ""Education""}, {""child"": "" No Reward Points on this category."", ""name"": ""Wallets""}]","[{""title"": "" Discover Reward Points Redemption Options"", ""subtitle"": ""To explore the full range of redemption options for this card, download the SaveSage Club app now."", ""barCodeImageUrl"": ""/"", ""appUrl"": ""https://savesage.co/ZH8bLjZqSPb""}]",,[],"[{""maintitle"": ""Domestic lounge"", ""limit"": [""2 per quarter""], ""eligibility"": [""2 visits per quarter.""]}, {""maintitle"": ""International lounge"", ""limit"": [""2 per year""], ""eligibility"": [""2 complimentary international airport lounge visits per year.""]}]",,,,[],[],,,,savesage.club,https://savesage.club/credit-card/suryoday-bank-rupay-select-stable-money
Suryoday Bank RuPay Select credit card,Suryoday Small Finance Bank,Suryoday Bank,,"[""Cashback""]",0,,,0.5% to 1.5%,"[{""child"": ""Earn 0.5 Reward Points per ₹100 spent"", ""name"": ""Base Rewards""}, {""child"": "" No Reward Points on this category."", ""name"": ""Education""}, {""child"": "" No Reward Points on this category."", ""name"": ""Fuel""}, {""child"": "" No Reward Points on this category."", ""name"": ""Wallets""}, {""child"": "" No Reward Points on this category."", ""name"": ""Utilities""}, {""child"": "" No Reward Points on this category."", ""name"": ""Government""}, {""child"": "" No Reward Points on this category."", ""name"": ""Charity""}, {""child"": "" No Reward Points on this category."", ""name"": ""Insurance""}, {""child"": "" No Reward Points on this category."", ""name"": ""Railways""}, {""child"": "" No Reward Points on this category."", ""name"": ""Transportation & Tolls""}]","[{""title"": "" Discover Reward Points Redemption Options"", ""subtitle"": ""To explore the full range of redemption options for this card, download the SaveSage Club app now."", ""barCodeImageUrl"": ""/"", ""appUrl"": ""https://savesage.co/ZH8bLjZqSPb""}]",,[],"[{""maintitle"": ""Domestic lounge"", ""limit"": [""2 per quarter""], ""eligibility"": [""2 visits per quarter.""]}, {""maintitle"": ""International lounge"", ""limit"": [""2 per year""], ""eligibility"": [""2 complimentary international airport lounge visits per year.""]}]",,,,[],[],,,,savesage.club,https://savesage.club/credit-card/suryoday-bank-rupay-select
Union Bank UNI Carbon credit card,Union Bank of India,Union Bank,,"[""Cashback""]",499,,,1% to 2%,"[{""child"": ""Earn 2 Reward Points per ₹100 spent"", ""name"": ""Base Rewards""}, {""child"": ""Earn 16 Reward Points per ₹100 spent"", ""name"": ""HPCL""}, {""child"": "" No Reward Points on this category."", ""name"": ""Fuel""}, {""child"": "" No Reward Points on this category."", ""name"": ""Rent""}, {""child"": "" No Reward Points on this category."", ""name"": ""Wallets""}, {""child"": "" No Reward Points on this category."", ""name"": ""UPI""}]","[{""title"": "" Discover Reward Points Redemption Options"", ""subtitle"": ""To explore the full range of redemption options for this card, download the SaveSage Club app now."", ""barCodeImageUrl"": ""/"", ""appUrl"": ""https://savesage.co/ZH8bLjZqSPb""}]",,"[{""milestoneNumber"": 1, ""spent"": 100000, ""cycleType"": ""STATEMENT"", ""benefits"": ""The renewal fee will be waived."", ""milestoneType"": ""YEAR""}, {""milestoneNumber"": 2, ""spent"": 125000, ""cycleType"": ""STATEMENT"", ""benefits"": ""Get 500 RPs."", ""milestoneType"": ""YEAR""}, {""milestoneNumber"": 3, ""spent"": 150000, ""cycleType"": ""STATEMENT"", ""benefits"": ""Get 600 RPs."", ""milestoneType"": ""YEAR""}, {""milestoneNumber"": 4, ""spent"": 175000, ""cycleType"": ""STATEMENT"", ""benefits"": ""Get 700 RPs."", ""milestoneType"": ""YEAR""}, {""milestoneNumber"": 5, ""spent"": 200000, ""cycleType"": ""STATEMENT"", ""benefits"": ""Get 800 RPs.Customer will receive additional 1,000 rewards in a billing year."", ""milestoneType"": ""YEAR""}]",[],,,,[],[],,,,savesage.club,https://savesage.club/credit-card/union-bank-uni-carbon
Union Bank JCB Health credit card,Union Bank of India,Union Bank,,[],499,,,NA,"[{""child"": ""Earn 2 Reward Points per ₹100 spent"", ""name"": ""Base Rewards""}, {""child"": "" No Reward Points on this category."", ""name"": ""Rent""}, {""child"": "" No Reward Points on this category."", ""name"": ""Fuel""}, {""child"": "" No Reward Points on this category."", ""name"": ""Wallets""}]","[{""title"": "" Discover Reward Points Redemption Options"", ""subtitle"": ""To explore the full range of redemption options for this card, download the SaveSage Club app now."", ""barCodeImageUrl"": ""/"", ""appUrl"": ""https://savesage.co/ZH8bLjZqSPb""}]",,"[{""milestoneNumber"": 1, ""spent"": 50000, ""cycleType"": ""STATEMENT"", ""benefits"": ""The renewal fee will be waived."", ""milestoneType"": ""YEAR""}, {""milestoneNumber"": 2, ""spent"": 200000, ""cycleType"": ""STATEMENT"", ""benefits"": ""Incremental reward of 2000 points."", ""milestoneType"": ""YEAR""}]","[{""maintitle"": ""Domestic lounge"", ""limit"": [""2 per quarter""], ""eligibility"": [""8 domestic lounge access per year capped at 2 per quarter.""]}, {""maintitle"": ""International lounge"", ""limit"": [""2 per year""], ""eligibility"": [""2 complimentary international airport lounge visits per year.""]}]",,,,[],[],,,,savesage.club,https://savesage.club/credit-card/union-bank-jcb-health
Union Bank JCB Wellness credit card,Union Bank of India,Union Bank,,[],999,,,NA,"[{""child"": ""Earn 2 Reward Points per ₹100 spent"", ""name"": ""Base Rewards""}, {""child"": ""Earn 4 Reward Points per ₹100 spent"", ""name"": ""Shopping""}, {""child"": ""Earn 4 Reward Points per ₹100 spent"", ""name"": ""Departmental Stores""}, {""child"": ""Earn 4 Reward Points per ₹100 spent"", ""name"": ""Dining""}, {""child"": ""Earn 4 Reward Points per ₹100 spent"", ""name"": ""Grocery""}, {""child"": ""Earn 4 Reward Points per ₹100 spent"", ""name"": ""Apparel""}, {""child"": "" No Reward Points on this category."", ""name"": ""Fuel""}]","[{""title"": "" Discover Reward Points Redemption Options"", ""subtitle"": ""To explore the full range of redemption options for this card, download the SaveSage Club app now."", ""barCodeImageUrl"": ""/"", ""appUrl"": ""https://savesage.co/ZH8bLjZqSPb""}]",,"[{""milestoneNumber"": 1, ""spent"": 100000, ""cycleType"": ""STATEMENT"", ""benefits"": ""The renewal fee will be waived."", ""milestoneType"": ""YEAR""}, {""milestoneNumber"": 2, ""spent"": 150000, ""cycleType"": ""STATEMENT"", ""benefits"": ""Get 1000 RPs."", ""milestoneType"": ""YEAR""}, {""milestoneNumber"": 3, ""spent"": 200000, ""cycleType"": ""STATEMENT"", ""benefits"": ""Get 1500 RPs."", ""milestoneType"": ""YEAR""}, {""milestoneNumber"": 4, ""spent"": 250000, ""cycleType"": ""STATEMENT"", ""benefits"": ""Get 2000 RPs."", ""milestoneType"": ""YEAR""}]","[{""maintitle"": ""Domestic lounge"", ""limit"": [""2 per quarter""], ""eligibility"": [""8 domestic lounge access per year capped at 2 per quarter.""]}, {""maintitle"": ""International lounge"", ""limit"": [""2 per year""], ""eligibility"": [""2 complimentary international airport lounge visits per year.""]}]",,,,[],[],,,,savesage.club,https://savesage.club/credit-card/union-bank-jcb-wellness
Union Bank Rupay Platinum credit card,Union Bank of India,Union Bank,,"[""Cashback""]",0,,,1% to 2%,"[{""child"": ""Earn 2 Reward Points per ₹100 spent"", ""name"": ""Base Rewards""}, {""child"": "" No Reward Points on this category."", ""name"": ""Fuel""}, {""child"": "" No Reward Points on this category."", ""name"": ""Rent""}, {""child"": "" No Reward Points on this category."", ""name"": ""Wallets""}, {""child"": "" No Reward Points on this category."", ""name"": ""UPI""}]","[{""title"": "" Discover Reward Points Redemption Options"", ""subtitle"": ""To explore the full range of redemption options for this card, download the SaveSage Club app now."", ""barCodeImageUrl"": ""/"", ""appUrl"": ""https://savesage.co/ZH8bLjZqSPb""}]",,"[{""milestoneNumber"": 1, ""spent"": 30000, ""cycleType"": ""STATEMENT"", ""benefits"": ""The renewal fee will be waived."", ""milestoneType"": ""YEAR""}]",[],,,,[],[],,,,savesage.club,https://savesage.club/credit-card/union-bank-rupay-platinum
Union Bank Rupay Select credit card,Union Bank of India,Union Bank,,"[""Cashback""]",0,,,1% to 2%,"[{""child"": ""Earn 4 Reward Points per ₹100 spent"", ""name"": ""Base Rewards""}, {""child"": "" No Reward Points on this category."", ""name"": ""UPI""}, {""child"": "" No Reward Points on this category."", ""name"": ""Fuel""}, {""child"": "" No Reward Points on this category."", ""name"": ""Rent""}, {""child"": "" No Reward Points on this category."", ""name"": ""Wallets""}]","[{""title"": "" Discover Reward Points Redemption Options"", ""subtitle"": ""To explore the full range of redemption options for this card, download the SaveSage Club app now."", ""barCodeImageUrl"": ""/"", ""appUrl"": ""https://savesage.co/ZH8bLjZqSPb""}]",,[],"[{""maintitle"": ""Domestic lounge"", ""limit"": [""2 per quarter""], ""eligibility"": [""8 domestic lounge access per year capped at 2 per quarter.""]}, {""maintitle"": ""International lounge"", ""limit"": [""2 per year""], ""eligibility"": [""2 complimentary international airport lounge visits per year.""]}]",,,,[],[],,,,savesage.club,https://savesage.club/credit-card/union-bank-rupay-select
Union Bank VISA Signature credit card,Union Bank of India,Union Bank,,"[""Cashback""]",0,,,0.5% to 1%,"[{""child"": ""Earn 4 Reward Points per ₹100 spent"", ""name"": ""Base Rewards""}, {""child"": "" No Reward Points on this category."", ""name"": ""Fuel""}, {""child"": "" No Reward Points on this category."", ""name"": ""Rent""}, {""child"": "" No Reward Points on this category."", ""name"": ""Wallets""}, {""child"": "" No Reward Points on this category."", ""name"": ""UPI""}]","[{""title"": "" Discover Reward Points Redemption Options"", ""subtitle"": ""To explore the full range of redemption options for this card, download the SaveSage Club app now."", ""barCodeImageUrl"": ""/"", ""appUrl"": ""https://savesage.co/ZH8bLjZqSPb""}]",,"[{""milestoneNumber"": 1, ""spent"": 270000, ""cycleType"": ""STATEMENT"", ""benefits"": ""The renewal fee will be waived."", ""milestoneType"": ""YEAR""}]",[],,,,[],[],,,,savesage.club,https://savesage.club/credit-card/union-bank-visa-signature
Standard Chartered Beyond credit card,Standard Chartered,Standard Chartered,,[],15000,,,0.5% to 1.5%,"[{""child"": ""Earn 5 Reward Points per ₹150 spent"", ""name"": ""Base Rewards""}, {""child"": ""Earn 15 Reward Points per ₹150 spent"", ""name"": ""Duty Free""}, {""child"": ""Earn 3 Reward Points per ₹150 spent"", ""name"": ""Supermarkets""}, {""child"": ""Earn 3 Reward Points per ₹150 spent"", ""name"": ""Government""}, {""child"": ""Earn 3 Reward Points per ₹150 spent"", ""name"": ""Insurance""}, {""child"": ""Earn 3 Reward Points per ₹150 spent"", ""name"": ""Utilities""}, {""child"": "" No Reward Points on this category."", ""name"": ""Fuel""}]","[{""title"": "" Discover Reward Points Redemption Options"", ""subtitle"": ""To explore the full range of redemption options for this card, download the SaveSage Club app now."", ""barCodeImageUrl"": ""/"", ""appUrl"": ""https://savesage.co/ZH8bLjZqSPb""}]",,"[{""milestoneNumber"": 1, ""spent"": 0, ""cycleType"": ""STATEMENT"", ""benefits"": ""Primary cardholders will receive ₹15,000 worth of vouchers from Taj, Luxe, and MakeMyTrip."", ""milestoneType"": ""YEAR""}]","[{""maintitle"": ""Domestic lounge"", ""limit"": [""Unlimited""], ""eligibility"": [""No explicit spend condition.""]}, {""maintitle"": ""International lounge"", ""limit"": [""Unlimited""], ""eligibility"": [""No explicit spend condition.""]}, {""maintitle"": ""Guest lounge"", ""limit"": [""4 per year""], ""eligibility"": [""No explicit spend condition.""]}]",,,,"[{""mainTitle"": ""EazyDiner"", ""child"": ""Get Upto 25% Discount upto Rs.2500""}]","[""Get Upto 25% Discount upto Rs.2500""]",,,,savesage.club,https://savesage.club/credit-card/scb-beyond
ICICI Purchase credit card,ICICI Bank,ICICI,,"[""Catalogue Products""]",0,,,1% to 3%,"[{""child"": "" No Reward Points on this category."", ""name"": ""Base Rewards""}]","[{""title"": "" Discover Reward Points Redemption Options"", ""subtitle"": ""To explore the full range of redemption options for this card, download the SaveSage Club app now."", ""barCodeImageUrl"": ""/"", ""appUrl"": ""https://savesage.co/ZH8bLjZqSPb""}]",,[],[],,,,[],[],,,,savesage.club,https://savesage.club/credit-card/icici-purchase
ICICI Corporate Platinum credit card,ICICI Bank,ICICI,,"[""Airline Transfer"", ""Travel Booking"", ""Hotel Transfer""]",999,,,0.75% to 1%,"[{""child"": "" No Reward Points on this category."", ""name"": ""Base Rewards""}]","[{""title"": "" Discover Reward Points Redemption Options"", ""subtitle"": ""To explore the full range of redemption options for this card, download the SaveSage Club app now."", ""barCodeImageUrl"": ""/"", ""appUrl"": ""https://savesage.co/ZH8bLjZqSPb""}]",,[],[],,,,[],[],,,,savesage.club,https://savesage.club/credit-card/icici-corporate-platinum
ICICI Corporate Gold credit card,ICICI Bank,ICICI,,"[""Airline Transfer"", ""Travel Booking"", ""Hotel Transfer""]",0,,,0.5% to 0.75%,"[{""child"": "" No Reward Points on this category."", ""name"": ""Base Rewards""}]","[{""title"": "" Discover Reward Points Redemption Options"", ""subtitle"": ""To explore the full range of redemption options for this card, download the SaveSage Club app now."", ""barCodeImageUrl"": ""/"", ""appUrl"": ""https://savesage.co/ZH8bLjZqSPb""}]",,[],[],,,,[],[],,,,savesage.club,https://savesage.club/credit-card/icici-corporate-gold
AU CA Metal credit card,AU Small Finance Bank,AU,,[],0,,,NA,"[{""child"": ""Earn 2 Reward Points per ₹100 spent"", ""name"": ""Base Rewards""}, {""child"": ""Earn 8 Reward Points per ₹100 spent"", ""name"": ""Dining""}, {""child"": ""Earn 8 Reward Points per ₹100 spent"", ""name"": ""Software Purcahses""}, {""child"": ""Earn 8 Reward Points per ₹100 spent"", ""name"": ""Tax""}, {""child"": ""Earn 8 Reward Points per ₹100 spent"", ""name"": ""Travel""}, {""child"": ""Earn 1 Reward Points per ₹100 spent"", ""name"": ""Utilities""}, {""child"": ""Earn 1 Reward Points per ₹100 spent"", ""name"": ""Insurance""}, {""child"": "" No Reward Points on this category."", ""name"": ""Transportation & Tolls""}, {""child"": "" No Reward Points on this category."", ""name"": ""Fuel""}, {""child"": "" No Reward Points on this category."", ""name"": ""Rent""}, {""child"": "" No Reward Points on this category."", ""name"": ""Education""}, {""child"": "" No Reward Points on this category."", ""name"": ""Wallets""}, {""child"": "" No Reward Points on this category."", ""name"": ""Government""}, {""child"": "" No Reward Points on this category."", ""name"": ""EMI""}]","[{""title"": "" Discover Reward Points Redemption Options"", ""subtitle"": ""To explore the full range of redemption options for this card, download the SaveSage Club app now."", ""barCodeImageUrl"": ""/"", ""appUrl"": ""https://savesage.co/ZH8bLjZqSPb""}]",,"[{""milestoneNumber"": 1, ""spent"": 5000, ""cycleType"": ""STATEMENT"", ""benefits"": ""2000 Bonus Reward Points"", ""milestoneType"": ""DAYS""}, {""milestoneNumber"": 2, ""spent"": 10000, ""cycleType"": ""STATEMENT"", ""benefits"": ""Dining Membership"", ""milestoneType"": ""DAYS""}]","[{""maintitle"": ""Domestic lounge"", ""limit"": [""2 per quarter""], ""eligibility"": [""Spend a minimum of Re. 1 in a calendar quarter to become eligible for Complimentary Domestic Airport Lounge Access in the same calendar quarter.""]}]",,,,"[{""mainTitle"": ""EazyDiner"", ""child"": ""Upto ₹500 off""}, {""mainTitle"": ""ICAI"", ""child"": ""ICAI Membership discount""}, {""mainTitle"": ""Insurance"", ""child"": ""Air Accident Cover""}]","[""Upto ₹500 off"", ""ICAI Membership discount"", ""Air Accident Cover""]",,,,savesage.club,https://savesage.club/credit-card/au-ca-metal
IDFC Wow Black (FD) credit card,IDFC FIRST Bank,IDFC,,[],750,,,NA,"[{""child"": ""Earn 4 Reward Points per ₹150 spent"", ""name"": ""Base Rewards""}, {""child"": ""Earn 54 Reward Points per ₹150 spent"", ""name"": ""Hotels via IDFC App""}, {""child"": ""Earn 34 Reward Points per ₹150 spent"", ""name"": ""Flights via IDFC App""}, {""child"": ""Earn 3 Reward Points per ₹150 spent"", ""name"": ""UPI > 2K""}, {""child"": ""Earn 1 Reward Points per ₹150 spent"", ""name"": ""UPI < 2K""}, {""child"": ""Earn 1 Reward Points per ₹150 spent"", ""name"": ""Utilities""}, {""child"": ""Earn 1 Reward Points per ₹150 spent"", ""name"": ""Insurance""}, {""child"": "" No Reward Points on this category."", ""name"": ""EMI""}, {""child"": "" No Reward Points on this category."", ""name"": ""Fuel""}, {""child"": "" No Reward Points on this category."", ""name"": ""Wallets""}, {""child"": "" No Reward Points on this category."", ""name"": ""Jewellery""}, {""child"": "" No Reward Points on this category."", ""name"": ""Rent""}]","[{""title"": "" Discover Reward Points Redemption Options"", ""subtitle"": ""To explore the full range of redemption options for this card, download the SaveSage Club app now."", ""barCodeImageUrl"": ""/"", ""appUrl"": ""https://savesage.co/ZH8bLjZqSPb""}]",,[],"[{""maintitle"": ""Domestic lounge"", ""limit"": [""1 per quarter""], ""eligibility"": [""Minimum monthly spends of ₹20,000.""]}]",,,,"[{""mainTitle"": ""EazyDiner"", ""child"": ""Upto ₹400 off""}, {""mainTitle"": ""Road Side Assistance"", ""child"": ""Road Side Assistance""}]","[""Upto ₹400 off"", ""Road Side Assistance""]",,,,savesage.club,https://savesage.club/credit-card/idfc-wow-black-fd
PNB Luxura credit card,Punjab National Bank,PNB,,"[""Cashback""]",9000,,,1% to 2%,"[{""child"": ""Earn 4 Reward Points per ₹100 spent"", ""name"": ""Base Rewards""}, {""child"": ""Earn 12 Reward Points per ₹100 spent"", ""name"": ""Travel""}, {""child"": ""Earn 12 Reward Points per ₹100 spent"", ""name"": ""Dining""}, {""child"": "" No Reward Points on this category."", ""name"": ""Fuel""}]","[{""title"": "" Discover Reward Points Redemption Options"", ""subtitle"": ""To explore the full range of redemption options for this card, download the SaveSage Club app now."", ""barCodeImageUrl"": ""/"", ""appUrl"": ""https://savesage.co/ZH8bLjZqSPb""}]",,"[{""milestoneNumber"": 1, ""spent"": 50000, ""cycleType"": ""STATEMENT"", ""benefits"": ""40,000 rewards point"", ""milestoneType"": ""YEAR""}, {""milestoneNumber"": 2, ""spent"": 250000, ""cycleType"": ""STATEMENT"", ""benefits"": ""The joining fee will be waived."", ""milestoneType"": ""YEAR""}, {""milestoneNumber"": 3, ""spent"": 800000, ""cycleType"": ""STATEMENT"", ""benefits"": ""The renewal fee will be waived."", ""milestoneType"": ""YEAR""}]","[{""maintitle"": ""Domestic lounge"", ""limit"": [""2 per quarter""], ""eligibility"": [""No explicit spend condition""]}, {""maintitle"": ""International lounge"", ""limit"": [""4 per year""], ""eligibility"": [""No explicit spend condition""]}]",,,,"[{""mainTitle"": ""24 by 7 Concierge"", ""child"": ""Concierge""}, {""mainTitle"": ""Golf"", ""child"": ""4 domestic complimentary golf lessons/rounds in a year (1 per quarter)""}, {""mainTitle"": ""HoteLux Membership"", ""child"": ""HoteLux Membership""}, {""mainTitle"": ""Insurance"", ""child"": ""Insurance cover""}, {""mainTitle"": ""ITC"", ""child"": ""1+1 Dinning (Set Menu)""}, {""mainTitle"": ""ITC"", ""child"": ""1+1 SPA""}, {""mainTitle"": ""ITC"", ""child"": ""2+1 complimentary night @ ITC Hotels""}]","[""Concierge"", ""4 domestic complimentary golf lessons/rounds in a year (1 per quarter)"", ""HoteLux Membership"", ""Insurance cover"", ""1+1 Dinning (Set Menu)"", ""1+1 SPA"", ""2+1 complimentary night @ ITC Hotels""]",,,,savesage.club,https://savesage.club/credit-card/pnb-luxura
Unity SFB Roarbank credit card,Unity Small Finance Bank,Unity SFB,,"[""Experience"", ""Travel Booking""]",0,,,2% to 4%,"[{""child"": ""Earn 1 Reward Points per ₹100 spent"", ""name"": ""Base Rewards""}, {""child"": ""Earn 20 Reward Points per ₹100 spent"", ""name"": ""District""}, {""child"": ""Earn 20 Reward Points per ₹100 spent"", ""name"": ""BookMyShow""}, {""child"": ""Earn 5 Reward Points per ₹100 spent"", ""name"": ""Travel""}, {""child"": ""Earn 3 Reward Points per ₹100 spent"", ""name"": ""Zomato""}, {""child"": ""Earn 3 Reward Points per ₹100 spent"", ""name"": ""Swiggy""}, {""child"": ""Earn 1 Reward Points per ₹100 spent"", ""name"": ""Utilities""}, {""child"": ""Earn 1 Reward Points per ₹100 spent"", ""name"": ""Grocery""}, {""child"": ""Earn 1 Reward Points per ₹100 spent"", ""name"": ""Amazon""}, {""child"": ""Earn 1 Reward Points per ₹100 spent"", ""name"": ""Flipkart""}, {""child"": ""Earn 1 Reward Points per ₹100 spent"", ""name"": ""Tata CLiQ""}, {""child"": ""Earn 1 Reward Points per ₹100 spent"", ""name"": ""Blinkit""}, {""child"": ""Earn 1 Reward Points per ₹100 spent"", ""name"": ""Zepto""}, {""child"": ""Earn 1 Reward Points per ₹100 spent"", ""name"": ""Fuel""}, {""child"": ""Earn 1 Reward Points per ₹100 spent"", ""name"": ""Wallets""}, {""child"": "" No Reward Points on this category."", ""name"": ""Jewellery""}]","[{""title"": "" Discover Reward Points Redemption Options"", ""subtitle"": ""To explore the full range of redemption options for this card, download the SaveSage Club app now."", ""barCodeImageUrl"": ""/"", ""appUrl"": ""https://savesage.co/ZH8bLjZqSPb""}]",,[],[],,,,[],[],,,,savesage.club,https://savesage.club/credit-card/unity-sfb-roarbank
Utkarsh Bank Wish (FD) credit card,Utkarsh Small Finance Bank,Utkarsh Bank,,"[""Cashback""]",0,,,2% to 5%,"[{""child"": ""Earn 1 Reward Points per ₹100 spent"", ""name"": ""Base Rewards""}, {""child"": ""Earn 3 Reward Points per ₹100 spent"", ""name"": ""Recharge/Bill Payments (PhonePe)""}]","[{""title"": "" Discover Reward Points Redemption Options"", ""subtitle"": ""To explore the full range of redemption options for this card, download the SaveSage Club app now."", ""barCodeImageUrl"": ""/"", ""appUrl"": ""https://savesage.co/ZH8bLjZqSPb""}]",,"[{""milestoneNumber"": 1, ""spent"": 15000, ""cycleType"": ""STATEMENT"", ""benefits"": ""200 bonus reward points"", ""milestoneType"": ""MONTH""}]",[],,,,[],[],,,,savesage.club,https://savesage.club/credit-card/utkarsh-wish-fd
IndusInd Jio BP Mobility+ credit card,IndusInd Bank,IndusInd,,"[""Airline Transfer""]",499,,,3% to 6%,"[{""child"": ""Earn 2 Reward Points per ₹100 spent"", ""name"": ""Base Rewards""}, {""child"": ""Earn 12 Reward Points per ₹100 spent"", ""name"": ""Jio-BP""}, {""child"": ""Earn 5 Reward Points per ₹100 spent"", ""name"": ""Supermarket""}, {""child"": ""Earn 5 Reward Points per ₹100 spent"", ""name"": ""Grocery""}, {""child"": ""Earn 5 Reward Points per ₹100 spent"", ""name"": ""Dining""}, {""child"": "" No Reward Points on this category."", ""name"": ""Government""}, {""child"": "" No Reward Points on this category."", ""name"": ""Fuel (Other than Jio-BP )""}, {""child"": "" No Reward Points on this category."", ""name"": ""Insurance""}, {""child"": "" No Reward Points on this category."", ""name"": ""Utilities""}, {""child"": "" No Reward Points on this category."", ""name"": ""Rent""}]","[{""title"": "" Discover Reward Points Redemption Options"", ""subtitle"": ""To explore the full range of redemption options for this card, download the SaveSage Club app now."", ""barCodeImageUrl"": ""/"", ""appUrl"": ""https://savesage.co/ZH8bLjZqSPb""}]",,"[{""milestoneNumber"": 1, ""spent"": 0, ""cycleType"": ""STATEMENT"", ""benefits"": ""Earn 400 Bonus Smiles after 1st fuel transaction at Jio-bp"", ""milestoneType"": ""DAYS""}, {""milestoneNumber"": 2, ""spent"": 4000, ""cycleType"": ""STATEMENT"", ""benefits"": ""Earn 200 Smiles"", ""milestoneType"": ""MONTH""}, {""milestoneNumber"": 3, ""spent"": 10000, ""cycleType"": ""STATEMENT"", ""benefits"": ""Spend INR 10,000 from 90 days of Credit Card setup."", ""milestoneType"": ""QUARTER""}, {""milestoneNumber"": 4, ""spent"": 100000, ""cycleType"": ""STATEMENT"", ""benefits"": ""Earn 2000 Smiles"", ""milestoneType"": ""YEAR""}]",[],,,,[],[],,,,savesage.club,https://savesage.club/credit-card/indusind-jio-bp-mobility
Axis Flex (G Pay) credit card,Axis Bank,Axis,,"[""Brand Wallet"", ""Cashback""]",0,,,1.5% to 5%,"[{""child"": ""Earn 1 Reward Points per ₹500 spent"", ""name"": ""Base Rewards""}, {""child"": ""Earn 8 Reward Points per ₹500 spent"", ""name"": ""Spends > ₹30K monthly""}, {""child"": ""Earn 4 Reward Points per ₹500 spent"", ""name"": ""Spends > ₹15K monthly""}, {""child"": ""Earn 2 Reward Points per ₹500 spent"", ""name"": ""Spends > ₹100 monthly""}, {""child"": "" No Reward Points on this category."", ""name"": ""Education""}, {""child"": "" No Reward Points on this category."", ""name"": ""Government""}, {""child"": "" No Reward Points on this category."", ""name"": ""Insurance""}, {""child"": "" No Reward Points on this category."", ""name"": ""Wallets""}, {""child"": "" No Reward Points on this category."", ""name"": ""Jewellery""}, {""child"": "" No Reward Points on this category."", ""name"": ""Rent""}]","[{""title"": "" Discover Reward Points Redemption Options"", ""subtitle"": ""To explore the full range of redemption options for this card, download the SaveSage Club app now."", ""barCodeImageUrl"": ""/"", ""appUrl"": ""https://savesage.co/ZH8bLjZqSPb""}]",,"[{""milestoneNumber"": 1, ""spent"": 0, ""cycleType"": ""STATEMENT"", ""benefits"": ""Get a ₹250 gift card and 250 stars on the Google Pay app as your welcome reward.This is subject to offers run by Google Pay."", ""milestoneType"": ""YEAR""}, {""milestoneNumber"": 2, ""spent"": 500, ""cycleType"": ""STATEMENT"", ""benefits"": ""Earn 2 stars"", ""milestoneType"": ""YEAR""}]",[],,,,"[{""mainTitle"": ""EazyDiner"", ""child"": ""15% off via Dining Delights Program""}]","[""15% off via Dining Delights Program""]",,,,savesage.club,https://savesage.club/credit-card/axis-flex-g-pay
IDFC Diamond Reserve credit card,IDFC FIRST Bank,IDFC,,"[""Cashback"", ""Catalogue Products""]",3000,,,0.5% to 1.5%,"[{""child"": ""Earn 10 Reward Points per ₹150 spent"", ""name"": ""Base Rewards""}, {""child"": ""Earn 60 Reward Points per ₹150 spent"", ""name"": ""Hotels via IDFC App""}, {""child"": ""Earn 30 Reward Points per ₹150 spent"", ""name"": ""Flights via IDFC App""}, {""child"": ""Earn 3 Reward Points per ₹150 spent"", ""name"": ""Rent""}, {""child"": ""Earn 3 Reward Points per ₹150 spent"", ""name"": ""Government""}, {""child"": ""Earn 3 Reward Points per ₹150 spent"", ""name"": ""Wallets""}, {""child"": ""Earn 3 Reward Points per ₹150 spent"", ""name"": ""Education""}, {""child"": ""Earn 3 Reward Points per ₹150 spent"", ""name"": ""Spends < ₹20K monthly""}, {""child"": ""Earn 1 Reward Points per ₹150 spent"", ""name"": ""Utilities""}, {""child"": ""Earn 1 Reward Points per ₹150 spent"", ""name"": ""Insurance""}, {""child"": "" No Reward Points on this category."", ""name"": ""International""}, {""child"": "" No Reward Points on this category."", ""name"": ""Fuel""}, {""child"": "" No Reward Points on this category."", ""name"": ""EMI""}, {""child"": "" No Reward Points on this category."", ""name"": ""Transactions < ₹150""}]","[{""title"": "" Discover Reward Points Redemption Options"", ""subtitle"": ""To explore the full range of redemption options for this card, download the SaveSage Club app now."", ""barCodeImageUrl"": ""/"", ""appUrl"": ""https://savesage.co/ZH8bLjZqSPb""}]",,"[{""milestoneNumber"": 1, ""spent"": 5000, ""cycleType"": ""STATEMENT"", ""benefits"": ""Get ₹500 gift voucher from choice of brands like - Amazon, Bigbasket, Uber and Lifestyle"", ""milestoneType"": ""DAYS""}]","[{""maintitle"": ""Domestic lounge"", ""limit"": [""2 per quarter""], ""eligibility"": [""This program is applicable only in minimum monthly spends of ₹20,000.|This benefit will be shared between the primary cardholder and all add-on cardholders.""]}, {""maintitle"": ""International lounge"", ""limit"": [""2 per quarter""], ""eligibility"": [""This program is applicable only in minimum monthly spends of ₹20,000.|This benefit will be shared between the primary cardholder and all add-on cardholders.""]}, {""maintitle"": ""Add on card domestic lounge"", ""limit"": [""2 per quarter""], ""eligibility"": [""This program is applicable only in minimum monthly spends of ₹20,000.|This benefit will be shared between the primary cardholder and all add-on cardholders.""]}, {""maintitle"": ""Add on card international lounge"", ""limit"": [""2 per quarter""], ""eligibility"": [""This program is applicable only in minimum monthly spends of ₹20,000.|This benefit will be shared between the primary cardholder and all add-on cardholders.""]}, {""maintitle"": ""Railway lounge"", ""limit"": [""4 per quarter""], ""eligibility"": [""This program is applicable only in minimum monthly spends of ₹20,000.|This benefit will be shared between the primary cardholder and all add-on cardholders.""]}, {""maintitle"": ""Null"", ""limit"": [""4 per quarter""], ""eligibility"": [""This program is applicable only in minimum monthly spends of ₹20,000.|This benefit will be shared between the primary cardholder and all add-on cardholders.""]}]",,,,"[{""mainTitle"": ""EazyDiner"", ""child"": ""Upto ₹400 off""}, {""mainTitle"": ""Insurance"", ""child"": ""Personal Accident cover of Rs.10,00,000.""}, {""mainTitle"": ""Insurance"", ""child"": ""Personal Air Accident cover of Rs. 1 Crore""}, {""mainTitle"": ""Insurance"", ""child"": ""Travel Insurance""}, {""mainTitle"": ""Road Side Assistance"", ""child"": ""Road Side Assistance""}, {""mainTitle"": ""District by Zomato"", ""child"": ""Buy One and Get One Movie ticket""}, {""mainTitle"": ""Meet and Greet"", ""child"": ""Meet and Greet""}]","[""Upto ₹400 off"", ""Personal Accident cover of Rs.10,00,000."", ""Personal Air Accident cover of Rs. 1 Crore"", ""Travel Insurance"", ""Road Side Assistance"", ""Buy One and Get One Movie ticket"", ""Meet and Greet""]",,,,savesage.club,https://savesage.club/credit-card/idfc-diamond-reserve
BOB Etihad Guest credit card,Bank of Baroda,BOB,,"[""Experience"", ""Travel Booking""]",2500,,,2% to 3%,"[{""child"": ""Earn 1 Reward Points per ₹100 spent"", ""name"": ""Base Rewards""}, {""child"": ""Earn 3 Reward Points per ₹100 spent"", ""name"": ""Etihad Airways""}, {""child"": "" No Reward Points on this category."", ""name"": ""Transportation & Tolls""}, {""child"": "" No Reward Points on this category."", ""name"": ""Fuel""}]","[{""title"": "" Discover Reward Points Redemption Options"", ""subtitle"": ""To explore the full range of redemption options for this card, download the SaveSage Club app now."", ""barCodeImageUrl"": ""/"", ""appUrl"": ""https://savesage.co/ZH8bLjZqSPb""}]",,"[{""milestoneNumber"": 1, ""spent"": 0, ""cycleType"": ""STATEMENT"", ""benefits"": ""Enjoy complimentary Etihad Guest Silver Tier."", ""milestoneType"": ""YEAR""}, {""milestoneNumber"": 2, ""spent"": 10000, ""cycleType"": ""STATEMENT"", ""benefits"": ""Earn 2,500 Etihad Guest Bonus Miles"", ""milestoneType"": ""DAYS""}, {""milestoneNumber"": 3, ""spent"": 25000, ""cycleType"": ""STATEMENT"", ""benefits"": ""Earn bonus 250 Miles on any 4 transactions totaling ₹25000.Valid once per month"", ""milestoneType"": ""MONTH""}, {""milestoneNumber"": 4, ""spent"": 200000, ""cycleType"": ""STATEMENT"", ""benefits"": ""Get bonus 2000 Miles on quarterly spends of ₹2,00,000.Valid once per quarter"", ""milestoneType"": ""QUARTER""}, {""milestoneNumber"": 5, ""spent"": 300000, ""cycleType"": ""STATEMENT"", ""benefits"": ""The renewal fee will be waived."", ""milestoneType"": ""YEAR""}, {""milestoneNumber"": 6, ""spent"": 750000, ""cycleType"": ""STATEMENT"", ""benefits"": ""Celebrate your loyalty with bonus 12,000 Miles on yearly spends of ₹7,50,000.Valid once per year"", ""milestoneType"": ""YEAR""}]","[{""maintitle"": ""Domestic lounge"", ""limit"": [""2 per quarter""], ""eligibility"": [""""]}, {""maintitle"": ""International lounge"", ""limit"": [""1 per quarter""], ""eligibility"": [""""]}]",,,,"[{""mainTitle"": ""EazyDiner"", ""child"": ""Upto ₹400 off""}]","[""Upto ₹400 off""]",,,,savesage.club,https://savesage.club/credit-card/bob-etihad-guest
BOB Etihad Guest Premium credit card,Bank of Baroda,BOB,,"[""Travel Booking""]",5000,,,1% to 3%,"[{""child"": ""Earn 2 Reward Points per ₹100 spent"", ""name"": ""Base Rewards""}, {""child"": ""Earn 6 Reward Points per ₹100 spent"", ""name"": ""Etihad Airways""}, {""child"": "" No Reward Points on this category."", ""name"": ""Transportation & Tolls""}, {""child"": "" No Reward Points on this category."", ""name"": ""Fuel""}]","[{""title"": "" Discover Reward Points Redemption Options"", ""subtitle"": ""To explore the full range of redemption options for this card, download the SaveSage Club app now."", ""barCodeImageUrl"": ""/"", ""appUrl"": ""https://savesage.co/ZH8bLjZqSPb""}]",,"[{""milestoneNumber"": 1, ""spent"": 0, ""cycleType"": ""STATEMENT"", ""benefits"": ""Enjoy complimentary Silver Tier Status, and upgrade to Gold Tier upon completing a transaction of ₹10K on Etihad.com within 6 months."", ""milestoneType"": ""YEAR""}, {""milestoneNumber"": 2, ""spent"": 25000, ""cycleType"": ""STATEMENT"", ""benefits"": ""Earn 5,000 Etihad Guest Bonus Miles"", ""milestoneType"": ""DAYS""}, {""milestoneNumber"": 3, ""spent"": 50000, ""cycleType"": ""STATEMENT"", ""benefits"": ""Earn bonus 250 Miles on any 4 transactions totaling ₹50000.Valid once per month"", ""milestoneType"": ""MONTH""}, {""milestoneNumber"": 4, ""spent"": 300000, ""cycleType"": ""STATEMENT"", ""benefits"": ""Get bonus 2000 Miles on quarterly spends of ₹3,00,000.Valid once per quarter"", ""milestoneType"": ""QUARTER""}, {""milestoneNumber"": 5, ""spent"": 500000, ""cycleType"": ""STATEMENT"", ""benefits"": ""The renewal fee will be waived."", ""milestoneType"": ""YEAR""}, {""milestoneNumber"": 6, ""spent"": 1200000, ""cycleType"": ""STATEMENT"", ""benefits"": ""Celebrate your loyalty with bonus 12,000 Miles on yearly spends of ₹12,00,000.Valid once per year"", ""milestoneType"": ""YEAR""}]","[{""maintitle"": ""Domestic lounge"", ""limit"": [""3 per quarter""], ""eligibility"": [""""]}, {""maintitle"": ""International lounge"", ""limit"": [""2 per quarter""], ""eligibility"": [""""]}]",,,,"[{""mainTitle"": ""EazyDiner"", ""child"": ""Upto ₹400 off""}]","[""Upto ₹400 off""]",,,,savesage.club,https://savesage.club/credit-card/bob-etihad-guest-premium
ICICI Sapphiro (Rupay) credit card,ICICI Bank,ICICI,Rupay,[],6500,,,NA,"[{""child"": ""Earn 2 Reward Points per ₹100 spent"", ""name"": ""Base Rewards""}, {""child"": ""Earn 24 Reward Points per ₹100 spent"", ""name"": ""Hotels via iShop""}, {""child"": ""Earn 12 Reward Points per ₹100 spent"", ""name"": ""Bus via iShop""}, {""child"": ""Earn 12 Reward Points per ₹100 spent"", ""name"": ""Flights via iShop""}, {""child"": ""Earn 12 Reward Points per ₹100 spent"", ""name"": ""Vouchers via iShop""}, {""child"": ""Earn 4 Reward Points per ₹100 spent"", ""name"": ""International""}, {""child"": ""Earn 2 Reward Points per ₹100 spent"", ""name"": ""Education""}, {""child"": ""Earn 2 Reward Points per ₹100 spent"", ""name"": ""Grocery""}, {""child"": ""Earn 1 Reward Points per ₹100 spent"", ""name"": ""Utilities""}, {""child"": ""Earn 1 Reward Points per ₹100 spent"", ""name"": ""Insurance""}, {""child"": ""Earn 1 Reward Points per ₹100 spent"", ""name"": ""Government""}, {""child"": "" No Reward Points on this category."", ""name"": ""Skill Based Gaming""}, {""child"": "" No Reward Points on this category."", ""name"": ""UPI""}, {""child"": "" No Reward Points on this category."", ""name"": ""Fuel""}, {""child"": "" No Reward Points on this category."", ""name"": ""Rent""}]","[{""title"": "" Discover Reward Points Redemption Options"", ""subtitle"": ""To explore the full range of redemption options for this card, download the SaveSage Club app now."", ""barCodeImageUrl"": ""/"", ""appUrl"": ""https://savesage.co/ZH8bLjZqSPb""}]",,"[{""milestoneNumber"": 1, ""spent"": 0, ""cycleType"": ""STATEMENT"", ""benefits"": ""Choose from the following vouchers: Tata CliQ for ₹3,000, Croma for ₹1,500, EaseMyTrip for ₹4,000, Uber for ₹1,000, or Da Milano for ₹5,000."", ""milestoneType"": ""YEAR""}, {""milestoneNumber"": 2, ""spent"": 400000, ""cycleType"": ""STATEMENT"", ""benefits"": ""4,000 RPs."", ""milestoneType"": ""YEAR""}, {""milestoneNumber"": 3, ""spent"": 500000, ""cycleType"": ""STATEMENT"", ""benefits"": ""2,000 RPs."", ""milestoneType"": ""YEAR""}, {""milestoneNumber"": 4, ""spent"": 600000, ""cycleType"": ""STATEMENT"", ""benefits"": ""The renewal fee will be waived and Get 2000 RPs"", ""milestoneType"": ""YEAR""}, {""milestoneNumber"": 5, ""spent"": 700000, ""cycleType"": ""STATEMENT"", ""benefits"": ""2,000 RPs."", ""milestoneType"": ""YEAR""}, {""milestoneNumber"": 6, ""spent"": 800000, ""cycleType"": ""STATEMENT"", ""benefits"": ""2,000 RPs."", ""milestoneType"": ""YEAR""}, {""milestoneNumber"": 7, ""spent"": 900000, ""cycleType"": ""STATEMENT"", ""benefits"": ""2,000 RPs."", ""milestoneType"": ""YEAR""}, {""milestoneNumber"": 8, ""spent"": 1000000, ""cycleType"": ""STATEMENT"", ""benefits"": ""2,000 RPs."", ""milestoneType"": ""YEAR""}, {""milestoneNumber"": 9, ""spent"": 1100000, ""cycleType"": ""STATEMENT"", ""benefits"": ""2,000 RPs."", ""milestoneType"": ""YEAR""}, {""milestoneNumber"": 10, ""spent"": 1200000, ""cycleType"": ""STATEMENT"", ""benefits"": ""2,000 RPs."", ""milestoneType"": ""YEAR""}]","[{""maintitle"": ""International lounge"", ""limit"": [""2 per calendar year""], ""eligibility"": [""Complimentary Lounge Access using Priority Pass.""]}, {""maintitle"": ""Domestic lounge"", ""limit"": [""4 per quarter""], ""eligibility"": [""Spend ₹75k in previous calendar quarter.""]}, {""maintitle"": ""Airport spa"", ""limit"": [""2 per year""], ""eligibility"": [""No explicit spend condition""]}]",,,,"[{""mainTitle"": ""BookMyShow"", ""child"": ""Buy 1 Ticket and Get 1""}, {""mainTitle"": ""Concierge"", ""child"": ""Round the clock assistance""}, {""mainTitle"": ""Croma"", ""child"": ""Croma Voucher Worth Rs 1,500""}, {""mainTitle"": ""EaseMyTrip"", ""child"": ""EaseMyTrip Vouchers worth Rs 4,000 (4*Rs 1,000 Each)""}, {""mainTitle"": ""Golf"", ""child"": ""4 Golf Rounds per Month""}, {""mainTitle"": ""Insurance"", ""child"": ""Card Liability Cover worth Rs 50k""}, {""mainTitle"": ""Insurance"", ""child"": ""Death Due to Air Accidents Insurance worth Rs 3 Cr""}, {""mainTitle"": ""Tata Cliq"", ""child"": ""Tata Cliq Voucher Worth Rs 3,000""}, {""mainTitle"": ""Uber"", ""child"": ""Uber Vouchers Worth Rs 1,000 (4 vouchers, Rs 250 each).""}]","[""Buy 1 Ticket and Get 1"", ""Round the clock assistance"", ""Croma Voucher Worth Rs 1,500"", ""EaseMyTrip Vouchers worth Rs 4,000 (4*Rs 1,000 Each)"", ""4 Golf Rounds per Month"", ""Card Liability Cover worth Rs 50k"", ""Death Due to Air Accidents Insurance worth Rs 3 Cr"", ""Tata Cliq Voucher Worth Rs 3,000"", ""Uber Vouchers Worth Rs 1,000 (4 vouchers, Rs 250 each).""]",,,,savesage.club,https://savesage.club/credit-card/icici-sapphiro-rupay
HDFC Millennia (Rupay) credit card,HDFC Bank,HDFC,Rupay,"[""Brand Wallet"", ""Catalogue Products""]",1000,,,1% to 2%,"[{""child"": ""Earn 1 Reward Points per ₹100 spent"", ""name"": ""Base Rewards""}, {""child"": ""Earn 5 Reward Points per ₹100 spent"", ""name"": ""Sony LIV""}, {""child"": ""Earn 5 Reward Points per ₹100 spent"", ""name"": ""Swiggy""}, {""child"": ""Earn 5 Reward Points per ₹100 spent"", ""name"": ""Zomato""}, {""child"": ""Earn 5 Reward Points per ₹100 spent"", ""name"": ""Amazon""}, {""child"": ""Earn 5 Reward Points per ₹100 spent"", ""name"": ""BookMyShow""}, {""child"": ""Earn 5 Reward Points per ₹100 spent"", ""name"": ""Cult.fit""}, {""child"": ""Earn 5 Reward Points per ₹100 spent"", ""name"": ""Uber""}, {""child"": ""Earn 5 Reward Points per ₹100 spent"", ""name"": ""Flipkart""}, {""child"": ""Earn 5 Reward Points per ₹100 spent"", ""name"": ""Tata CLiQ""}, {""child"": ""Earn 5 Reward Points per ₹100 spent"", ""name"": ""Myntra""}, {""child"": ""Earn 1 Reward Points per ₹100 spent"", ""name"": ""Education""}, {""child"": ""Earn 1 Reward Points per ₹100 spent"", ""name"": ""Insurance""}, {""child"": ""Earn 1 Reward Points per ₹100 spent"", ""name"": ""Utilities""}, {""child"": ""Earn 1 Reward Points per ₹100 spent"", ""name"": ""UPI""}, {""child"": "" No Reward Points on this category."", ""name"": ""Wallets""}, {""child"": "" No Reward Points on this category."", ""name"": ""Government""}, {""child"": "" No Reward Points on this category."", ""name"": ""Rent""}, {""child"": "" No Reward Points on this category."", ""name"": ""Fuel""}, {""child"": "" No Reward Points on this category."", ""name"": ""Jewellery""}, {""child"": "" No Reward Points on this category."", ""name"": ""Education (Third-Party)""}, {""child"": "" No Reward Points on this category."", ""name"": ""EMI""}]","[{""title"": "" Discover Reward Points Redemption Options"", ""subtitle"": ""To explore the full range of redemption options for this card, download the SaveSage Club app now."", ""barCodeImageUrl"": ""/"", ""appUrl"": ""https://savesage.co/ZH8bLjZqSPb""}]",,"[{""milestoneNumber"": 1, ""spent"": 0, ""cycleType"": ""CALENDAR"", ""benefits"": ""1000 CashPoints"", ""milestoneType"": ""YEAR""}, {""milestoneNumber"": 2, ""spent"": 100000, ""cycleType"": ""STATEMENT"", ""benefits"": ""The renewal fee will be waived."", ""milestoneType"": ""YEAR""}, {""milestoneNumber"": 3, ""spent"": 100000, ""cycleType"": ""CALENDAR"", ""benefits"": ""Gift vouchers worth ₹1,000."", ""milestoneType"": ""QUARTER""}]","[{""maintitle"": ""Domestic lounge"", ""limit"": [""1 per quarter""], ""eligibility"": [""""]}]",,,,"[{""mainTitle"": ""Swiggy"", ""child"": ""Upto 20% Discount""}]","[""Upto 20% Discount""]",,,,savesage.club,https://savesage.club/credit-card/hdfc-millennia-rupay
HDFC Millennia (Mastercard) credit card,HDFC Bank,HDFC,Mastercard,[],1000,,,NA,"[{""child"": ""Earn 1 Reward Points per ₹100 spent"", ""name"": ""Base Rewards""}, {""child"": ""Earn 5 Reward Points per ₹100 spent"", ""name"": ""Uber""}, {""child"": ""Earn 5 Reward Points per ₹100 spent"", ""name"": ""Zomato""}, {""child"": ""Earn 5 Reward Points per ₹100 spent"", ""name"": ""Amazon""}, {""child"": ""Earn 5 Reward Points per ₹100 spent"", ""name"": ""Flipkart""}, {""child"": ""Earn 5 Reward Points per ₹100 spent"", ""name"": ""Myntra""}, {""child"": ""Earn 5 Reward Points per ₹100 spent"", ""name"": ""Sony LIV""}, {""child"": ""Earn 5 Reward Points per ₹100 spent"", ""name"": ""Swiggy""}, {""child"": ""Earn 5 Reward Points per ₹100 spent"", ""name"": ""BookMyShow""}, {""child"": ""Earn 5 Reward Points per ₹100 spent"", ""name"": ""Cult.fit""}, {""child"": ""Earn 5 Reward Points per ₹100 spent"", ""name"": ""Tata CLiQ""}, {""child"": ""Earn 1 Reward Points per ₹100 spent"", ""name"": ""Utilities""}, {""child"": ""Earn 1 Reward Points per ₹100 spent"", ""name"": ""Insurance""}, {""child"": ""Earn 1 Reward Points per ₹100 spent"", ""name"": ""Education""}, {""child"": "" No Reward Points on this category."", ""name"": ""Wallets""}, {""child"": "" No Reward Points on this category."", ""name"": ""Jewellery""}, {""child"": "" No Reward Points on this category."", ""name"": ""UPI""}, {""child"": "" No Reward Points on this category."", ""name"": ""Education (Third-Party)""}, {""child"": "" No Reward Points on this category."", ""name"": ""Government""}, {""child"": "" No Reward Points on this category."", ""name"": ""EMI""}, {""child"": "" No Reward Points on this category."", ""name"": ""Rent""}, {""child"": "" No Reward Points on this category."", ""name"": ""Fuel""}]","[{""title"": "" Discover Reward Points Redemption Options"", ""subtitle"": ""To explore the full range of redemption options for this card, download the SaveSage Club app now."", ""barCodeImageUrl"": ""/"", ""appUrl"": ""https://savesage.co/ZH8bLjZqSPb""}]",,"[{""milestoneNumber"": 1, ""spent"": 0, ""cycleType"": ""CALENDAR"", ""benefits"": ""1000 CashPoints"", ""milestoneType"": ""YEAR""}, {""milestoneNumber"": 2, ""spent"": 100000, ""cycleType"": ""STATEMENT"", ""benefits"": ""The renewal fee will be waived."", ""milestoneType"": ""YEAR""}, {""milestoneNumber"": 3, ""spent"": 100000, ""cycleType"": ""CALENDAR"", ""benefits"": ""Gift vouchers worth ₹1,000."", ""milestoneType"": ""QUARTER""}]","[{""maintitle"": ""Domestic lounge"", ""limit"": [""1 per quarter""], ""eligibility"": [""""]}]",,,,"[{""mainTitle"": ""Swiggy"", ""child"": ""Upto 20% Discount""}]","[""Upto 20% Discount""]",,,,savesage.club,https://savesage.club/credit-card/hdfc-millennia-mastercard
BOB Scapia (Visa) credit card,Bank of Baroda,BOB,Visa,[],0,,,NA,"[{""child"": ""Earn 10 Reward Points per ₹100 spent"", ""name"": ""Base Rewards""}, {""child"": ""Earn 20 Reward Points per ₹100 spent"", ""name"": ""Travel Bookings on Scapia App""}, {""child"": ""Earn 10 Reward Points per ₹100 spent"", ""name"": ""Online""}, {""child"": ""Earn 10 Reward Points per ₹100 spent"", ""name"": ""Offline""}, {""child"": "" No Reward Points on this category."", ""name"": ""Wallets""}, {""child"": "" No Reward Points on this category."", ""name"": ""Government""}, {""child"": "" No Reward Points on this category."", ""name"": ""International""}, {""child"": "" No Reward Points on this category."", ""name"": ""Crypto & Financial Institutions""}, {""child"": "" No Reward Points on this category."", ""name"": ""Business Services""}, {""child"": "" No Reward Points on this category."", ""name"": ""Insurance""}, {""child"": "" No Reward Points on this category."", ""name"": ""Education""}, {""child"": "" No Reward Points on this category."", ""name"": ""Utilities""}, {""child"": "" No Reward Points on this category."", ""name"": ""UPI""}, {""child"": "" No Reward Points on this category."", ""name"": ""Transportation & Tolls""}, {""child"": "" No Reward Points on this category."", ""name"": ""Fuel""}, {""child"": "" No Reward Points on this category."", ""name"": ""Rent""}]","[{""title"": "" Discover Reward Points Redemption Options"", ""subtitle"": ""To explore the full range of redemption options for this card, download the SaveSage Club app now."", ""barCodeImageUrl"": ""/"", ""appUrl"": ""https://savesage.co/ZH8bLjZqSPb""}]",,"[{""milestoneNumber"": 1, ""spent"": 20000, ""cycleType"": ""STATEMENT"", ""benefits"": ""Up to 5,000 Scapia Coins (worth ₹1,000) for dining, shopping, or spa at select airports."", ""milestoneType"": ""MONTH""}, {""milestoneNumber"": 2, ""spent"": 50000, ""cycleType"": ""STATEMENT"", ""benefits"": ""The spend requirement of ₹50,000 is fulfilled only through international flight bookings made via the Scapia app. Enjoy duty-free shopping or dining at international terminals in India and get up to 10,000 Scapia Coins (worth ₹2,000)."", ""milestoneType"": ""MONTH""}]","[{""maintitle"": ""Domestic lounge"", ""limit"": [""Unlimited""], ""eligibility"": [""Spend ₹20,000 per month.""]}]",,,,"[{""mainTitle"": ""Dining"", ""child"": ""Complimentary Dining at domestic airport""}, {""mainTitle"": ""EazyDiner"", ""child"": ""Upto ₹400 off""}, {""mainTitle"": ""Shopping"", ""child"": ""Complimentary Shopping at domestic airport""}, {""mainTitle"": ""Spa"", ""child"": ""Complimentary Spa at domestic airport""}]","[""Complimentary Dining at domestic airport"", ""Upto ₹400 off"", ""Complimentary Shopping at domestic airport"", ""Complimentary Spa at domestic airport""]",,,,savesage.club,https://savesage.club/credit-card/bob-scapia-visa
Federal Scapia (Rupay) credit card,Federal Bank,Federal,Rupay,"[""Cashback""]",0,,,1% to 2%,"[{""child"": ""Earn 5 Reward Points per ₹100 spent"", ""name"": ""Base Rewards""}, {""child"": ""Earn 20 Reward Points per ₹100 spent"", ""name"": ""Travel Bookings on Scapia App""}, {""child"": ""Earn 5 Reward Points per ₹100 spent"", ""name"": ""UPI""}, {""child"": ""Earn 5 Reward Points per ₹100 spent"", ""name"": ""Offline""}, {""child"": ""Earn 5 Reward Points per ₹100 spent"", ""name"": ""Online""}, {""child"": "" No Reward Points on this category."", ""name"": ""Rent""}, {""child"": "" No Reward Points on this category."", ""name"": ""Wallets""}, {""child"": "" No Reward Points on this category."", ""name"": ""Utilities""}, {""child"": "" No Reward Points on this category."", ""name"": ""International""}, {""child"": "" No Reward Points on this category."", ""name"": ""Insurance""}, {""child"": "" No Reward Points on this category."", ""name"": ""Crypto & Financial Institutions""}, {""child"": "" No Reward Points on this category."", ""name"": ""Education""}, {""child"": "" No Reward Points on this category."", ""name"": ""Business Services""}, {""child"": "" No Reward Points on this category."", ""name"": ""Government""}, {""child"": "" No Reward Points on this category."", ""name"": ""EMI""}, {""child"": "" No Reward Points on this category."", ""name"": ""Gift Cards""}, {""child"": "" No Reward Points on this category."", ""name"": ""Fuel""}]","[{""title"": "" Discover Reward Points Redemption Options"", ""subtitle"": ""To explore the full range of redemption options for this card, download the SaveSage Club app now."", ""barCodeImageUrl"": ""/"", ""appUrl"": ""https://savesage.co/ZH8bLjZqSPb""}]",,"[{""milestoneNumber"": 1, ""spent"": 20000, ""cycleType"": ""STATEMENT"", ""benefits"": ""Up to 5,000 Scapia Coins (worth ₹1,000) for dining, shopping, or spa at select airports."", ""milestoneType"": ""MONTH""}, {""milestoneNumber"": 2, ""spent"": 50000, ""cycleType"": ""STATEMENT"", ""benefits"": ""The spend requirement of ₹50,000 is fulfilled only through international flight bookings made via the Scapia app. Enjoy duty-free shopping or dining at international terminals in India and get up to 10,000 Scapia Coins (worth ₹2,000)."", ""milestoneType"": ""MONTH""}]","[{""maintitle"": ""Domestic lounge"", ""limit"": [""Unlimited""], ""eligibility"": [""Spend ₹10,000 for Visa and ₹15,000 for RuPay in a billing cycle.""]}]",,,,"[{""mainTitle"": ""Airport Privilege"", ""child"": ""International Airport Privileges""}, {""mainTitle"": ""Dining"", ""child"": ""Dining at domestic airport""}, {""mainTitle"": ""Shopping"", ""child"": ""Shopping at domestic airport""}, {""mainTitle"": ""Spa"", ""child"": ""Spa at domestic airport""}]","[""International Airport Privileges"", ""Dining at domestic airport"", ""Shopping at domestic airport"", ""Spa at domestic airport""]",,,,savesage.club,https://savesage.club/credit-card/federal-scapia-rupay
IDFC Gaj credit card,IDFC FIRST Bank,IDFC,,"[""Airline Transfer""]",12500,,,3% to 5%,"[{""child"": ""Earn 5 Reward Points per ₹150 spent"", ""name"": ""Base Rewards""}, {""child"": ""Earn 50 Reward Points per ₹150 spent"", ""name"": ""Hotels via IDFC App""}, {""child"": ""Earn 25 Reward Points per ₹150 spent"", ""name"": ""Flights via IDFC App""}, {""child"": ""Earn 3 Reward Points per ₹150 spent"", ""name"": ""International""}, {""child"": ""Earn 1 Reward Points per ₹150 spent"", ""name"": ""Government""}, {""child"": ""Earn 1 Reward Points per ₹150 spent"", ""name"": ""Wallets""}, {""child"": ""Earn 1 Reward Points per ₹150 spent"", ""name"": ""FasTag""}, {""child"": ""Earn 1 Reward Points per ₹150 spent"", ""name"": ""Education""}, {""child"": ""Earn 1 Reward Points per ₹150 spent"", ""name"": ""UPI""}, {""child"": ""Earn 1 Reward Points per ₹150 spent"", ""name"": ""Railways""}, {""child"": ""Earn 1 Reward Points per ₹150 spent"", ""name"": ""Insurance""}, {""child"": ""Earn 1 Reward Points per ₹150 spent"", ""name"": ""Utilities""}, {""child"": ""Earn 1 Reward Points per ₹150 spent"", ""name"": ""Rent""}, {""child"": "" No Reward Points on this category."", ""name"": ""Fuel""}, {""child"": "" No Reward Points on this category."", ""name"": ""EMI""}, {""child"": "" No Reward Points on this category."", ""name"": ""Txn < ₹150""}]","[{""title"": "" Discover Reward Points Redemption Options"", ""subtitle"": ""To explore the full range of redemption options for this card, download the SaveSage Club app now."", ""barCodeImageUrl"": ""/"", ""appUrl"": ""https://savesage.co/ZH8bLjZqSPb""}]",,"[{""milestoneNumber"": 1, ""spent"": 1, ""cycleType"": ""STATEMENT"", ""benefits"": ""25% off (up to ₹5,000) on bank-curated 5-star properties through the Travel & Shop section of the IDFC FIRST Bank Mobile App"", ""milestoneType"": ""YEAR""}, {""milestoneNumber"": 2, ""spent"": 12500, ""cycleType"": ""STATEMENT"", ""benefits"": ""12,500 Reward Points worth up to ₹12,500 on payment of joining fees."", ""milestoneType"": ""YEAR""}, {""milestoneNumber"": 3, ""spent"": 1000000, ""cycleType"": ""STATEMENT"", ""benefits"": ""The renewal fee will be waived."", ""milestoneType"": ""YEAR""}]","[{""maintitle"": ""Domestic lounge"", ""limit"": [""4 per quarter""], ""eligibility"": [""Spend ₹20,000 per month.""]}, {""maintitle"": ""Guest lounge"", ""limit"": [""1 per quarter""], ""eligibility"": [""Spend ₹20,000 per month.|1 per quarter for domestic lounges""]}, {""maintitle"": ""International lounge"", ""limit"": [""4 per quarter""], ""eligibility"": [""Spend ₹20,000 per month.|Present your Dream Folks card & get access""]}, {""maintitle"": ""Railway lounge"", ""limit"": [""4 per quarter""], ""eligibility"": [""Spend ₹20,000 per month.|Present your Dream Folks card & get access""]}]",,,,"[{""mainTitle"": ""EazyDiner"", ""child"": ""Upto ₹1000 off""}, {""mainTitle"": ""Elivaas Properties"", ""child"": ""Elivaas Properties""}, {""mainTitle"": ""Golf"", ""child"": ""Golf lessons/Rounds""}, {""mainTitle"": ""Insurance"", ""child"": ""Travel Insurance""}, {""mainTitle"": ""ITC Hotels"", ""child"": ""Stay at ITC""}, {""mainTitle"": ""Road Side Assistance"", ""child"": ""Road Side Assistance""}, {""mainTitle"": ""Travel"", ""child"": ""Meet and Greet Service""}]","[""Upto ₹1000 off"", ""Elivaas Properties"", ""Golf lessons/Rounds"", ""Travel Insurance"", ""Stay at ITC"", ""Road Side Assistance"", ""Meet and Greet Service""]",,,,savesage.club,https://savesage.club/credit-card/idfc-gaj
Axis Kwik (Rupay) credit card,Axis Bank,Axis,Rupay,"[""Catalogue Products""]",0,,,1% to 3%,"[{""child"": ""Earn 2 Reward Points per ₹200 spent"", ""name"": ""Base Rewards""}, {""child"": ""Earn 2 Reward Points per ₹200 spent"", ""name"": ""UPI""}, {""child"": "" No Reward Points on this category."", ""name"": ""Education""}, {""child"": "" No Reward Points on this category."", ""name"": ""Fuel""}, {""child"": "" No Reward Points on this category."", ""name"": ""Insurance""}, {""child"": "" No Reward Points on this category."", ""name"": ""Government""}, {""child"": "" No Reward Points on this category."", ""name"": ""Jewellery""}, {""child"": "" No Reward Points on this category."", ""name"": ""Rent""}, {""child"": "" No Reward Points on this category."", ""name"": ""Utilities""}, {""child"": "" No Reward Points on this category."", ""name"": ""EMI""}, {""child"": "" No Reward Points on this category."", ""name"": ""Wallets""}]","[{""title"": "" Discover Reward Points Redemption Options"", ""subtitle"": ""To explore the full range of redemption options for this card, download the SaveSage Club app now."", ""barCodeImageUrl"": ""/"", ""appUrl"": ""https://savesage.co/ZH8bLjZqSPb""}]",,[],[],,,,[],[],,,,savesage.club,https://savesage.club/credit-card/axis-kwik-rupay
Axis Neo (Rupay) credit card,Axis Bank,Axis,Rupay,"[""Experience"", ""Travel Booking"", ""Hotel Transfer""]",250,,,1% to 2%,"[{""child"": ""Earn 1 Reward Points per ₹200 spent"", ""name"": ""Base Rewards""}, {""child"": "" No Reward Points on this category."", ""name"": ""Insurance""}, {""child"": "" No Reward Points on this category."", ""name"": ""EMI""}, {""child"": "" No Reward Points on this category."", ""name"": ""Jewellery""}, {""child"": "" No Reward Points on this category."", ""name"": ""Rent""}, {""child"": "" No Reward Points on this category."", ""name"": ""Utilities""}, {""child"": "" No Reward Points on this category."", ""name"": ""Wallets""}, {""child"": "" No Reward Points on this category."", ""name"": ""Education""}, {""child"": "" No Reward Points on this category."", ""name"": ""Fuel""}, {""child"": "" No Reward Points on this category."", ""name"": ""Government""}]","[{""title"": "" Discover Reward Points Redemption Options"", ""subtitle"": ""To explore the full range of redemption options for this card, download the SaveSage Club app now."", ""barCodeImageUrl"": ""/"", ""appUrl"": ""https://savesage.co/ZH8bLjZqSPb""}]",,[],[],,,,"[{""mainTitle"": ""10% off on Blinkit"", ""child"": ""10% off on Blinkit""}, {""mainTitle"": ""BookMyShow"", ""child"": ""10% off on Booking Movie Tickets on BookMyShow""}, {""mainTitle"": ""EazyDiner"", ""child"": ""15% off via Dining Delights Program""}, {""mainTitle"": ""Myntra"", ""child"": ""Extra Rs. 150 off on Myntra""}, {""mainTitle"": ""Paytm"", ""child"": ""5% off on utility bill payments via Paytm""}, {""mainTitle"": ""Zomato"", ""child"": ""Flat ₹120 off on Zomato""}]","[""10% off on Blinkit"", ""10% off on Booking Movie Tickets on BookMyShow"", ""15% off via Dining Delights Program"", ""Extra Rs. 150 off on Myntra"", ""5% off on utility bill payments via Paytm"", ""Flat ₹120 off on Zomato""]",,,,savesage.club,https://savesage.club/credit-card/axis-neo-rupay
BOB UNI GoldX (Rupay) credit card,Bank of Baroda,BOB,Rupay,[],0,,,NA,"[{""child"": ""Earn 100 Reward Points per ₹100 spent"", ""name"": ""Base Rewards""}, {""child"": ""Earn 100 Reward Points per ₹100 spent"", ""name"": ""UPI""}, {""child"": ""Earn 100 Reward Points per ₹100 spent"", ""name"": ""E-Commerce""}, {""child"": "" No Reward Points on this category."", ""name"": ""Fuel""}, {""child"": "" No Reward Points on this category."", ""name"": ""Education (Third-Party)""}, {""child"": "" No Reward Points on this category."", ""name"": ""Utilities""}, {""child"": "" No Reward Points on this category."", ""name"": ""Government""}, {""child"": "" No Reward Points on this category."", ""name"": ""International""}, {""child"": "" No Reward Points on this category."", ""name"": ""EMI""}, {""child"": "" No Reward Points on this category."", ""name"": ""Wallets""}, {""child"": "" No Reward Points on this category."", ""name"": ""Transportation & Tolls""}, {""child"": "" No Reward Points on this category."", ""name"": ""Rent""}]","[{""title"": "" Discover Reward Points Redemption Options"", ""subtitle"": ""To explore the full range of redemption options for this card, download the SaveSage Club app now."", ""barCodeImageUrl"": ""/"", ""appUrl"": ""https://savesage.co/ZH8bLjZqSPb""}]",,[],[],,,,"[{""mainTitle"": ""EazyDiner"", ""child"": ""Upto ₹400 off""}]","[""Upto ₹400 off""]",,,,savesage.club,https://savesage.club/credit-card/bob-uni-goldx-rupay
HDFC Tata Neu Plus (Rupay) credit card,HDFC Bank,HDFC,Rupay,"[""Cashback""]",499,,,1% to 10%,"[{""child"": ""Earn 1 Reward Points per ₹100 spent"", ""name"": ""Base Rewards""}, {""child"": ""Earn 5 Reward Points per ₹100 spent"", ""name"": ""Tata Neu""}, {""child"": ""Earn 2 Reward Points per ₹100 spent"", ""name"": ""Qmin""}, {""child"": ""Earn 2 Reward Points per ₹100 spent"", ""name"": ""Tata CLiQ""}, {""child"": ""Earn 2 Reward Points per ₹100 spent"", ""name"": ""IHCL""}, {""child"": ""Earn 2 Reward Points per ₹100 spent"", ""name"": ""Tanishq""}, {""child"": ""Earn 2 Reward Points per ₹100 spent"", ""name"": ""Tata 1MG""}, {""child"": ""Earn 2 Reward Points per ₹100 spent"", ""name"": ""Tata Play""}, {""child"": ""Earn 2 Reward Points per ₹100 spent"", ""name"": ""Air India""}, {""child"": ""Earn 2 Reward Points per ₹100 spent"", ""name"": ""Air India Express""}, {""child"": ""Earn 2 Reward Points per ₹100 spent"", ""name"": ""Titan""}, {""child"": ""Earn 2 Reward Points per ₹100 spent"", ""name"": ""BigBasket""}, {""child"": ""Earn 2 Reward Points per ₹100 spent"", ""name"": ""Croma""}, {""child"": ""Earn 2 Reward Points per ₹100 spent"", ""name"": ""Cult.fit""}, {""child"": ""Earn 2 Reward Points per ₹100 spent"", ""name"": ""Insurance via Tata Pay""}, {""child"": ""Earn 2 Reward Points per ₹100 spent"", ""name"": ""Tata Pay""}, {""child"": ""Earn 2 Reward Points per ₹100 spent"", ""name"": ""Westside""}, {""child"": ""Earn 1 Reward Points per ₹100 spent"", ""name"": ""Grocery""}, {""child"": ""Earn 1 Reward Points per ₹100 spent"", ""name"": ""Insurance""}, {""child"": ""Earn 1 Reward Points per ₹100 spent"", ""name"": ""Telecom & Cable""}, {""child"": ""Earn 1 Reward Points per ₹100 spent"", ""name"": ""UPI via Tata Neu App""}, {""child"": ""Earn 1 Reward Points per ₹100 spent"", ""name"": ""Utilities & Telecom""}, {""child"": ""Earn 1 Reward Points per ₹100 spent"", ""name"": ""EMI""}, {""child"": ""Earn 1 Reward Points per ₹100 spent"", ""name"": ""Education""}, {""child"": ""Earn 1 Reward Points per ₹100 spent"", ""name"": ""Gift Cards via SmartBuy""}, {""child"": ""Earn 0.3 Reward Points per ₹100 spent"", ""name"": ""UPI (Third-party)""}, {""child"": "" No Reward Points on this category."", ""name"": ""Education (Third-Party)""}, {""child"": "" No Reward Points on this category."", ""name"": ""Fuel""}, {""child"": "" No Reward Points on this category."", ""name"": ""Wallets""}, {""child"": "" No Reward Points on this category."", ""name"": ""Gift Cards""}, {""child"": "" No Reward Points on this category."", ""name"": ""Gaming""}, {""child"": "" No Reward Points on this category."", ""name"": ""Rent""}, {""child"": "" No Reward Points on this category."", ""name"": ""Government""}, {""child"": "" No Reward Points on this category."", ""name"": ""Jewellery""}]","[{""title"": "" Discover Reward Points Redemption Options"", ""subtitle"": ""To explore the full range of redemption options for this card, download the SaveSage Club app now."", ""barCodeImageUrl"": ""/"", ""appUrl"": ""https://savesage.co/ZH8bLjZqSPb""}]",,"[{""milestoneNumber"": 1, ""spent"": 0, ""cycleType"": ""STATEMENT"", ""benefits"": ""Get 499 NeuCoins on Tata Neu App (as reversal of 1st Year Membership Fees).Welcome Benefit will be available to claim inside Tata Neu App within 60 days of such transaction."", ""milestoneType"": ""DAYS""}, {""milestoneNumber"": 2, ""spent"": 100000, ""cycleType"": ""STATEMENT"", ""benefits"": ""The renewal fee will be waived."", ""milestoneType"": ""YEAR""}]","[{""maintitle"": ""Domestic lounge"", ""limit"": [""4 per calendar year""], ""eligibility"": [""spend ₹50,000 or more in the previous calendar quarter""]}]",,,,[],[],,,,savesage.club,https://savesage.club/credit-card/hdfc-tata-neu-plus-rupay
RBL World Plus credit card,RBL Bank,RBL,,[],4999,,,NA,"[{""child"": ""Earn 2 Reward Points per ₹100 spent"", ""name"": ""Base Rewards""}, {""child"": ""Earn 20 Reward Points per ₹100 spent"", ""name"": ""Dining""}, {""child"": ""Earn 20 Reward Points per ₹100 spent"", ""name"": ""International""}, {""child"": "" No Reward Points on this category."", ""name"": ""Fuel""}]","[{""title"": "" Discover Reward Points Redemption Options"", ""subtitle"": ""To explore the full range of redemption options for this card, download the SaveSage Club app now."", ""barCodeImageUrl"": ""/"", ""appUrl"": ""https://savesage.co/ZH8bLjZqSPb""}]",,"[{""milestoneNumber"": 1, ""spent"": 0, ""cycleType"": ""STATEMENT"", ""benefits"": ""Get 20,000 reward points"", ""milestoneType"": ""YEAR""}, {""milestoneNumber"": 2, ""spent"": 300000, ""cycleType"": ""STATEMENT"", ""benefits"": ""Earn 20,000 reward points."", ""milestoneType"": ""YEAR""}, {""milestoneNumber"": 3, ""spent"": 500000, ""cycleType"": ""STATEMENT"", ""benefits"": ""Earn 20,000 reward points."", ""milestoneType"": ""YEAR""}]","[{""maintitle"": ""Domestic lounge"", ""limit"": [""2 per quarter""], ""eligibility"": [""Spend ₹35,000 in the pervious calendar quarter.""]}]",,,,"[{""mainTitle"": ""BookMyShow"", ""child"": ""Buy One Get One Free""}, {""mainTitle"": ""Concierge"", ""child"": ""Concierge for assistance.""}, {""mainTitle"": ""Priority Pass"", ""child"": ""Priority Pass membership.""}]","[""Buy One Get One Free"", ""Concierge for assistance."", ""Priority Pass membership.""]",,,,savesage.club,https://savesage.club/credit-card/rbl-world-plus
RBL World Plus (Mastercard) credit card,RBL Bank,RBL,Mastercard,[],4999,,,NA,"[{""child"": ""Earn 2 Reward Points per ₹100 spent"", ""name"": ""Base Rewards""}, {""child"": ""Earn 20 Reward Points per ₹100 spent"", ""name"": ""Dining""}, {""child"": ""Earn 20 Reward Points per ₹100 spent"", ""name"": ""International""}, {""child"": "" No Reward Points on this category."", ""name"": ""Fuel""}]","[{""title"": "" Discover Reward Points Redemption Options"", ""subtitle"": ""To explore the full range of redemption options for this card, download the SaveSage Club app now."", ""barCodeImageUrl"": ""/"", ""appUrl"": ""https://savesage.co/ZH8bLjZqSPb""}]",,"[{""milestoneNumber"": 1, ""spent"": 0, ""cycleType"": ""STATEMENT"", ""benefits"": ""Get 20,000 reward points"", ""milestoneType"": ""YEAR""}, {""milestoneNumber"": 2, ""spent"": 300000, ""cycleType"": ""STATEMENT"", ""benefits"": ""Earn 20,000 reward points."", ""milestoneType"": ""YEAR""}, {""milestoneNumber"": 3, ""spent"": 500000, ""cycleType"": ""STATEMENT"", ""benefits"": ""Earn 20,000 reward points."", ""milestoneType"": ""YEAR""}]","[{""maintitle"": ""Domestic lounge"", ""limit"": [""2 per quarter""], ""eligibility"": [""Spend ₹35,000 in the pervious calendar quarter.""]}]",,,,"[{""mainTitle"": ""BookMyShow"", ""child"": ""Buy One Get One Free""}, {""mainTitle"": ""Golf"", ""child"": ""Golf rounds/lessons""}, {""mainTitle"": ""Priority Pass"", ""child"": ""Priority Pass membership.""}]","[""Buy One Get One Free"", ""Golf rounds/lessons"", ""Priority Pass membership.""]",,,,savesage.club,https://savesage.club/credit-card/rbl-world-plus-mastercard
Unity SFB Bharat Pe credit card,Unity Small Finance Bank,Unity SFB,,"[""Cashback""]",0,,,1% to 2%,"[{""child"": "" No Reward Points on this category."", ""name"": ""Base Rewards""}, {""child"": ""Earn 8 Reward Points per ₹100 spent"", ""name"": ""EMI""}]","[{""title"": "" Discover Reward Points Redemption Options"", ""subtitle"": ""To explore the full range of redemption options for this card, download the SaveSage Club app now."", ""barCodeImageUrl"": ""/"", ""appUrl"": ""https://savesage.co/ZH8bLjZqSPb""}]",,[],"[{""maintitle"": ""Domestic lounge"", ""limit"": [""2 per quarter""], ""eligibility"": [""No explicit spend condition""]}]",,,,"[{""mainTitle"": ""Health"", ""child"": ""Health Check-up""}]","[""Health Check-up""]",,,,savesage.club,https://savesage.club/credit-card/unity-sfb-bharat-pe
DCB Payless Platinum (FD) credit card,DCB Bank,DCB,,[],0,,,NA,"[{""child"": "" No Reward Points on this category."", ""name"": ""Base Rewards""}, {""child"": "" No Reward Points on this category."", ""name"": ""Gambling""}, {""child"": "" No Reward Points on this category."", ""name"": ""Fuel""}, {""child"": "" No Reward Points on this category."", ""name"": ""Rent""}, {""child"": "" No Reward Points on this category."", ""name"": ""Wallets""}, {""child"": "" No Reward Points on this category."", ""name"": ""Gaming""}]","[{""title"": "" Discover Reward Points Redemption Options"", ""subtitle"": ""To explore the full range of redemption options for this card, download the SaveSage Club app now."", ""barCodeImageUrl"": ""/"", ""appUrl"": ""https://savesage.co/ZH8bLjZqSPb""}]",,"[{""milestoneNumber"": 1, ""spent"": 50000, ""cycleType"": ""STATEMENT"", ""benefits"": ""The renewal fee will be waived and get ₹250 cashback on spends of ₹50,000."", ""milestoneType"": ""YEAR""}]","[{""maintitle"": ""Domestic lounge"", ""limit"": [""1 per quarter""], ""eligibility"": [""No explicit spend condition""]}]",,,,"[{""mainTitle"": ""Insurance"", ""child"": ""Personal Accidental Insurance""}]","[""Personal Accidental Insurance""]",,,,savesage.club,https://savesage.club/credit-card/dcb-bank-payless-platinum-fd
DCB Payless Select (FD) credit card,DCB Bank,DCB,,"[""Experience""]",0,,,1% to 2%,"[{""child"": "" No Reward Points on this category."", ""name"": ""Base Rewards""}, {""child"": "" No Reward Points on this category."", ""name"": ""Wallets""}, {""child"": "" No Reward Points on this category."", ""name"": ""Gaming""}, {""child"": "" No Reward Points on this category."", ""name"": ""Gambling""}, {""child"": "" No Reward Points on this category."", ""name"": ""Fuel""}, {""child"": "" No Reward Points on this category."", ""name"": ""Rent""}]","[{""title"": "" Discover Reward Points Redemption Options"", ""subtitle"": ""To explore the full range of redemption options for this card, download the SaveSage Club app now."", ""barCodeImageUrl"": ""/"", ""appUrl"": ""https://savesage.co/ZH8bLjZqSPb""}]",,"[{""milestoneNumber"": 1, ""spent"": 100000, ""cycleType"": ""STATEMENT"", ""benefits"": ""Get ₹1,000 cashback."", ""milestoneType"": ""YEAR""}, {""milestoneNumber"": 2, ""spent"": 200000, ""cycleType"": ""STATEMENT"", ""benefits"": ""The renewal fee will be waived."", ""milestoneType"": ""YEAR""}]","[{""maintitle"": ""Domestic lounge"", ""limit"": [""2 per quarter""], ""eligibility"": [""No explicit spend condition""]}, {""maintitle"": ""International lounge"", ""limit"": [""1 per year""], ""eligibility"": [""No explicit spend condition""]}]",,,,"[{""mainTitle"": ""Insurance"", ""child"": ""Personal Accidental Insurance""}]","[""Personal Accidental Insurance""]",,,,savesage.club,https://savesage.club/credit-card/dcb-bank-payless-select-fd
Bank Of India Rupay Select credit card,Bank of India,Bank Of India,,"[""Pay by Points""]",0,,,1% to 2%,"[{""child"": ""Earn 2 Reward Points per ₹100 spent"", ""name"": ""Base Rewards""}, {""child"": ""Earn 4 Reward Points per ₹100 spent"", ""name"": ""Retail""}, {""child"": ""Earn 2 Reward Points per ₹100 spent"", ""name"": ""UPI""}]","[{""title"": "" Discover Reward Points Redemption Options"", ""subtitle"": ""To explore the full range of redemption options for this card, download the SaveSage Club app now."", ""barCodeImageUrl"": ""/"", ""appUrl"": ""https://savesage.co/ZH8bLjZqSPb""}]",,[],"[{""maintitle"": ""Domestic lounge"", ""limit"": [""2 per quarter""], ""eligibility"": [""No explicit spend condition""]}]",,,,"[{""mainTitle"": ""Amazon Prime"", ""child"": ""Amazon Prime""}, {""mainTitle"": ""bigbasket"", ""child"": ""bigbasket""}, {""mainTitle"": ""BookMyShow"", ""child"": ""Book My Show""}, {""mainTitle"": ""Concierge"", ""child"": ""Concierge Services""}, {""mainTitle"": ""Insurance"", ""child"": ""Accidental Cover""}, {""mainTitle"": ""Swiggy"", ""child"": ""3- Month membership per annum of Swiggy One.""}]","[""Amazon Prime"", ""bigbasket"", ""Book My Show"", ""Concierge Services"", ""Accidental Cover"", ""3- Month membership per annum of Swiggy One.""]",,,,savesage.club,https://savesage.club/credit-card/boi-rupay-select
Bank Of India Rupay Platinum credit card,Bank of India,Bank Of India,,"[""Pay by Points""]",0,,,1% to 2%,"[{""child"": ""Earn 2 Reward Points per ₹100 spent"", ""name"": ""Base Rewards""}, {""child"": ""Earn 4 Reward Points per ₹100 spent"", ""name"": ""Retail""}, {""child"": ""Earn 2 Reward Points per ₹100 spent"", ""name"": ""UPI""}]","[{""title"": "" Discover Reward Points Redemption Options"", ""subtitle"": ""To explore the full range of redemption options for this card, download the SaveSage Club app now."", ""barCodeImageUrl"": ""/"", ""appUrl"": ""https://savesage.co/ZH8bLjZqSPb""}]",,[],[],,,,[],[],,,,savesage.club,https://savesage.club/credit-card/boi-rupay-platinum
Bank Of India Rupay Star Lakshmi credit card,Bank of India,Bank Of India,,"[""Pay by Points""]",0,,,1% to 2%,"[{""child"": ""Earn 2 Reward Points per ₹100 spent"", ""name"": ""Base Rewards""}, {""child"": ""Earn 4 Reward Points per ₹100 spent"", ""name"": ""Retail""}, {""child"": ""Earn 2 Reward Points per ₹100 spent"", ""name"": ""UPI""}]","[{""title"": "" Discover Reward Points Redemption Options"", ""subtitle"": ""To explore the full range of redemption options for this card, download the SaveSage Club app now."", ""barCodeImageUrl"": ""/"", ""appUrl"": ""https://savesage.co/ZH8bLjZqSPb""}]",,[],"[{""maintitle"": ""Domestic lounge"", ""limit"": [""2 per quarter""], ""eligibility"": [""No explicit spend condition""]}, {""maintitle"": ""International lounge"", ""limit"": [""2 per year""], ""eligibility"": [""No explicit spend condition""]}]",,,,"[{""mainTitle"": ""Concierge"", ""child"": ""Concierge Services""}, {""mainTitle"": ""Flipkart/Myntra"", ""child"": ""Flipkart/Myntra""}, {""mainTitle"": ""Health Check-up"", ""child"": ""Health Check-up""}, {""mainTitle"": ""Insurance"", ""child"": ""Accidental Cover""}, {""mainTitle"": ""Lakme E-gift"", ""child"": ""Lakme E-gift""}, {""mainTitle"": ""Nykaa"", ""child"": ""Nykaa""}, {""mainTitle"": ""O2 Spa"", ""child"": ""O2 Spa""}, {""mainTitle"": ""OTT"", ""child"": ""OTT Membership""}]","[""Concierge Services"", ""Flipkart/Myntra"", ""Health Check-up"", ""Accidental Cover"", ""Lakme E-gift"", ""Nykaa"", ""O2 Spa"", ""OTT Membership""]",,,,savesage.club,https://savesage.club/credit-card/boi-rupay-star-lakshmi
Bank Of India Rupay Swadhan Platinum credit card,Bank of India,Bank Of India,,[],0,,,NA,"[{""child"": ""Earn 2 Reward Points per ₹100 spent"", ""name"": ""Base Rewards""}, {""child"": ""Earn 4 Reward Points per ₹100 spent"", ""name"": ""Retail""}, {""child"": ""Earn 2 Reward Points per ₹100 spent"", ""name"": ""UPI""}]","[{""title"": "" Discover Reward Points Redemption Options"", ""subtitle"": ""To explore the full range of redemption options for this card, download the SaveSage Club app now."", ""barCodeImageUrl"": ""/"", ""appUrl"": ""https://savesage.co/ZH8bLjZqSPb""}]",,[],[],,,,[],[],,,,savesage.club,https://savesage.club/credit-card/boi-rupay-swadhan-platinum
Bank Of India Visa Platinum International credit card,Bank of India,Bank Of India,,[],0,,,NA,"[{""child"": ""Earn 2 Reward Points per ₹100 spent"", ""name"": ""Base Rewards""}, {""child"": ""Earn 4 Reward Points per ₹100 spent"", ""name"": ""Retail""}]","[{""title"": "" Discover Reward Points Redemption Options"", ""subtitle"": ""To explore the full range of redemption options for this card, download the SaveSage Club app now."", ""barCodeImageUrl"": ""/"", ""appUrl"": ""https://savesage.co/ZH8bLjZqSPb""}]",,[],[],,,,"[{""mainTitle"": ""Concierge"", ""child"": ""Concierge Services""}, {""mainTitle"": ""Swiggy"", ""child"": ""Swiggy Vouchers""}]","[""Concierge Services"", ""Swiggy Vouchers""]",,,,savesage.club,https://savesage.club/credit-card/boi-visa-platinum-international
Bank Of India Rupay India credit card,Bank of India,Bank Of India,,"[""Pay by Points""]",0,,,1% to 2%,"[{""child"": ""Earn 2 Reward Points per ₹100 spent"", ""name"": ""Base Rewards""}, {""child"": ""Earn 4 Reward Points per ₹100 spent"", ""name"": ""Retail""}, {""child"": ""Earn 2 Reward Points per ₹100 spent"", ""name"": ""UPI""}]","[{""title"": "" Discover Reward Points Redemption Options"", ""subtitle"": ""To explore the full range of redemption options for this card, download the SaveSage Club app now."", ""barCodeImageUrl"": ""/"", ""appUrl"": ""https://savesage.co/ZH8bLjZqSPb""}]",,[],"[{""maintitle"": ""Domestic lounge"", ""limit"": [""2 per quarter""], ""eligibility"": [""No explicit spend condition""]}]",,,,"[{""mainTitle"": ""bigbasket"", ""child"": ""bigbasket""}, {""mainTitle"": ""Insurance"", ""child"": ""Personal Accidental Insurance""}, {""mainTitle"": ""Swiggy"", ""child"": ""Swiggy""}]","[""bigbasket"", ""Personal Accidental Insurance"", ""Swiggy""]",,,,savesage.club,https://savesage.club/credit-card/boi-rupay-india
HDFC Tata Neu Infinity (Rupay) credit card,HDFC Bank,HDFC,Rupay,"[""Airline Transfer"", ""Hotel Transfer"", ""Travel Booking""]",1499,,,5% to 60%,"[{""child"": ""Earn 1.5 Reward Points per ₹100 spent"", ""name"": ""Base Rewards""}, {""child"": ""Earn 5 Reward Points per ₹100 spent"", ""name"": ""Qmin""}, {""child"": ""Earn 5 Reward Points per ₹100 spent"", ""name"": ""Tata Pay""}, {""child"": ""Earn 5 Reward Points per ₹100 spent"", ""name"": ""IHCL""}, {""child"": ""Earn 5 Reward Points per ₹100 spent"", ""name"": ""Tanishq""}, {""child"": ""Earn 5 Reward Points per ₹100 spent"", ""name"": ""Tata 1MG""}, {""child"": ""Earn 5 Reward Points per ₹100 spent"", ""name"": ""Tata CLiQ""}, {""child"": ""Earn 5 Reward Points per ₹100 spent"", ""name"": ""Tata Neu""}, {""child"": ""Earn 5 Reward Points per ₹100 spent"", ""name"": ""Titan""}, {""child"": ""Earn 5 Reward Points per ₹100 spent"", ""name"": ""Air India""}, {""child"": ""Earn 5 Reward Points per ₹100 spent"", ""name"": ""Air India Express""}, {""child"": ""Earn 5 Reward Points per ₹100 spent"", ""name"": ""Westside""}, {""child"": ""Earn 5 Reward Points per ₹100 spent"", ""name"": ""BigBasket""}, {""child"": ""Earn 5 Reward Points per ₹100 spent"", ""name"": ""Croma""}, {""child"": ""Earn 5 Reward Points per ₹100 spent"", ""name"": ""Cult.fit""}, {""child"": ""Earn 5 Reward Points per ₹100 spent"", ""name"": ""Tata Play""}, {""child"": ""Earn 5 Reward Points per ₹100 spent"", ""name"": ""Insurance via Tata Pay""}, {""child"": ""Earn 1.5 Reward Points per ₹100 spent"", ""name"": ""Gift Cards via SmartBuy""}, {""child"": ""Earn 1.5 Reward Points per ₹100 spent"", ""name"": ""EMI""}, {""child"": ""Earn 1.5 Reward Points per ₹100 spent"", ""name"": ""Grocery""}, {""child"": ""Earn 1.5 Reward Points per ₹100 spent"", ""name"": ""Telecom & Cable""}, {""child"": ""Earn 1.5 Reward Points per ₹100 spent"", ""name"": ""UPI via Tata Neu App""}, {""child"": ""Earn 1.5 Reward Points per ₹100 spent"", ""name"": ""Utilities""}, {""child"": ""Earn 1.5 Reward Points per ₹100 spent"", ""name"": ""Education""}, {""child"": ""Earn 1.5 Reward Points per ₹100 spent"", ""name"": ""Insurance""}, {""child"": ""Earn 0.5 Reward Points per ₹100 spent"", ""name"": ""UPI (Non Tata Neu UPI)""}, {""child"": "" No Reward Points on this category."", ""name"": ""Fuel""}, {""child"": "" No Reward Points on this category."", ""name"": ""Wallets""}, {""child"": "" No Reward Points on this category."", ""name"": ""Gaming""}, {""child"": "" No Reward Points on this category."", ""name"": ""Gift Cards""}, {""child"": "" No Reward Points on this category."", ""name"": ""Rent""}, {""child"": "" No Reward Points on this category."", ""name"": ""Education (Third-Party)""}, {""child"": "" No Reward Points on this category."", ""name"": ""Government""}]","[{""title"": "" Discover Reward Points Redemption Options"", ""subtitle"": ""To explore the full range of redemption options for this card, download the SaveSage Club app now."", ""barCodeImageUrl"": ""/"", ""appUrl"": ""https://savesage.co/ZH8bLjZqSPb""}]",,"[{""milestoneNumber"": 1, ""spent"": 0, ""cycleType"": ""STATEMENT"", ""benefits"": ""Get 1499 NeuCoins on Tata Neu App (as reversal of 1st Year Membership Fees)"", ""milestoneType"": ""DAYS""}, {""milestoneNumber"": 2, ""spent"": 300000, ""cycleType"": ""STATEMENT"", ""benefits"": ""The renewal fee will be waived."", ""milestoneType"": ""YEAR""}]","[{""maintitle"": ""Domestic lounge"", ""limit"": [""2 per quarter""], ""eligibility"": [""spend ₹50,000 or more in the previous calendar quarter""]}, {""maintitle"": ""International lounge"", ""limit"": [""4 per year""], ""eligibility"": [""4 Complimentary International lounge access.""]}]",,,,[],[],,,,savesage.club,https://savesage.club/credit-card/hdfc-tata-neu-infinity-rupay
HDFC Regalia Activ credit card,HDFC Bank,HDFC,,"[""Cashback"", ""Pay by Points""]",2500,,,0.75% to 1.5%,"[{""child"": ""Earn 4 Reward Points per ₹200 spent"", ""name"": ""Base Rewards""}, {""child"": ""Earn 4 Reward Points per ₹200 spent"", ""name"": ""Grocery""}, {""child"": "" No Reward Points on this category."", ""name"": ""UPI""}, {""child"": "" No Reward Points on this category."", ""name"": ""Fuel""}, {""child"": "" No Reward Points on this category."", ""name"": ""Wallets""}, {""child"": "" No Reward Points on this category."", ""name"": ""EMI""}, {""child"": "" No Reward Points on this category."", ""name"": ""Rent""}]","[{""title"": "" Discover Reward Points Redemption Options"", ""subtitle"": ""To explore the full range of redemption options for this card, download the SaveSage Club app now."", ""barCodeImageUrl"": ""/"", ""appUrl"": ""https://savesage.co/ZH8bLjZqSPb""}]",,"[{""milestoneNumber"": 1, ""spent"": 300000, ""cycleType"": ""STATEMENT"", ""benefits"": ""The renewal fee will be waived."", ""milestoneType"": ""YEAR""}, {""milestoneNumber"": 2, ""spent"": 500000, ""cycleType"": ""STATEMENT"", ""benefits"": ""Earn 10,000 RPs"", ""milestoneType"": ""YEAR""}, {""milestoneNumber"": 3, ""spent"": 800000, ""cycleType"": ""STATEMENT"", ""benefits"": ""Earn 5,000 RPs"", ""milestoneType"": ""YEAR""}]","[{""maintitle"": ""Domestic lounge"", ""limit"": [""12 per year""], ""eligibility"": [""No explicit spend condition""]}, {""maintitle"": ""International lounge"", ""limit"": [""6 per year""], ""eligibility"": [""Complimentary Lounge Access using Priority Pass.""]}]",,,,"[{""mainTitle"": ""Insurance"", ""child"": ""Air Death Accident""}]","[""Air Death Accident""]",,,,savesage.club,https://savesage.club/credit-card/hdfc-regalia-activ
HDFC Regalia Activ (Rupay) credit card,HDFC Bank,HDFC,Rupay,"[""Cashback"", ""Pay by Points""]",2500,,,1% to 2%,"[{""child"": ""Earn 4 Reward Points per ₹200 spent"", ""name"": ""Base Rewards""}, {""child"": ""Earn 4 Reward Points per ₹200 spent"", ""name"": ""UPI""}, {""child"": ""Earn 4 Reward Points per ₹200 spent"", ""name"": ""Grocery""}, {""child"": "" No Reward Points on this category."", ""name"": ""EMI""}, {""child"": "" No Reward Points on this category."", ""name"": ""Fuel""}, {""child"": "" No Reward Points on this category."", ""name"": ""Rent""}, {""child"": "" No Reward Points on this category."", ""name"": ""Wallets""}]","[{""title"": "" Discover Reward Points Redemption Options"", ""subtitle"": ""To explore the full range of redemption options for this card, download the SaveSage Club app now."", ""barCodeImageUrl"": ""/"", ""appUrl"": ""https://savesage.co/ZH8bLjZqSPb""}]",,"[{""milestoneNumber"": 1, ""spent"": 300000, ""cycleType"": ""STATEMENT"", ""benefits"": ""The renewal fee will be waived."", ""milestoneType"": ""YEAR""}, {""milestoneNumber"": 2, ""spent"": 500000, ""cycleType"": ""STATEMENT"", ""benefits"": ""Earn 10,000 RPs"", ""milestoneType"": ""YEAR""}, {""milestoneNumber"": 3, ""spent"": 800000, ""cycleType"": ""STATEMENT"", ""benefits"": ""Earn 5,000 RPs"", ""milestoneType"": ""YEAR""}]","[{""maintitle"": ""Domestic lounge"", ""limit"": [""12 per year""], ""eligibility"": [""No explicit spend condition""]}, {""maintitle"": ""International lounge"", ""limit"": [""6 per year""], ""eligibility"": [""Complimentary Lounge Access using Priority Pass.""]}]",,,,"[{""mainTitle"": ""Insurance"", ""child"": ""Air Death Accident""}]","[""Air Death Accident""]",,,,savesage.club,https://savesage.club/credit-card/hdfc-regalia-activ-rupay
ICICI MakeMyTrip (Mastercard) credit card,ICICI Bank,ICICI,Mastercard,"[""UPI""]",999,,,1% to 10%,"[{""child"": ""Earn 1 Reward Points per ₹100 spent"", ""name"": ""Base Rewards""}, {""child"": ""Earn 6 Reward Points per ₹100 spent"", ""name"": ""Hotels (MMT)""}, {""child"": ""Earn 3 Reward Points per ₹100 spent"", ""name"": ""Flights (MMT)""}, {""child"": ""Earn 3 Reward Points per ₹100 spent"", ""name"": ""Cab (MMT)""}, {""child"": ""Earn 1 Reward Points per ₹100 spent"", ""name"": ""Insurance""}, {""child"": "" No Reward Points on this category."", ""name"": ""Rent""}, {""child"": "" No Reward Points on this category."", ""name"": ""EMI""}, {""child"": "" No Reward Points on this category."", ""name"": ""Skill Based Gaming""}]","[{""title"": "" Discover Reward Points Redemption Options"", ""subtitle"": ""To explore the full range of redemption options for this card, download the SaveSage Club app now."", ""barCodeImageUrl"": ""/"", ""appUrl"": ""https://savesage.co/ZH8bLjZqSPb""}]",,"[{""milestoneNumber"": 1, ""spent"": 300000, ""cycleType"": ""STATEMENT"", ""benefits"": ""The renewal fee will be waived and get MakeMyTrip hotel voucher (valid for 3 months) worth ₹1000."", ""milestoneType"": ""YEAR""}]","[{""maintitle"": ""Domestic lounge"", ""limit"": [""2 per quarter""], ""eligibility"": [""No explicit spend condition""]}, {""maintitle"": ""International lounge"", ""limit"": [""1 per year""], ""eligibility"": [""No explicit spend condition""]}]",,,,"[{""mainTitle"": ""BookMyShow"", ""child"": ""Buy One Get One Free""}, {""mainTitle"": ""MMT Black"", ""child"": ""MakeMyTrip Black Membership""}]","[""Buy One Get One Free"", ""MakeMyTrip Black Membership""]",,,,savesage.club,https://savesage.club/credit-card/icici-makemytrip-mastercard
ICICI MakeMyTrip (Rupay) credit card,ICICI Bank,ICICI,Rupay,[],999,,,NA,"[{""child"": ""Earn 1 Reward Points per ₹100 spent"", ""name"": ""Base Rewards""}, {""child"": ""Earn 6 Reward Points per ₹100 spent"", ""name"": ""Hotels (MMT)""}, {""child"": ""Earn 3 Reward Points per ₹100 spent"", ""name"": ""Cab (MMT)""}, {""child"": ""Earn 3 Reward Points per ₹100 spent"", ""name"": ""Flights (MMT)""}, {""child"": ""Earn 1 Reward Points per ₹100 spent"", ""name"": ""Insurance""}, {""child"": "" No Reward Points on this category."", ""name"": ""Rent""}, {""child"": "" No Reward Points on this category."", ""name"": ""EMI""}, {""child"": "" No Reward Points on this category."", ""name"": ""Skill Based Gaming""}]","[{""title"": "" Discover Reward Points Redemption Options"", ""subtitle"": ""To explore the full range of redemption options for this card, download the SaveSage Club app now."", ""barCodeImageUrl"": ""/"", ""appUrl"": ""https://savesage.co/ZH8bLjZqSPb""}]",,"[{""milestoneNumber"": 1, ""spent"": 300000, ""cycleType"": ""STATEMENT"", ""benefits"": ""The renewal fee will be waived and get MakeMyTrip hotel voucher (valid for 3 months) worth ₹1000."", ""milestoneType"": ""YEAR""}]","[{""maintitle"": ""Domestic lounge"", ""limit"": [""2 per quarter""], ""eligibility"": [""No explicit spend condition""]}, {""maintitle"": ""International lounge"", ""limit"": [""1 per year""], ""eligibility"": [""No explicit spend condition""]}]",,,,"[{""mainTitle"": ""BookMyShow"", ""child"": ""Buy One Get One Free""}, {""mainTitle"": ""MMT Black"", ""child"": ""MakeMyTrip Black Membership""}]","[""Buy One Get One Free"", ""MakeMyTrip Black Membership""]",,,,savesage.club,https://savesage.club/credit-card/icici-makemytrip-rupay
SBI Tata Neu Infinity (Rupay) credit card,SBI Card,SBI,Rupay,[],1499,,,NA,"[{""child"": ""Earn 1.5 Reward Points per ₹100 spent"", ""name"": ""Base Rewards""}, {""child"": ""Earn 10 Reward Points per ₹100 spent"", ""name"": ""Tata Partner Brands (Tata Neu App)""}, {""child"": ""Earn 5 Reward Points per ₹100 spent"", ""name"": ""Tata Partner Brands""}, {""child"": ""Earn 5 Reward Points per ₹100 spent"", ""name"": ""Tata Neu App""}, {""child"": ""Earn 1.5 Reward Points per ₹100 spent"", ""name"": ""Grocery""}, {""child"": ""Earn 1.5 Reward Points per ₹100 spent"", ""name"": ""UPI""}, {""child"": ""Earn 1.5 Reward Points per ₹100 spent"", ""name"": ""Insurance""}, {""child"": ""Earn 1.5 Reward Points per ₹100 spent"", ""name"": ""Utilities""}, {""child"": "" No Reward Points on this category."", ""name"": ""Fuel""}, {""child"": "" No Reward Points on this category."", ""name"": ""Rent""}, {""child"": "" No Reward Points on this category."", ""name"": ""Wallets""}, {""child"": "" No Reward Points on this category."", ""name"": ""Government""}, {""child"": "" No Reward Points on this category."", ""name"": ""Education""}, {""child"": "" No Reward Points on this category."", ""name"": ""Education (Third-party)""}]","[{""title"": "" Discover Reward Points Redemption Options"", ""subtitle"": ""To explore the full range of redemption options for this card, download the SaveSage Club app now."", ""barCodeImageUrl"": ""/"", ""appUrl"": ""https://savesage.co/ZH8bLjZqSPb""}]",,"[{""milestoneNumber"": 1, ""spent"": 0, ""cycleType"": ""STATEMENT"", ""benefits"": ""1,499 NeuCoins"", ""milestoneType"": ""YEAR""}, {""milestoneNumber"": 2, ""spent"": 300000, ""cycleType"": ""STATEMENT"", ""benefits"": ""The renewal fee will be waived."", ""milestoneType"": ""YEAR""}]","[{""maintitle"": ""Domestic lounge"", ""limit"": [""2 per quarter""], ""eligibility"": [""Applicable on achieving Rs. 75,000 spends in previous quarter""]}, {""maintitle"": ""International lounge"", ""limit"": [""1 per quarter""], ""eligibility"": [""No explicit spend condition""]}]",,,,[],[],,,,savesage.club,https://savesage.club/credit-card/sbi-tata-neu-infinity-rupay
Yes Bank Paisabazaar PaisaSave credit card,Yes Bank,Yes Bank,,"[""Travel Booking""]",0,,,2% to 4%,"[{""child"": ""Earn 2 Reward Points per ₹200 spent"", ""name"": ""Base Rewards""}, {""child"": ""Earn 12 Reward Points per ₹200 spent"", ""name"": ""Travel""}, {""child"": ""Earn 12 Reward Points per ₹200 spent"", ""name"": ""Dining""}, {""child"": ""Earn 2 Reward Points per ₹200 spent"", ""name"": ""Transportation""}, {""child"": ""Earn 2 Reward Points per ₹200 spent"", ""name"": ""Railways""}, {""child"": "" No Reward Points on this category."", ""name"": ""Government""}, {""child"": "" No Reward Points on this category."", ""name"": ""Fuel""}, {""child"": "" No Reward Points on this category."", ""name"": ""Rent""}, {""child"": "" No Reward Points on this category."", ""name"": ""Wallets""}, {""child"": "" No Reward Points on this category."", ""name"": ""EMI""}, {""child"": "" No Reward Points on this category."", ""name"": ""Jewellery""}, {""child"": "" No Reward Points on this category."", ""name"": ""Education""}]","[{""title"": "" Discover Reward Points Redemption Options"", ""subtitle"": ""To explore the full range of redemption options for this card, download the SaveSage Club app now."", ""barCodeImageUrl"": ""/"", ""appUrl"": ""https://savesage.co/ZH8bLjZqSPb""}]",,[],[],,,,[],[],,,,savesage.club,https://savesage.club/credit-card/yes-bank-paisabazaar-paisasave
IDFC Hello Cashback credit card,IDFC FIRST Bank,IDFC,,"[""Experience"", ""Travel Booking"", ""Hotel Transfer""]",0,,,2% to 4%,"[{""child"": ""Earn 1 Reward Points per ₹100 spent"", ""name"": ""Base Rewards""}, {""child"": ""Earn 5 Reward Points per ₹100 spent"", ""name"": ""Online Spends > ₹10,000""}, {""child"": ""Earn 4 Reward Points per ₹100 spent"", ""name"": ""Flights via IDFC App""}, {""child"": ""Earn 4 Reward Points per ₹100 spent"", ""name"": ""Hotels via IDFC App""}, {""child"": ""Earn 3 Reward Points per ₹100 spent"", ""name"": ""Online Spends < ₹10,000""}, {""child"": ""Earn 1 Reward Points per ₹100 spent"", ""name"": ""UPI""}, {""child"": "" No Reward Points on this category."", ""name"": ""Insurance""}, {""child"": "" No Reward Points on this category."", ""name"": ""Gift Cards""}, {""child"": "" No Reward Points on this category."", ""name"": ""Government""}, {""child"": "" No Reward Points on this category."", ""name"": ""FasTag""}, {""child"": "" No Reward Points on this category."", ""name"": ""Fuel""}, {""child"": "" No Reward Points on this category."", ""name"": ""UPI (Third-Party)""}, {""child"": "" No Reward Points on this category."", ""name"": ""Education""}, {""child"": "" No Reward Points on this category."", ""name"": ""Utilities""}, {""child"": "" No Reward Points on this category."", ""name"": ""Railways""}, {""child"": "" No Reward Points on this category."", ""name"": ""Jewellery""}, {""child"": "" No Reward Points on this category."", ""name"": ""EMI""}, {""child"": "" No Reward Points on this category."", ""name"": ""Rent""}, {""child"": "" No Reward Points on this category."", ""name"": ""Wallets""}]","[{""title"": "" Discover Reward Points Redemption Options"", ""subtitle"": ""To explore the full range of redemption options for this card, download the SaveSage Club app now."", ""barCodeImageUrl"": ""/"", ""appUrl"": ""https://savesage.co/ZH8bLjZqSPb""}]",,"[{""milestoneNumber"": 1, ""spent"": 100000, ""cycleType"": ""STATEMENT"", ""benefits"": ""Half of renewal fee will be waived"", ""milestoneType"": ""YEAR""}, {""milestoneNumber"": 2, ""spent"": 200000, ""cycleType"": ""STATEMENT"", ""benefits"": ""The renewal fee will be waived."", ""milestoneType"": ""YEAR""}]",[],,,,"[{""mainTitle"": ""Road Side Assistance"", ""child"": ""Road Side Assistance""}, {""mainTitle"": ""Insurance"", ""child"": ""Personal Accidental Insurance""}, {""mainTitle"": ""Insurance"", ""child"": ""Lost Card Liability""}]","[""Road Side Assistance"", ""Personal Accidental Insurance"", ""Lost Card Liability""]",,,,savesage.club,https://savesage.club/credit-card/idfc-hello-cashback
J&K Bank Platinum credit card,J&K Bank,J&K Bank,,"[""Cashback""]",0,,,1% to 10%,"[{""child"": ""Earn 2 Reward Points per ₹200 spent"", ""name"": ""Base Rewards""}, {""child"": "" No Reward Points on this category."", ""name"": ""Fuel""}]","[{""title"": "" Discover Reward Points Redemption Options"", ""subtitle"": ""To explore the full range of redemption options for this card, download the SaveSage Club app now."", ""barCodeImageUrl"": ""/"", ""appUrl"": ""https://savesage.co/ZH8bLjZqSPb""}]",,[],[],,,,[],[],,,,savesage.club,https://savesage.club/credit-card/jk-bank-platinum
J&K Bank Government Employee credit card,J&K Bank,J&K Bank,,"[""Brand Wallet"", ""Cashback""]",0,,,1% to 2%,"[{""child"": ""Earn 2 Reward Points per ₹200 spent"", ""name"": ""Base Rewards""}, {""child"": "" No Reward Points on this category."", ""name"": ""Fuel""}]","[{""title"": "" Discover Reward Points Redemption Options"", ""subtitle"": ""To explore the full range of redemption options for this card, download the SaveSage Club app now."", ""barCodeImageUrl"": ""/"", ""appUrl"": ""https://savesage.co/ZH8bLjZqSPb""}]",,[],[],,,,[],[],,,,savesage.club,https://savesage.club/credit-card/jk-bank-government-employee
J&K Bank World credit card,J&K Bank,J&K Bank,,"[""Cashback""]",0,,,1% to 10%,"[{""child"": ""Earn 2 Reward Points per ₹200 spent"", ""name"": ""Base Rewards""}, {""child"": "" No Reward Points on this category."", ""name"": ""Fuel""}]","[{""title"": "" Discover Reward Points Redemption Options"", ""subtitle"": ""To explore the full range of redemption options for this card, download the SaveSage Club app now."", ""barCodeImageUrl"": ""/"", ""appUrl"": ""https://savesage.co/ZH8bLjZqSPb""}]",,[],[],,,,[],[],,,,savesage.club,https://savesage.club/credit-card/jk-bank-world
ICICI Coral (Amex) credit card,ICICI Bank,ICICI,Amex,"[""Brand Wallet"", ""Cashback""]",500,,,0.5% to 1%,"[{""child"": ""Earn 2 Reward Points per ₹100 spent"", ""name"": ""Base Rewards""}, {""child"": ""Earn 24 Reward Points per ₹100 spent"", ""name"": ""Hotels via iShop""}, {""child"": ""Earn 12 Reward Points per ₹100 spent"", ""name"": ""Bus via iShop""}, {""child"": ""Earn 12 Reward Points per ₹100 spent"", ""name"": ""Flights via iShop""}, {""child"": ""Earn 12 Reward Points per ₹100 spent"", ""name"": ""Vouchers via iShop""}, {""child"": ""Earn 2 Reward Points per ₹100 spent"", ""name"": ""Transportation & Tolls""}, {""child"": ""Earn 2 Reward Points per ₹100 spent"", ""name"": ""Education""}, {""child"": ""Earn 2 Reward Points per ₹100 spent"", ""name"": ""Grocery""}, {""child"": ""Earn 2 Reward Points per ₹100 spent"", ""name"": ""Departmental Stores""}, {""child"": ""Earn 1 Reward Points per ₹100 spent"", ""name"": ""Government""}, {""child"": ""Earn 1 Reward Points per ₹100 spent"", ""name"": ""Utilities""}, {""child"": ""Earn 1 Reward Points per ₹100 spent"", ""name"": ""Insurance""}, {""child"": "" No Reward Points on this category."", ""name"": ""Wallets""}, {""child"": "" No Reward Points on this category."", ""name"": ""Skill Based Gaming""}, {""child"": "" No Reward Points on this category."", ""name"": ""Rent""}, {""child"": "" No Reward Points on this category."", ""name"": ""Fuel""}]","[{""title"": "" Discover Reward Points Redemption Options"", ""subtitle"": ""To explore the full range of redemption options for this card, download the SaveSage Club app now."", ""barCodeImageUrl"": ""/"", ""appUrl"": ""https://savesage.co/ZH8bLjZqSPb""}]",,[],"[{""maintitle"": ""Domestic lounge"", ""limit"": [""1 per quarter""], ""eligibility"": [""Spend ₹75k in previous calendar quarter.""]}, {""maintitle"": ""Railway lounge"", ""limit"": [""4 per year""], ""eligibility"": [""No explicit spend condition""]}]",,,,"[{""mainTitle"": ""INOX"", ""child"": ""25% Discount upto Rs 100 on Movie Tickets.""}]","[""25% Discount upto Rs 100 on Movie Tickets.""]",,,,savesage.club,https://savesage.club/credit-card/icici-coral-amex
ICICI Business Advantage Black credit card,ICICI Bank,ICICI,,"[""Catalogue Products"", ""Catalogue Brand Vouchers""]",1500,,,0.5% to 1.5%,"[{""child"": ""Earn 0.5 Reward Points per ₹100 spent"", ""name"": ""Base Rewards""}, {""child"": ""Earn 1 Reward Points per ₹100 spent"", ""name"": ""Spends >₹75""}, {""child"": "" No Reward Points on this category."", ""name"": ""Fuel""}, {""child"": "" No Reward Points on this category."", ""name"": ""Utilities""}, {""child"": "" No Reward Points on this category."", ""name"": ""Insurance""}, {""child"": "" No Reward Points on this category."", ""name"": ""Government""}, {""child"": "" No Reward Points on this category."", ""name"": ""Education""}]","[{""title"": "" Discover Reward Points Redemption Options"", ""subtitle"": ""To explore the full range of redemption options for this card, download the SaveSage Club app now."", ""barCodeImageUrl"": ""/"", ""appUrl"": ""https://savesage.co/ZH8bLjZqSPb""}]",,"[{""milestoneNumber"": 1, ""spent"": 75000, ""cycleType"": ""STATEMENT"", ""benefits"": ""The joining fee will be waived."", ""milestoneType"": ""DAYS""}, {""milestoneNumber"": 2, ""spent"": 750000, ""cycleType"": ""STATEMENT"", ""benefits"": ""The renewal fee will be waived."", ""milestoneType"": ""YEAR""}]","[{""maintitle"": ""Domestic lounge"", ""limit"": [""2 per quarter""], ""eligibility"": [""No explicit spend condition""]}]",,,,"[{""mainTitle"": ""Concierge"", ""child"": ""Concierge Services""}, {""mainTitle"": ""ICICI Bank"", ""child"": ""Additional Cashback of 0.20%""}, {""mainTitle"": ""Insurance"", ""child"": ""Air Accident Cover""}]","[""Concierge Services"", ""Additional Cashback of 0.20%"", ""Air Accident Cover""]",,,,savesage.club,https://savesage.club/credit-card/icici-business-advantage-black
IDFC First Business credit card,IDFC FIRST Bank,IDFC,,[],499,,,NA,"[{""child"": ""Earn 2 Reward Points per ₹100 spent"", ""name"": ""Base Rewards""}, {""child"": ""Earn 32 Reward Points per ₹100 spent"", ""name"": ""Hotels via IDFC App""}, {""child"": ""Earn 22 Reward Points per ₹100 spent"", ""name"": ""Flights via IDFC App""}, {""child"": ""Earn 20 Reward Points per ₹100 spent"", ""name"": ""International""}, {""child"": ""Earn 8 Reward Points per ₹100 spent"", ""name"": ""Digital Advertising""}, {""child"": ""Earn 8 Reward Points per ₹100 spent"", ""name"": ""Business Utility""}, {""child"": ""Earn 4 Reward Points per ₹100 spent"", ""name"": ""Utilities""}, {""child"": ""Earn 4 Reward Points per ₹100 spent"", ""name"": ""Rent""}, {""child"": ""Earn 4 Reward Points per ₹100 spent"", ""name"": ""Dining""}]","[{""title"": "" Discover Reward Points Redemption Options"", ""subtitle"": ""To explore the full range of redemption options for this card, download the SaveSage Club app now."", ""barCodeImageUrl"": ""/"", ""appUrl"": ""https://savesage.co/ZH8bLjZqSPb""}]",,[],"[{""maintitle"": ""Domestic lounge"", ""limit"": [""2 per quarter""], ""eligibility"": [""No explicit spend condition""]}, {""maintitle"": ""International lounge"", ""limit"": [""2 per quarter""], ""eligibility"": [""No explicit spend condition""]}]",,,,"[{""mainTitle"": ""EazyDiner"", ""child"": ""Upto ₹400 off""}, {""mainTitle"": ""Road Side Assistance"", ""child"": ""Road Side Assistance""}]","[""Upto ₹400 off"", ""Road Side Assistance""]",,,,savesage.club,https://savesage.club/credit-card/idfc-first-business
SBI PhonePe (Purple) credit card,SBI Card,SBI,,[],499,,,NA,"[{""child"": ""Earn 1 Reward Points per ₹100 spent"", ""name"": ""Base Rewards""}, {""child"": ""Earn 3 Reward Points per ₹100 spent"", ""name"": ""PinCode (PhonePe)""}, {""child"": ""Earn 3 Reward Points per ₹100 spent"", ""name"": ""PhonePe""}, {""child"": ""Earn 2 Reward Points per ₹100 spent"", ""name"": ""Online""}, {""child"": ""Earn 1 Reward Points per ₹100 spent"", ""name"": ""Utilities""}, {""child"": ""Earn 1 Reward Points per ₹100 spent"", ""name"": ""Insurance""}, {""child"": "" No Reward Points on this category."", ""name"": ""Education""}, {""child"": "" No Reward Points on this category."", ""name"": ""Education (Third-party)""}, {""child"": "" No Reward Points on this category."", ""name"": ""Government""}, {""child"": "" No Reward Points on this category."", ""name"": ""Fuel""}, {""child"": "" No Reward Points on this category."", ""name"": ""EMI""}, {""child"": "" No Reward Points on this category."", ""name"": ""Wallets""}, {""child"": "" No Reward Points on this category."", ""name"": ""Rent""}]","[{""title"": "" Discover Reward Points Redemption Options"", ""subtitle"": ""To explore the full range of redemption options for this card, download the SaveSage Club app now."", ""barCodeImageUrl"": ""/"", ""appUrl"": ""https://savesage.co/ZH8bLjZqSPb""}]",,"[{""milestoneNumber"": 1, ""spent"": 0, ""cycleType"": ""STATEMENT"", ""benefits"": ""Rs. 500 PhonePe Gift Card"", ""milestoneType"": ""YEAR""}, {""milestoneNumber"": 2, ""spent"": 100000, ""cycleType"": ""STATEMENT"", ""benefits"": ""The renewal fee will be waived."", ""milestoneType"": ""YEAR""}, {""milestoneNumber"": 3, ""spent"": 300000, ""cycleType"": ""STATEMENT"", ""benefits"": ""Yatra Voucher worth Rs. 3,000"", ""milestoneType"": ""YEAR""}]",[],,,,[],[],,,,savesage.club,https://savesage.club/credit-card/sbi-phonepe-purple
RBL QuickPay credit card,RBL Bank,RBL,,"[""Brand Wallet"", ""Cashback""]",99,,,4% to 7%,"[{""child"": ""Earn 1 Reward Points per ₹200 spent"", ""name"": ""Base Rewards""}, {""child"": "" No Reward Points on this category."", ""name"": ""Fuel""}, {""child"": "" No Reward Points on this category."", ""name"": ""Utilities""}, {""child"": "" No Reward Points on this category."", ""name"": ""Insurance""}, {""child"": "" No Reward Points on this category."", ""name"": ""Railways""}, {""child"": "" No Reward Points on this category."", ""name"": ""Rent""}, {""child"": "" No Reward Points on this category."", ""name"": ""Education""}, {""child"": "" No Reward Points on this category."", ""name"": ""Wallets""}, {""child"": "" No Reward Points on this category."", ""name"": ""Government""}, {""child"": "" No Reward Points on this category."", ""name"": ""EMI""}]","[{""title"": "" Discover Reward Points Redemption Options"", ""subtitle"": ""To explore the full range of redemption options for this card, download the SaveSage Club app now."", ""barCodeImageUrl"": ""/"", ""appUrl"": ""https://savesage.co/ZH8bLjZqSPb""}]",,"[{""milestoneNumber"": 1, ""spent"": 0, ""cycleType"": ""STATEMENT"", ""benefits"": ""20% cashback on first two UPI Transactions done within 15 days of card issuance with a maximum capping of INR 50"", ""milestoneType"": ""YEAR""}]",[],,,,[],[],,,,savesage.club,https://savesage.club/credit-card/rbl-quickpay
Union Bank Nexteria (Ekka) credit card,Union Bank of India,Union Bank,,"[""Cashback""]",12499,,,1% to 2%,"[{""child"": ""Earn 5 Reward Points per ₹125 spent"", ""name"": ""Base Rewards""}, {""child"": ""Earn 25 Reward Points per ₹125 spent"", ""name"": ""> 2L""}, {""child"": ""Earn 25 Reward Points per ₹125 spent"", ""name"": ""Birthday Month""}, {""child"": "" No Reward Points on this category."", ""name"": ""Wine Shops""}, {""child"": "" No Reward Points on this category."", ""name"": ""Insurance""}, {""child"": "" No Reward Points on this category."", ""name"": ""Bitcoin""}, {""child"": "" No Reward Points on this category."", ""name"": ""Wallets""}, {""child"": "" No Reward Points on this category."", ""name"": ""Jewellery""}, {""child"": "" No Reward Points on this category."", ""name"": ""Fuel""}]","[{""title"": "" Discover Reward Points Redemption Options"", ""subtitle"": ""To explore the full range of redemption options for this card, download the SaveSage Club app now."", ""barCodeImageUrl"": ""/"", ""appUrl"": ""https://savesage.co/ZH8bLjZqSPb""}]",,"[{""milestoneNumber"": 1, ""spent"": 300000, ""cycleType"": ""STATEMENT"", ""benefits"": ""The joining fee will be waived."", ""milestoneType"": ""QUARTER""}, {""milestoneNumber"": 2, ""spent"": 800000, ""cycleType"": ""STATEMENT"", ""benefits"": ""The renewal fee will be waived."", ""milestoneType"": ""YEAR""}, {""milestoneNumber"": 3, ""spent"": 1000000, ""cycleType"": ""STATEMENT"", ""benefits"": ""10000 Reward Points"", ""milestoneType"": ""YEAR""}, {""milestoneNumber"": 4, ""spent"": 1200000, ""cycleType"": ""STATEMENT"", ""benefits"": ""15000 Reward Points"", ""milestoneType"": ""YEAR""}]","[{""maintitle"": ""Domestic lounge"", ""limit"": [""Unlimited""], ""eligibility"": [""""]}, {""maintitle"": ""International lounge"", ""limit"": [""Unlimited""], ""eligibility"": [""""]}]",,,,"[{""mainTitle"": ""CLUB ITC"", ""child"": ""1+1 complimentary buffet at participating ITC Hotels""}, {""mainTitle"": ""CLUB ITC"", ""child"": ""2+1 complimentary night @ ITC Hotels""}, {""mainTitle"": ""Concierge"", ""child"": ""Concierge Services""}, {""mainTitle"": ""Golf"", ""child"": ""Gold lessons/rounds""}, {""mainTitle"": ""HoteLux Membership"", ""child"": ""HoteLux Membership""}, {""mainTitle"": ""Insurance"", ""child"": ""Insurance Cover""}]","[""1+1 complimentary buffet at participating ITC Hotels"", ""2+1 complimentary night @ ITC Hotels"", ""Concierge Services"", ""Gold lessons/rounds"", ""HoteLux Membership"", ""Insurance Cover""]",,,,savesage.club,https://savesage.club/credit-card/union-bank-nexteria-ekka
Equitas Tiga credit card,Equitas Small Finance Bank,Equitas,,"[""Cashback""]",500,,,1% to 3%,"[{""child"": ""Earn 1 Reward Points per ₹100 spent"", ""name"": ""Base Rewards""}, {""child"": ""Earn 3 Reward Points per ₹100 spent"", ""name"": ""Select merchants""}, {""child"": ""Earn 3 Reward Points per ₹100 spent"", ""name"": ""UPI""}, {""child"": ""Earn 3 Reward Points per ₹100 spent"", ""name"": ""Contactless Payments""}, {""child"": ""Earn 1 Reward Points per ₹100 spent"", ""name"": ""Utilities""}, {""child"": ""Earn 1 Reward Points per ₹100 spent"", ""name"": ""Insurance""}, {""child"": ""Earn 1 Reward Points per ₹100 spent"", ""name"": ""Grocery""}, {""child"": "" No Reward Points on this category."", ""name"": ""Fuel""}, {""child"": "" No Reward Points on this category."", ""name"": ""Rent""}, {""child"": "" No Reward Points on this category."", ""name"": ""Wallets""}, {""child"": "" No Reward Points on this category."", ""name"": ""EMI""}, {""child"": "" No Reward Points on this category."", ""name"": ""Government""}, {""child"": "" No Reward Points on this category."", ""name"": ""Education""}]","[{""title"": "" Discover Reward Points Redemption Options"", ""subtitle"": ""To explore the full range of redemption options for this card, download the SaveSage Club app now."", ""barCodeImageUrl"": ""/"", ""appUrl"": ""https://savesage.co/ZH8bLjZqSPb""}]",,[],[],,,,[],[],,,,savesage.club,https://savesage.club/credit-card/equitas-tiga
Equitas Selfe credit card,Equitas Small Finance Bank,Equitas,,"[""Cashback""]",1000,,,1% to 3%,"[{""child"": ""Earn 2 Reward Points per ₹100 spent"", ""name"": ""Base Rewards""}, {""child"": ""Earn 10 Reward Points per ₹100 spent"", ""name"": ""Apparel""}, {""child"": ""Earn 10 Reward Points per ₹100 spent"", ""name"": ""Grocery""}, {""child"": ""Earn 10 Reward Points per ₹100 spent"", ""name"": ""Utilities""}, {""child"": ""Earn 10 Reward Points per ₹100 spent"", ""name"": ""Taxi""}, {""child"": ""Earn 10 Reward Points per ₹100 spent"", ""name"": ""Dining""}, {""child"": ""Earn 2 Reward Points per ₹100 spent"", ""name"": ""Insurance""}, {""child"": "" No Reward Points on this category."", ""name"": ""Education""}, {""child"": "" No Reward Points on this category."", ""name"": ""Government""}, {""child"": "" No Reward Points on this category."", ""name"": ""EMI""}, {""child"": "" No Reward Points on this category."", ""name"": ""Fuel""}, {""child"": "" No Reward Points on this category."", ""name"": ""Rent""}, {""child"": "" No Reward Points on this category."", ""name"": ""Wallets""}]","[{""title"": "" Discover Reward Points Redemption Options"", ""subtitle"": ""To explore the full range of redemption options for this card, download the SaveSage Club app now."", ""barCodeImageUrl"": ""/"", ""appUrl"": ""https://savesage.co/ZH8bLjZqSPb""}]",,"[{""milestoneNumber"": 1, ""spent"": 240000, ""cycleType"": ""STATEMENT"", ""benefits"": ""The renewal fee will be waived."", ""milestoneType"": ""YEAR""}]",[],,,,[],[],,,,savesage.club,https://savesage.club/credit-card/equitas-selfe
SBM Credilio Novio Rupay (FD) credit card,SBM Bank,SBM,,"[""Experience""]",0,,,2% to 4%,"[{""child"": ""Earn 1 Reward Points per ₹100 spent"", ""name"": ""Base Rewards""}, {""child"": ""Earn 10 Reward Points per ₹100 spent"", ""name"": ""Fuel (UPI)""}, {""child"": ""Earn 5 Reward Points per ₹100 spent"", ""name"": ""Online""}, {""child"": ""Earn 5 Reward Points per ₹100 spent"", ""name"": ""Offline (POS)""}, {""child"": ""Earn 5 Reward Points per ₹100 spent"", ""name"": ""UPI""}, {""child"": ""Earn 1 Reward Points per ₹100 spent"", ""name"": ""Fuel (POS)""}, {""child"": "" No Reward Points on this category."", ""name"": ""Rent""}, {""child"": "" No Reward Points on this category."", ""name"": ""Wallets""}, {""child"": "" No Reward Points on this category."", ""name"": ""Financial Institutions""}, {""child"": "" No Reward Points on this category."", ""name"": ""Insurance""}, {""child"": "" No Reward Points on this category."", ""name"": ""Railways""}, {""child"": "" No Reward Points on this category."", ""name"": ""Legal""}, {""child"": "" No Reward Points on this category."", ""name"": ""Utilities""}, {""child"": "" No Reward Points on this category."", ""name"": ""Government""}]","[{""title"": "" Discover Reward Points Redemption Options"", ""subtitle"": ""To explore the full range of redemption options for this card, download the SaveSage Club app now."", ""barCodeImageUrl"": ""/"", ""appUrl"": ""https://savesage.co/ZH8bLjZqSPb""}]",,[],[],,,,[],[],,,,savesage.club,https://savesage.club/credit-card/sbm-credilio-novio-rupay-fd
SBM Credilio Novio Visa (FD) credit card,SBM Bank,SBM,,"[""Rewards""]",0,,,1% to 2%,"[{""child"": ""Earn 1 Reward Points per ₹100 spent"", ""name"": ""Base Rewards""}, {""child"": ""Earn 10 Reward Points per ₹100 spent"", ""name"": ""Fuel (UPI)""}, {""child"": ""Earn 5 Reward Points per ₹100 spent"", ""name"": ""Offline (POS)""}, {""child"": ""Earn 5 Reward Points per ₹100 spent"", ""name"": ""Online""}, {""child"": ""Earn 1 Reward Points per ₹100 spent"", ""name"": ""Fuel (POS)""}, {""child"": "" No Reward Points on this category."", ""name"": ""Financial Institutions""}, {""child"": "" No Reward Points on this category."", ""name"": ""Rent""}, {""child"": "" No Reward Points on this category."", ""name"": ""Wallets""}, {""child"": "" No Reward Points on this category."", ""name"": ""Legal""}, {""child"": "" No Reward Points on this category."", ""name"": ""Utilities""}, {""child"": "" No Reward Points on this category."", ""name"": ""Insurance""}, {""child"": "" No Reward Points on this category."", ""name"": ""Railways""}, {""child"": "" No Reward Points on this category."", ""name"": ""Government""}, {""child"": "" No Reward Points on this category."", ""name"": ""UPI""}]","[{""title"": "" Discover Reward Points Redemption Options"", ""subtitle"": ""To explore the full range of redemption options for this card, download the SaveSage Club app now."", ""barCodeImageUrl"": ""/"", ""appUrl"": ""https://savesage.co/ZH8bLjZqSPb""}]",,[],[],,,,[],[],,,,savesage.club,https://savesage.club/credit-card/sbm-credilio-novio-visa-fd
SBM Kredit Pe (FD) credit card,SBM Bank,SBM,,"[""Cashback""]",0,,,1% to 2%,"[{""child"": ""Earn 3 Reward Points per ₹100 spent"", ""name"": ""Base Rewards""}, {""child"": ""Earn 3 Reward Points per ₹100 spent"", ""name"": ""Online (E-Commerce)""}, {""child"": ""Earn 3 Reward Points per ₹100 spent"", ""name"": ""UPI (Kredit.Pe)""}, {""child"": "" No Reward Points on this category."", ""name"": ""Utilities""}, {""child"": "" No Reward Points on this category."", ""name"": ""Government""}, {""child"": "" No Reward Points on this category."", ""name"": ""Insurance""}, {""child"": "" No Reward Points on this category."", ""name"": ""UPI""}, {""child"": "" No Reward Points on this category."", ""name"": ""Transportation & Tolls""}, {""child"": "" No Reward Points on this category."", ""name"": ""Rent""}, {""child"": "" No Reward Points on this category."", ""name"": ""Education""}]","[{""title"": "" Discover Reward Points Redemption Options"", ""subtitle"": ""To explore the full range of redemption options for this card, download the SaveSage Club app now."", ""barCodeImageUrl"": ""/"", ""appUrl"": ""https://savesage.co/ZH8bLjZqSPb""}]",,[],[],,,,[],[],,,,savesage.club,https://savesage.club/credit-card/sbm-kredit-pe-fd
SBM Magnet (FD) credit card,SBM Bank,SBM,,"[""Cashback""]",0,,,2% to 3%,"[{""child"": "" No Reward Points on this category."", ""name"": ""Base Rewards""}]","[{""title"": "" Discover Reward Points Redemption Options"", ""subtitle"": ""To explore the full range of redemption options for this card, download the SaveSage Club app now."", ""barCodeImageUrl"": ""/"", ""appUrl"": ""https://savesage.co/ZH8bLjZqSPb""}]",,[],[],,,,[],[],,,,savesage.club,https://savesage.club/credit-card/sbm-magnet-fd
SBM MobiKwik First (FD) credit card,SBM Bank,SBM,,"[""Experience"", ""Travel Booking""]",0,,,3% to 5%,"[{""child"": ""Earn 1 Reward Points per ₹100 spent"", ""name"": ""Base Rewards""}, {""child"": ""Earn 1 Reward Points per ₹100 spent"", ""name"": ""Offline (POS)""}, {""child"": ""Earn 1 Reward Points per ₹100 spent"", ""name"": ""UPI (MobiKwik)""}, {""child"": ""Earn 1 Reward Points per ₹100 spent"", ""name"": ""Online (E-Commerce)""}, {""child"": "" No Reward Points on this category."", ""name"": ""Government""}, {""child"": "" No Reward Points on this category."", ""name"": ""Financial Institutions""}, {""child"": "" No Reward Points on this category."", ""name"": ""UPI""}, {""child"": "" No Reward Points on this category."", ""name"": ""Real Estate""}, {""child"": "" No Reward Points on this category."", ""name"": ""Rent""}, {""child"": "" No Reward Points on this category."", ""name"": ""Dating""}, {""child"": "" No Reward Points on this category."", ""name"": ""Gambling""}]","[{""title"": "" Discover Reward Points Redemption Options"", ""subtitle"": ""To explore the full range of redemption options for this card, download the SaveSage Club app now."", ""barCodeImageUrl"": ""/"", ""appUrl"": ""https://savesage.co/ZH8bLjZqSPb""}]",,[],[],,,,[],[],,,,savesage.club,https://savesage.club/credit-card/sbm-mobikwik-first-fd
SBM Niyo Global credit card,SBM Bank,SBM,,"[""Travel Booking"", ""Airline Transfer"", ""Hotel Transfer""]",0,,,1.5% to 3%,"[{""child"": "" No Reward Points on this category."", ""name"": ""Base Rewards""}, {""child"": ""Earn 5 Reward Points per ₹100 spent"", ""name"": ""Offline (POS)""}, {""child"": ""Earn 5 Reward Points per ₹100 spent"", ""name"": ""Online""}]","[{""title"": "" Discover Reward Points Redemption Options"", ""subtitle"": ""To explore the full range of redemption options for this card, download the SaveSage Club app now."", ""barCodeImageUrl"": ""/"", ""appUrl"": ""https://savesage.co/ZH8bLjZqSPb""}]",,[],[],,,,[],[],,,,savesage.club,https://savesage.club/credit-card/sbm-niyo-global
SBM Paisabazaar Step - Up Mastercard (FD) credit card,SBM Bank,SBM,,"[""Cashback""]",500,,,2% to 4%,"[{""child"": ""Earn 1 Reward Points per ₹100 spent"", ""name"": ""Base Rewards""}, {""child"": "" No Reward Points on this category."", ""name"": ""Wallets""}, {""child"": "" No Reward Points on this category."", ""name"": ""Rent""}, {""child"": "" No Reward Points on this category."", ""name"": ""Fuel""}, {""child"": "" No Reward Points on this category."", ""name"": ""Utilities""}, {""child"": "" No Reward Points on this category."", ""name"": ""Insurance""}, {""child"": "" No Reward Points on this category."", ""name"": ""EMI""}, {""child"": "" No Reward Points on this category."", ""name"": ""Financial Institutions""}]","[{""title"": "" Discover Reward Points Redemption Options"", ""subtitle"": ""To explore the full range of redemption options for this card, download the SaveSage Club app now."", ""barCodeImageUrl"": ""/"", ""appUrl"": ""https://savesage.co/ZH8bLjZqSPb""}]",,[],[],,,,[],[],,,,savesage.club,https://savesage.club/credit-card/sbm-paisabazaar-step-up-mastercard-fd
SBM Paisabazaar Step - Up Rupay (FD) credit card,SBM Bank,SBM,,[],500,,,0.5% to 1.5%,"[{""child"": ""Earn 1 Reward Points per ₹100 spent"", ""name"": ""Base Rewards""}, {""child"": "" No Reward Points on this category."", ""name"": ""Wallets""}, {""child"": "" No Reward Points on this category."", ""name"": ""Rent""}, {""child"": "" No Reward Points on this category."", ""name"": ""Fuel""}, {""child"": "" No Reward Points on this category."", ""name"": ""Utilities""}, {""child"": "" No Reward Points on this category."", ""name"": ""Insurance""}, {""child"": "" No Reward Points on this category."", ""name"": ""EMI""}, {""child"": "" No Reward Points on this category."", ""name"": ""Financial Institutions""}]","[{""title"": "" Discover Reward Points Redemption Options"", ""subtitle"": ""To explore the full range of redemption options for this card, download the SaveSage Club app now."", ""barCodeImageUrl"": ""/"", ""appUrl"": ""https://savesage.co/ZH8bLjZqSPb""}]",,[],[],,,,[],[],,,,savesage.club,https://savesage.club/credit-card/sbm-paisabazaar-step-up-rupay-fd
SBM Zet (FD) credit card,SBM Bank,SBM,,[],0,,,0.5% to 1.5%,"[{""child"": ""Earn 10 Reward Points per ₹100 spent"", ""name"": ""Base Rewards""}]","[{""title"": "" Discover Reward Points Redemption Options"", ""subtitle"": ""To explore the full range of redemption options for this card, download the SaveSage Club app now."", ""barCodeImageUrl"": ""/"", ""appUrl"": ""https://savesage.co/ZH8bLjZqSPb""}]",,[],[],,,,[],[],,,,savesage.club,https://savesage.club/credit-card/sbm-zet-fd
BOB Cashback credit card,Bank of Baroda,BOB,,"[""Experience"", ""Travel Booking""]",499,,,3% to 6%,"[{""child"": ""Earn 1 Reward Points per ₹100 spent"", ""name"": ""Base Rewards""}, {""child"": ""Earn 5 Reward Points per ₹100 spent"", ""name"": ""Online""}, {""child"": ""Earn 1 Reward Points per ₹100 spent"", ""name"": ""Offline (POS)""}, {""child"": "" No Reward Points on this category."", ""name"": ""Transportation & Tolls""}, {""child"": "" No Reward Points on this category."", ""name"": ""International""}, {""child"": "" No Reward Points on this category."", ""name"": ""Fuel""}]","[{""title"": "" Discover Reward Points Redemption Options"", ""subtitle"": ""To explore the full range of redemption options for this card, download the SaveSage Club app now."", ""barCodeImageUrl"": ""/"", ""appUrl"": ""https://savesage.co/ZH8bLjZqSPb""}]",,[],[],,,,"[{""mainTitle"": ""EazyDiner"", ""child"": ""Upto ₹400 off""}]","[""Upto ₹400 off""]",,,,savesage.club,https://savesage.club/credit-card/bob-cashback
IDFC First Earn (FD) credit card,IDFC FIRST Bank,IDFC,,"[""Indigo""]",0,,,0.5% to 3%,"[{""child"": ""Earn 0.5 Reward Points per ₹100 spent"", ""name"": ""Base Rewards""}, {""child"": ""Earn 8.5 Reward Points per ₹100 spent"", ""name"": ""Hotels (IDFC)""}, {""child"": ""Earn 4.5 Reward Points per ₹100 spent"", ""name"": ""Flights (IDFC)""}, {""child"": ""Earn 1 Reward Points per ₹100 spent"", ""name"": ""UPI (IDFC)""}, {""child"": "" No Reward Points on this category."", ""name"": ""EMI""}, {""child"": "" No Reward Points on this category."", ""name"": ""Utilities""}, {""child"": "" No Reward Points on this category."", ""name"": ""Insurance""}, {""child"": "" No Reward Points on this category."", ""name"": ""Wallets""}]","[{""title"": "" Discover Reward Points Redemption Options"", ""subtitle"": ""To explore the full range of redemption options for this card, download the SaveSage Club app now."", ""barCodeImageUrl"": ""/"", ""appUrl"": ""https://savesage.co/ZH8bLjZqSPb""}]",,"[{""milestoneNumber"": 1, ""spent"": 0, ""cycleType"": ""STATEMENT"", ""benefits"": ""Get 10% cashback upto ₹250"", ""milestoneType"": ""DAYS""}, {""milestoneNumber"": 2, ""spent"": 1, ""cycleType"": ""STATEMENT"", ""benefits"": ""Get 5% cashback upto ₹1000"", ""milestoneType"": ""DAYS""}]",[],,,,"[{""mainTitle"": ""District"", ""child"": ""25% discount upto ₹100 on Movie tickets""}, {""mainTitle"": ""Insurance"", ""child"": ""Insurance cover""}, {""mainTitle"": ""Road Side Assistance"", ""child"": ""Road Side Assistance""}]","[""25% discount upto ₹100 on Movie tickets"", ""Insurance cover"", ""Road Side Assistance""]",,,,savesage.club,https://savesage.club/credit-card/idfc-first-earn-fd
Yes Bank Zagg (Rio) credit card,Yes Bank,Yes Bank,,[],0,,,NA,"[{""child"": ""Earn 3 Reward Points per ₹100 spent"", ""name"": ""Base Rewards""}, {""child"": ""Earn 3 Reward Points per ₹100 spent"", ""name"": ""Railways""}, {""child"": ""Earn 3 Reward Points per ₹100 spent"", ""name"": ""Transportation""}, {""child"": "" No Reward Points on this category."", ""name"": ""Insurance""}, {""child"": "" No Reward Points on this category."", ""name"": ""Utilities""}, {""child"": "" No Reward Points on this category."", ""name"": ""Government""}, {""child"": "" No Reward Points on this category."", ""name"": ""Rent""}, {""child"": "" No Reward Points on this category."", ""name"": ""Fuel""}, {""child"": "" No Reward Points on this category."", ""name"": ""Education""}, {""child"": "" No Reward Points on this category."", ""name"": ""Jewellery""}]","[{""title"": "" Discover Reward Points Redemption Options"", ""subtitle"": ""To explore the full range of redemption options for this card, download the SaveSage Club app now."", ""barCodeImageUrl"": ""/"", ""appUrl"": ""https://savesage.co/ZH8bLjZqSPb""}]",,[],"[{""maintitle"": ""Domestic lounge"", ""limit"": [""2 per quarter""], ""eligibility"": [""""]}]",,,,[],[],,,,savesage.club,https://savesage.club/credit-card/yes-bank-zagg-rio
HDFC Pixel Go credit card,HDFC Bank,HDFC,,"[""Experience"", ""Catalogue Products""]",250,,,0.5% to 2%,"[{""child"": ""Earn 1 Reward Points per ₹100 spent"", ""name"": ""Base Rewards""}, {""child"": ""Earn 5 Reward Points per ₹100 spent"", ""name"": ""Smartbuy""}, {""child"": ""Earn 1 Reward Points per ₹100 spent"", ""name"": ""UPI""}, {""child"": "" No Reward Points on this category."", ""name"": ""Rent""}, {""child"": "" No Reward Points on this category."", ""name"": ""EMI""}, {""child"": "" No Reward Points on this category."", ""name"": ""Government""}, {""child"": "" No Reward Points on this category."", ""name"": ""Fuel""}, {""child"": "" No Reward Points on this category."", ""name"": ""Wallets""}]","[{""title"": "" Discover Reward Points Redemption Options"", ""subtitle"": ""To explore the full range of redemption options for this card, download the SaveSage Club app now."", ""barCodeImageUrl"": ""/"", ""appUrl"": ""https://savesage.co/ZH8bLjZqSPb""}]",,"[{""milestoneNumber"": 1, ""spent"": 10000, ""cycleType"": ""STATEMENT"", ""benefits"": ""The joining fee will be waived."", ""milestoneType"": ""QUARTER""}, {""milestoneNumber"": 2, ""spent"": 50000, ""cycleType"": ""STATEMENT"", ""benefits"": ""The renewal fee will be waived."", ""milestoneType"": ""YEAR""}]",[],,,,[],[],,,,savesage.club,https://savesage.club/credit-card/hdfc-pixel-go
CUB DHI Cub Visa Signature credit card,City Union Bank,CUB,,"[""Experience""]",0,,,2% to 4%,"[{""child"": ""Earn 1.3 Reward Points per ₹100 spent"", ""name"": ""Base Rewards""}, {""child"": "" No Reward Points on this category."", ""name"": ""Fuel""}, {""child"": "" No Reward Points on this category."", ""name"": ""Rent""}, {""child"": "" No Reward Points on this category."", ""name"": ""Government""}]","[{""title"": "" Discover Reward Points Redemption Options"", ""subtitle"": ""To explore the full range of redemption options for this card, download the SaveSage Club app now."", ""barCodeImageUrl"": ""/"", ""appUrl"": ""https://savesage.co/ZH8bLjZqSPb""}]",,[],[],,,,[],[],,,,savesage.club,https://savesage.club/credit-card/city-union-bank-dhi-cub-visa-signature