card_name,issuing_bank,issuing_bank_raw,card_network,categories,joining_fee,annual_fee,fee_waiver_condition,reward_rate,reward_structure,redemption_options,welcome_benefits,milestone_benefits,lounge_access,eligibility,interest_rate_apr,forex_markup,other_charges,key_features,pros,cons,rating,source_site,source_url
Kotak Urbane Gold credit card,Kotak Mahindra Bank,Kotak,,"[""Catalogue Products""]",0,,,1% to 3%,"[{""child"": ""Earn 3 Reward Points per ₹100 spent"", ""name"": ""Base Rewards""}, {""child"": "" No Reward Points on this category."", ""name"": ""Fuel""}, {""child"": "" No Reward Points on this category."", ""name"": ""Rent""}, {""child"": "" No Reward Points on this category."", ""name"": ""Utilities""}, {""child"": "" No Reward Points on this category."", ""name"": ""EMI""}, {""child"": "" No Reward Points on this category."", ""name"": ""Wallets""}, {""child"": "" No Reward Points on this category."", ""name"": ""Education""}]","[{""title"": "" Discover Reward Points Redemption Options"", ""subtitle"": ""To explore the full range of redemption options for this card, download the SaveSage Club app now."", ""barCodeImageUrl"": ""/"", ""appUrl"": ""https://savesage.co/ZH8bLjZqSPb""}]",,"[{""milestoneNumber"": 1, ""spent"": 100000, ""cycleType"": ""STATEMENT"", ""benefits"": ""Get 4 free PVR tickets or 10,000 reward points"", ""milestoneType"": ""YEAR""}]",[],,,,[],[],,,,savesage.club,https://savesage.club/credit-card/kotak-urbane-gold
Kotak NRI Royale Signature credit card,Kotak Mahindra Bank,Kotak,,"[""Experience"", ""Travel Booking"", ""Hotel Transfer""]",0,,,2% to 4%,"[{""child"": ""Earn 1 Reward Points per ₹200 spent"", ""name"": ""Base Rewards""}, {""child"": ""Earn 2 Reward Points per ₹200 spent"", ""name"": ""International""}, {""child"": "" No Reward Points on this category."", ""name"": ""Fuel""}, {""child"": "" No Reward Points on this category."", ""name"": ""Education""}, {""child"": "" No Reward Points on this category."", ""name"": ""Online Gaming""}, {""child"": "" No Reward Points on this category."", ""name"": ""IRCTC""}, {""child"": "" No Reward Points on this category."", ""name"": ""Utilities""}]","[{""title"": "" Discover Reward Points Redemption Options"", ""subtitle"": ""To explore the full range of redemption options for this card, download the SaveSage Club app now."", ""barCodeImageUrl"": ""/"", ""appUrl"": ""https://savesage.co/ZH8bLjZqSPb""}]",,[],"[{""maintitle"": ""Domestic lounge"", ""limit"": [""2 per quarter""], ""eligibility"": [""No explicit spend condition""]}]",,,,[],[],,,,savesage.club,https://savesage.club/credit-card/kotak-nri-royale-signature
Kotak BIZ credit card,Kotak Mahindra Bank,Kotak,,"[""Travel Booking"", ""Hotel Transfer""]",299,,,2% to 4%,"[{""child"": ""Earn 1 Reward Points per ₹100 spent"", ""name"": ""Base Rewards""}, {""child"": ""Earn 4 Reward Points per ₹100 spent"", ""name"": ""Travel""}, {""child"": ""Earn 4 Reward Points per ₹100 spent"", ""name"": ""Domestic Airlines""}, {""child"": ""Earn 4 Reward Points per ₹100 spent"", ""name"": ""Grocery""}, {""child"": ""Earn 4 Reward Points per ₹100 spent"", ""name"": ""Hotels""}, {""child"": "" No Reward Points on this category."", ""name"": ""Online Gaming""}, {""child"": "" No Reward Points on this category."", ""name"": ""Trains""}, {""child"": "" No Reward Points on this category."", ""name"": ""Fuel""}, {""child"": "" No Reward Points on this category."", ""name"": ""Education""}]","[{""title"": "" Discover Reward Points Redemption Options"", ""subtitle"": ""To explore the full range of redemption options for this card, download the SaveSage Club app now."", ""barCodeImageUrl"": ""/"", ""appUrl"": ""https://savesage.co/ZH8bLjZqSPb""}]",,[],"[{""maintitle"": ""Domestic lounge"", ""limit"": [""1 per quarter""], ""eligibility"": [""No explicit spend condition""]}]",,,,"[{""mainTitle"": ""Insurance"", ""child"": ""Card Liability Cover upto 50,000.""}, {""mainTitle"": ""Insurance"", ""child"": ""Purchase Protection upto Rs 25,000.""}, {""mainTitle"": ""Insurance"", ""child"": ""Loss of Checked in Baggage upto Rs 10,000.""}, {""mainTitle"": ""Insurance"", ""child"": ""Delay of Checked in Baggage upto Rs 10,000.""}, {""mainTitle"": ""Insurance"", ""child"": ""Valuable Documents Cover upto Rs 10,000.""}, {""mainTitle"": ""Insurance"", ""child"": ""Missing Connecting International Flight During Transit upto Rs10,000.""}]","[""Card Liability Cover upto 50,000."", ""Purchase Protection upto Rs 25,000."", ""Loss of Checked in Baggage upto Rs 10,000."", ""Delay of Checked in Baggage upto Rs 10,000."", ""Valuable Documents Cover upto Rs 10,000."", ""Missing Connecting International Flight During Transit upto Rs10,000.""]",,,,savesage.club,https://savesage.club/credit-card/kotak-biz
AU Business Cashback credit card,AU Small Finance Bank,AU,,"[""Cashback""]",99,,,1% to 2%,"[{""child"": ""Earn 1 Reward Points per ₹100 spent"", ""name"": ""Base Rewards""}, {""child"": "" No Reward Points on this category."", ""name"": ""Transportation & Tolls""}, {""child"": "" No Reward Points on this category."", ""name"": ""Rent""}, {""child"": "" No Reward Points on this category."", ""name"": ""Fuel""}, {""child"": "" No Reward Points on this category."", ""name"": ""Insurance""}, {""child"": "" No Reward Points on this category."", ""name"": ""Wallets""}]","[{""title"": "" Discover Reward Points Redemption Options"", ""subtitle"": ""To explore the full range of redemption options for this card, download the SaveSage Club app now."", ""barCodeImageUrl"": ""/"", ""appUrl"": ""https://savesage.co/ZH8bLjZqSPb""}]",,"[{""milestoneNumber"": 1, ""spent"": 10000, ""cycleType"": ""STATEMENT"", ""benefits"": ""The renewal fee will be waived."", ""milestoneType"": ""YEAR""}]","[{""maintitle"": ""Railway lounge"", ""limit"": [""2 per quarter""], ""eligibility"": [""8 complimentary railway lounge access per year.""]}]",,,,"[{""mainTitle"": ""Business"", ""child"": ""Complimentary Business Insurance.""}, {""mainTitle"": ""EazyDiner"", ""child"": ""Upto ₹500 off""}]","[""Complimentary Business Insurance."", ""Upto ₹500 off""]",,,,savesage.club,https://savesage.club/credit-card/au-business-cashback
AU Spont credit card,AU Small Finance Bank,AU,,[],299,,,NA,"[{""child"": ""Earn 1 Reward Points per ₹100 spent"", ""name"": ""Base Rewards""}, {""child"": "" No Reward Points on this category."", ""name"": ""Fuel""}, {""child"": "" No Reward Points on this category."", ""name"": ""Insurance""}, {""child"": "" No Reward Points on this category."", ""name"": ""Transportation & Tolls""}, {""child"": "" No Reward Points on this category."", ""name"": ""EMI""}, {""child"": "" No Reward Points on this category."", ""name"": ""Government""}, {""child"": "" No Reward Points on this category."", ""name"": ""Rent""}, {""child"": "" No Reward Points on this category."", ""name"": ""Education""}]","[{""title"": "" Discover Reward Points Redemption Options"", ""subtitle"": ""To explore the full range of redemption options for this card, download the SaveSage Club app now."", ""barCodeImageUrl"": ""/"", ""appUrl"": ""https://savesage.co/ZH8bLjZqSPb""}]",,[],"[{""maintitle"": ""Domestic lounge"", ""limit"": [""2 per quarter""], ""eligibility"": [""On reaching minimum quarterly spends of ₹20,000.""]}, {""maintitle"": ""Railway lounge"", ""limit"": [""2 per quarter""], ""eligibility"": [""No explicit spend condition""]}]",,,,"[{""mainTitle"": ""EazyDiner"", ""child"": ""Upto ₹500 off""}]","[""Upto ₹500 off""]",,,,savesage.club,https://savesage.club/credit-card/au-spont
BOB Pragati credit card,Bank of Baroda,BOB,,[],0,,,NA,"[{""child"": ""Earn 1 Reward Points per ₹100 spent"", ""name"": ""Base Rewards""}, {""child"": ""Earn 5 Reward Points per ₹100 spent"", ""name"": ""Grocery""}, {""child"": ""Earn 5 Reward Points per ₹100 spent"", ""name"": ""Movies""}, {""child"": ""Earn 1 Reward Points per ₹100 spent"", ""name"": ""Utilities""}, {""child"": ""Earn 1 Reward Points per ₹100 spent"", ""name"": ""Telecom & Cable""}, {""child"": "" No Reward Points on this category."", ""name"": ""Rent""}, {""child"": "" No Reward Points on this category."", ""name"": ""Education""}, {""child"": "" No Reward Points on this category."", ""name"": ""Transportation & Tolls""}, {""child"": "" No Reward Points on this category."", ""name"": ""Wallets""}, {""child"": "" No Reward Points on this category."", ""name"": ""Fuel""}, {""child"": "" No Reward Points on this category."", ""name"": ""Government""}, {""child"": "" No Reward Points on this category."", ""name"": ""Insurance""}]","[{""title"": "" Discover Reward Points Redemption Options"", ""subtitle"": ""To explore the full range of redemption options for this card, download the SaveSage Club app now."", ""barCodeImageUrl"": ""/"", ""appUrl"": ""https://savesage.co/ZH8bLjZqSPb""}]",,"[{""milestoneNumber"": 1, ""spent"": 25000, ""cycleType"": ""STATEMENT"", ""benefits"": ""The renewal fee will be waived."", ""milestoneType"": ""YEAR""}]",[],,,,"[{""mainTitle"": ""Death"", ""child"": ""Personal Accidental death cover worth Rs 15 lakh for air accident.""}, {""mainTitle"": ""Death"", ""child"": ""Personal Accidental death cover worth Rs 5 lakh for non-air accident.""}, {""mainTitle"": ""EazyDiner"", ""child"": ""Upto ₹400 off""}]","[""Personal Accidental death cover worth Rs 15 lakh for air accident."", ""Personal Accidental death cover worth Rs 5 lakh for non-air accident."", ""Upto ₹400 off""]",,,,savesage.club,https://savesage.club/credit-card/bob-pragati
BOB Tiara credit card,Bank of Baroda,BOB,,"[""Cashback""]",2499,,,1% to 2%,"[{""child"": ""Earn 3 Reward Points per ₹100 spent"", ""name"": ""Base Rewards""}, {""child"": ""Earn 15 Reward Points per ₹100 spent"", ""name"": ""Dining""}, {""child"": ""Earn 15 Reward Points per ₹100 spent"", ""name"": ""Travel""}, {""child"": ""Earn 15 Reward Points per ₹100 spent"", ""name"": ""International""}, {""child"": ""Earn 3 Reward Points per ₹100 spent"", ""name"": ""Telecom & Cable""}, {""child"": ""Earn 3 Reward Points per ₹100 spent"", ""name"": ""Utilities""}, {""child"": "" No Reward Points on this category."", ""name"": ""Rent""}, {""child"": "" No Reward Points on this category."", ""name"": ""Insurance""}, {""child"": "" No Reward Points on this category."", ""name"": ""Education""}, {""child"": "" No Reward Points on this category."", ""name"": ""Government""}, {""child"": "" No Reward Points on this category."", ""name"": ""Transportation & Tolls""}, {""child"": "" No Reward Points on this category."", ""name"": ""Wallets""}, {""child"": "" No Reward Points on this category."", ""name"": ""Fuel""}]","[{""title"": "" Discover Reward Points Redemption Options"", ""subtitle"": ""To explore the full range of redemption options for this card, download the SaveSage Club app now."", ""barCodeImageUrl"": ""/"", ""appUrl"": ""https://savesage.co/ZH8bLjZqSPb""}]",,"[{""milestoneNumber"": 1, ""spent"": 0, ""cycleType"": ""STATEMENT"", ""benefits"": ""Complimentary Swiggy 3-month membership.Free annual memberships to Amazon Prime/Disney Hotstar, Gaana Plus, and more.Complimentary 6 months FITPASS Pro Membership worth Rs. 15000."", ""milestoneType"": ""YEAR""}, {""milestoneNumber"": 2, ""spent"": 25000, ""cycleType"": ""STATEMENT"", ""benefits"": ""The joining fee will be waived."", ""milestoneType"": ""YEAR""}, {""milestoneNumber"": 3, ""spent"": 250000, ""cycleType"": ""STATEMENT"", ""benefits"": ""The renewal fee will be waived."", ""milestoneType"": ""YEAR""}]","[{""maintitle"": ""Domestic lounge"", ""limit"": [""Unlimited""], ""eligibility"": [""Spend ₹40K in the previous calendar quarter.""]}]",,,,"[{""mainTitle"": ""Amazon Prime/Disney Hotstar"", ""child"": ""Complimentary annual memberships of Amazon Prime/ Disney Hotstar once per annum.""}, {""mainTitle"": ""EazyDiner"", ""child"": ""Upto ₹400 off""}, {""mainTitle"": ""FitPassPro"", ""child"": ""Complimentary 6 months Fitpass Pro membership worth Rs 15,000""}, {""mainTitle"": ""Gaana Plus"", ""child"": ""Complimentary annual memberships of Gaana Plus, once per annum.""}, {""mainTitle"": ""Swiggy"", ""child"": ""Complimentary 3 months Swiggy One membership, once per annum""}]","[""Complimentary annual memberships of Amazon Prime/ Disney Hotstar once per annum."", ""Upto ₹400 off"", ""Complimentary 6 months Fitpass Pro membership worth Rs 15,000"", ""Complimentary annual memberships of Gaana Plus, once per annum."", ""Complimentary 3 months Swiggy One membership, once per annum""]",,,,savesage.club,https://savesage.club/credit-card/bob-tiara
BOB Corporate Global credit card,Bank of Baroda,BOB,,[],0,,,NA,"[{""child"": ""Earn 1 Reward Points per ₹100 spent"", ""name"": ""Base Rewards""}, {""child"": ""Earn 1 Reward Points per ₹100 spent"", ""name"": ""Utilities""}, {""child"": ""Earn 1 Reward Points per ₹100 spent"", ""name"": ""Telecom & Cable""}, {""child"": "" No Reward Points on this category."", ""name"": ""Government""}, {""child"": "" No Reward Points on this category."", ""name"": ""Rent""}, {""child"": "" No Reward Points on this category."", ""name"": ""Wallets""}, {""child"": "" No Reward Points on this category."", ""name"": ""Insurance""}, {""child"": "" No Reward Points on this category."", ""name"": ""Transportation & Tolls""}, {""child"": "" No Reward Points on this category."", ""name"": ""Education""}, {""child"": "" No Reward Points on this category."", ""name"": ""Fuel""}]","[{""title"": "" Discover Reward Points Redemption Options"", ""subtitle"": ""To explore the full range of redemption options for this card, download the SaveSage Club app now."", ""barCodeImageUrl"": ""/"", ""appUrl"": ""https://savesage.co/ZH8bLjZqSPb""}]",,[],"[{""maintitle"": ""Domestic lounge"", ""limit"": [""2 per quarter""], ""eligibility"": [""Spend ₹20K in preceding calendar quarter.""]}]",,,,"[{""mainTitle"": ""EazyDiner"", ""child"": ""Upto ₹400 off""}, {""mainTitle"": ""Insurance"", ""child"": ""An air-accident death cover of Rs 1 Crore.""}, {""mainTitle"": ""Insurance"", ""child"": ""Non-air accident death cover of Rs 10,00,000""}]","[""Upto ₹400 off"", ""An air-accident death cover of Rs 1 Crore."", ""Non-air accident death cover of Rs 10,00,000""]",,,,savesage.club,https://savesage.club/credit-card/bob-corporate-global
BOB ICMAI One credit card,Bank of Baroda,BOB,,"[""Experience"", ""Travel Booking""]",1,,,1% to 2%,"[{""child"": ""Earn 1 Reward Points per ₹100 spent"", ""name"": ""Base Rewards""}, {""child"": ""Earn 5 Reward Points per ₹100 spent"", ""name"": ""Online""}, {""child"": ""Earn 5 Reward Points per ₹100 spent"", ""name"": ""Dining""}, {""child"": ""Earn 5 Reward Points per ₹100 spent"", ""name"": ""Utilities""}, {""child"": ""Earn 1 Reward Points per ₹100 spent"", ""name"": ""Telecom & Cable""}, {""child"": "" No Reward Points on this category."", ""name"": ""Transportation & Tolls""}, {""child"": "" No Reward Points on this category."", ""name"": ""Fuel""}, {""child"": "" No Reward Points on this category."", ""name"": ""Wallets""}, {""child"": "" No Reward Points on this category."", ""name"": ""Education""}, {""child"": "" No Reward Points on this category."", ""name"": ""Insurance""}, {""child"": "" No Reward Points on this category."", ""name"": ""Government""}, {""child"": "" No Reward Points on this category."", ""name"": ""Rent""}]","[{""title"": "" Discover Reward Points Redemption Options"", ""subtitle"": ""To explore the full range of redemption options for this card, download the SaveSage Club app now."", ""barCodeImageUrl"": ""/"", ""appUrl"": ""https://savesage.co/ZH8bLjZqSPb""}]",,"[{""milestoneNumber"": 1, ""spent"": 0, ""cycleType"": ""STATEMENT"", ""benefits"": ""Get FitPass Pro membership worth Rs 15,000 free for 6 months."", ""milestoneType"": ""YEAR""}, {""milestoneNumber"": 2, ""spent"": 100000, ""cycleType"": ""STATEMENT"", ""benefits"": ""4,000 reward points every quarter."", ""milestoneType"": ""QUARTER""}]","[{""maintitle"": ""Domestic lounge"", ""limit"": [""3 per quarter""], ""eligibility"": [""Spend ₹40K in the previous calendar quarter.""]}]",,,,"[{""mainTitle"": ""EazyDiner"", ""child"": ""Upto ₹400 off""}]","[""Upto ₹400 off""]",,,,savesage.club,https://savesage.club/credit-card/bob-icmai-one
BOB Empower Business credit card,Bank of Baroda,BOB,,"[""Cashback""]",0,,,3% to 5%,"[{""child"": ""Earn 1 Reward Points per ₹100 spent"", ""name"": ""Base Rewards""}, {""child"": ""Earn 5 Reward Points per ₹100 spent"", ""name"": ""Telecom & Cable""}, {""child"": ""Earn 1 Reward Points per ₹100 spent"", ""name"": ""Utilities""}, {""child"": "" No Reward Points on this category."", ""name"": ""Rent""}, {""child"": "" No Reward Points on this category."", ""name"": ""Transportation & Tolls""}, {""child"": "" No Reward Points on this category."", ""name"": ""Wallets""}, {""child"": "" No Reward Points on this category."", ""name"": ""Education""}, {""child"": "" No Reward Points on this category."", ""name"": ""Insurance""}, {""child"": "" No Reward Points on this category."", ""name"": ""Fuel""}, {""child"": "" No Reward Points on this category."", ""name"": ""Government""}]","[{""title"": "" Discover Reward Points Redemption Options"", ""subtitle"": ""To explore the full range of redemption options for this card, download the SaveSage Club app now."", ""barCodeImageUrl"": ""/"", ""appUrl"": ""https://savesage.co/ZH8bLjZqSPb""}]",,"[{""milestoneNumber"": 1, ""spent"": 50000, ""cycleType"": ""STATEMENT"", ""benefits"": ""The renewal fee will be waived."", ""milestoneType"": ""YEAR""}]",[],,,,"[{""mainTitle"": ""EazyDiner"", ""child"": ""Upto ₹400 off""}, {""mainTitle"": ""Insurance"", ""child"": ""Air accidental death coverage of Rs 15 lakh.""}, {""mainTitle"": ""Insurance"", ""child"": ""Non-air accidental death coverage of Rs 5 lakh.""}]","[""Upto ₹400 off"", ""Air accidental death coverage of Rs 15 lakh."", ""Non-air accidental death coverage of Rs 5 lakh.""]",,,,savesage.club,https://savesage.club/credit-card/bob-empower-business
BOB Rakshamah credit card,Bank of Baroda,BOB,,"[""Travel Booking"", ""Hotel Transfer""]",0,,,2% to 4%,"[{""child"": ""Earn 2 Reward Points per ₹100 spent"", ""name"": ""Base Rewards""}, {""child"": ""Earn 10 Reward Points per ₹100 spent"", ""name"": ""Grocery""}, {""child"": ""Earn 2 Reward Points per ₹100 spent"", ""name"": ""Utilities""}, {""child"": ""Earn 2 Reward Points per ₹100 spent"", ""name"": ""Telecom & Cable""}, {""child"": "" No Reward Points on this category."", ""name"": ""Wallets""}, {""child"": "" No Reward Points on this category."", ""name"": ""Fuel""}, {""child"": "" No Reward Points on this category."", ""name"": ""Rent""}, {""child"": "" No Reward Points on this category."", ""name"": ""Transportation & Tolls""}, {""child"": "" No Reward Points on this category."", ""name"": ""Insurance""}, {""child"": "" No Reward Points on this category."", ""name"": ""Government""}, {""child"": "" No Reward Points on this category."", ""name"": ""Education""}]","[{""title"": "" Discover Reward Points Redemption Options"", ""subtitle"": ""To explore the full range of redemption options for this card, download the SaveSage Club app now."", ""barCodeImageUrl"": ""/"", ""appUrl"": ""https://savesage.co/ZH8bLjZqSPb""}]",,"[{""milestoneNumber"": 1, ""spent"": 0, ""cycleType"": ""STATEMENT"", ""benefits"": ""500 bonus reward points on spends of Rs. 5000 or more within 60 days of card issuance.Complimentary 6 months FITPASS Pro Membership worth Rs. 15000."", ""milestoneType"": ""YEAR""}, {""milestoneNumber"": 2, ""spent"": 100000, ""cycleType"": ""STATEMENT"", ""benefits"": ""12 months Amazon Prime membership."", ""milestoneType"": ""YEAR""}]","[{""maintitle"": ""Domestic lounge"", ""limit"": [""2 per quarter""], ""eligibility"": [""Spend ₹20K in the previous calendar quarter.""]}]",,,,"[{""mainTitle"": ""EazyDiner"", ""child"": ""Upto ₹400 off""}]","[""Upto ₹400 off""]",,,,savesage.club,https://savesage.club/credit-card/bob-rakshamah
BOB Vikram credit card,Bank of Baroda,BOB,,[],0,,,NA,"[{""child"": ""Earn 1 Reward Points per ₹100 spent"", ""name"": ""Base Rewards""}, {""child"": ""Earn 5 Reward Points per ₹100 spent"", ""name"": ""Grocery""}, {""child"": ""Earn 5 Reward Points per ₹100 spent"", ""name"": ""Movies""}, {""child"": ""Earn 1 Reward Points per ₹100 spent"", ""name"": ""Telecom & Cable""}, {""child"": ""Earn 1 Reward Points per ₹100 spent"", ""name"": ""Utilities""}, {""child"": "" No Reward Points on this category."", ""name"": ""Education""}, {""child"": "" No Reward Points on this category."", ""name"": ""Rent""}, {""child"": "" No Reward Points on this category."", ""name"": ""Fuel""}, {""child"": "" No Reward Points on this category."", ""name"": ""Insurance""}, {""child"": "" No Reward Points on this category."", ""name"": ""Government""}, {""child"": "" No Reward Points on this category."", ""name"": ""Transportation & Tolls""}, {""child"": "" No Reward Points on this category."", ""name"": ""Wallets""}]","[{""title"": "" Discover Reward Points Redemption Options"", ""subtitle"": ""To explore the full range of redemption options for this card, download the SaveSage Club app now."", ""barCodeImageUrl"": ""/"", ""appUrl"": ""https://savesage.co/ZH8bLjZqSPb""}]",,"[{""milestoneNumber"": 1, ""spent"": 0, ""cycleType"": ""STATEMENT"", ""benefits"": ""500 bonus reward points on spends of Rs. 5000 or more within 60 days of card issuance.Get a complimentary subscription to the Disney+ Hotstar Super Plan for 3 months."", ""milestoneType"": ""YEAR""}]",[],,,,"[{""mainTitle"": ""EazyDiner"", ""child"": ""Upto ₹400 off""}]","[""Upto ₹400 off""]",,,,savesage.club,https://savesage.club/credit-card/bob-vikram
Standard Chartered Visa Infinite credit card,Standard Chartered,Standard Chartered,,[],0,,,NA,"[{""child"": ""Earn 2 Reward Points per ₹150 spent"", ""name"": ""Base Rewards""}, {""child"": ""Earn 5 Reward Points per ₹150 spent"", ""name"": ""International""}, {""child"": ""Earn 5 Reward Points per ₹150 spent"", ""name"": ""Retail""}]","[{""title"": "" Discover Reward Points Redemption Options"", ""subtitle"": ""To explore the full range of redemption options for this card, download the SaveSage Club app now."", ""barCodeImageUrl"": ""/"", ""appUrl"": ""https://savesage.co/ZH8bLjZqSPb""}]",,[],"[{""maintitle"": ""Domestic lounge"", ""limit"": [""4 per quarter""], ""eligibility"": [""4 complimentary domestic airport lounge access per quarter at select airports.""]}]",,,,"[{""mainTitle"": ""Concierge"", ""child"": ""Global Concierge for 24x7 assistance.""}, {""mainTitle"": ""Golf"", ""child"": ""Access to premier golf courses.""}, {""mainTitle"": ""Overseas Insurance"", ""child"": ""Overseas air accident cover of Rs 1 crore and medical insurance worth USD 25,000.""}, {""mainTitle"": ""Priority Pass"", ""child"": ""Priority Pass membership.""}]","[""Global Concierge for 24x7 assistance."", ""Access to premier golf courses."", ""Overseas air accident cover of Rs 1 crore and medical insurance worth USD 25,000."", ""Priority Pass membership.""]",,,,savesage.club,https://savesage.club/credit-card/scb-visa-infinite
Indian Gold (Visa) credit card,Indian Bank,Indian,Visa,"[""Experience""]",0,,,2% to 4%,"[{""child"": ""Earn 0.5 Reward Points per ₹100 spent"", ""name"": ""Base Rewards""}, {""child"": "" No Reward Points on this category."", ""name"": ""Fuel""}]","[{""title"": "" Discover Reward Points Redemption Options"", ""subtitle"": ""To explore the full range of redemption options for this card, download the SaveSage Club app now."", ""barCodeImageUrl"": ""/"", ""appUrl"": ""https://savesage.co/ZH8bLjZqSPb""}]",,[],[],,,,"[{""mainTitle"": ""Air Accident Insurance"", ""child"": ""Death due to air accident (Rs 5 lakhs).""}, {""mainTitle"": ""Baggage Cover"", ""child"": ""Baggage Cover linsurance of Rs 10,000.""}, {""mainTitle"": ""Credit shield"", ""child"": ""Credit shield on death of Rs 25,000.""}, {""mainTitle"": ""Death Insurance"", ""child"": ""Accident cover""}, {""mainTitle"": ""Hospitalization"", ""child"": ""Hospitalisation Insurance of Rs 50,000( 66-80yr old), Rs1,00,000(up to 65 yr old).""}, {""mainTitle"": ""Purchase protection"", ""child"": ""Purchase Protection insurance of Rs 25,000.""}]","[""Death due to air accident (Rs 5 lakhs)."", ""Baggage Cover linsurance of Rs 10,000."", ""Credit shield on death of Rs 25,000."", ""Accident cover"", ""Hospitalisation Insurance of Rs 50,000( 66-80yr old), Rs1,00,000(up to 65 yr old)."", ""Purchase Protection insurance of Rs 25,000.""]",,,,savesage.club,https://savesage.club/credit-card/indian-gold-visa
Utkarsh Bank Eternal credit card,Utkarsh Small Finance Bank,Utkarsh Bank,,[],0,,,NA,"[{""child"": ""Earn 1.3 Reward Points per ₹100 spent"", ""name"": ""Base Rewards""}, {""child"": "" No Reward Points on this category."", ""name"": ""Government""}, {""child"": "" No Reward Points on this category."", ""name"": ""Trains""}, {""child"": "" No Reward Points on this category."", ""name"": ""Transportation & Tolls""}, {""child"": "" No Reward Points on this category."", ""name"": ""Utilities""}, {""child"": "" No Reward Points on this category."", ""name"": ""Wallets""}, {""child"": "" No Reward Points on this category."", ""name"": ""Insurance""}, {""child"": "" No Reward Points on this category."", ""name"": ""Education""}, {""child"": "" No Reward Points on this category."", ""name"": ""Fuel""}]","[{""title"": "" Discover Reward Points Redemption Options"", ""subtitle"": ""To explore the full range of redemption options for this card, download the SaveSage Club app now."", ""barCodeImageUrl"": ""/"", ""appUrl"": ""https://savesage.co/ZH8bLjZqSPb""}]",,"[{""milestoneNumber"": 1, ""spent"": 150000, ""cycleType"": ""STATEMENT"", ""benefits"": ""The renewal fee will be waived."", ""milestoneType"": ""YEAR""}]",[],,,,[],[],,,,savesage.club,https://savesage.club/credit-card/utkarsh-eternal
Utkarsh Bank Rhodium credit card,Utkarsh Small Finance Bank,Utkarsh Bank,,"[""Cashback""]",0,,,1.5% to 5%,"[{""child"": ""Earn 1.3 Reward Points per ₹100 spent"", ""name"": ""Base Rewards""}, {""child"": "" No Reward Points on this category."", ""name"": ""Government""}, {""child"": "" No Reward Points on this category."", ""name"": ""Trains""}, {""child"": "" No Reward Points on this category."", ""name"": ""Transportation & Tolls""}, {""child"": "" No Reward Points on this category."", ""name"": ""Utilities""}, {""child"": "" No Reward Points on this category."", ""name"": ""Wallets""}, {""child"": "" No Reward Points on this category."", ""name"": ""Insurance""}, {""child"": "" No Reward Points on this category."", ""name"": ""Education""}, {""child"": "" No Reward Points on this category."", ""name"": ""Fuel""}]","[{""title"": "" Discover Reward Points Redemption Options"", ""subtitle"": ""To explore the full range of redemption options for this card, download the SaveSage Club app now."", ""barCodeImageUrl"": ""/"", ""appUrl"": ""https://savesage.co/ZH8bLjZqSPb""}]",,"[{""milestoneNumber"": 1, ""spent"": 500000, ""cycleType"": ""STATEMENT"", ""benefits"": ""The renewal fee will be waived."", ""milestoneType"": ""YEAR""}]","[{""maintitle"": ""Domestic lounge"", ""limit"": [""4 per quarter""], ""eligibility"": [""4 complimentary airport lounge access per quarter at select airports.""]}]",,,,[],[],,,,savesage.club,https://savesage.club/credit-card/utkarsh-rhodium
Utkarsh Bank SmartGen credit card,Utkarsh Small Finance Bank,Utkarsh Bank,,"[""Experience"", ""Travel Booking""]",0,,,2% to 5%,"[{""child"": ""Earn 1 Reward Points per ₹100 spent"", ""name"": ""Base Rewards""}, {""child"": "" No Reward Points on this category."", ""name"": ""Government""}, {""child"": "" No Reward Points on this category."", ""name"": ""Trains""}, {""child"": "" No Reward Points on this category."", ""name"": ""Transportation & Tolls""}, {""child"": "" No Reward Points on this category."", ""name"": ""Utilities""}, {""child"": "" No Reward Points on this category."", ""name"": ""Wallets""}, {""child"": "" No Reward Points on this category."", ""name"": ""Insurance""}, {""child"": "" No Reward Points on this category."", ""name"": ""Education""}, {""child"": "" No Reward Points on this category."", ""name"": ""Fuel""}]","[{""title"": "" Discover Reward Points Redemption Options"", ""subtitle"": ""To explore the full range of redemption options for this card, download the SaveSage Club app now."", ""barCodeImageUrl"": ""/"", ""appUrl"": ""https://savesage.co/ZH8bLjZqSPb""}]",,"[{""milestoneNumber"": 1, ""spent"": 50000, ""cycleType"": ""STATEMENT"", ""benefits"": ""The renewal fee will be waived."", ""milestoneType"": ""YEAR""}]",[],,,,[],[],,,,savesage.club,https://savesage.club/credit-card/utkarsh-smartgen
HDFC Doctor's Regalia credit card,HDFC Bank,HDFC,,"[""Travel Booking"", ""Airline Transfer""]",2500,,,1% to 3%,"[{""child"": ""Earn 4 Reward Points per ₹150 spent"", ""name"": ""Base Rewards""}, {""child"": ""Earn 4 Reward Points per ₹150 spent"", ""name"": ""Utilities""}, {""child"": ""Earn 4 Reward Points per ₹150 spent"", ""name"": ""Insurance""}, {""child"": ""Earn 4 Reward Points per ₹150 spent"", ""name"": ""Education""}, {""child"": ""Earn 4 Reward Points per ₹150 spent"", ""name"": ""Rent""}, {""child"": "" No Reward Points on this category."", ""name"": ""Wallets""}, {""child"": "" No Reward Points on this category."", ""name"": ""Fuel""}]","[{""title"": "" Discover Reward Points Redemption Options"", ""subtitle"": ""To explore the full range of redemption options for this card, download the SaveSage Club app now."", ""barCodeImageUrl"": ""/"", ""appUrl"": ""https://savesage.co/ZH8bLjZqSPb""}]",,"[{""milestoneNumber"": 1, ""spent"": 300000, ""cycleType"": ""STATEMENT"", ""benefits"": ""The renewal fee will be waived."", ""milestoneType"": ""YEAR""}, {""milestoneNumber"": 2, ""spent"": 500000, ""cycleType"": ""STATEMENT"", ""benefits"": ""10,000 Reward Points."", ""milestoneType"": ""YEAR""}, {""milestoneNumber"": 3, ""spent"": 800000, ""cycleType"": ""STATEMENT"", ""benefits"": ""5,000 Reward Points."", ""milestoneType"": ""YEAR""}]",[],,,,"[{""mainTitle"": ""Insurance"", ""child"": ""Protection on accidents due to professional negligence.""}, {""mainTitle"": ""Insurance"", ""child"": ""Insurance on Accidental air death, Emergency overseas hospitalization, Credit Liability.""}, {""mainTitle"": ""Priority Pass"", ""child"": ""Get a Priority Pass Program on completing four retail transactions.""}, {""mainTitle"": ""Swiggy Dineout"", ""child"": ""Flat 25% off at 2000+ premium restaurants, 1+1 on a buffet and early access to events and festivals.""}, {""mainTitle"": ""Travel"", ""child"": ""Customize your travel, shopping, and business experiences with their Concierge Assistance.""}, {""mainTitle"": ""Zomato"", ""child"": ""You will receive a Zomato Gold membership with the card.""}]","[""Protection on accidents due to professional negligence."", ""Insurance on Accidental air death, Emergency overseas hospitalization, Credit Liability."", ""Get a Priority Pass Program on completing four retail transactions."", ""Flat 25% off at 2000+ premium restaurants, 1+1 on a buffet and early access to events and festivals."", ""Customize your travel, shopping, and business experiences with their Concierge Assistance."", ""You will receive a Zomato Gold membership with the card.""]",,,,savesage.club,https://savesage.club/credit-card/hdfc-doctors-regalia
HDFC Harley-Davidson Diners Club credit card,HDFC Bank,HDFC,,"[""Brand Wallet""]",2500,,,0.5% to 1.5%,"[{""child"": ""Earn 4 Reward Points per ₹150 spent"", ""name"": ""Base Rewards""}, {""child"": ""Earn 40 Reward Points per ₹150 spent"", ""name"": ""SmartBuy""}, {""child"": ""Earn 20 Reward Points per ₹150 spent"", ""name"": ""Swiggy""}, {""child"": ""Earn 20 Reward Points per ₹150 spent"", ""name"": ""Zomato""}, {""child"": ""Earn 4 Reward Points per ₹150 spent"", ""name"": ""Rent""}, {""child"": ""Earn 4 Reward Points per ₹150 spent"", ""name"": ""Insurance""}, {""child"": ""Earn 4 Reward Points per ₹150 spent"", ""name"": ""Education""}, {""child"": ""Earn 4 Reward Points per ₹150 spent"", ""name"": ""Utilities""}, {""child"": ""Earn 4 Reward Points per ₹150 spent"", ""name"": ""Wallets""}, {""child"": "" No Reward Points on this category."", ""name"": ""Fuel""}]","[{""title"": "" Discover Reward Points Redemption Options"", ""subtitle"": ""To explore the full range of redemption options for this card, download the SaveSage Club app now."", ""barCodeImageUrl"": ""/"", ""appUrl"": ""https://savesage.co/ZH8bLjZqSPb""}]",,"[{""milestoneNumber"": 1, ""spent"": 0, ""cycleType"": ""STATEMENT"", ""benefits"": ""Avail Annual memberships of Swiggy One & Times Prime plus a Gift Card by Harley-Davidson worth ₹750 on spending ₹ 75,000"", ""milestoneType"": ""YEAR""}, {""milestoneNumber"": 2, ""spent"": 150000, ""cycleType"": ""STATEMENT"", ""benefits"": ""Avail ₹1,500 worth vouchers of Marriott Experience/Decathlon/Barbeque Nation /O2 Spa/Lakme Salon."", ""milestoneType"": ""YEAR""}, {""milestoneNumber"": 3, ""spent"": 300000, ""cycleType"": ""STATEMENT"", ""benefits"": ""The renewal fee will be waived."", ""milestoneType"": ""YEAR""}]","[{""maintitle"": ""Domestic lounge"", ""limit"": [""2 per quarter""], ""eligibility"": [""No explicit spend condition""]}, {""maintitle"": ""International lounge"", ""limit"": [""2 per quarter""], ""eligibility"": [""No explicit spend condition""]}]",,,,"[{""mainTitle"": ""Air Accident Insurance"", ""child"": ""Accidental Air Death Cover worth Rs 1 Crore.""}, {""mainTitle"": ""BookMyShow"", ""child"": ""Buy 1 Get 1 Free offer on BookMyShow.""}, {""mainTitle"": ""Credit Liability"", ""child"": ""Credit Liability cover of up to Rs 9 Lakh.""}, {""mainTitle"": ""Hospitalization"", ""child"": ""Emergency overseas hospitalization up to Rs 25 lakhs.""}, {""mainTitle"": ""Insurance"", ""child"": ""Travel Insurance Cover of up to Rs 50,000 on baggage delay.""}, {""mainTitle"": ""Swiggy"", ""child"": ""Annual memberships of Swiggy One plus a Gift Card by Harley-Davidson worth Rs 750.""}, {""mainTitle"": ""Swiggy"", ""child"": ""Upto 20 % off on all your restaurant bill payments via Swiggy Dineout.""}, {""mainTitle"": ""Times Prime"", ""child"": ""Annual memberships of Times Prime plus a Gift Card by Harley-Davidson worth Rs 750.""}]","[""Accidental Air Death Cover worth Rs 1 Crore."", ""Buy 1 Get 1 Free offer on BookMyShow."", ""Credit Liability cover of up to Rs 9 Lakh."", ""Emergency overseas hospitalization up to Rs 25 lakhs."", ""Travel Insurance Cover of up to Rs 50,000 on baggage delay."", ""Annual memberships of Swiggy One plus a Gift Card by Harley-Davidson worth Rs 750."", ""Upto 20 % off on all your restaurant bill payments via Swiggy Dineout."", ""Annual memberships of Times Prime plus a Gift Card by Harley-Davidson worth Rs 750.""]",,,,savesage.club,https://savesage.club/credit-card/hdfc-harleydavidson-diners-club
HDFC Times Platinum credit card,HDFC Bank,HDFC,,"[""Hotel Transfer"", ""Experience""]",1000,,,3% to 5%,"[{""child"": ""Earn 3 Reward Points per ₹200 spent"", ""name"": ""Base Rewards""}, {""child"": ""Earn 10 Reward Points per ₹200 spent"", ""name"": ""Dining""}, {""child"": ""Earn 3 Reward Points per ₹200 spent"", ""name"": ""Insurance""}, {""child"": ""Earn 3 Reward Points per ₹200 spent"", ""name"": ""Rent""}, {""child"": ""Earn 3 Reward Points per ₹200 spent"", ""name"": ""Utilities""}, {""child"": ""Earn 3 Reward Points per ₹200 spent"", ""name"": ""Education""}, {""child"": "" No Reward Points on this category."", ""name"": ""Fuel""}, {""child"": "" No Reward Points on this category."", ""name"": ""EMI""}, {""child"": "" No Reward Points on this category."", ""name"": ""Wallets""}]","[{""title"": "" Discover Reward Points Redemption Options"", ""subtitle"": ""To explore the full range of redemption options for this card, download the SaveSage Club app now."", ""barCodeImageUrl"": ""/"", ""appUrl"": ""https://savesage.co/ZH8bLjZqSPb""}]",,"[{""milestoneNumber"": 1, ""spent"": 250000, ""cycleType"": ""STATEMENT"", ""benefits"": ""The renewal fee will be waived."", ""milestoneType"": ""YEAR""}]",[],,,,"[{""mainTitle"": ""BookMyShow"", ""child"": ""50% off up to Rs 600 per transaction on BookMyShow movie tickets.""}, {""mainTitle"": ""EazyDiner"", ""child"": ""15% Off Upto ₹1500""}, {""mainTitle"": ""EazyDiner"", ""child"": ""6 months membership""}, {""mainTitle"": ""Times Prime"", ""child"": ""Times Prime membership on making at least one transaction per calendar quarter.""}]","[""50% off up to Rs 600 per transaction on BookMyShow movie tickets."", ""15% Off Upto ₹1500"", ""6 months membership"", ""Times Prime membership on making at least one transaction per calendar quarter.""]",,,,savesage.club,https://savesage.club/credit-card/hdfc-times-platinum
HDFC Equitas Elegance credit card,HDFC Bank,HDFC,,"[""Cashback""]",1000,,,1% to 5%,"[{""child"": ""Earn 2 Reward Points per ₹150 spent"", ""name"": ""Base Rewards""}, {""child"": ""Earn 10 Reward Points per ₹150 spent"", ""name"": ""Grocery""}, {""child"": ""Earn 4 Reward Points per ₹150 spent"", ""name"": ""Hotels""}, {""child"": ""Earn 4 Reward Points per ₹150 spent"", ""name"": ""Flights""}]","[{""title"": "" Discover Reward Points Redemption Options"", ""subtitle"": ""To explore the full range of redemption options for this card, download the SaveSage Club app now."", ""barCodeImageUrl"": ""/"", ""appUrl"": ""https://savesage.co/ZH8bLjZqSPb""}]",,"[{""milestoneNumber"": 1, ""spent"": 50000, ""cycleType"": ""STATEMENT"", ""benefits"": ""1,500 reward points."", ""milestoneType"": ""MONTH""}, {""milestoneNumber"": 2, ""spent"": 250000, ""cycleType"": ""STATEMENT"", ""benefits"": ""The renewal fee will be waived."", ""milestoneType"": ""YEAR""}, {""milestoneNumber"": 3, ""spent"": 500000, ""cycleType"": ""STATEMENT"", ""benefits"": ""10,000 bonus reward points."", ""milestoneType"": ""YEAR""}]",[],,,,[],[],,,,savesage.club,https://savesage.club/credit-card/hdfc-equitas-elegance
HDFC Equitas Excite credit card,HDFC Bank,HDFC,,"[""Cashback""]",500,,,1% to 5%,"[{""child"": ""Earn 2 Reward Points per ₹150 spent"", ""name"": ""Base Rewards""}, {""child"": ""Earn 6 Reward Points per ₹150 spent"", ""name"": ""Grocery""}, {""child"": ""Earn 6 Reward Points per ₹150 spent"", ""name"": ""Fuel""}, {""child"": ""Earn 2 Reward Points per ₹150 spent"", ""name"": ""Utilities""}, {""child"": ""Earn 2 Reward Points per ₹150 spent"", ""name"": ""Insurance""}]","[{""title"": "" Discover Reward Points Redemption Options"", ""subtitle"": ""To explore the full range of redemption options for this card, download the SaveSage Club app now."", ""barCodeImageUrl"": ""/"", ""appUrl"": ""https://savesage.co/ZH8bLjZqSPb""}]",,"[{""milestoneNumber"": 1, ""spent"": 20000, ""cycleType"": ""STATEMENT"", ""benefits"": ""The joining fee will be waived."", ""milestoneType"": ""QUARTER""}, {""milestoneNumber"": 2, ""spent"": 20000, ""cycleType"": ""STATEMENT"", ""benefits"": ""500 reward points."", ""milestoneType"": ""MONTH""}, {""milestoneNumber"": 3, ""spent"": 100000, ""cycleType"": ""STATEMENT"", ""benefits"": ""The renewal fee will be waived."", ""milestoneType"": ""YEAR""}, {""milestoneNumber"": 4, ""spent"": 180000, ""cycleType"": ""STATEMENT"", ""benefits"": ""2,500 bonus reward points."", ""milestoneType"": ""YEAR""}]",[],,,,[],[],,,,savesage.club,https://savesage.club/credit-card/hdfc-equitas-excite
HDFC Moneyback credit card,HDFC Bank,HDFC,,"[""Brand Wallet"", ""Catalogue Products""]",500,,,1% to 2%,"[{""child"": ""Earn 2 Reward Points per ₹200 spent"", ""name"": ""Base Rewards""}, {""child"": ""Earn 20 Reward Points per ₹200 spent"", ""name"": ""Reliance Smart""}, {""child"": ""Earn 20 Reward Points per ₹200 spent"", ""name"": ""Swiggy""}, {""child"": ""Earn 20 Reward Points per ₹200 spent"", ""name"": ""BigBasket""}, {""child"": ""Earn 20 Reward Points per ₹200 spent"", ""name"": ""Flipkart""}, {""child"": ""Earn 20 Reward Points per ₹200 spent"", ""name"": ""Amazon""}, {""child"": ""Earn 4 Reward Points per ₹200 spent"", ""name"": ""Online""}, {""child"": "" No Reward Points on this category."", ""name"": ""Fuel""}, {""child"": "" No Reward Points on this category."", ""name"": ""Wallets""}]","[{""title"": "" Discover Reward Points Redemption Options"", ""subtitle"": ""To explore the full range of redemption options for this card, download the SaveSage Club app now."", ""barCodeImageUrl"": ""/"", ""appUrl"": ""https://savesage.co/ZH8bLjZqSPb""}]",,"[{""milestoneNumber"": 1, ""spent"": 50000, ""cycleType"": ""STATEMENT"", ""benefits"": ""₹500 gift voucher."", ""milestoneType"": ""QUARTER""}, {""milestoneNumber"": 2, ""spent"": 50000, ""cycleType"": ""STATEMENT"", ""benefits"": ""The renewal fee will be waived."", ""milestoneType"": ""YEAR""}]",[],,,,"[{""mainTitle"": ""Swiggy"", ""child"": ""Upto 20% discount on partner restaurants via Swiggy Dineout.""}]","[""Upto 20% discount on partner restaurants via Swiggy Dineout.""]",,,,savesage.club,https://savesage.club/credit-card/hdfc-moneyback
HDFC Business Moneyback credit card,HDFC Bank,HDFC,,"[""Travel Booking"", ""Experience""]",500,,,1.5% to 2.5%,"[{""child"": ""Earn 2 Reward Points per ₹200 spent"", ""name"": ""Base Rewards""}, {""child"": ""Earn 4 Reward Points per ₹200 spent"", ""name"": ""Online""}, {""child"": ""Earn 2 Reward Points per ₹200 spent"", ""name"": ""Utilities""}, {""child"": ""Earn 2 Reward Points per ₹200 spent"", ""name"": ""Insurance""}, {""child"": "" No Reward Points on this category."", ""name"": ""Wallets""}, {""child"": "" No Reward Points on this category."", ""name"": ""EMI""}, {""child"": "" No Reward Points on this category."", ""name"": ""Fuel""}]","[{""title"": "" Discover Reward Points Redemption Options"", ""subtitle"": ""To explore the full range of redemption options for this card, download the SaveSage Club app now."", ""barCodeImageUrl"": ""/"", ""appUrl"": ""https://savesage.co/ZH8bLjZqSPb""}]",,"[{""milestoneNumber"": 1, ""spent"": 50000, ""cycleType"": ""STATEMENT"", ""benefits"": ""The renewal fee will be waived."", ""milestoneType"": ""YEAR""}, {""milestoneNumber"": 2, ""spent"": 180000, ""cycleType"": ""STATEMENT"", ""benefits"": ""Bonus 2,500 Reward Points."", ""milestoneType"": ""YEAR""}]",[],,,,[],[],,,,savesage.club,https://savesage.club/credit-card/hdfc-business-moneyback
HDFC Best Price Save Smart credit card,HDFC Bank,HDFC,,"[""Catalogue Products""]",500,,,0.5% to 1%,"[{""child"": ""Earn 0.5 Reward Points per ₹150 spent"", ""name"": ""Base Rewards""}, {""child"": ""Earn 0.5 Reward Points per ₹150 spent"", ""name"": ""Wallets""}, {""child"": ""Earn 0.5 Reward Points per ₹150 spent"", ""name"": ""Fuel""}, {""child"": ""Earn 0.5 Reward Points per ₹150 spent"", ""name"": ""Utilities""}]","[{""title"": "" Discover Reward Points Redemption Options"", ""subtitle"": ""To explore the full range of redemption options for this card, download the SaveSage Club app now."", ""barCodeImageUrl"": ""/"", ""appUrl"": ""https://savesage.co/ZH8bLjZqSPb""}]",,[],[],,,,"[{""mainTitle"": ""Swiggy Dineout"", ""child"": ""20% savings for payments via Dineout Pay.""}]","[""20% savings for payments via Dineout Pay.""]",,,,savesage.club,https://savesage.club/credit-card/hdfc-best-price-save-smart
HDFC Times Titanium credit card,HDFC Bank,HDFC,,"[""Travel Booking"", ""Airline Transfer"", ""Hotel Transfer""]",500,,,3% to 5%,"[{""child"": ""Earn 2 Reward Points per ₹200 spent"", ""name"": ""Base Rewards""}, {""child"": ""Earn 5 Reward Points per ₹200 spent"", ""name"": ""Dining""}, {""child"": ""Earn 2 Reward Points per ₹200 spent"", ""name"": ""Utilities""}, {""child"": ""Earn 2 Reward Points per ₹200 spent"", ""name"": ""Education""}, {""child"": ""Earn 2 Reward Points per ₹200 spent"", ""name"": ""Insurance""}, {""child"": ""Earn 2 Reward Points per ₹200 spent"", ""name"": ""Rent""}, {""child"": "" No Reward Points on this category."", ""name"": ""EMI""}, {""child"": "" No Reward Points on this category."", ""name"": ""Wallets""}, {""child"": "" No Reward Points on this category."", ""name"": ""Fuel""}]","[{""title"": "" Discover Reward Points Redemption Options"", ""subtitle"": ""To explore the full range of redemption options for this card, download the SaveSage Club app now."", ""barCodeImageUrl"": ""/"", ""appUrl"": ""https://savesage.co/ZH8bLjZqSPb""}]",,"[{""milestoneNumber"": 1, ""spent"": 150000, ""cycleType"": ""STATEMENT"", ""benefits"": ""The renewal fee will be waived."", ""milestoneType"": ""YEAR""}]",[],,,,"[{""mainTitle"": ""BookMyShow"", ""child"": ""25% off on movie tickets via BookMyShow.""}, {""mainTitle"": ""EazyDiner"", ""child"": ""Upto 10% discount""}, {""mainTitle"": ""Times Prime"", ""child"": ""Times Prime Membership on 3 transaction in a calender quarter.""}]","[""25% off on movie tickets via BookMyShow."", ""Upto 10% discount"", ""Times Prime Membership on 3 transaction in a calender quarter.""]",,,,savesage.club,https://savesage.club/credit-card/hdfc-times-titanium
HDFC Superia credit card,HDFC Bank,HDFC,,[],1000,,,NA,"[{""child"": ""Earn 3 Reward Points per ₹200 spent"", ""name"": ""Base Rewards""}, {""child"": ""Earn 3 Reward Points per ₹200 spent"", ""name"": ""Wallets""}, {""child"": ""Earn 3 Reward Points per ₹200 spent"", ""name"": ""Education""}, {""child"": ""Earn 3 Reward Points per ₹200 spent"", ""name"": ""Rent""}, {""child"": ""Earn 3 Reward Points per ₹200 spent"", ""name"": ""Utilities""}, {""child"": ""Earn 3 Reward Points per ₹200 spent"", ""name"": ""Insurance""}, {""child"": "" No Reward Points on this category."", ""name"": ""Fuel""}]","[{""title"": "" Discover Reward Points Redemption Options"", ""subtitle"": ""To explore the full range of redemption options for this card, download the SaveSage Club app now."", ""barCodeImageUrl"": ""/"", ""appUrl"": ""https://savesage.co/ZH8bLjZqSPb""}]",,"[{""milestoneNumber"": 1, ""spent"": 75000, ""cycleType"": ""STATEMENT"", ""benefits"": ""The renewal fee will be waived."", ""milestoneType"": ""YEAR""}]",[],,,,"[{""mainTitle"": ""Priority Pass"", ""child"": ""Compementary Priority Pass membership.""}]","[""Compementary Priority Pass membership.""]",,,,savesage.club,https://savesage.club/credit-card/hdfc-superia
HDFC Doctors Superia credit card,HDFC Bank,HDFC,,"[""Hotel Transfer"", ""Experience"", ""Pay by Points""]",1000,,,3% to 6%,"[{""child"": ""Earn 3 Reward Points per ₹200 spent"", ""name"": ""Base Rewards""}, {""child"": "" No Reward Points on this category."", ""name"": ""EMI""}, {""child"": "" No Reward Points on this category."", ""name"": ""Utilities""}, {""child"": "" No Reward Points on this category."", ""name"": ""Wallets""}, {""child"": "" No Reward Points on this category."", ""name"": ""Fuel""}, {""child"": "" No Reward Points on this category."", ""name"": ""Insurance""}]","[{""title"": "" Discover Reward Points Redemption Options"", ""subtitle"": ""To explore the full range of redemption options for this card, download the SaveSage Club app now."", ""barCodeImageUrl"": ""/"", ""appUrl"": ""https://savesage.co/ZH8bLjZqSPb""}]",,"[{""milestoneNumber"": 1, ""spent"": 15000, ""cycleType"": ""STATEMENT"", ""benefits"": ""The joining fee will be waived."", ""milestoneType"": ""QUARTER""}, {""milestoneNumber"": 2, ""spent"": 100000, ""cycleType"": ""STATEMENT"", ""benefits"": ""The renewal fee will be waived."", ""milestoneType"": ""YEAR""}]",[],,,,"[{""mainTitle"": ""Insurance"", ""child"": ""Protection on accidents due to professional negligence.""}]","[""Protection on accidents due to professional negligence.""]",,,,savesage.club,https://savesage.club/credit-card/hdfc-doctors-superia
HDFC Bharat Cashback credit card,HDFC Bank,HDFC,,"[""Experience"", ""Travel Booking"", ""Hotel Transfer"", ""Pay by Points""]",500,,,3% to 10%,"[{""child"": ""Earn 5 Reward Points per ₹100 spent"", ""name"": ""Base Rewards""}, {""child"": ""Earn 5 Reward Points per ₹100 spent"", ""name"": ""EMI""}, {""child"": ""Earn 5 Reward Points per ₹100 spent"", ""name"": ""Wallets""}, {""child"": ""Earn 5 Reward Points per ₹100 spent"", ""name"": ""SmartBuy""}, {""child"": ""Earn 5 Reward Points per ₹100 spent"", ""name"": ""Utilities""}, {""child"": ""Earn 5 Reward Points per ₹100 spent"", ""name"": ""Fuel""}, {""child"": ""Earn 5 Reward Points per ₹100 spent"", ""name"": ""Insurance""}]","[{""title"": "" Discover Reward Points Redemption Options"", ""subtitle"": ""To explore the full range of redemption options for this card, download the SaveSage Club app now."", ""barCodeImageUrl"": ""/"", ""appUrl"": ""https://savesage.co/ZH8bLjZqSPb""}]",,"[{""milestoneNumber"": 1, ""spent"": 50000, ""cycleType"": ""STATEMENT"", ""benefits"": ""The renewal fee will be waived."", ""milestoneType"": ""YEAR""}]",[],,,,"[{""mainTitle"": ""Death Insurance"", ""child"": ""Complimentary accidental death insurance.""}]","[""Complimentary accidental death insurance.""]",,,,savesage.club,https://savesage.club/credit-card/hdfc-bharat-cashback
HDFC Teacher's Platinum credit card,HDFC Bank,HDFC,,"[""Cashback""]",500,,,0.5% to 1%,"[{""child"": ""Earn 2 Reward Points per ₹200 spent"", ""name"": ""Base Rewards""}, {""child"": ""Earn 6 Reward Points per ₹200 spent"", ""name"": ""Weekends""}, {""child"": "" No Reward Points on this category."", ""name"": ""Fuel""}]","[{""title"": "" Discover Reward Points Redemption Options"", ""subtitle"": ""To explore the full range of redemption options for this card, download the SaveSage Club app now."", ""barCodeImageUrl"": ""/"", ""appUrl"": ""https://savesage.co/ZH8bLjZqSPb""}]",,"[{""milestoneNumber"": 1, ""spent"": 10000, ""cycleType"": ""STATEMENT"", ""benefits"": ""The joining fee will be waived."", ""milestoneType"": ""QUARTER""}, {""milestoneNumber"": 2, ""spent"": 50000, ""cycleType"": ""STATEMENT"", ""benefits"": ""The renewal fee will be waived."", ""milestoneType"": ""YEAR""}]",[],,,,"[{""mainTitle"": ""Gift"", ""child"": ""Teacher's Day special gift.""}]","[""Teacher's Day special gift.""]",,,,savesage.club,https://savesage.club/credit-card/hdfc-teachers-platinum
HDFC Business Freedom credit card,HDFC Bank,HDFC,,"[""Travel Booking"", ""Experience""]",500,,,1.5% to 2.5%,"[{""child"": ""Earn 1 Reward Points per ₹200 spent"", ""name"": ""Base Rewards""}, {""child"": ""Earn 10 Reward Points per ₹200 spent"", ""name"": ""Oyo""}, {""child"": ""Earn 10 Reward Points per ₹200 spent"", ""name"": ""Swiggy""}, {""child"": ""Earn 10 Reward Points per ₹200 spent"", ""name"": ""BigBasket""}, {""child"": ""Earn 10 Reward Points per ₹200 spent"", ""name"": ""Uber""}, {""child"": ""Earn 10 Reward Points per ₹200 spent"", ""name"": ""BookMyShow""}, {""child"": "" No Reward Points on this category."", ""name"": ""EMI""}, {""child"": "" No Reward Points on this category."", ""name"": ""Wallets""}, {""child"": "" No Reward Points on this category."", ""name"": ""Fuel""}, {""child"": "" No Reward Points on this category."", ""name"": ""Education""}]","[{""title"": "" Discover Reward Points Redemption Options"", ""subtitle"": ""To explore the full range of redemption options for this card, download the SaveSage Club app now."", ""barCodeImageUrl"": ""/"", ""appUrl"": ""https://savesage.co/ZH8bLjZqSPb""}]",,"[{""milestoneNumber"": 1, ""spent"": 20000, ""cycleType"": ""STATEMENT"", ""benefits"": ""The renewal fee will be waived."", ""milestoneType"": ""YEAR""}]",[],,,,"[{""mainTitle"": ""Swiggy Dineout"", ""child"": ""20% savings off on all your restaurant bill payments via Swiggy Dineout.""}]","[""20% savings off on all your restaurant bill payments via Swiggy Dineout.""]",,,,savesage.club,https://savesage.club/credit-card/hdfc-business-freedom
HDFC Paytm Digital credit card,HDFC Bank,HDFC,,"[""Experience"", ""Travel Booking"", ""Hotel Transfer"", ""Pay by Points""]",149,,,1% to 3%,"[{""child"": ""Earn 1 Reward Points per ₹100 spent"", ""name"": ""Base Rewards""}, {""child"": ""Earn 2 Reward Points per ₹100 spent"", ""name"": ""Swiggy""}, {""child"": ""Earn 2 Reward Points per ₹100 spent"", ""name"": ""Uber""}, {""child"": ""Earn 2 Reward Points per ₹100 spent"", ""name"": ""Paytm""}, {""child"": ""Earn 1 Reward Points per ₹100 spent"", ""name"": ""Travel""}, {""child"": "" No Reward Points on this category."", ""name"": ""Wallets""}, {""child"": "" No Reward Points on this category."", ""name"": ""Fuel""}, {""child"": "" No Reward Points on this category."", ""name"": ""EMI""}, {""child"": "" No Reward Points on this category."", ""name"": ""Rent""}, {""child"": "" No Reward Points on this category."", ""name"": ""Government""}]","[{""title"": "" Discover Reward Points Redemption Options"", ""subtitle"": ""To explore the full range of redemption options for this card, download the SaveSage Club app now."", ""barCodeImageUrl"": ""/"", ""appUrl"": ""https://savesage.co/ZH8bLjZqSPb""}]",,"[{""milestoneNumber"": 1, ""spent"": 1500, ""cycleType"": ""STATEMENT"", ""benefits"": ""The joining fee will be waived."", ""milestoneType"": ""YEAR""}, {""milestoneNumber"": 2, ""spent"": 25000, ""cycleType"": ""STATEMENT"", ""benefits"": ""The renewal fee will be waived."", ""milestoneType"": ""YEAR""}]",[],,,,[],[],,,,savesage.club,https://savesage.club/credit-card/hdfc-paytm-digital
HDFC Pine Labs credit card,HDFC Bank,HDFC,,"[""Brand Wallet"", ""Catalogue Products""]",499,,,1% to 3%,"[{""child"": ""Earn 4 Reward Points per ₹150 spent"", ""name"": ""Base Rewards""}, {""child"": ""Earn 5 Reward Points per ₹100 spent"", ""name"": ""IRCTC""}, {""child"": ""Earn 5 Reward Points per ₹100 spent"", ""name"": ""Telecom & Cables""}, {""child"": ""Earn 5 Reward Points per ₹100 spent"", ""name"": ""Utilities""}, {""child"": ""Earn 5 Reward Points per ₹100 spent"", ""name"": ""Government""}, {""child"": ""Earn 2 Reward Points per ₹150 spent"", ""name"": ""POS""}, {""child"": "" No Reward Points on this category."", ""name"": ""Wallets""}, {""child"": "" No Reward Points on this category."", ""name"": ""Fuel""}, {""child"": "" No Reward Points on this category."", ""name"": ""EMI""}]","[{""title"": "" Discover Reward Points Redemption Options"", ""subtitle"": ""To explore the full range of redemption options for this card, download the SaveSage Club app now."", ""barCodeImageUrl"": ""/"", ""appUrl"": ""https://savesage.co/ZH8bLjZqSPb""}]",,"[{""milestoneNumber"": 1, ""spent"": 45000, ""cycleType"": ""STATEMENT"", ""benefits"": ""The joining fee will be waived."", ""milestoneType"": ""QUARTER""}, {""milestoneNumber"": 2, ""spent"": 50000, ""cycleType"": ""STATEMENT"", ""benefits"": ""The renewal fee will be waived."", ""milestoneType"": ""YEAR""}, {""milestoneNumber"": 3, ""spent"": 180000, ""cycleType"": ""STATEMENT"", ""benefits"": ""Earn 2500 Bonus Reward Points."", ""milestoneType"": ""YEAR""}]",[],,,,"[{""mainTitle"": ""Insurance"", ""child"": ""Death Insurance coverage.""}]","[""Death Insurance coverage.""]",,,,savesage.club,https://savesage.club/credit-card/hdfc-pine-labs
HDFC Retailio credit card,HDFC Bank,HDFC,,[],499,,,NA,"[{""child"": ""Earn 2 Reward Points per ₹150 spent"", ""name"": ""Base Rewards""}, {""child"": ""Earn 4 Reward Points per ₹150 spent"", ""name"": ""Online""}, {""child"": "" No Reward Points on this category."", ""name"": ""EMI""}, {""child"": "" No Reward Points on this category."", ""name"": ""Wallets""}, {""child"": "" No Reward Points on this category."", ""name"": ""Fuel""}, {""child"": "" No Reward Points on this category."", ""name"": ""Government""}, {""child"": "" No Reward Points on this category."", ""name"": ""Rent""}]","[{""title"": "" Discover Reward Points Redemption Options"", ""subtitle"": ""To explore the full range of redemption options for this card, download the SaveSage Club app now."", ""barCodeImageUrl"": ""/"", ""appUrl"": ""https://savesage.co/ZH8bLjZqSPb""}]",,"[{""milestoneNumber"": 1, ""spent"": 25000, ""cycleType"": ""STATEMENT"", ""benefits"": ""Earn 500 reward points."", ""milestoneType"": ""MONTH""}, {""milestoneNumber"": 2, ""spent"": 50000, ""cycleType"": ""STATEMENT"", ""benefits"": ""Additional 1500 reward points."", ""milestoneType"": ""MONTH""}, {""milestoneNumber"": 3, ""spent"": 100000, ""cycleType"": ""STATEMENT"", ""benefits"": ""Earn 2000 reward points.Exclusive for RIO club members"", ""milestoneType"": ""QUARTER""}, {""milestoneNumber"": 4, ""spent"": 200000, ""cycleType"": ""STATEMENT"", ""benefits"": ""Additional 5000 reward points."", ""milestoneType"": ""QUARTER""}]",[],,,,[],[],,,,savesage.club,https://savesage.club/credit-card/hdfc-retailio
HDFC Platinum Edge credit card,HDFC Bank,HDFC,,[],599,,,NA,"[{""child"": ""Earn 2 Reward Points per ₹150 spent"", ""name"": ""Base Rewards""}, {""child"": ""Earn 2 Reward Points per ₹150 spent"", ""name"": ""Insurance""}, {""child"": ""Earn 2 Reward Points per ₹150 spent"", ""name"": ""Wallets""}, {""child"": "" No Reward Points on this category."", ""name"": ""Fuel""}]","[{""title"": "" Discover Reward Points Redemption Options"", ""subtitle"": ""To explore the full range of redemption options for this card, download the SaveSage Club app now."", ""barCodeImageUrl"": ""/"", ""appUrl"": ""https://savesage.co/ZH8bLjZqSPb""}]",,"[{""milestoneNumber"": 1, ""spent"": 50000, ""cycleType"": ""STATEMENT"", ""benefits"": ""The renewal fee will be waived."", ""milestoneType"": ""YEAR""}]",[],,,,"[{""mainTitle"": ""Death Insurance"", ""child"": ""Complimentary Accidental Death Insurance.""}]","[""Complimentary Accidental Death Insurance.""]",,,,savesage.club,https://savesage.club/credit-card/hdfc-platinum-edge
HDFC Best Price Save Max credit card,HDFC Bank,HDFC,,"[""Cashback""]",1000,,,1% to 3%,"[{""child"": ""Earn 2 Reward Points per ₹150 spent"", ""name"": ""Base Rewards""}, {""child"": ""Earn 6 Reward Points per ₹150 spent"", ""name"": ""Best Price Spends""}, {""child"": ""Earn 4 Reward Points per ₹150 spent"", ""name"": ""IRCTC""}, {""child"": ""Earn 4 Reward Points per ₹150 spent"", ""name"": ""Utilities""}, {""child"": ""Earn 4 Reward Points per ₹150 spent"", ""name"": ""Dining""}, {""child"": "" No Reward Points on this category."", ""name"": ""Fuel""}]","[{""title"": "" Discover Reward Points Redemption Options"", ""subtitle"": ""To explore the full range of redemption options for this card, download the SaveSage Club app now."", ""barCodeImageUrl"": ""/"", ""appUrl"": ""https://savesage.co/ZH8bLjZqSPb""}]",,"[{""milestoneNumber"": 1, ""spent"": 0, ""cycleType"": ""STATEMENT"", ""benefits"": ""Earn 800 Reward Points on 4 or more purchases at Best Price (minimum cart value Rs 150)"", ""milestoneType"": ""DAYS""}, {""milestoneNumber"": 2, ""spent"": 30000, ""cycleType"": ""STATEMENT"", ""benefits"": ""The joining fee will be waived."", ""milestoneType"": ""QUARTER""}, {""milestoneNumber"": 3, ""spent"": 75000, ""cycleType"": ""STATEMENT"", ""benefits"": ""The renewal fee will be waived."", ""milestoneType"": ""YEAR""}, {""milestoneNumber"": 4, ""spent"": 150000, ""cycleType"": ""STATEMENT"", ""benefits"": ""Earn 3,300 Reward Points."", ""milestoneType"": ""QUARTER""}]","[{""maintitle"": ""Domestic lounge"", ""limit"": [""8 per year""], ""eligibility"": [""8 complimentary access to 700+ lounges worldwide per year.""]}]",,,,"[{""mainTitle"": ""Accidental Air Death"", ""child"": ""Accidental air death cover.""}, {""mainTitle"": ""Flight Delay"", ""child"": ""Flight Delay cover.""}, {""mainTitle"": ""Missing Flight"", ""child"": ""Missing of Connecting International Flight cover.""}, {""mainTitle"": ""Overseas Hospitalization"", ""child"": ""Emergency overseas hospitalization protection.""}]","[""Accidental air death cover."", ""Flight Delay cover."", ""Missing of Connecting International Flight cover."", ""Emergency overseas hospitalization protection.""]",,,,savesage.club,https://savesage.club/credit-card/hdfc-best-price-save-max
BOB Unnati credit card,Bank of Baroda,BOB,,"[""Cashback""]",0,,,NA,"[{""child"": ""Earn 1 Reward Points per ₹100 spent"", ""name"": ""Base Rewards""}, {""child"": "" No Reward Points on this category."", ""name"": ""Fuel""}, {""child"": "" No Reward Points on this category."", ""name"": ""Rent""}, {""child"": "" No Reward Points on this category."", ""name"": ""Utilities""}, {""child"": "" No Reward Points on this category."", ""name"": ""Jewellery""}, {""child"": "" No Reward Points on this category."", ""name"": ""Wallet""}]","[{""title"": "" Discover Reward Points Redemption Options"", ""subtitle"": ""To explore the full range of redemption options for this card, download the SaveSage Club app now."", ""barCodeImageUrl"": ""/"", ""appUrl"": ""https://savesage.co/ZH8bLjZqSPb""}]",,"[{""milestoneNumber"": 1, ""spent"": 50000, ""cycleType"": ""STATEMENT"", ""benefits"": ""Cashback of ₹500."", ""milestoneType"": ""YEAR""}]",[],,,,[],[],,,,savesage.club,https://savesage.club/credit-card/bob-unnati
Axis Primus credit card,Axis Bank,Axis,,"[""Catalogue Products"", ""Experience"", ""Travel Booking"", ""Hotel Transfer""]",500000,,,1% to 2%,"[{""child"": ""Earn 1 Reward Points per ₹100 spent"", ""name"": ""Base Rewards""}, {""child"": ""Earn 1 Reward Points per ₹100 spent"", ""name"": ""Rent""}, {""child"": ""Earn 1 Reward Points per ₹100 spent"", ""name"": ""Wallets""}, {""child"": "" No Reward Points on this category."", ""name"": ""Fuel""}, {""child"": "" No Reward Points on this category."", ""name"": ""EMI""}, {""child"": "" No Reward Points on this category."", ""name"": ""UPI""}]","[{""title"": "" Discover Reward Points Redemption Options"", ""subtitle"": ""To explore the full range of redemption options for this card, download the SaveSage Club app now."", ""barCodeImageUrl"": ""/"", ""appUrl"": ""https://savesage.co/ZH8bLjZqSPb""}]",,"[{""milestoneNumber"": 1, ""spent"": 0, ""cycleType"": ""STATEMENT"", ""benefits"": ""25,000 Axis EDGE Miles or  Gift card of Rs 40,000 from ITC Hotels"", ""milestoneType"": ""YEAR""}, {""milestoneNumber"": 2, ""spent"": 300000, ""cycleType"": ""STATEMENT"", ""benefits"": ""15,000 EDGE Miles or E- Gift voucher of Rs 20,000 from ITC Hotels."", ""milestoneType"": ""YEAR""}, {""milestoneNumber"": 3, ""spent"": 2000000, ""cycleType"": ""STATEMENT"", ""benefits"": ""For spends between INR 20-30 Lacs -> 15,000 Edge Miles (inclusive of both the\nvalues)."", ""milestoneType"": ""YEAR""}, {""milestoneNumber"": 4, ""spent"": 3000001, ""cycleType"": ""STATEMENT"", ""benefits"": ""For spends between INR 30.01-50 Lacs -> 25,000 Edge Miles (inclusive of both the values)."", ""milestoneType"": ""YEAR""}, {""milestoneNumber"": 5, ""spent"": 5000001, ""cycleType"": ""STATEMENT"", ""benefits"": ""For Spends greater than 50.01 Lacs -> 35,000 Edge Miles."", ""milestoneType"": ""YEAR""}]","[{""maintitle"": ""Domestic lounge"", ""limit"": [""Unlimited""], ""eligibility"": [""Minimum spends of ₹50k in previous 3 calendar months.""]}, {""maintitle"": ""Guest lounge"", ""limit"": [""12 per year""], ""eligibility"": [""Minimum spends of ₹50k in previous 3 calendar months.""]}, {""maintitle"": ""International lounge"", ""limit"": [""Unlimited""], ""eligibility"": [""Unlimited through Priority Pass membership""]}]",,,,"[{""mainTitle"": ""Airport Service"", ""child"": ""Airport Services.""}, {""mainTitle"": ""Airport Service"", ""child"": ""Meet and Greet""}, {""mainTitle"": ""Bloomberg"", ""child"": ""Real-time news delivery mechanism along with\nadded exclusive offerings.""}, {""mainTitle"": ""Concierge"", ""child"": ""Concierge Service""}, {""mainTitle"": ""Epicure Program"", ""child"": ""Access to the New Epicure program.""}, {""mainTitle"": ""Golf"", ""child"": ""Complimentary rounds of golf/golf lessons.""}, {""mainTitle"": ""Hotel"", ""child"": ""One free night stay.""}, {""mainTitle"": ""Insurance"", ""child"": ""Lost card liability of INR 25,00,000.""}, {""mainTitle"": ""Insurance"", ""child"": ""Baggage Cover Insurance""}]","[""Airport Services."", ""Meet and Greet"", ""Real-time news delivery mechanism along with\nadded exclusive offerings."", ""Concierge Service"", ""Access to the New Epicure program."", ""Complimentary rounds of golf/golf lessons."", ""One free night stay."", ""Lost card liability of INR 25,00,000."", ""Baggage Cover Insurance""]",,,,savesage.club,https://savesage.club/credit-card/axis-primus
DBS 10X Plus Signature Supercard credit card,DBS Bank,DBS,,[],4999,,,NA,"[{""child"": ""Earn 2 Reward Points per ₹200 spent"", ""name"": ""Base Rewards""}, {""child"": ""Earn 40 Reward Points per ₹200 spent"", ""name"": ""DBS Delights""}, {""child"": "" No Reward Points on this category."", ""name"": ""Rent""}, {""child"": "" No Reward Points on this category."", ""name"": ""Wallets""}, {""child"": "" No Reward Points on this category."", ""name"": ""Jewellery""}, {""child"": "" No Reward Points on this category."", ""name"": ""Fuel""}]","[{""title"": "" Discover Reward Points Redemption Options"", ""subtitle"": ""To explore the full range of redemption options for this card, download the SaveSage Club app now."", ""barCodeImageUrl"": ""/"", ""appUrl"": ""https://savesage.co/ZH8bLjZqSPb""}]",,"[{""milestoneNumber"": 1, ""spent"": 0, ""cycleType"": ""STATEMENT"", ""benefits"": ""20,000 Cash Points"", ""milestoneType"": ""DAYS""}, {""milestoneNumber"": 2, ""spent"": 20000, ""cycleType"": ""STATEMENT"", ""benefits"": ""Cardholders spending ₹20,000+ monthly earn 10X rewards on eligible spends."", ""milestoneType"": ""MONTH""}]","[{""maintitle"": ""Domestic lounge"", ""limit"": [""8 per year""], ""eligibility"": [""No explicit spend condition""]}, {""maintitle"": ""International lounge"", ""limit"": [""2 per year""], ""eligibility"": [""No explicit spend condition""]}]",,,,[],[],,,,savesage.club,https://savesage.club/credit-card/dbs-10x-plus-signature-supercard
DBS 10X Signature Supercard credit card,DBS Bank,DBS,,[],2999,,,NA,"[{""child"": ""Earn 2 Reward Points per ₹200 spent"", ""name"": ""Base Rewards""}, {""child"": ""Earn 40 Reward Points per ₹200 spent"", ""name"": ""DBS Delights""}, {""child"": "" No Reward Points on this category."", ""name"": ""Fuel""}, {""child"": "" No Reward Points on this category."", ""name"": ""Rent""}, {""child"": "" No Reward Points on this category."", ""name"": ""Wallets""}, {""child"": "" No Reward Points on this category."", ""name"": ""Jewellery""}]","[{""title"": "" Discover Reward Points Redemption Options"", ""subtitle"": ""To explore the full range of redemption options for this card, download the SaveSage Club app now."", ""barCodeImageUrl"": ""/"", ""appUrl"": ""https://savesage.co/ZH8bLjZqSPb""}]",,"[{""milestoneNumber"": 1, ""spent"": 20000, ""cycleType"": ""STATEMENT"", ""benefits"": ""Cardholders spending ₹20,000+ monthly earn 10X rewards on eligible spends."", ""milestoneType"": ""MONTH""}]","[{""maintitle"": ""Domestic lounge"", ""limit"": [""2 per quarter""], ""eligibility"": [""No explicit spend condition""]}]",,,,[],[],,,,savesage.club,https://savesage.club/credit-card/dbs-10x-signature-supercard
DBS 5X Plus Signature Supercard credit card,DBS Bank,DBS,,"[""Experience""]",undefined,,,NA,[],"[{""title"": "" Discover Reward Points Redemption Options"", ""subtitle"": ""To explore the full range of redemption options for this card, download the SaveSage Club app now."", ""barCodeImageUrl"": ""/"", ""appUrl"": ""https://savesage.co/ZH8bLjZqSPb""}]",,"[{""milestoneNumber"": 1, ""spent"": 10000, ""cycleType"": ""STATEMENT"", ""benefits"": ""Cardholders spending ₹10,000+ monthly earn 5X rewards on eligible spends.An extra 8 Cash Points per ₹200 spent will be credited beyond base rewards."", ""milestoneType"": ""MONTH""}, {""milestoneNumber"": 2, ""spent"": 70000, ""cycleType"": ""STATEMENT"", ""benefits"": ""The renewal fee will be waived."", ""milestoneType"": ""YEAR""}]",[],,,,[],[],,,,savesage.club,https://savesage.club/credit-card/dbs-5x-plus-signature-supercard
DBS 5X Supercard credit card,DBS Bank,DBS,,[],499,,,NA,"[{""child"": ""Earn 2 Reward Points per ₹200 spent"", ""name"": ""Base Rewards""}, {""child"": ""Earn 20 Reward Points per ₹200 spent"", ""name"": ""DBS Delights""}, {""child"": "" No Reward Points on this category."", ""name"": ""Rent""}, {""child"": "" No Reward Points on this category."", ""name"": ""Wallets""}, {""child"": "" No Reward Points on this category."", ""name"": ""Jewellery""}, {""child"": "" No Reward Points on this category."", ""name"": ""Fuel""}]","[{""title"": "" Discover Reward Points Redemption Options"", ""subtitle"": ""To explore the full range of redemption options for this card, download the SaveSage Club app now."", ""barCodeImageUrl"": ""/"", ""appUrl"": ""https://savesage.co/ZH8bLjZqSPb""}]",,"[{""milestoneNumber"": 1, ""spent"": 50000, ""cycleType"": ""STATEMENT"", ""benefits"": ""The renewal fee will be waived."", ""milestoneType"": ""YEAR""}, {""milestoneNumber"": 2, ""spent"": 100000, ""cycleType"": ""STATEMENT"", ""benefits"": ""Cardholders spending ₹10,000+ monthly earn 5X rewards on eligible spends."", ""milestoneType"": ""MONTH""}]",[],,,,[],[],,,,savesage.club,https://savesage.club/credit-card/dbs-5x-supercard
DBS 7X Plus Supercard credit card,DBS Bank,DBS,,"[""Airline Transfer"", ""Hotel Transfer"", ""Travel Booking""]",1999,,,1% to 3%,"[{""child"": ""Earn 2 Reward Points per ₹200 spent"", ""name"": ""Base Rewards""}, {""child"": ""Earn 30 Reward Points per ₹200 spent"", ""name"": ""DBS Delights""}, {""child"": "" No Reward Points on this category."", ""name"": ""Fuel""}, {""child"": "" No Reward Points on this category."", ""name"": ""Jewellery""}, {""child"": "" No Reward Points on this category."", ""name"": ""Utilities""}, {""child"": "" No Reward Points on this category."", ""name"": ""Wallets""}, {""child"": "" No Reward Points on this category."", ""name"": ""Rent""}]","[{""title"": "" Discover Reward Points Redemption Options"", ""subtitle"": ""To explore the full range of redemption options for this card, download the SaveSage Club app now."", ""barCodeImageUrl"": ""/"", ""appUrl"": ""https://savesage.co/ZH8bLjZqSPb""}]",,"[{""milestoneNumber"": 1, ""spent"": 0, ""cycleType"": ""STATEMENT"", ""benefits"": ""8,000 Cash Points"", ""milestoneType"": ""DAYS""}, {""milestoneNumber"": 2, ""spent"": 15000, ""cycleType"": ""STATEMENT"", ""benefits"": ""Cardholders spending ₹15,000+ monthly earn 7X rewards on eligible spends."", ""milestoneType"": ""MONTH""}]","[{""maintitle"": ""Domestic lounge"", ""limit"": [""2 per quarter""], ""eligibility"": [""No explicit spend condition""]}]",,,,[],[],,,,savesage.club,https://savesage.club/credit-card/dbs-7x-plus-supercard
DBS 7X Supercard credit card,DBS Bank,DBS,,[],1499,,,NA,"[{""child"": ""Earn 2 Reward Points per ₹200 spent"", ""name"": ""Base Rewards""}, {""child"": ""Earn 30 Reward Points per ₹200 spent"", ""name"": ""DBS Delights""}, {""child"": "" No Reward Points on this category."", ""name"": ""Fuel""}, {""child"": "" No Reward Points on this category."", ""name"": ""Rent""}, {""child"": "" No Reward Points on this category."", ""name"": ""Wallets""}, {""child"": "" No Reward Points on this category."", ""name"": ""Utilities""}]","[{""title"": "" Discover Reward Points Redemption Options"", ""subtitle"": ""To explore the full range of redemption options for this card, download the SaveSage Club app now."", ""barCodeImageUrl"": ""/"", ""appUrl"": ""https://savesage.co/ZH8bLjZqSPb""}]",,"[{""milestoneNumber"": 1, ""spent"": 0, ""cycleType"": ""STATEMENT"", ""benefits"": ""6,000 Cash Points"", ""milestoneType"": ""DAYS""}, {""milestoneNumber"": 2, ""spent"": 15000, ""cycleType"": ""STATEMENT"", ""benefits"": ""Cardholders spending ₹15,000+ monthly earn 7X rewards on eligible spends."", ""milestoneType"": ""MONTH""}]","[{""maintitle"": ""Domestic lounge"", ""limit"": [""1 per quarter""], ""eligibility"": [""No explicit spend condition""]}]",,,,[],[],,,,savesage.club,https://savesage.club/credit-card/dbs-7x-supercard
DBS Spark 10 credit card,DBS Bank,DBS,,[],999,,,NA,"[{""child"": ""Earn 2 Reward Points per ₹200 spent"", ""name"": ""Base Rewards""}, {""child"": "" No Reward Points on this category."", ""name"": ""Fuel""}, {""child"": "" No Reward Points on this category."", ""name"": ""Rent""}, {""child"": "" No Reward Points on this category."", ""name"": ""Wallets""}, {""child"": "" No Reward Points on this category."", ""name"": ""Jewellery""}]","[{""title"": "" Discover Reward Points Redemption Options"", ""subtitle"": ""To explore the full range of redemption options for this card, download the SaveSage Club app now."", ""barCodeImageUrl"": ""/"", ""appUrl"": ""https://savesage.co/ZH8bLjZqSPb""}]",,"[{""milestoneNumber"": 1, ""spent"": 0, ""cycleType"": ""STATEMENT"", ""benefits"": ""5,000 Cash Points"", ""milestoneType"": ""DAYS""}, {""milestoneNumber"": 2, ""spent"": 15000, ""cycleType"": ""STATEMENT"", ""benefits"": ""Cardholders spending ₹15,000+ monthly earn 10X points on online spends & 5X on offline spends.An extra 18 points (online) & 8 points (offline) per ₹200 spent will be credited beyond base points."", ""milestoneType"": ""MONTH""}, {""milestoneNumber"": 3, ""spent"": 75000, ""cycleType"": ""STATEMENT"", ""benefits"": ""Spend ₹75,000 quarterly to earn 3,500 points."", ""milestoneType"": ""QUARTER""}, {""milestoneNumber"": 4, ""spent"": 200000, ""cycleType"": ""STATEMENT"", ""benefits"": ""The renewal fee will be waived."", ""milestoneType"": ""YEAR""}]","[{""maintitle"": ""Domestic lounge"", ""limit"": [""1 per quarter""], ""eligibility"": [""spend a minimum of ₹20,000 in the current calendar quarter""]}]",,,,"[{""mainTitle"": ""BookMyShow"", ""child"": ""Get one free movie ticket.""}, {""mainTitle"": ""EazyDiner"", ""child"": ""15% Off Upto ₹500""}]","[""Get one free movie ticket."", ""15% Off Upto ₹500""]",,,,savesage.club,https://savesage.club/credit-card/dbs-spark-10
DBS Spark 20 credit card,DBS Bank,DBS,,"[""Experience""]",1499,,,3% to 5%,"[{""child"": ""Earn 2 Reward Points per ₹200 spent"", ""name"": ""Base Rewards""}, {""child"": "" No Reward Points on this category."", ""name"": ""Fuel""}, {""child"": "" No Reward Points on this category."", ""name"": ""Rent""}, {""child"": "" No Reward Points on this category."", ""name"": ""Wallets""}, {""child"": "" No Reward Points on this category."", ""name"": ""Jewellery""}]","[{""title"": "" Discover Reward Points Redemption Options"", ""subtitle"": ""To explore the full range of redemption options for this card, download the SaveSage Club app now."", ""barCodeImageUrl"": ""/"", ""appUrl"": ""https://savesage.co/ZH8bLjZqSPb""}]",,"[{""milestoneNumber"": 1, ""spent"": 0, ""cycleType"": ""STATEMENT"", ""benefits"": ""7,500 Cash Points"", ""milestoneType"": ""DAYS""}, {""milestoneNumber"": 2, ""spent"": 20000, ""cycleType"": ""STATEMENT"", ""benefits"": ""Cardholders spending ₹20,000+ monthly earn 20X on Utility, Dining & Grocery, 15X on other online spends, and 5X on offline spends. An extra 38 (Grocery, Dining, Utility), 28 (other online), & 8 (offline) points per ₹200 spent will be credited beyond base points."", ""milestoneType"": ""MONTH""}, {""milestoneNumber"": 3, ""spent"": 100000, ""cycleType"": ""STATEMENT"", ""benefits"": ""Earn 5,000 points."", ""milestoneType"": ""QUARTER""}]","[{""maintitle"": ""Domestic lounge"", ""limit"": [""2 per quarter""], ""eligibility"": [""spend a minimum of ₹20,000 in the current calendar quarter""]}]",,,,"[{""mainTitle"": ""BookMyShow"", ""child"": ""Get one free movie ticket.""}, {""mainTitle"": ""EazyDiner"", ""child"": ""15% Off Upto ₹500""}]","[""Get one free movie ticket."", ""15% Off Upto ₹500""]",,,,savesage.club,https://savesage.club/credit-card/dbs-spark-20
DBS Spark 5 credit card,DBS Bank,DBS,,"[""Experience""]",499,,,1% to 3%,"[{""child"": ""Earn 2 Reward Points per ₹200 spent"", ""name"": ""Base Rewards""}, {""child"": "" No Reward Points on this category."", ""name"": ""Fuel""}, {""child"": "" No Reward Points on this category."", ""name"": ""Rent""}, {""child"": "" No Reward Points on this category."", ""name"": ""Wallets""}, {""child"": "" No Reward Points on this category."", ""name"": ""Jewellery""}, {""child"": "" No Reward Points on this category."", ""name"": ""EMI""}]","[{""title"": "" Discover Reward Points Redemption Options"", ""subtitle"": ""To explore the full range of redemption options for this card, download the SaveSage Club app now."", ""barCodeImageUrl"": ""/"", ""appUrl"": ""https://savesage.co/ZH8bLjZqSPb""}]",,"[{""milestoneNumber"": 1, ""spent"": 0, ""cycleType"": ""STATEMENT"", ""benefits"": ""2,500 Cash Points"", ""milestoneType"": ""DAYS""}, {""milestoneNumber"": 2, ""spent"": 10000, ""cycleType"": ""STATEMENT"", ""benefits"": ""Cardholders spending ₹10,000+ monthly earn 5X rewards on eligible spends.An extra 8 Cash Points per ₹200 spent will be credited beyond base rewards."", ""milestoneType"": ""MONTH""}, {""milestoneNumber"": 3, ""spent"": 50000, ""cycleType"": ""STATEMENT"", ""benefits"": ""Earn 2,500 points."", ""milestoneType"": ""QUARTER""}, {""milestoneNumber"": 4, ""spent"": 150000, ""cycleType"": ""STATEMENT"", ""benefits"": ""The renewal fee will be waived."", ""milestoneType"": ""YEAR""}]","[{""maintitle"": ""Domestic lounge"", ""limit"": [""1 per quarter""], ""eligibility"": [""spend a minimum of ₹20,000 in the current calendar quarter""]}]",,,,"[{""mainTitle"": ""BookMyShow"", ""child"": ""Get one free movie ticket.""}, {""mainTitle"": ""EazyDiner"", ""child"": ""15% Off Upto ₹500""}]","[""Get one free movie ticket."", ""15% Off Upto ₹500""]",,,,savesage.club,https://savesage.club/credit-card/dbs-spark-5
DBS Vantage credit card,DBS Bank,DBS,,"[""Cashback""]",50000,,,2% to 4%,"[{""child"": ""Earn 4 Reward Points per ₹200 spent"", ""name"": ""Base Rewards""}, {""child"": ""Earn 10 Reward Points per ₹200 spent"", ""name"": ""Duty-Free""}, {""child"": ""Earn 8 Reward Points per ₹200 spent"", ""name"": ""International""}, {""child"": ""Earn 4 Reward Points per ₹200 spent"", ""name"": ""Singapore (Txn)""}, {""child"": "" No Reward Points on this category."", ""name"": ""Rent""}, {""child"": "" No Reward Points on this category."", ""name"": ""Fuel""}, {""child"": "" No Reward Points on this category."", ""name"": ""Wallets""}]","[{""title"": "" Discover Reward Points Redemption Options"", ""subtitle"": ""To explore the full range of redemption options for this card, download the SaveSage Club app now."", ""barCodeImageUrl"": ""/"", ""appUrl"": ""https://savesage.co/ZH8bLjZqSPb""}]",,"[{""milestoneNumber"": 1, ""spent"": 0, ""cycleType"": ""STATEMENT"", ""benefits"": ""10,000 Vantage Points"", ""milestoneType"": ""DAYS""}, {""milestoneNumber"": 2, ""spent"": 300000, ""cycleType"": ""STATEMENT"", ""benefits"": ""5,000 bonus VP on spends of ₹3,00,000 in a calendar quarter"", ""milestoneType"": ""QUARTER""}, {""milestoneNumber"": 3, ""spent"": 500000, ""cycleType"": ""STATEMENT"", ""benefits"": ""10,000 bonus VP on spends of ₹500,000 in a calendar quarter."", ""milestoneType"": ""QUARTER""}, {""milestoneNumber"": 4, ""spent"": 1000000, ""cycleType"": ""STATEMENT"", ""benefits"": ""The renewal fee will be waived."", ""milestoneType"": ""YEAR""}, {""milestoneNumber"": 5, ""spent"": 2000000, ""cycleType"": ""STATEMENT"", ""benefits"": ""40,000 bonus VP on spends of ₹2,000,000 in a calendar year."", ""milestoneType"": ""QUARTER""}]","[{""maintitle"": ""Domestic lounge"", ""limit"": [""Unlimited""], ""eligibility"": [""No explicit spend condition""]}, {""maintitle"": ""International lounge"", ""limit"": [""Unlimited""], ""eligibility"": [""No explicit spend condition""]}]",,,,"[{""mainTitle"": ""Duty Free Stores"", ""child"": ""10% Cashback.""}, {""mainTitle"": ""EazyDiner"", ""child"": ""20% Off Upto ₹1500""}, {""mainTitle"": ""Golf"", ""child"": ""Golf Sessions""}, {""mainTitle"": ""Hotel"", ""child"": ""Premium hotel memberships.""}]","[""10% Cashback."", ""20% Off Upto ₹1500"", ""Golf Sessions"", ""Premium hotel memberships.""]",,,,savesage.club,https://savesage.club/credit-card/dbs-vantage
Indian Platinum (Visa) credit card,Indian Bank,Indian,Visa,"[""Cashback""]",undefined,,,0.5% to 1%,[],"[{""title"": "" Discover Reward Points Redemption Options"", ""subtitle"": ""To explore the full range of redemption options for this card, download the SaveSage Club app now."", ""barCodeImageUrl"": ""/"", ""appUrl"": ""https://savesage.co/ZH8bLjZqSPb""}]",,[],[],,,,[],[],,,,savesage.club,https://savesage.club/credit-card/indian-platinum-visa
IndusInd Platinum (Visa) credit card,IndusInd Bank,IndusInd,Visa,"[""Experience"", ""Travel Booking"", ""Hotel Transfer""]",0,,,NA,"[{""child"": ""Earn 1 Reward Points per ₹200 spent"", ""name"": ""Base Rewards""}, {""child"": ""Earn 1 Reward Points per ₹200 spent"", ""name"": ""Government""}, {""child"": ""Earn 1 Reward Points per ₹200 spent"", ""name"": ""Insurance""}, {""child"": ""Earn 1 Reward Points per ₹200 spent"", ""name"": ""Online Shopping""}, {""child"": ""Earn 1 Reward Points per ₹200 spent"", ""name"": ""Offline""}, {""child"": ""Earn 1 Reward Points per ₹200 spent"", ""name"": ""Utilities""}, {""child"": ""Earn 1 Reward Points per ₹200 spent"", ""name"": ""Education""}, {""child"": ""Earn 1 Reward Points per ₹200 spent"", ""name"": ""Rent""}, {""child"": ""Earn 1 Reward Points per ₹200 spent"", ""name"": ""Jewellery""}, {""child"": ""Earn 1 Reward Points per ₹200 spent"", ""name"": ""Wallets""}, {""child"": ""Earn 1 Reward Points per ₹200 spent"", ""name"": ""Online""}, {""child"": "" No Reward Points on this category."", ""name"": ""EMI""}, {""child"": "" No Reward Points on this category."", ""name"": ""Fuel""}]","[{""title"": "" Discover Reward Points Redemption Options"", ""subtitle"": ""To explore the full range of redemption options for this card, download the SaveSage Club app now."", ""barCodeImageUrl"": ""/"", ""appUrl"": ""https://savesage.co/ZH8bLjZqSPb""}]",,[],[],,,,[],[],,,,savesage.club,https://savesage.club/credit-card/indusind-platinum-visa
SBI Prime (Visa) credit card,SBI Card,SBI,Visa,"[""Catalogue Brand Vouchers""]",2999,,,1.25% to 2.5%,"[{""child"": ""Earn 2 Reward Points per ₹100 spent"", ""name"": ""Base Rewards""}, {""child"": ""Earn 20 Reward Points per ₹100 spent"", ""name"": ""Birthday""}, {""child"": ""Earn 10 Reward Points per ₹100 spent"", ""name"": ""Grocery""}, {""child"": ""Earn 10 Reward Points per ₹100 spent"", ""name"": ""Departmental Stores""}, {""child"": ""Earn 10 Reward Points per ₹100 spent"", ""name"": ""Dining""}, {""child"": ""Earn 10 Reward Points per ₹100 spent"", ""name"": ""Movies""}, {""child"": "" No Reward Points on this category."", ""name"": ""Jewellery""}, {""child"": "" No Reward Points on this category."", ""name"": ""Government""}, {""child"": "" No Reward Points on this category."", ""name"": ""Rent""}, {""child"": "" No Reward Points on this category."", ""name"": ""Utilities""}, {""child"": "" No Reward Points on this category."", ""name"": ""Wallets""}, {""child"": "" No Reward Points on this category."", ""name"": ""Fuel""}, {""child"": "" No Reward Points on this category."", ""name"": ""EMI""}]","[{""title"": "" Discover Reward Points Redemption Options"", ""subtitle"": ""To explore the full range of redemption options for this card, download the SaveSage Club app now."", ""barCodeImageUrl"": ""/"", ""appUrl"": ""https://savesage.co/ZH8bLjZqSPb""}]",,"[{""milestoneNumber"": 1, ""spent"": 0, ""cycleType"": ""STATEMENT"", ""benefits"": ""E-gift Voucher worth Rs. 3,000 from any of the following brands: Bata/Hush Puppies, Pantaloons, Aditya Birla Fashion, Shoppers Stop and Yatra.com"", ""milestoneType"": ""YEAR""}, {""milestoneNumber"": 2, ""spent"": 50000, ""cycleType"": ""STATEMENT"", ""benefits"": ""Pizza Hut voucher worth ₹1,000."", ""milestoneType"": ""YEAR""}, {""milestoneNumber"": 3, ""spent"": 300000, ""cycleType"": ""STATEMENT"", ""benefits"": ""The renewal fee will be waived."", ""milestoneType"": ""YEAR""}, {""milestoneNumber"": 4, ""spent"": 500000, ""cycleType"": ""STATEMENT"", ""benefits"": ""E-gift voucher worth ₹7,000 from Yatra.com / Pantaloons."", ""milestoneType"": ""YEAR""}]","[{""maintitle"": ""Domestic lounge"", ""limit"": [""2 per quarter""], ""eligibility"": [""No explicit spend condition""]}, {""maintitle"": ""International lounge"", ""limit"": [""2 per quarter""], ""eligibility"": [""4 Complimentary Lounge Access using Priority Pass.""]}]",,,,"[{""mainTitle"": ""Avis"", ""child"": ""Up to 35% off""}, {""mainTitle"": ""Hertz"", ""child"": ""10% discount""}, {""mainTitle"": ""ITC"", ""child"": ""Club ITC Membership""}]","[""Up to 35% off"", ""10% discount"", ""Club ITC Membership""]",,,,savesage.club,https://savesage.club/credit-card/sbi-prime-visa
Yes Bank Klick Rupay (Kiwi) credit card,Yes Bank,Yes Bank,,"[""Experience""]",0,,,1% to 3%,"[{""child"": ""Earn 2 Reward Points per ₹100 spent"", ""name"": ""Base Rewards""}, {""child"": ""Earn 8 Reward Points per ₹100 spent"", ""name"": ""UPI Scan (Neon Members)""}, {""child"": ""Earn 6 Reward Points per ₹100 spent"", ""name"": ""UPI Scan (Non-Neon Members)""}, {""child"": ""Earn 2 Reward Points per ₹100 spent"", ""name"": ""Non-Kiwi Txn""}, {""child"": ""Earn 2 Reward Points per ₹100 spent"", ""name"": ""Railways""}, {""child"": "" No Reward Points on this category."", ""name"": ""Retail""}, {""child"": "" No Reward Points on this category."", ""name"": ""Transportation""}, {""child"": "" No Reward Points on this category."", ""name"": ""Agricultural""}, {""child"": "" No Reward Points on this category."", ""name"": ""Wallets""}, {""child"": "" No Reward Points on this category."", ""name"": ""Government""}, {""child"": "" No Reward Points on this category."", ""name"": ""Business Spends""}, {""child"": "" No Reward Points on this category."", ""name"": ""Marketing""}, {""child"": "" No Reward Points on this category."", ""name"": ""Education""}, {""child"": "" No Reward Points on this category."", ""name"": ""Fuel""}, {""child"": "" No Reward Points on this category."", ""name"": ""Rent""}, {""child"": "" No Reward Points on this category."", ""name"": ""Jewellery""}, {""child"": "" No Reward Points on this category."", ""name"": ""Utilities""}, {""child"": "" No Reward Points on this category."", ""name"": ""Insurance""}, {""child"": "" No Reward Points on this category."", ""name"": ""Professional Services""}]","[{""title"": "" Discover Reward Points Redemption Options"", ""subtitle"": ""To explore the full range of redemption options for this card, download the SaveSage Club app now."", ""barCodeImageUrl"": ""/"", ""appUrl"": ""https://savesage.co/ZH8bLjZqSPb""}]",,"[{""milestoneNumber"": 1, ""spent"": 50000, ""cycleType"": ""STATEMENT"", ""benefits"": ""Additional 2K Kiwis worth ₹500."", ""milestoneType"": ""YEAR""}, {""milestoneNumber"": 2, ""spent"": 100000, ""cycleType"": ""STATEMENT"", ""benefits"": ""Additional 6K Kiwis worth ₹1500."", ""milestoneType"": ""YEAR""}, {""milestoneNumber"": 3, ""spent"": 150000, ""cycleType"": ""STATEMENT"", ""benefits"": ""Additional 10K Kiwis worth ₹2500."", ""milestoneType"": ""YEAR""}]","[{""maintitle"": ""Domestic lounge"", ""limit"": [""3 per year""], ""eligibility"": [""3 lounge accesses in a year by reaching higher milestones (₹ 50,000, ₹ 1,00,000, ₹ 1,50,000).""]}]",,,,[],[],,,,savesage.club,https://savesage.club/credit-card/yes-bank-klick-rupay-kiwi
ICICI Intermiles Rubyx (Rupay) credit card,ICICI Bank,ICICI,Rupay,"[""Catalogue Products"", ""Cashback""]",2500,,,0.25% to 0.75%,"[{""child"": ""Earn 4 Reward Points per ₹100 spent"", ""name"": ""Base Rewards""}, {""child"": ""Earn 10 Reward Points per ₹100 spent"", ""name"": ""Intermiles (Etihad)""}, {""child"": ""Earn 8 Reward Points per ₹100 spent"", ""name"": ""Intermiles""}, {""child"": ""Earn 5 Reward Points per ₹100 spent"", ""name"": ""International""}, {""child"": ""Earn 4 Reward Points per ₹100 spent"", ""name"": ""UPI""}, {""child"": ""Earn 4 Reward Points per ₹100 spent"", ""name"": ""EMI""}, {""child"": ""Earn 1 Reward Points per ₹100 spent"", ""name"": ""Utilities""}, {""child"": ""Earn 1 Reward Points per ₹100 spent"", ""name"": ""Insurance""}, {""child"": "" No Reward Points on this category."", ""name"": ""Jewellery""}, {""child"": "" No Reward Points on this category."", ""name"": ""Skill Based Gaming""}, {""child"": "" No Reward Points on this category."", ""name"": ""Wallets""}, {""child"": "" No Reward Points on this category."", ""name"": ""Fuel""}, {""child"": "" No Reward Points on this category."", ""name"": ""Rent""}]","[{""title"": "" Discover Reward Points Redemption Options"", ""subtitle"": ""To explore the full range of redemption options for this card, download the SaveSage Club app now."", ""barCodeImageUrl"": ""/"", ""appUrl"": ""https://savesage.co/ZH8bLjZqSPb""}]",,[],"[{""maintitle"": ""Domestic lounge"", ""limit"": [""1 per quarter""], ""eligibility"": [""Spend ₹75k in previous calendar quarter.""]}]",,,,"[{""mainTitle"": ""BookMyShow"", ""child"": ""25% discount on the purchase of 2 tickets per transaction""}, {""mainTitle"": ""Concierge"", ""child"": ""I-Assist""}, {""mainTitle"": ""Intermiles"", ""child"": ""Hotel Discount Voucher""}, {""mainTitle"": ""Intermiles"", ""child"": ""5% Discount on Flight Bookings""}]","[""25% discount on the purchase of 2 tickets per transaction"", ""I-Assist"", ""Hotel Discount Voucher"", ""5% Discount on Flight Bookings""]",,,,savesage.club,https://savesage.club/credit-card/icici-intermiles-rubyx-rupay
ICICI Rubyx (Rupay) credit card,ICICI Bank,ICICI,Rupay,"[""Catalogue Products""]",3000,,,1% to 3%,"[{""child"": ""Earn 2 Reward Points per ₹100 spent"", ""name"": ""Base Rewards""}, {""child"": ""Earn 4 Reward Points per ₹100 spent"", ""name"": ""International""}, {""child"": ""Earn 2 Reward Points per ₹100 spent"", ""name"": ""Grocery""}, {""child"": ""Earn 2 Reward Points per ₹100 spent"", ""name"": ""EMI""}, {""child"": ""Earn 2 Reward Points per ₹100 spent"", ""name"": ""Education""}, {""child"": ""Earn 2 Reward Points per ₹100 spent"", ""name"": ""UPI""}, {""child"": ""Earn 1 Reward Points per ₹100 spent"", ""name"": ""Government""}, {""child"": ""Earn 1 Reward Points per ₹100 spent"", ""name"": ""Utilities""}, {""child"": ""Earn 1 Reward Points per ₹100 spent"", ""name"": ""Insurance""}, {""child"": "" No Reward Points on this category."", ""name"": ""Skill Based Gaming""}, {""child"": "" No Reward Points on this category."", ""name"": ""Rent""}, {""child"": "" No Reward Points on this category."", ""name"": ""Fuel""}, {""child"": "" No Reward Points on this category."", ""name"": ""Wallets""}, {""child"": "" No Reward Points on this category."", ""name"": ""Jewellery""}]","[{""title"": "" Discover Reward Points Redemption Options"", ""subtitle"": ""To explore the full range of redemption options for this card, download the SaveSage Club app now."", ""barCodeImageUrl"": ""/"", ""appUrl"": ""https://savesage.co/ZH8bLjZqSPb""}]",,"[{""milestoneNumber"": 1, ""spent"": 300000, ""cycleType"": ""STATEMENT"", ""benefits"": ""3,000 RPs."", ""milestoneType"": ""YEAR""}, {""milestoneNumber"": 2, ""spent"": 400000, ""cycleType"": ""STATEMENT"", ""benefits"": ""Earn 1,500 RPs."", ""milestoneType"": ""YEAR""}, {""milestoneNumber"": 3, ""spent"": 500000, ""cycleType"": ""STATEMENT"", ""benefits"": ""Earn 1,500 RPs."", ""milestoneType"": ""YEAR""}, {""milestoneNumber"": 4, ""spent"": 600000, ""cycleType"": ""STATEMENT"", ""benefits"": ""Earn 1,500 RPs."", ""milestoneType"": ""YEAR""}, {""milestoneNumber"": 5, ""spent"": 700000, ""cycleType"": ""STATEMENT"", ""benefits"": ""Earn 1,500 RPs."", ""milestoneType"": ""YEAR""}, {""milestoneNumber"": 6, ""spent"": 800000, ""cycleType"": ""STATEMENT"", ""benefits"": ""Earn 1,500 RPs."", ""milestoneType"": ""YEAR""}, {""milestoneNumber"": 7, ""spent"": 900000, ""cycleType"": ""STATEMENT"", ""benefits"": ""Earn 1,500 RPs."", ""milestoneType"": ""YEAR""}, {""milestoneNumber"": 8, ""spent"": 1000000, ""cycleType"": ""STATEMENT"", ""benefits"": ""Earn 1,500 RPs."", ""milestoneType"": ""YEAR""}, {""milestoneNumber"": 9, ""spent"": 1100000, ""cycleType"": ""STATEMENT"", ""benefits"": ""Earn 1,500 RPs."", ""milestoneType"": ""YEAR""}]","[{""maintitle"": ""Domestic lounge"", ""limit"": [""2 per quarter""], ""eligibility"": [""Spend ₹75k in previous calendar quarter.""]}, {""maintitle"": ""Railway lounge"", ""limit"": [""2 per quarter""], ""eligibility"": [""Spend ₹75k in previous calendar quarter.""]}]",,,,"[{""mainTitle"": ""BookMyShow"", ""child"": ""25% Discount on Movie Tickets upto Rs 150.""}, {""mainTitle"": ""Concierge"", ""child"": ""I-Assist.""}, {""mainTitle"": ""Croma"", ""child"": ""2 Vouchers Worth Rs 500""}, {""mainTitle"": ""EaseMyTrip"", ""child"": ""EaseMyTrip Vouchers worth Rs 4,000""}, {""mainTitle"": ""Golf"", ""child"": ""Upto 2 Complimentary Golf Lessons/Rounds""}, {""mainTitle"": ""INOX"", ""child"": ""25% Discount on Movie Tickets upto Rs 150""}, {""mainTitle"": ""Insurance"", ""child"": ""Card Liability Cover worth Rs 50k""}, {""mainTitle"": ""Insurance"", ""child"": ""Death Due to Air Accidents Insurance worth Rs 1 Cr""}, {""mainTitle"": ""Tata Cliq"", ""child"": ""Tata Cliq Vouchers Worth Rs 2,000.""}, {""mainTitle"": ""Uber"", ""child"": ""Voucher Worth Rs 250.""}]","[""25% Discount on Movie Tickets upto Rs 150."", ""I-Assist."", ""2 Vouchers Worth Rs 500"", ""EaseMyTrip Vouchers worth Rs 4,000"", ""Upto 2 Complimentary Golf Lessons/Rounds"", ""25% Discount on Movie Tickets upto Rs 150"", ""Card Liability Cover worth Rs 50k"", ""Death Due to Air Accidents Insurance worth Rs 1 Cr"", ""Tata Cliq Vouchers Worth Rs 2,000."", ""Voucher Worth Rs 250.""]",,,,savesage.club,https://savesage.club/credit-card/icici-rubyx-rupay
Equitas PowerMiles credit card,Equitas Small Finance Bank,Equitas,,"[""Airline Transfer"", ""Travel Booking""]",5000,,,3% to 5%,"[{""child"": ""Earn 3 Reward Points per ₹100 spent"", ""name"": ""Base Rewards""}, {""child"": ""Earn 9 Reward Points per ₹100 spent"", ""name"": ""International""}, {""child"": ""Earn 3 Reward Points per ₹100 spent"", ""name"": ""Insurance""}, {""child"": ""Earn 3 Reward Points per ₹100 spent"", ""name"": ""Grocery""}, {""child"": ""Earn 3 Reward Points per ₹100 spent"", ""name"": ""Utilities""}, {""child"": "" No Reward Points on this category."", ""name"": ""UPI""}, {""child"": "" No Reward Points on this category."", ""name"": ""Wallets""}, {""child"": "" No Reward Points on this category."", ""name"": ""Rent""}, {""child"": "" No Reward Points on this category."", ""name"": ""Fuel""}, {""child"": "" No Reward Points on this category."", ""name"": ""Government""}]","[{""title"": "" Discover Reward Points Redemption Options"", ""subtitle"": ""To explore the full range of redemption options for this card, download the SaveSage Club app now."", ""barCodeImageUrl"": ""/"", ""appUrl"": ""https://savesage.co/ZH8bLjZqSPb""}]",,"[{""milestoneNumber"": 1, ""spent"": 120000, ""cycleType"": ""STATEMENT"", ""benefits"": ""The joining fee will be waived."", ""milestoneType"": ""QUARTER""}, {""milestoneNumber"": 2, ""spent"": 480000, ""cycleType"": ""STATEMENT"", ""benefits"": ""The renewal fee will be waived."", ""milestoneType"": ""YEAR""}]","[{""maintitle"": ""Domestic lounge"", ""limit"": [""2 per quarter""], ""eligibility"": [""Spend ₹75,000 or more in the previous calendar quarter""]}, {""maintitle"": ""International lounge"", ""limit"": [""1 per quarter""], ""eligibility"": [""No explicit spend condition""]}]",,,,"[{""mainTitle"": ""Club Marriott"", ""child"": ""Club Marriott membership""}, {""mainTitle"": ""Concierge"", ""child"": ""24/7 Concierge""}, {""mainTitle"": ""EazyDiner"", ""child"": ""EazyDiner Membership""}]","[""Club Marriott membership"", ""24/7 Concierge"", ""EazyDiner Membership""]",,,,savesage.club,https://savesage.club/credit-card/equitas-powermiles
ICICI Sapphiro (Mastercard) credit card,ICICI Bank,ICICI,Mastercard,"[""Airline Transfer"", ""Travel Booking""]",6500,,,2% to 4%,"[{""child"": ""Earn 2 Reward Points per ₹100 spent"", ""name"": ""Base Rewards""}, {""child"": ""Earn 24 Reward Points per ₹100 spent"", ""name"": ""Hotels via iShop""}, {""child"": ""Earn 12 Reward Points per ₹100 spent"", ""name"": ""Bus via iShop""}, {""child"": ""Earn 12 Reward Points per ₹100 spent"", ""name"": ""Vouchers via iShop""}, {""child"": ""Earn 12 Reward Points per ₹100 spent"", ""name"": ""Flights via iShop""}, {""child"": ""Earn 4 Reward Points per ₹100 spent"", ""name"": ""International""}, {""child"": ""Earn 2 Reward Points per ₹100 spent"", ""name"": ""Grocery""}, {""child"": ""Earn 2 Reward Points per ₹100 spent"", ""name"": ""Education""}, {""child"": ""Earn 1 Reward Points per ₹100 spent"", ""name"": ""Utilities""}, {""child"": ""Earn 1 Reward Points per ₹100 spent"", ""name"": ""Government""}, {""child"": ""Earn 1 Reward Points per ₹100 spent"", ""name"": ""Insurance""}, {""child"": "" No Reward Points on this category."", ""name"": ""Fuel""}, {""child"": "" No Reward Points on this category."", ""name"": ""Rent""}, {""child"": "" No Reward Points on this category."", ""name"": ""Wallets""}, {""child"": "" No Reward Points on this category."", ""name"": ""UPI""}, {""child"": "" No Reward Points on this category."", ""name"": ""Skill Based Gaming""}]","[{""title"": "" Discover Reward Points Redemption Options"", ""subtitle"": ""To explore the full range of redemption options for this card, download the SaveSage Club app now."", ""barCodeImageUrl"": ""/"", ""appUrl"": ""https://savesage.co/ZH8bLjZqSPb""}]",,"[{""milestoneNumber"": 1, ""spent"": 0, ""cycleType"": ""STATEMENT"", ""benefits"": ""Choose from the following vouchers: Tata CliQ for ₹3,000, Croma for ₹1,500, EaseMyTrip for ₹4,000, Uber for ₹1,000, or Da Milano for ₹5,000."", ""milestoneType"": ""YEAR""}, {""milestoneNumber"": 2, ""spent"": 400000, ""cycleType"": ""STATEMENT"", ""benefits"": ""4,000 RPs."", ""milestoneType"": ""YEAR""}, {""milestoneNumber"": 3, ""spent"": 500000, ""cycleType"": ""STATEMENT"", ""benefits"": ""2,000 RPs."", ""milestoneType"": ""YEAR""}, {""milestoneNumber"": 4, ""spent"": 600000, ""cycleType"": ""STATEMENT"", ""benefits"": ""The renewal fee will be waived and Get 2000 RPs"", ""milestoneType"": ""YEAR""}, {""milestoneNumber"": 5, ""spent"": 700000, ""cycleType"": ""STATEMENT"", ""benefits"": ""2,000 RPs."", ""milestoneType"": ""YEAR""}, {""milestoneNumber"": 6, ""spent"": 800000, ""cycleType"": ""STATEMENT"", ""benefits"": ""2,000 RPs."", ""milestoneType"": ""YEAR""}, {""milestoneNumber"": 7, ""spent"": 900000, ""cycleType"": ""STATEMENT"", ""benefits"": ""2,000 RPs."", ""milestoneType"": ""YEAR""}, {""milestoneNumber"": 8, ""spent"": 1000000, ""cycleType"": ""STATEMENT"", ""benefits"": ""2,000 RPs."", ""milestoneType"": ""YEAR""}, {""milestoneNumber"": 9, ""spent"": 1100000, ""cycleType"": ""STATEMENT"", ""benefits"": ""2,000 RPs."", ""milestoneType"": ""YEAR""}, {""milestoneNumber"": 10, ""spent"": 1200000, ""cycleType"": ""STATEMENT"", ""benefits"": ""2,000 RPs."", ""milestoneType"": ""YEAR""}]","[{""maintitle"": ""International lounge"", ""limit"": [""2 per calendar year""], ""eligibility"": [""Complimentary Lounge Access using Priority Pass.""]}, {""maintitle"": ""Domestic lounge"", ""limit"": [""4 per quarter""], ""eligibility"": [""Spend ₹75k in previous calendar quarter.""]}, {""maintitle"": ""Airport spa"", ""limit"": [""2 per year""], ""eligibility"": [""No explicit spend condition""]}]",,,,"[{""mainTitle"": ""BookMyShow"", ""child"": ""Buy 1 Ticket and Get 1""}, {""mainTitle"": ""Concierge"", ""child"": ""I-Assist, 24x7 Free Concierge Support""}, {""mainTitle"": ""Croma"", ""child"": ""Croma Voucher Worth Rs 1,500""}, {""mainTitle"": ""EaseMyTrip"", ""child"": ""EaseMyTrip Vouchers worth Rs 4,000 (4*Rs 1,000 Each)""}, {""mainTitle"": ""Golf"", ""child"": ""4 Golf Rounds per Month""}, {""mainTitle"": ""Insurance"", ""child"": ""Card Liability Cover worth Rs 50k""}, {""mainTitle"": ""Insurance"", ""child"": ""Death Due to Air Accidents Insurance worth Rs 3 Cr""}, {""mainTitle"": ""Tata Cliq"", ""child"": ""Tata Cliq Voucher Worth Rs 3,000""}, {""mainTitle"": ""Uber"", ""child"": ""Uber Vouchers Worth Rs 1,000 (4 vouchers, Rs 250 each).""}]","[""Buy 1 Ticket and Get 1"", ""I-Assist, 24x7 Free Concierge Support"", ""Croma Voucher Worth Rs 1,500"", ""EaseMyTrip Vouchers worth Rs 4,000 (4*Rs 1,000 Each)"", ""4 Golf Rounds per Month"", ""Card Liability Cover worth Rs 50k"", ""Death Due to Air Accidents Insurance worth Rs 3 Cr"", ""Tata Cliq Voucher Worth Rs 3,000"", ""Uber Vouchers Worth Rs 1,000 (4 vouchers, Rs 250 each).""]",,,,savesage.club,https://savesage.club/credit-card/icici-sapphiro-mastercard
ICICI Sapphiro (Amex) credit card,ICICI Bank,ICICI,Amex,[],6500,,,NA,"[{""child"": ""Earn 2 Reward Points per ₹100 spent"", ""name"": ""Base Rewards""}, {""child"": ""Earn 24 Reward Points per ₹100 spent"", ""name"": ""Hotels via iShop""}, {""child"": ""Earn 12 Reward Points per ₹100 spent"", ""name"": ""Vouchers via iShop""}, {""child"": ""Earn 12 Reward Points per ₹100 spent"", ""name"": ""Flights via iShop""}, {""child"": ""Earn 12 Reward Points per ₹100 spent"", ""name"": ""Bus via iShop""}, {""child"": ""Earn 4 Reward Points per ₹100 spent"", ""name"": ""International""}, {""child"": ""Earn 2 Reward Points per ₹100 spent"", ""name"": ""Education""}, {""child"": ""Earn 2 Reward Points per ₹100 spent"", ""name"": ""Grocery""}, {""child"": ""Earn 1 Reward Points per ₹100 spent"", ""name"": ""Utilities""}, {""child"": ""Earn 1 Reward Points per ₹100 spent"", ""name"": ""Government""}, {""child"": ""Earn 1 Reward Points per ₹100 spent"", ""name"": ""Insurance""}, {""child"": "" No Reward Points on this category."", ""name"": ""Wallets""}, {""child"": "" No Reward Points on this category."", ""name"": ""UPI""}, {""child"": "" No Reward Points on this category."", ""name"": ""Skill Based Gaming""}, {""child"": "" No Reward Points on this category."", ""name"": ""Fuel""}, {""child"": "" No Reward Points on this category."", ""name"": ""Rent""}]","[{""title"": "" Discover Reward Points Redemption Options"", ""subtitle"": ""To explore the full range of redemption options for this card, download the SaveSage Club app now."", ""barCodeImageUrl"": ""/"", ""appUrl"": ""https://savesage.co/ZH8bLjZqSPb""}]",,"[{""milestoneNumber"": 1, ""spent"": 0, ""cycleType"": ""STATEMENT"", ""benefits"": ""Choose from the following vouchers: Tata CliQ for ₹3,000, Croma for ₹1,500, EaseMyTrip for ₹4,000, Uber for ₹1,000, or Da Milano for ₹5,000."", ""milestoneType"": ""YEAR""}, {""milestoneNumber"": 2, ""spent"": 400000, ""cycleType"": ""STATEMENT"", ""benefits"": ""4,000 RPs."", ""milestoneType"": ""YEAR""}, {""milestoneNumber"": 3, ""spent"": 500000, ""cycleType"": ""STATEMENT"", ""benefits"": ""2,000 RPs."", ""milestoneType"": ""YEAR""}, {""milestoneNumber"": 4, ""spent"": 600000, ""cycleType"": ""STATEMENT"", ""benefits"": ""The renewal fee will be waived and Get 2000 RPs"", ""milestoneType"": ""YEAR""}, {""milestoneNumber"": 5, ""spent"": 700000, ""cycleType"": ""STATEMENT"", ""benefits"": ""2,000 RPs."", ""milestoneType"": ""YEAR""}, {""milestoneNumber"": 6, ""spent"": 800000, ""cycleType"": ""STATEMENT"", ""benefits"": ""2,000 RPs."", ""milestoneType"": ""YEAR""}, {""milestoneNumber"": 7, ""spent"": 900000, ""cycleType"": ""STATEMENT"", ""benefits"": ""2,000 RPs."", ""milestoneType"": ""YEAR""}, {""milestoneNumber"": 8, ""spent"": 1000000, ""cycleType"": ""STATEMENT"", ""benefits"": ""2,000 RPs."", ""milestoneType"": ""YEAR""}, {""milestoneNumber"": 9, ""spent"": 1100000, ""cycleType"": ""STATEMENT"", ""benefits"": ""2,000 RPs."", ""milestoneType"": ""YEAR""}, {""milestoneNumber"": 10, ""spent"": 1200000, ""cycleType"": ""STATEMENT"", ""benefits"": ""2,000 RPs."", ""milestoneType"": ""YEAR""}]","[{""maintitle"": ""International lounge"", ""limit"": [""2 per calendar year""], ""eligibility"": [""Complimentary Lounge Access using Priority Pass.""]}, {""maintitle"": ""Domestic lounge"", ""limit"": [""4 per quarter""], ""eligibility"": [""Spend ₹75k in previous calendar quarter.""]}, {""maintitle"": ""Airport spa"", ""limit"": [""2 per year""], ""eligibility"": [""No explicit spend condition""]}]",,,,"[{""mainTitle"": ""BookMyShow"", ""child"": ""Buy 1 Ticket and Get 1 Free""}, {""mainTitle"": ""Concierge"", ""child"": ""I-Assist, 24x7 Free Concierge Support""}, {""mainTitle"": ""Croma"", ""child"": ""Croma Voucher Worth Rs 1,500""}, {""mainTitle"": ""EaseMyTrip"", ""child"": ""EaseMyTrip Vouchers worth Rs 4,000 (4*Rs 1,000 Each)""}, {""mainTitle"": ""Golf"", ""child"": ""4 Golf Rounds per Month""}, {""mainTitle"": ""Insurance"", ""child"": ""Card Liability Cover worth Rs 50k""}, {""mainTitle"": ""Insurance"", ""child"": ""Death Due to Air Accidents Insurance worth Rs 3 Cr""}, {""mainTitle"": ""Tata Cliq"", ""child"": ""Tata Cliq Voucher Worth Rs 3,000""}, {""mainTitle"": ""Uber"", ""child"": ""Uber Vouchers Worth Rs 1,000 (4 vouchers, Rs 250 each).""}]","[""Buy 1 Ticket and Get 1 Free"", ""I-Assist, 24x7 Free Concierge Support"", ""Croma Voucher Worth Rs 1,500"", ""EaseMyTrip Vouchers worth Rs 4,000 (4*Rs 1,000 Each)"", ""4 Golf Rounds per Month"", ""Card Liability Cover worth Rs 50k"", ""Death Due to Air Accidents Insurance worth Rs 3 Cr"", ""Tata Cliq Voucher Worth Rs 3,000"", ""Uber Vouchers Worth Rs 1,000 (4 vouchers, Rs 250 each).""]",,,,savesage.club,https://savesage.club/credit-card/icici-sapphiro-amex
Kotak Solitaire credit card,Kotak Mahindra Bank,Kotak,,[],25000,,,NA,"[{""child"": ""Earn 3 Reward Points per ₹100 spent"", ""name"": ""Base Rewards""}, {""child"": ""Earn 10 Reward Points per ₹100 spent"", ""name"": ""Kotak Unbox""}, {""child"": ""Earn 3 Reward Points per ₹100 spent"", ""name"": ""Tax Payments""}, {""child"": "" No Reward Points on this category."", ""name"": ""Utilities""}, {""child"": "" No Reward Points on this category."", ""name"": ""Telecom & Cable""}, {""child"": "" No Reward Points on this category."", ""name"": ""Wallets""}, {""child"": "" No Reward Points on this category."", ""name"": ""Rent""}, {""child"": "" No Reward Points on this category."", ""name"": ""EMI""}, {""child"": "" No Reward Points on this category."", ""name"": ""Online Gaming""}, {""child"": "" No Reward Points on this category."", ""name"": ""Government""}, {""child"": "" No Reward Points on this category."", ""name"": ""UPI""}, {""child"": "" No Reward Points on this category."", ""name"": ""Insurance""}, {""child"": "" No Reward Points on this category."", ""name"": ""Education""}, {""child"": "" No Reward Points on this category."", ""name"": ""Fuel""}]","[{""title"": "" Discover Reward Points Redemption Options"", ""subtitle"": ""To explore the full range of redemption options for this card, download the SaveSage Club app now."", ""barCodeImageUrl"": ""/"", ""appUrl"": ""https://savesage.co/ZH8bLjZqSPb""}]",,[],"[{""maintitle"": ""International lounge"", ""limit"": [""Unlimited""], ""eligibility"": [""Unlimited through Priority Pass membership""]}, {""maintitle"": ""Guest lounge"", ""limit"": [""2 per year""], ""eligibility"": [""2 per year for both international and domestic lounges.""]}, {""maintitle"": ""Domestic lounge"", ""limit"": [""Unlimited""], ""eligibility"": [""No explicit spend condition""]}]",,,,[],[],,,,savesage.club,https://savesage.club/credit-card/kotak-solitaire
Kotak Feast credit card,Kotak Mahindra Bank,Kotak,,"[""Experience""]",499,,,0.5% to 1%,"[{""child"": ""Earn 10 Reward Points per ₹100 spent"", ""name"": ""Base Rewards""}, {""child"": ""Earn 10 Reward Points per ₹100 spent"", ""name"": ""Dining""}, {""child"": ""Earn 10 Reward Points per ₹100 spent"", ""name"": ""Movies""}, {""child"": "" No Reward Points on this category."", ""name"": ""Fuel""}, {""child"": "" No Reward Points on this category."", ""name"": ""Online Gaming""}, {""child"": "" No Reward Points on this category."", ""name"": ""Utilities""}, {""child"": "" No Reward Points on this category."", ""name"": ""Education""}]","[{""title"": "" Discover Reward Points Redemption Options"", ""subtitle"": ""To explore the full range of redemption options for this card, download the SaveSage Club app now."", ""barCodeImageUrl"": ""/"", ""appUrl"": ""https://savesage.co/ZH8bLjZqSPb""}]",,[],[],,,,[],[],,,,savesage.club,https://savesage.club/credit-card/kotak-feast
PNB Golden Globe credit card,Punjab National Bank,PNB,,[],0,,,NA,"[{""child"": ""Earn 1 Reward Points per ₹100 spent"", ""name"": ""Base Rewards""}]","[{""title"": "" Discover Reward Points Redemption Options"", ""subtitle"": ""To explore the full range of redemption options for this card, download the SaveSage Club app now."", ""barCodeImageUrl"": ""/"", ""appUrl"": ""https://savesage.co/ZH8bLjZqSPb""}]",,[],[],,,,[],[],,,,savesage.club,https://savesage.club/credit-card/pnb-golden-globe
PNB Global Platinum credit card,Punjab National Bank,PNB,,[],500,,,NA,"[{""child"": ""Earn 2 Reward Points per ₹150 spent"", ""name"": ""Base Rewards""}]","[{""title"": "" Discover Reward Points Redemption Options"", ""subtitle"": ""To explore the full range of redemption options for this card, download the SaveSage Club app now."", ""barCodeImageUrl"": ""/"", ""appUrl"": ""https://savesage.co/ZH8bLjZqSPb""}]",,[],[],,,,"[{""mainTitle"": ""Concierge"", ""child"": ""Concierge Service""}]","[""Concierge Service""]",,,,savesage.club,https://savesage.club/credit-card/pnb-global-platinum
PNB Global Classic credit card,Punjab National Bank,PNB,,"[""Catalogue Products""]",0,,,1% to 3%,"[{""child"": ""Earn 1 Reward Points per ₹100 spent"", ""name"": ""Base Rewards""}, {""child"": "" No Reward Points on this category."", ""name"": ""Fuel""}]","[{""title"": "" Discover Reward Points Redemption Options"", ""subtitle"": ""To explore the full range of redemption options for this card, download the SaveSage Club app now."", ""barCodeImageUrl"": ""/"", ""appUrl"": ""https://savesage.co/ZH8bLjZqSPb""}]",,[],[],,,,[],[],,,,savesage.club,https://savesage.club/credit-card/pnb-global-classic
PNB RuPay Platinum credit card,Punjab National Bank,PNB,,"[""Cashback""]",0,,,1% to 2%,"[{""child"": ""Earn 1 Reward Points per ₹100 spent"", ""name"": ""Base Rewards""}]","[{""title"": "" Discover Reward Points Redemption Options"", ""subtitle"": ""To explore the full range of redemption options for this card, download the SaveSage Club app now."", ""barCodeImageUrl"": ""/"", ""appUrl"": ""https://savesage.co/ZH8bLjZqSPb""}]",,[],"[{""maintitle"": ""Domestic lounge"", ""limit"": [""2 per year""], ""eligibility"": [""No explicit spend condition""]}, {""maintitle"": ""International lounge"", ""limit"": [""2 per year""], ""eligibility"": [""No explicit spend condition""]}]",,,,[],[],,,,savesage.club,https://savesage.club/credit-card/pnb-rupay-platinum
PNB Rupay Millennial credit card,Punjab National Bank,PNB,,"[""Cashback""]",399,,,0.5% to 1%,"[{""child"": ""Earn 2 Reward Points per ₹150 spent"", ""name"": ""Base Rewards""}]","[{""title"": "" Discover Reward Points Redemption Options"", ""subtitle"": ""To explore the full range of redemption options for this card, download the SaveSage Club app now."", ""barCodeImageUrl"": ""/"", ""appUrl"": ""https://savesage.co/ZH8bLjZqSPb""}]",,[],"[{""maintitle"": ""Domestic lounge"", ""limit"": [""2 per quarter""], ""eligibility"": [""Spend ₹1 Lakh or more in a calendar quarter.""]}, {""maintitle"": ""International lounge"", ""limit"": [""2 per year""], ""eligibility"": [""No explicit spend condition""]}]",,,,"[{""mainTitle"": ""Golf"", ""child"": ""Get complimentary golf sessions""}]","[""Get complimentary golf sessions""]",,,,savesage.club,https://savesage.club/credit-card/pnb-rupay-millennial
PNB Rupay Select credit card,Punjab National Bank,PNB,,"[""Experience""]",500,,,1.5% to 3%,"[{""child"": ""Earn 2 Reward Points per ₹150 spent"", ""name"": ""Base Rewards""}, {""child"": ""Earn 4 Reward Points per ₹150 spent"", ""name"": ""Retail""}]","[{""title"": "" Discover Reward Points Redemption Options"", ""subtitle"": ""To explore the full range of redemption options for this card, download the SaveSage Club app now."", ""barCodeImageUrl"": ""/"", ""appUrl"": ""https://savesage.co/ZH8bLjZqSPb""}]",,[],"[{""maintitle"": ""Domestic lounge"", ""limit"": [""2 per quarter""], ""eligibility"": [""No explicit spend condition""]}, {""maintitle"": ""International lounge"", ""limit"": [""4 per year""], ""eligibility"": [""No explicit spend condition""]}]",,,,"[{""mainTitle"": ""Concierge"", ""child"": ""Concierge""}, {""mainTitle"": ""Insurance"", ""child"": ""Baggage Insurance""}, {""mainTitle"": ""Insurance"", ""child"": ""Purchase Protection""}]","[""Concierge"", ""Baggage Insurance"", ""Purchase Protection""]",,,,savesage.club,https://savesage.club/credit-card/pnb-rupay-select
PNB Rakshak Rupay Platinum credit card,Punjab National Bank,PNB,,[],0,,,NA,"[{""child"": ""Earn 1 Reward Points per ₹100 spent"", ""name"": ""Base Rewards""}]","[{""title"": "" Discover Reward Points Redemption Options"", ""subtitle"": ""To explore the full range of redemption options for this card, download the SaveSage Club app now."", ""barCodeImageUrl"": ""/"", ""appUrl"": ""https://savesage.co/ZH8bLjZqSPb""}]",,[],[],,,,[],[],,,,savesage.club,https://savesage.club/credit-card/pnb-rakshak-rupay-platinum
PNB Rakshak Rupay Select credit card,Punjab National Bank,PNB,,"[""Experience""]",0,,,1.5% to 3%,"[{""child"": ""Earn 2 Reward Points per ₹150 spent"", ""name"": ""Base Rewards""}, {""child"": ""Earn 4 Reward Points per ₹150 spent"", ""name"": ""Retail""}]","[{""title"": "" Discover Reward Points Redemption Options"", ""subtitle"": ""To explore the full range of redemption options for this card, download the SaveSage Club app now."", ""barCodeImageUrl"": ""/"", ""appUrl"": ""https://savesage.co/ZH8bLjZqSPb""}]",,[],"[{""maintitle"": ""Domestic lounge"", ""limit"": [""2 per quarter""], ""eligibility"": [""No explicit spend condition""]}, {""maintitle"": ""International lounge"", ""limit"": [""4 per quarter""], ""eligibility"": [""No explicit spend condition""]}]",,,,[],[],,,,savesage.club,https://savesage.club/credit-card/pnb-rakshak-rupay-select
PNB VISA Signature credit card,Punjab National Bank,PNB,,"[""Catalogue Brand Vouchers""]",1500,,,3% to 5%,"[{""child"": ""Earn 2 Reward Points per ₹100 spent"", ""name"": ""Base Rewards""}, {""child"": "" No Reward Points on this category."", ""name"": ""Fuel""}]","[{""title"": "" Discover Reward Points Redemption Options"", ""subtitle"": ""To explore the full range of redemption options for this card, download the SaveSage Club app now."", ""barCodeImageUrl"": ""/"", ""appUrl"": ""https://savesage.co/ZH8bLjZqSPb""}]",,[],"[{""maintitle"": ""Domestic lounge"", ""limit"": [""2 per quarter""], ""eligibility"": [""No explicit spend condition""]}]",,,,"[{""mainTitle"": ""BookMyShow"", ""child"": ""50% off on movies and food.""}, {""mainTitle"": ""Insurance"", ""child"": ""Fraudulent Charge Cover""}, {""mainTitle"": ""Insurance"", ""child"": ""Baggage Insurance""}]","[""50% off on movies and food."", ""Fraudulent Charge Cover"", ""Baggage Insurance""]",,,,savesage.club,https://savesage.club/credit-card/pnb-visa-signature
PNB Patanjali Rupay Select credit card,Punjab National Bank,PNB,,"[""Cashback""]",500,,,1% to 2%,"[{""child"": ""Earn 2 Reward Points per ₹150 spent"", ""name"": ""Base Rewards""}]","[{""title"": "" Discover Reward Points Redemption Options"", ""subtitle"": ""To explore the full range of redemption options for this card, download the SaveSage Club app now."", ""barCodeImageUrl"": ""/"", ""appUrl"": ""https://savesage.co/ZH8bLjZqSPb""}]",,[],"[{""maintitle"": ""Domestic lounge"", ""limit"": [""2 per quarter""], ""eligibility"": [""No explicit spend condition""]}]",,,,[],[],,,,savesage.club,https://savesage.club/credit-card/pnb-patanjali-rupay-select
PNB Patanjali Rupay Platinum credit card,Punjab National Bank,PNB,,"[""Cashback""]",0,,,1% to 2%,"[{""child"": ""Earn 2 Reward Points per ₹150 spent"", ""name"": ""Base Rewards""}, {""child"": ""Earn 4 Reward Points per ₹150 spent"", ""name"": ""Retail""}]","[{""title"": "" Discover Reward Points Redemption Options"", ""subtitle"": ""To explore the full range of redemption options for this card, download the SaveSage Club app now."", ""barCodeImageUrl"": ""/"", ""appUrl"": ""https://savesage.co/ZH8bLjZqSPb""}]",,[],[],,,,[],[],,,,savesage.club,https://savesage.club/credit-card/pnb-patanjali-rupay-platinum
SBI Tata Neu Infinity credit card,SBI Card,SBI,,[],1499,,,NA,"[{""child"": ""Earn 1.5 Reward Points per ₹100 spent"", ""name"": ""Base Rewards""}, {""child"": ""Earn 10 Reward Points per ₹100 spent"", ""name"": ""Tata Partner Brands (Tata Neu App)""}, {""child"": ""Earn 5 Reward Points per ₹100 spent"", ""name"": ""Tata Neu App""}, {""child"": ""Earn 5 Reward Points per ₹100 spent"", ""name"": ""Tata Partner Brands""}, {""child"": ""Earn 1.5 Reward Points per ₹100 spent"", ""name"": ""Utilities""}, {""child"": ""Earn 1.5 Reward Points per ₹100 spent"", ""name"": ""Grocery""}, {""child"": ""Earn 1.5 Reward Points per ₹100 spent"", ""name"": ""Insurance""}, {""child"": "" No Reward Points on this category."", ""name"": ""Rent""}, {""child"": "" No Reward Points on this category."", ""name"": ""Wallets""}, {""child"": "" No Reward Points on this category."", ""name"": ""Fuel""}, {""child"": "" No Reward Points on this category."", ""name"": ""Government""}, {""child"": "" No Reward Points on this category."", ""name"": ""Education (Third-party)""}, {""child"": "" No Reward Points on this category."", ""name"": ""Education""}]","[{""title"": "" Discover Reward Points Redemption Options"", ""subtitle"": ""To explore the full range of redemption options for this card, download the SaveSage Club app now."", ""barCodeImageUrl"": ""/"", ""appUrl"": ""https://savesage.co/ZH8bLjZqSPb""}]",,"[{""milestoneNumber"": 1, ""spent"": 0, ""cycleType"": ""STATEMENT"", ""benefits"": ""1,499 NeuCoins"", ""milestoneType"": ""YEAR""}, {""milestoneNumber"": 2, ""spent"": 300000, ""cycleType"": ""STATEMENT"", ""benefits"": ""The renewal fee will be waived."", ""milestoneType"": ""YEAR""}]","[{""maintitle"": ""Domestic lounge"", ""limit"": [""2 per quarter""], ""eligibility"": [""Applicable on achieving Rs. 75,000 spends in previous quarter""]}, {""maintitle"": ""International lounge"", ""limit"": [""1 per quarter""], ""eligibility"": [""No explicit spend condition""]}]",,,,[],[],,,,savesage.club,https://savesage.club/credit-card/sbi-tata-neu-infinity
Yes Bank UNI GoldX credit card,Yes Bank,Yes Bank,,[],0,,,NA,"[{""child"": ""Earn 100 Reward Points per ₹100 spent"", ""name"": ""Base Rewards""}, {""child"": ""Earn 100 Reward Points per ₹100 spent"", ""name"": ""E-Commerce""}, {""child"": ""Earn 100 Reward Points per ₹100 spent"", ""name"": ""UPI""}, {""child"": ""Earn 100 Reward Points per ₹100 spent"", ""name"": ""Transportation""}, {""child"": ""Earn 100 Reward Points per ₹100 spent"", ""name"": ""Railways""}, {""child"": "" No Reward Points on this category."", ""name"": ""Education (Third-Party)""}, {""child"": "" No Reward Points on this category."", ""name"": ""Fuel""}, {""child"": "" No Reward Points on this category."", ""name"": ""Rent""}, {""child"": "" No Reward Points on this category."", ""name"": ""Utilities""}]","[{""title"": "" Discover Reward Points Redemption Options"", ""subtitle"": ""To explore the full range of redemption options for this card, download the SaveSage Club app now."", ""barCodeImageUrl"": ""/"", ""appUrl"": ""https://savesage.co/ZH8bLjZqSPb""}]",,[],[],,,,[],[],,,,savesage.club,https://savesage.club/credit-card/yes-bank-uni-goldx
BOB UNI GoldX credit card,Bank of Baroda,BOB,,[],0,,,NA,"[{""child"": ""Earn 100 Reward Points per ₹100 spent"", ""name"": ""Base Rewards""}, {""child"": ""Earn 100 Reward Points per ₹100 spent"", ""name"": ""E-Commerce""}, {""child"": "" No Reward Points on this category."", ""name"": ""UPI""}, {""child"": "" No Reward Points on this category."", ""name"": ""Rent""}, {""child"": "" No Reward Points on this category."", ""name"": ""Fuel""}, {""child"": "" No Reward Points on this category."", ""name"": ""Education (Third-Party)""}, {""child"": "" No Reward Points on this category."", ""name"": ""Utilities""}, {""child"": "" No Reward Points on this category."", ""name"": ""Government""}, {""child"": "" No Reward Points on this category."", ""name"": ""International""}, {""child"": "" No Reward Points on this category."", ""name"": ""EMI""}, {""child"": "" No Reward Points on this category."", ""name"": ""Wallets""}, {""child"": "" No Reward Points on this category."", ""name"": ""Transportation & Tolls""}]","[{""title"": "" Discover Reward Points Redemption Options"", ""subtitle"": ""To explore the full range of redemption options for this card, download the SaveSage Club app now."", ""barCodeImageUrl"": ""/"", ""appUrl"": ""https://savesage.co/ZH8bLjZqSPb""}]",,[],[],,,,"[{""mainTitle"": ""EazyDiner"", ""child"": ""Upto ₹400 off""}]","[""Upto ₹400 off""]",,,,savesage.club,https://savesage.club/credit-card/bob-uni-goldx
HDFC Millennia (Diners Club) credit card,HDFC Bank,HDFC,Diners Club,"[""Brand Wallet""]",1000,,,1.5% to 3%,"[{""child"": ""Earn 1 Reward Points per ₹100 spent"", ""name"": ""Base Rewards""}, {""child"": ""Earn 5 Reward Points per ₹100 spent"", ""name"": ""Uber""}, {""child"": ""Earn 5 Reward Points per ₹100 spent"", ""name"": ""Swiggy""}, {""child"": ""Earn 5 Reward Points per ₹100 spent"", ""name"": ""Cult.fit""}, {""child"": ""Earn 5 Reward Points per ₹100 spent"", ""name"": ""BookMyShow""}, {""child"": ""Earn 5 Reward Points per ₹100 spent"", ""name"": ""Zomato""}, {""child"": ""Earn 5 Reward Points per ₹100 spent"", ""name"": ""Myntra""}, {""child"": ""Earn 5 Reward Points per ₹100 spent"", ""name"": ""Amazon""}, {""child"": ""Earn 5 Reward Points per ₹100 spent"", ""name"": ""Flipkart""}, {""child"": ""Earn 5 Reward Points per ₹100 spent"", ""name"": ""Sony LIV""}, {""child"": ""Earn 5 Reward Points per ₹100 spent"", ""name"": ""Tata CLiQ""}, {""child"": ""Earn 1 Reward Points per ₹100 spent"", ""name"": ""Utilities""}, {""child"": ""Earn 1 Reward Points per ₹100 spent"", ""name"": ""Insurance""}, {""child"": ""Earn 1 Reward Points per ₹100 spent"", ""name"": ""Education""}, {""child"": "" No Reward Points on this category."", ""name"": ""Wallets""}, {""child"": "" No Reward Points on this category."", ""name"": ""EMI""}, {""child"": "" No Reward Points on this category."", ""name"": ""Education (Third-Party)""}, {""child"": "" No Reward Points on this category."", ""name"": ""Government""}, {""child"": "" No Reward Points on this category."", ""name"": ""Jewellery""}, {""child"": "" No Reward Points on this category."", ""name"": ""Fuel""}, {""child"": "" No Reward Points on this category."", ""name"": ""Rent""}, {""child"": "" No Reward Points on this category."", ""name"": ""UPI""}]","[{""title"": "" Discover Reward Points Redemption Options"", ""subtitle"": ""To explore the full range of redemption options for this card, download the SaveSage Club app now."", ""barCodeImageUrl"": ""/"", ""appUrl"": ""https://savesage.co/ZH8bLjZqSPb""}]",,"[{""milestoneNumber"": 1, ""spent"": 0, ""cycleType"": ""CALENDAR"", ""benefits"": ""1000 CashPoints"", ""milestoneType"": ""YEAR""}, {""milestoneNumber"": 2, ""spent"": 100000, ""cycleType"": ""STATEMENT"", ""benefits"": ""The renewal fee will be waived."", ""milestoneType"": ""YEAR""}, {""milestoneNumber"": 3, ""spent"": 100000, ""cycleType"": ""CALENDAR"", ""benefits"": ""Gift vouchers worth ₹1,000."", ""milestoneType"": ""QUARTER""}]","[{""maintitle"": ""Domestic lounge"", ""limit"": [""1 per quarter""], ""eligibility"": [""""]}]",,,,"[{""mainTitle"": ""Swiggy"", ""child"": ""Upto 20% Discount""}]","[""Upto 20% Discount""]",,,,savesage.club,https://savesage.club/credit-card/hdfc-millennia-diners-club
Canara Visa Signature credit card,Canara Bank,Canara,,"[""Cashback""]",0,,,2% to 4%,"[{""child"": ""Earn 2 Reward Points per ₹100 spent"", ""name"": ""Base Rewards""}]","[{""title"": "" Discover Reward Points Redemption Options"", ""subtitle"": ""To explore the full range of redemption options for this card, download the SaveSage Club app now."", ""barCodeImageUrl"": ""/"", ""appUrl"": ""https://savesage.co/ZH8bLjZqSPb""}]",,[],"[{""maintitle"": ""Domestic lounge"", ""limit"": [""3 per quarter""], ""eligibility"": [""Spend ₹10,000 or more in the previous calendar quarter""]}, {""maintitle"": ""International lounge"", ""limit"": [""1 per quarter""], ""eligibility"": [""Spend ₹10,000 or more in the previous calendar quarter""]}]",,,,[],[],,,,savesage.club,https://savesage.club/credit-card/canara-visa-signature
Canara Rupay Select credit card,Canara Bank,Canara,,[],0,,,NA,"[{""child"": ""Earn 2 Reward Points per ₹100 spent"", ""name"": ""Base Rewards""}]","[{""title"": "" Discover Reward Points Redemption Options"", ""subtitle"": ""To explore the full range of redemption options for this card, download the SaveSage Club app now."", ""barCodeImageUrl"": ""/"", ""appUrl"": ""https://savesage.co/ZH8bLjZqSPb""}]",,[],"[{""maintitle"": ""Domestic lounge"", ""limit"": [""2 per quarter""], ""eligibility"": [""Spend ₹10,000 or more in the previous calendar quarter""]}, {""maintitle"": ""International lounge"", ""limit"": [""2 per year""], ""eligibility"": [""Spend ₹10,000 or more in the previous calendar quarter""]}]",,,,[],[],,,,savesage.club,https://savesage.club/credit-card/canara-rupay-select
Canara Mastercard World credit card,Canara Bank,Canara,,"[""Pay by Points""]",0,,,1% to 2%,"[{""child"": ""Earn 2 Reward Points per ₹100 spent"", ""name"": ""Base Rewards""}]","[{""title"": "" Discover Reward Points Redemption Options"", ""subtitle"": ""To explore the full range of redemption options for this card, download the SaveSage Club app now."", ""barCodeImageUrl"": ""/"", ""appUrl"": ""https://savesage.co/ZH8bLjZqSPb""}]",,[],"[{""maintitle"": ""Domestic lounge"", ""limit"": [""3 per quarter""], ""eligibility"": [""Spend ₹10,000 or more in the previous calendar quarter""]}, {""maintitle"": ""International lounge"", ""limit"": [""2 per year""], ""eligibility"": [""At least one international transaction of USD 1 (or equivalent local currency) at a physical merchant location or online""]}, {""maintitle"": ""Null"", ""limit"": [""2 per quarter"", ""2 per year""], ""eligibility"": [""₹10,000 spend in the previous calendar quarter."", ""Yes, Guest access is tied to the primary cardholder meeting the international transaction of USD 1""]}]",,,,"[{""mainTitle"": ""Insurance"", ""child"": ""Baggage Insurance""}, {""mainTitle"": ""Insurance"", ""child"": ""Purchase Protection""}]","[""Baggage Insurance"", ""Purchase Protection""]",,,,savesage.club,https://savesage.club/credit-card/canara-mastercard-world
Canara Visa Platinum credit card,Canara Bank,Canara,,[],0,,,NA,"[{""child"": ""Earn 2 Reward Points per ₹100 spent"", ""name"": ""Base Rewards""}]","[{""title"": "" Discover Reward Points Redemption Options"", ""subtitle"": ""To explore the full range of redemption options for this card, download the SaveSage Club app now."", ""barCodeImageUrl"": ""/"", ""appUrl"": ""https://savesage.co/ZH8bLjZqSPb""}]",,[],"[{""maintitle"": ""Domestic lounge"", ""limit"": [""2 per quarter""], ""eligibility"": [""Some banks offer it without a direct spend condition (e.g., early 2024 Axis Bank offerings), while others, like Canara Bank (as seen above), now require ₹10,000 spend in the previous quarter""]}]",,,,"[{""mainTitle"": ""Insurance"", ""child"": ""Baggage Insurance""}, {""mainTitle"": ""Insurance"", ""child"": ""Purchase Protection""}]","[""Baggage Insurance"", ""Purchase Protection""]",,,,savesage.club,https://savesage.club/credit-card/canara-visa-platinum
Canara Mastercard Platinum credit card,Canara Bank,Canara,,"[""Pay by Points""]",0,,,1% to 2%,"[{""child"": ""Earn 2 Reward Points per ₹100 spent"", ""name"": ""Base Rewards""}]","[{""title"": "" Discover Reward Points Redemption Options"", ""subtitle"": ""To explore the full range of redemption options for this card, download the SaveSage Club app now."", ""barCodeImageUrl"": ""/"", ""appUrl"": ""https://savesage.co/ZH8bLjZqSPb""}]",,[],"[{""maintitle"": ""Domestic lounge"", ""limit"": [""2 per quarter""], ""eligibility"": [""₹10,000 spend in the previous calendar quarter""]}, {""maintitle"": ""Null"", ""limit"": [""1 per quarter""], ""eligibility"": [""Tied to the primary cardholder""]}]",,,,"[{""mainTitle"": ""Insurance"", ""child"": ""Baggage Insurance""}, {""mainTitle"": ""Insurance"", ""child"": ""Purchase Protection""}]","[""Baggage Insurance"", ""Purchase Protection""]",,,,savesage.club,https://savesage.club/credit-card/canara-mastercard-platinum
Canara Visa Corporate credit card,Canara Bank,Canara,,[],0,,,NA,"[{""child"": ""Earn 2 Reward Points per ₹100 spent"", ""name"": ""Base Rewards""}]","[{""title"": "" Discover Reward Points Redemption Options"", ""subtitle"": ""To explore the full range of redemption options for this card, download the SaveSage Club app now."", ""barCodeImageUrl"": ""/"", ""appUrl"": ""https://savesage.co/ZH8bLjZqSPb""}]",,[],[],,,,"[{""mainTitle"": ""Insurance"", ""child"": ""Baggage Insurance""}, {""mainTitle"": ""Insurance"", ""child"": ""Purchase Protection""}]","[""Baggage Insurance"", ""Purchase Protection""]",,,,savesage.club,https://savesage.club/credit-card/canara-visa-corporate
Canara Rupay Platinum credit card,Canara Bank,Canara,,"[""Pay by Points""]",0,,,1% to 2%,"[{""child"": ""Earn 2 Reward Points per ₹100 spent"", ""name"": ""Base Rewards""}]","[{""title"": "" Discover Reward Points Redemption Options"", ""subtitle"": ""To explore the full range of redemption options for this card, download the SaveSage Club app now."", ""barCodeImageUrl"": ""/"", ""appUrl"": ""https://savesage.co/ZH8bLjZqSPb""}]",,[],"[{""maintitle"": ""Domestic lounge"", ""limit"": [""2 per quarter""], ""eligibility"": [""N/A""]}, {""maintitle"": ""International lounge"", ""limit"": [""2 per year""], ""eligibility"": [""N/A""]}]",,,,"[{""mainTitle"": ""Insurance"", ""child"": ""Baggage Insurance""}, {""mainTitle"": ""Insurance"", ""child"": ""Purchase Protection""}]","[""Baggage Insurance"", ""Purchase Protection""]",,,,savesage.club,https://savesage.club/credit-card/canara-rupay-platinum
Canara Mastercard Gold credit card,Canara Bank,Canara,,[],0,,,NA,"[{""child"": ""Earn 2 Reward Points per ₹100 spent"", ""name"": ""Base Rewards""}]","[{""title"": "" Discover Reward Points Redemption Options"", ""subtitle"": ""To explore the full range of redemption options for this card, download the SaveSage Club app now."", ""barCodeImageUrl"": ""/"", ""appUrl"": ""https://savesage.co/ZH8bLjZqSPb""}]",,[],[],,,,"[{""mainTitle"": ""Insurance"", ""child"": ""Baggage Insurance""}, {""mainTitle"": ""Insurance"", ""child"": ""Purchase Protection""}]","[""Baggage Insurance"", ""Purchase Protection""]",,,,savesage.club,https://savesage.club/credit-card/canara-mastercard-gold
Canara Visa Gold credit card,Canara Bank,Canara,,[],0,,,NA,"[{""child"": ""Earn 2 Reward Points per ₹100 spent"", ""name"": ""Base Rewards""}]","[{""title"": "" Discover Reward Points Redemption Options"", ""subtitle"": ""To explore the full range of redemption options for this card, download the SaveSage Club app now."", ""barCodeImageUrl"": ""/"", ""appUrl"": ""https://savesage.co/ZH8bLjZqSPb""}]",,[],[],,,,"[{""mainTitle"": ""Insurance"", ""child"": ""Baggage Insurance""}, {""mainTitle"": ""Insurance"", ""child"": ""Purchase Protection""}]","[""Baggage Insurance"", ""Purchase Protection""]",,,,savesage.club,https://savesage.club/credit-card/canara-visa-gold
Canara Rupay Classic credit card,Canara Bank,Canara,,"[""Pay by Points""]",0,,,1% to 2%,"[{""child"": ""Earn 2 Reward Points per ₹100 spent"", ""name"": ""Base Rewards""}]","[{""title"": "" Discover Reward Points Redemption Options"", ""subtitle"": ""To explore the full range of redemption options for this card, download the SaveSage Club app now."", ""barCodeImageUrl"": ""/"", ""appUrl"": ""https://savesage.co/ZH8bLjZqSPb""}]",,[],[],,,,"[{""mainTitle"": ""Insurance"", ""child"": ""Baggage Insurance""}, {""mainTitle"": ""Insurance"", ""child"": ""Purchase Protection""}]","[""Baggage Insurance"", ""Purchase Protection""]",,,,savesage.club,https://savesage.club/credit-card/canara-rupay-classic
Canara Mastercard Standard credit card,Canara Bank,Canara,,[],0,,,NA,"[{""child"": ""Earn 2 Reward Points per ₹100 spent"", ""name"": ""Base Rewards""}]","[{""title"": "" Discover Reward Points Redemption Options"", ""subtitle"": ""To explore the full range of redemption options for this card, download the SaveSage Club app now."", ""barCodeImageUrl"": ""/"", ""appUrl"": ""https://savesage.co/ZH8bLjZqSPb""}]",,[],[],,,,[],[],,,,savesage.club,https://savesage.club/credit-card/canara-mastercard-standard
Canara Visa Select credit card,Canara Bank,Canara,,"[""Experience""]",0,,,0.5% to 1%,"[{""child"": ""Earn 2 Reward Points per ₹100 spent"", ""name"": ""Base Rewards""}]","[{""title"": "" Discover Reward Points Redemption Options"", ""subtitle"": ""To explore the full range of redemption options for this card, download the SaveSage Club app now."", ""barCodeImageUrl"": ""/"", ""appUrl"": ""https://savesage.co/ZH8bLjZqSPb""}]",,[],[],,,,[],[],,,,savesage.club,https://savesage.club/credit-card/canara-visa-select
Axis Supermoney credit card,Axis Bank,Axis,,[],0,,,NA,"[{""child"": ""Earn 1 Reward Points per ₹100 spent"", ""name"": ""Base Rewards""}, {""child"": ""Earn 3 Reward Points per ₹100 spent"", ""name"": ""SuperMoney App""}, {""child"": "" No Reward Points on this category."", ""name"": ""Jewellery""}, {""child"": "" No Reward Points on this category."", ""name"": ""Insurance""}, {""child"": "" No Reward Points on this category."", ""name"": ""Government""}, {""child"": "" No Reward Points on this category."", ""name"": ""Rent""}, {""child"": "" No Reward Points on this category."", ""name"": ""EMI""}, {""child"": "" No Reward Points on this category."", ""name"": ""Wallets""}, {""child"": "" No Reward Points on this category."", ""name"": ""Education""}, {""child"": "" No Reward Points on this category."", ""name"": ""Utilities & Telecom""}, {""child"": "" No Reward Points on this category."", ""name"": ""Fuel""}]","[{""title"": "" Discover Reward Points Redemption Options"", ""subtitle"": ""To explore the full range of redemption options for this card, download the SaveSage Club app now."", ""barCodeImageUrl"": ""/"", ""appUrl"": ""https://savesage.co/ZH8bLjZqSPb""}]",,[],[],,,,[],[],,,,savesage.club,https://savesage.club/credit-card/axis-supermoney
ICICI Coral (Rupay) credit card,ICICI Bank,ICICI,Rupay,"[""Catalogue Products""]",500,,,0.25% to 0.5%,"[{""child"": ""Earn 2 Reward Points per ₹100 spent"", ""name"": ""Base Rewards""}, {""child"": ""Earn 24 Reward Points per ₹100 spent"", ""name"": ""Hotels via iShop""}, {""child"": ""Earn 12 Reward Points per ₹100 spent"", ""name"": ""Vouchers via iShop""}, {""child"": ""Earn 12 Reward Points per ₹100 spent"", ""name"": ""Flights via iShop""}, {""child"": ""Earn 12 Reward Points per ₹100 spent"", ""name"": ""Bus via iShop""}, {""child"": ""Earn 2 Reward Points per ₹100 spent"", ""name"": ""Education""}, {""child"": ""Earn 2 Reward Points per ₹100 spent"", ""name"": ""Grocery""}, {""child"": ""Earn 2 Reward Points per ₹100 spent"", ""name"": ""Departmental Stores""}, {""child"": ""Earn 2 Reward Points per ₹100 spent"", ""name"": ""Transportation & Tolls""}, {""child"": ""Earn 1 Reward Points per ₹100 spent"", ""name"": ""Utilities""}, {""child"": ""Earn 1 Reward Points per ₹100 spent"", ""name"": ""Insurance""}, {""child"": ""Earn 1 Reward Points per ₹100 spent"", ""name"": ""Government""}, {""child"": "" No Reward Points on this category."", ""name"": ""Fuel""}, {""child"": "" No Reward Points on this category."", ""name"": ""Rent""}, {""child"": "" No Reward Points on this category."", ""name"": ""Skill Based Gaming""}, {""child"": "" No Reward Points on this category."", ""name"": ""Wallets""}]","[{""title"": "" Discover Reward Points Redemption Options"", ""subtitle"": ""To explore the full range of redemption options for this card, download the SaveSage Club app now."", ""barCodeImageUrl"": ""/"", ""appUrl"": ""https://savesage.co/ZH8bLjZqSPb""}]",,"[{""milestoneNumber"": 1, ""spent"": 150000, ""cycleType"": ""STATEMENT"", ""benefits"": ""The renewal fee will be waived."", ""milestoneType"": ""YEAR""}, {""milestoneNumber"": 2, ""spent"": 200000, ""cycleType"": ""STATEMENT"", ""benefits"": ""2,000 RPs."", ""milestoneType"": ""YEAR""}, {""milestoneNumber"": 3, ""spent"": 300000, ""cycleType"": ""STATEMENT"", ""benefits"": ""1,000 RPs."", ""milestoneType"": ""YEAR""}, {""milestoneNumber"": 4, ""spent"": 400000, ""cycleType"": ""STATEMENT"", ""benefits"": ""1,000 RPs."", ""milestoneType"": ""YEAR""}, {""milestoneNumber"": 5, ""spent"": 500000, ""cycleType"": ""STATEMENT"", ""benefits"": ""1,000 RPs."", ""milestoneType"": ""YEAR""}, {""milestoneNumber"": 6, ""spent"": 600000, ""cycleType"": ""STATEMENT"", ""benefits"": ""1,000 RPs."", ""milestoneType"": ""YEAR""}, {""milestoneNumber"": 7, ""spent"": 700000, ""cycleType"": ""STATEMENT"", ""benefits"": ""1,000 RPs."", ""milestoneType"": ""YEAR""}, {""milestoneNumber"": 8, ""spent"": 800000, ""cycleType"": ""STATEMENT"", ""benefits"": ""1,000 RPs."", ""milestoneType"": ""YEAR""}, {""milestoneNumber"": 9, ""spent"": 900000, ""cycleType"": ""STATEMENT"", ""benefits"": ""1,000 RPs."", ""milestoneType"": ""YEAR""}, {""milestoneNumber"": 10, ""spent"": 1000000, ""cycleType"": ""STATEMENT"", ""benefits"": ""1,000 RPs."", ""milestoneType"": ""YEAR""}]","[{""maintitle"": ""Domestic lounge"", ""limit"": [""1 per quarter""], ""eligibility"": [""Spend ₹75k in previous calendar quarter.""]}, {""maintitle"": ""Railway lounge"", ""limit"": [""4 per year""], ""eligibility"": [""No explicit spend condition""]}]",,,,"[{""mainTitle"": ""BookMyShow"", ""child"": ""25% Discount upto Rs 100 on Movie Tickets.""}, {""mainTitle"": ""Concierge"", ""child"": ""Round the clock assistance""}, {""mainTitle"": ""INOX"", ""child"": ""25% Discount upto Rs 100 on Movie Tickets.""}, {""mainTitle"": ""Insurance"", ""child"": ""Personal Accident Insurance""}]","[""25% Discount upto Rs 100 on Movie Tickets."", ""Round the clock assistance"", ""25% Discount upto Rs 100 on Movie Tickets."", ""Personal Accident Insurance""]",,,,savesage.club,https://savesage.club/credit-card/icici-coral-rupay
ICICI Coral (Visa) credit card,ICICI Bank,ICICI,Visa,"[""Airline Transfer"", ""Travel Booking"", ""Hotel Transfer""]",500,,,0.5% to 0.75%,"[{""child"": ""Earn 2 Reward Points per ₹100 spent"", ""name"": ""Base Rewards""}, {""child"": ""Earn 24 Reward Points per ₹100 spent"", ""name"": ""Hotels via iShop""}, {""child"": ""Earn 12 Reward Points per ₹100 spent"", ""name"": ""Bus via iShop""}, {""child"": ""Earn 12 Reward Points per ₹100 spent"", ""name"": ""Flights via iShop""}, {""child"": ""Earn 12 Reward Points per ₹100 spent"", ""name"": ""Vouchers via iShop""}, {""child"": ""Earn 2 Reward Points per ₹100 spent"", ""name"": ""Transportation & Tolls""}, {""child"": ""Earn 2 Reward Points per ₹100 spent"", ""name"": ""Education""}, {""child"": ""Earn 2 Reward Points per ₹100 spent"", ""name"": ""Grocery""}, {""child"": ""Earn 2 Reward Points per ₹100 spent"", ""name"": ""Departmental Stores""}, {""child"": ""Earn 1 Reward Points per ₹100 spent"", ""name"": ""Government""}, {""child"": ""Earn 1 Reward Points per ₹100 spent"", ""name"": ""Insurance""}, {""child"": ""Earn 1 Reward Points per ₹100 spent"", ""name"": ""Utilities""}, {""child"": "" No Reward Points on this category."", ""name"": ""Skill Based Gaming""}, {""child"": "" No Reward Points on this category."", ""name"": ""Fuel""}, {""child"": "" No Reward Points on this category."", ""name"": ""Wallets""}, {""child"": "" No Reward Points on this category."", ""name"": ""Rent""}]","[{""title"": "" Discover Reward Points Redemption Options"", ""subtitle"": ""To explore the full range of redemption options for this card, download the SaveSage Club app now."", ""barCodeImageUrl"": ""/"", ""appUrl"": ""https://savesage.co/ZH8bLjZqSPb""}]",,"[{""milestoneNumber"": 1, ""spent"": 150000, ""cycleType"": ""STATEMENT"", ""benefits"": ""The renewal fee will be waived."", ""milestoneType"": ""YEAR""}, {""milestoneNumber"": 2, ""spent"": 200000, ""cycleType"": ""STATEMENT"", ""benefits"": ""2,000 RPs."", ""milestoneType"": ""YEAR""}, {""milestoneNumber"": 3, ""spent"": 300000, ""cycleType"": ""STATEMENT"", ""benefits"": ""1,000 RPs."", ""milestoneType"": ""YEAR""}, {""milestoneNumber"": 4, ""spent"": 400000, ""cycleType"": ""STATEMENT"", ""benefits"": ""1,000 RPs."", ""milestoneType"": ""YEAR""}, {""milestoneNumber"": 5, ""spent"": 500000, ""cycleType"": ""STATEMENT"", ""benefits"": ""1,000 RPs."", ""milestoneType"": ""YEAR""}, {""milestoneNumber"": 6, ""spent"": 600000, ""cycleType"": ""STATEMENT"", ""benefits"": ""1,000 RPs."", ""milestoneType"": ""YEAR""}, {""milestoneNumber"": 7, ""spent"": 700000, ""cycleType"": ""STATEMENT"", ""benefits"": ""1,000 RPs."", ""milestoneType"": ""YEAR""}, {""milestoneNumber"": 8, ""spent"": 800000, ""cycleType"": ""STATEMENT"", ""benefits"": ""1,000 RPs."", ""milestoneType"": ""YEAR""}, {""milestoneNumber"": 9, ""spent"": 900000, ""cycleType"": ""STATEMENT"", ""benefits"": ""1,000 RPs."", ""milestoneType"": ""YEAR""}, {""milestoneNumber"": 10, ""spent"": 1000000, ""cycleType"": ""STATEMENT"", ""benefits"": ""1,000 RPs."", ""milestoneType"": ""YEAR""}]","[{""maintitle"": ""Domestic lounge"", ""limit"": [""1 per quarter""], ""eligibility"": [""Spend ₹75k in previous calendar quarter.""]}, {""maintitle"": ""Railway lounge"", ""limit"": [""4 per year""], ""eligibility"": [""No explicit spend condition""]}]",,,,"[{""mainTitle"": ""INOX"", ""child"": ""25% Discount upto Rs 100 on Movie Tickets.""}]","[""25% Discount upto Rs 100 on Movie Tickets.""]",,,,savesage.club,https://savesage.club/credit-card/icici-coral-visa
ICICI Coral (Mastercard) credit card,ICICI Bank,ICICI,Mastercard,"[""Brand Wallet"", ""Cashback""]",500,,,2% to 4%,"[{""child"": ""Earn 2 Reward Points per ₹100 spent"", ""name"": ""Base Rewards""}, {""child"": ""Earn 24 Reward Points per ₹100 spent"", ""name"": ""Hotels via iShop""}, {""child"": ""Earn 12 Reward Points per ₹100 spent"", ""name"": ""Bus via iShop""}, {""child"": ""Earn 12 Reward Points per ₹100 spent"", ""name"": ""Flights via iShop""}, {""child"": ""Earn 12 Reward Points per ₹100 spent"", ""name"": ""Vouchers via iShop""}, {""child"": ""Earn 2 Reward Points per ₹100 spent"", ""name"": ""Departmental Stores""}, {""child"": ""Earn 2 Reward Points per ₹100 spent"", ""name"": ""Transportation & Tolls""}, {""child"": ""Earn 2 Reward Points per ₹100 spent"", ""name"": ""Education""}, {""child"": ""Earn 2 Reward Points per ₹100 spent"", ""name"": ""Grocery""}, {""child"": ""Earn 1 Reward Points per ₹100 spent"", ""name"": ""Utilities""}, {""child"": ""Earn 1 Reward Points per ₹100 spent"", ""name"": ""Government""}, {""child"": ""Earn 1 Reward Points per ₹100 spent"", ""name"": ""Insurance""}, {""child"": "" No Reward Points on this category."", ""name"": ""Skill Based Gaming""}, {""child"": "" No Reward Points on this category."", ""name"": ""Wallets""}, {""child"": "" No Reward Points on this category."", ""name"": ""Fuel""}, {""child"": "" No Reward Points on this category."", ""name"": ""Rent""}]","[{""title"": "" Discover Reward Points Redemption Options"", ""subtitle"": ""To explore the full range of redemption options for this card, download the SaveSage Club app now."", ""barCodeImageUrl"": ""/"", ""appUrl"": ""https://savesage.co/ZH8bLjZqSPb""}]",,"[{""milestoneNumber"": 1, ""spent"": 150000, ""cycleType"": ""STATEMENT"", ""benefits"": ""The renewal fee will be waived."", ""milestoneType"": ""YEAR""}, {""milestoneNumber"": 2, ""spent"": 200000, ""cycleType"": ""STATEMENT"", ""benefits"": ""2,000 RPs."", ""milestoneType"": ""YEAR""}, {""milestoneNumber"": 3, ""spent"": 300000, ""cycleType"": ""STATEMENT"", ""benefits"": ""1,000 RPs."", ""milestoneType"": ""YEAR""}, {""milestoneNumber"": 4, ""spent"": 400000, ""cycleType"": ""STATEMENT"", ""benefits"": ""1,000 RPs."", ""milestoneType"": ""YEAR""}, {""milestoneNumber"": 5, ""spent"": 500000, ""cycleType"": ""STATEMENT"", ""benefits"": ""1,000 RPs."", ""milestoneType"": ""YEAR""}, {""milestoneNumber"": 6, ""spent"": 600000, ""cycleType"": ""STATEMENT"", ""benefits"": ""1,000 RPs."", ""milestoneType"": ""YEAR""}, {""milestoneNumber"": 7, ""spent"": 700000, ""cycleType"": ""STATEMENT"", ""benefits"": ""1,000 RPs."", ""milestoneType"": ""YEAR""}, {""milestoneNumber"": 8, ""spent"": 800000, ""cycleType"": ""STATEMENT"", ""benefits"": ""1,000 RPs."", ""milestoneType"": ""YEAR""}, {""milestoneNumber"": 9, ""spent"": 900000, ""cycleType"": ""STATEMENT"", ""benefits"": ""1,000 RPs."", ""milestoneType"": ""YEAR""}, {""milestoneNumber"": 10, ""spent"": 1000000, ""cycleType"": ""STATEMENT"", ""benefits"": ""1,000 RPs."", ""milestoneType"": ""YEAR""}]","[{""maintitle"": ""Domestic lounge"", ""limit"": [""1 per quarter""], ""eligibility"": [""Spend ₹75k in previous calendar quarter.""]}, {""maintitle"": ""Railway lounge"", ""limit"": [""4 per year""], ""eligibility"": [""No explicit spend condition""]}]",,,,"[{""mainTitle"": ""INOX"", ""child"": ""25% Discount upto Rs 100 on Movie Tickets.""}]","[""25% Discount upto Rs 100 on Movie Tickets.""]",,,,savesage.club,https://savesage.club/credit-card/icici-coral-mastercard
ICICI Sapphiro (Visa) credit card,ICICI Bank,ICICI,Visa,[],6500,,,NA,"[{""child"": ""Earn 2 Reward Points per ₹100 spent"", ""name"": ""Base Rewards""}, {""child"": ""Earn 24 Reward Points per ₹100 spent"", ""name"": ""Hotels via iShop""}, {""child"": ""Earn 12 Reward Points per ₹100 spent"", ""name"": ""Flights via iShop""}, {""child"": ""Earn 12 Reward Points per ₹100 spent"", ""name"": ""Bus via iShop""}, {""child"": ""Earn 12 Reward Points per ₹100 spent"", ""name"": ""Vouchers via iShop""}, {""child"": ""Earn 4 Reward Points per ₹100 spent"", ""name"": ""International""}, {""child"": ""Earn 2 Reward Points per ₹100 spent"", ""name"": ""Grocery""}, {""child"": ""Earn 2 Reward Points per ₹100 spent"", ""name"": ""Education""}, {""child"": ""Earn 1 Reward Points per ₹100 spent"", ""name"": ""Government""}, {""child"": ""Earn 1 Reward Points per ₹100 spent"", ""name"": ""Utilities""}, {""child"": ""Earn 1 Reward Points per ₹100 spent"", ""name"": ""Insurance""}, {""child"": "" No Reward Points on this category."", ""name"": ""UPI""}, {""child"": "" No Reward Points on this category."", ""name"": ""Skill Based Gaming""}, {""child"": "" No Reward Points on this category."", ""name"": ""Rent""}, {""child"": "" No Reward Points on this category."", ""name"": ""Fuel""}]","[{""title"": "" Discover Reward Points Redemption Options"", ""subtitle"": ""To explore the full range of redemption options for this card, download the SaveSage Club app now."", ""barCodeImageUrl"": ""/"", ""appUrl"": ""https://savesage.co/ZH8bLjZqSPb""}]",,"[{""milestoneNumber"": 1, ""spent"": 0, ""cycleType"": ""STATEMENT"", ""benefits"": ""Choose from the following vouchers: Tata CliQ for ₹3,000, Croma for ₹1,500, EaseMyTrip for ₹4,000, Uber for ₹1,000, or Da Milano for ₹5,000."", ""milestoneType"": ""YEAR""}, {""milestoneNumber"": 2, ""spent"": 400000, ""cycleType"": ""STATEMENT"", ""benefits"": ""4,000 RPs."", ""milestoneType"": ""YEAR""}, {""milestoneNumber"": 3, ""spent"": 500000, ""cycleType"": ""STATEMENT"", ""benefits"": ""2,000 RPs."", ""milestoneType"": ""YEAR""}, {""milestoneNumber"": 4, ""spent"": 600000, ""cycleType"": ""STATEMENT"", ""benefits"": ""The renewal fee will be waived and Get 2000 RPs"", ""milestoneType"": ""YEAR""}, {""milestoneNumber"": 5, ""spent"": 700000, ""cycleType"": ""STATEMENT"", ""benefits"": ""2,000 RPs."", ""milestoneType"": ""YEAR""}, {""milestoneNumber"": 6, ""spent"": 800000, ""cycleType"": ""STATEMENT"", ""benefits"": ""2,000 RPs."", ""milestoneType"": ""YEAR""}, {""milestoneNumber"": 7, ""spent"": 900000, ""cycleType"": ""STATEMENT"", ""benefits"": ""2,000 RPs."", ""milestoneType"": ""YEAR""}, {""milestoneNumber"": 8, ""spent"": 1000000, ""cycleType"": ""STATEMENT"", ""benefits"": ""2,000 RPs."", ""milestoneType"": ""YEAR""}, {""milestoneNumber"": 9, ""spent"": 1100000, ""cycleType"": ""STATEMENT"", ""benefits"": ""2,000 RPs."", ""milestoneType"": ""YEAR""}, {""milestoneNumber"": 10, ""spent"": 1200000, ""cycleType"": ""STATEMENT"", ""benefits"": ""2,000 RPs."", ""milestoneType"": ""YEAR""}]","[{""maintitle"": ""International lounge"", ""limit"": [""2 per calendar year""], ""eligibility"": [""Complimentary Lounge Access using Priority Pass.""]}, {""maintitle"": ""Domestic lounge"", ""limit"": [""4 per quarter""], ""eligibility"": [""Spend ₹75k in previous calendar quarter.""]}, {""maintitle"": ""Airport spa"", ""limit"": [""2 per year""], ""eligibility"": [""No explicit spend condition""]}]",,,,"[{""mainTitle"": ""BookMyShow"", ""child"": ""Buy 1 Ticket and Get 1""}, {""mainTitle"": ""Concierge"", ""child"": ""I-Assist, 24x7 Free Concierge Support""}, {""mainTitle"": ""Croma"", ""child"": ""Croma Voucher Worth Rs 1,500""}, {""mainTitle"": ""EaseMyTrip"", ""child"": ""EaseMyTrip Vouchers worth Rs 4,000 (4*Rs 1,000 Each)""}, {""mainTitle"": ""Golf"", ""child"": ""4 Golf Rounds per Month""}, {""mainTitle"": ""Insurance"", ""child"": ""Card Liability Cover worth Rs 50k""}, {""mainTitle"": ""Insurance"", ""child"": ""Death Due to Air Accidents Insurance worth Rs 3 Cr""}, {""mainTitle"": ""Tata Cliq"", ""child"": ""Tata Cliq Voucher Worth Rs 3,000""}, {""mainTitle"": ""Uber"", ""child"": ""Uber Vouchers Worth Rs 1,000 (4 vouchers, Rs 250 each).""}]","[""Buy 1 Ticket and Get 1"", ""I-Assist, 24x7 Free Concierge Support"", ""Croma Voucher Worth Rs 1,500"", ""EaseMyTrip Vouchers worth Rs 4,000 (4*Rs 1,000 Each)"", ""4 Golf Rounds per Month"", ""Card Liability Cover worth Rs 50k"", ""Death Due to Air Accidents Insurance worth Rs 3 Cr"", ""Tata Cliq Voucher Worth Rs 3,000"", ""Uber Vouchers Worth Rs 1,000 (4 vouchers, Rs 250 each).""]",,,,savesage.club,https://savesage.club/credit-card/icici-sapphiro-visa
HSBC Cashback (Rupay) credit card,HSBC,HSBC,Rupay,"[""Catalogue Products"", ""Experience""]",499,,,0.25% to 0.5%,"[{""child"": ""Earn 1 Reward Points per ₹100 spent"", ""name"": ""Base Rewards""}, {""child"": ""Earn 10 Reward Points per ₹100 spent"", ""name"": ""Dining""}, {""child"": ""Earn 10 Reward Points per ₹100 spent"", ""name"": ""Food Delivery""}, {""child"": ""Earn 10 Reward Points per ₹100 spent"", ""name"": ""Grocery""}, {""child"": "" No Reward Points on this category."", ""name"": ""Education""}, {""child"": "" No Reward Points on this category."", ""name"": ""Fuel""}, {""child"": "" No Reward Points on this category."", ""name"": ""Wallets""}, {""child"": "" No Reward Points on this category."", ""name"": ""Rent""}, {""child"": "" No Reward Points on this category."", ""name"": ""Government""}, {""child"": "" No Reward Points on this category."", ""name"": ""Jewellery""}, {""child"": "" No Reward Points on this category."", ""name"": ""Gambling""}, {""child"": "" No Reward Points on this category."", ""name"": ""Transportation & Tolls""}, {""child"": "" No Reward Points on this category."", ""name"": ""Business to Business""}, {""child"": "" No Reward Points on this category."", ""name"": ""Utilities""}, {""child"": "" No Reward Points on this category."", ""name"": ""Insurance""}, {""child"": "" No Reward Points on this category."", ""name"": ""Charity and Donation""}, {""child"": "" No Reward Points on this category."", ""name"": ""Wholesale Clubs""}]","[{""title"": "" Discover Reward Points Redemption Options"", ""subtitle"": ""To explore the full range of redemption options for this card, download the SaveSage Club app now."", ""barCodeImageUrl"": ""/"", ""appUrl"": ""https://savesage.co/ZH8bLjZqSPb""}]",,"[{""milestoneNumber"": 1, ""spent"": 0, ""cycleType"": ""CALENDAR"", ""benefits"": ""Get an ₹250 Amazon eGift Voucher and EazyDiner Prime Membership for two months."", ""milestoneType"": ""YEAR""}, {""milestoneNumber"": 2, ""spent"": 10000, ""cycleType"": ""CALENDAR"", ""benefits"": ""Get INR 500 cashback when you download and log on to the HSBC India Mobile Banking app"", ""milestoneType"": ""DAYS""}, {""milestoneNumber"": 3, ""spent"": 200000, ""cycleType"": ""STATEMENT"", ""benefits"": ""The renewal fee will be waived."", ""milestoneType"": ""YEAR""}]","[{""maintitle"": ""Domestic lounge"", ""limit"": [""2 per quarter""], ""eligibility"": [""No explicit spend condition""]}, {""maintitle"": ""International lounge"", ""limit"": [""2 per year""], ""eligibility"": [""No explicit spend condition""]}, {""maintitle"": ""Add on card domestic lounge"", ""limit"": [""2 per quarter""], ""eligibility"": [""""]}, {""maintitle"": ""Add on card international lounge"", ""limit"": [""2 per year""], ""eligibility"": [""""]}]",,,,"[{""mainTitle"": ""District"", ""child"": ""BOGO""}, {""mainTitle"": ""Cleartrip"", ""child"": ""Travel Bookings""}, {""mainTitle"": ""Paytm"", ""child"": ""Enjoy 5% off on bill payments""}, {""mainTitle"": ""Swiggy Instamart"", ""child"": ""10% Discount""}, {""mainTitle"": ""Tira"", ""child"": ""Tira Beauty Wednesdays""}, {""mainTitle"": ""VKYC"", ""child"": ""Get Amazon voucher""}]","[""BOGO"", ""Travel Bookings"", ""Enjoy 5% off on bill payments"", ""10% Discount"", ""Tira Beauty Wednesdays"", ""Get Amazon voucher""]",,,,savesage.club,https://savesage.club/credit-card/hsbc-cashback-rupay
HSBC Platinum (Rupay) credit card,HSBC,HSBC,Rupay,"[""Catalogue Products"", ""Experience""]",0,,,0.25% to 0.5%,"[{""child"": ""Earn 2 Reward Points per ₹150 spent"", ""name"": ""Base Rewards""}, {""child"": ""Earn 12 Reward Points per ₹150 spent"", ""name"": ""HSBC - Hotels""}, {""child"": ""Earn 8 Reward Points per ₹150 spent"", ""name"": ""HSBC - Flights""}, {""child"": ""Earn 4 Reward Points per ₹150 spent"", ""name"": ""HSBC - Car Rentals""}, {""child"": "" No Reward Points on this category."", ""name"": ""Wallets""}, {""child"": "" No Reward Points on this category."", ""name"": ""Insurance""}, {""child"": "" No Reward Points on this category."", ""name"": ""Fuel""}, {""child"": "" No Reward Points on this category."", ""name"": ""Government""}, {""child"": "" No Reward Points on this category."", ""name"": ""Rent""}, {""child"": "" No Reward Points on this category."", ""name"": ""Education""}, {""child"": "" No Reward Points on this category."", ""name"": ""Utilities""}, {""child"": "" No Reward Points on this category."", ""name"": ""Jewellery""}]","[{""title"": "" Discover Reward Points Redemption Options"", ""subtitle"": ""To explore the full range of redemption options for this card, download the SaveSage Club app now."", ""barCodeImageUrl"": ""/"", ""appUrl"": ""https://savesage.co/ZH8bLjZqSPb""}]",,"[{""milestoneNumber"": 1, ""spent"": 5000, ""cycleType"": ""CALENDAR"", ""benefits"": ""Get INR 500 cashback when you download and log on to the HSBC India Mobile Banking app"", ""milestoneType"": ""DAYS""}]",[],,,,"[{""mainTitle"": ""Cleartrip"", ""child"": ""Travel Bookings""}, {""mainTitle"": ""Paytm"", ""child"": ""Enjoy 5% off on bill payments""}, {""mainTitle"": ""Swiggy Instamart"", ""child"": ""10% Discount""}, {""mainTitle"": ""Tira"", ""child"": ""Tira Beauty Wednesdays""}, {""mainTitle"": ""VKYC"", ""child"": ""Get Amazon voucher""}]","[""Travel Bookings"", ""Enjoy 5% off on bill payments"", ""10% Discount"", ""Tira Beauty Wednesdays"", ""Get Amazon voucher""]",,,,savesage.club,https://savesage.club/credit-card/hsbc-platinum-rupay
Kotak Air credit card,Kotak Mahindra Bank,Kotak,,"[""Experience"", ""Travel Booking"", ""Hotel Transfer""]",999,,,0.5% to 1%,"[{""child"": ""Earn 1 Reward Points per ₹100 spent"", ""name"": ""Base Rewards""}, {""child"": ""Earn 3 Reward Points per ₹100 spent"", ""name"": ""Unbox (Flights/Hotels)""}, {""child"": ""Earn 2 Reward Points per ₹100 spent"", ""name"": ""Jewellery""}, {""child"": "" No Reward Points on this category."", ""name"": ""Fuel""}, {""child"": "" No Reward Points on this category."", ""name"": ""Wallets""}, {""child"": "" No Reward Points on this category."", ""name"": ""EMI""}, {""child"": "" No Reward Points on this category."", ""name"": ""Online Gaming""}, {""child"": "" No Reward Points on this category."", ""name"": ""Government""}, {""child"": "" No Reward Points on this category."", ""name"": ""Rent""}, {""child"": "" No Reward Points on this category."", ""name"": ""Education""}, {""child"": "" No Reward Points on this category."", ""name"": ""UPI""}, {""child"": "" No Reward Points on this category."", ""name"": ""Utilities""}, {""child"": "" No Reward Points on this category."", ""name"": ""Insurance""}]","[{""title"": "" Discover Reward Points Redemption Options"", ""subtitle"": ""To explore the full range of redemption options for this card, download the SaveSage Club app now."", ""barCodeImageUrl"": ""/"", ""appUrl"": ""https://savesage.co/ZH8bLjZqSPb""}]",,"[{""milestoneNumber"": 1, ""spent"": 0, ""cycleType"": ""STATEMENT"", ""benefits"": ""1000 Air Miles"", ""milestoneType"": ""YEAR""}, {""milestoneNumber"": 2, ""spent"": 1, ""cycleType"": ""STATEMENT"", ""benefits"": ""Get 1000 Air Miles"", ""milestoneType"": ""YEAR""}, {""milestoneNumber"": 3, ""spent"": 0, ""cycleType"": ""STATEMENT"", ""benefits"": ""2,500 Air Miles"", ""milestoneType"": ""YEAR""}, {""milestoneNumber"": 4, ""spent"": 1, ""cycleType"": ""STATEMENT"", ""benefits"": ""Get 2,500 Air Miles"", ""milestoneType"": ""YEAR""}]","[{""maintitle"": ""Domestic lounge"", ""limit"": [""2 per quarter""], ""eligibility"": [""""]}]",,,,[],[],,,,savesage.club,https://savesage.club/credit-card/kotak-air
SBI PhonePe Select Black credit card,SBI Card,SBI,,"[""Catalogue Products"", ""Cashback""]",1499,,,1% to 3%,"[{""child"": ""Earn 1 Reward Points per ₹100 spent"", ""name"": ""Base Rewards""}, {""child"": ""Earn 10 Reward Points per ₹100 spent"", ""name"": ""PhonePe (Utilities)""}, {""child"": ""Earn 10 Reward Points per ₹100 spent"", ""name"": ""PhonePe (Insurance)""}, {""child"": ""Earn 10 Reward Points per ₹100 spent"", ""name"": ""PhonePe""}, {""child"": ""Earn 5 Reward Points per ₹100 spent"", ""name"": ""Online""}, {""child"": ""Earn 1 Reward Points per ₹100 spent"", ""name"": ""UPI (Phone Pe)""}, {""child"": "" No Reward Points on this category."", ""name"": ""Gaming""}, {""child"": "" No Reward Points on this category."", ""name"": ""Utilities""}, {""child"": "" No Reward Points on this category."", ""name"": ""Insurance""}, {""child"": "" No Reward Points on this category."", ""name"": ""Jewellery""}, {""child"": "" No Reward Points on this category."", ""name"": ""Gift Cards""}, {""child"": "" No Reward Points on this category."", ""name"": ""Transportation & Tolls""}, {""child"": "" No Reward Points on this category."", ""name"": ""Rent""}, {""child"": "" No Reward Points on this category."", ""name"": ""UPI""}, {""child"": "" No Reward Points on this category."", ""name"": ""Education""}, {""child"": "" No Reward Points on this category."", ""name"": ""Education (Third-party)""}, {""child"": "" No Reward Points on this category."", ""name"": ""Wallets""}, {""child"": "" No Reward Points on this category."", ""name"": ""Government""}, {""child"": "" No Reward Points on this category."", ""name"": ""Fuel""}]","[{""title"": "" Discover Reward Points Redemption Options"", ""subtitle"": ""To explore the full range of redemption options for this card, download the SaveSage Club app now."", ""barCodeImageUrl"": ""/"", ""appUrl"": ""https://savesage.co/ZH8bLjZqSPb""}]",,"[{""milestoneNumber"": 1, ""spent"": 0, ""cycleType"": ""STATEMENT"", ""benefits"": ""Get Rs.1,500 PhonePe Gift Card will be shared with Cardholder over Registered E-mail ID / Mobile Number."", ""milestoneType"": ""YEAR""}, {""milestoneNumber"": 2, ""spent"": 300000, ""cycleType"": ""STATEMENT"", ""benefits"": ""The renewal fee will be waived."", ""milestoneType"": ""YEAR""}, {""milestoneNumber"": 3, ""spent"": 500000, ""cycleType"": ""STATEMENT"", ""benefits"": ""Get Yatra Voucher worth Rs. 5,000."", ""milestoneType"": ""YEAR""}]","[{""maintitle"": ""Domestic lounge"", ""limit"": [""1 per quarter""], ""eligibility"": [""No explicit spend condition.\nCapped at a maximum of 1 visit per calendar quarter.""]}, {""maintitle"": ""International lounge"", ""limit"": [""2 per year""], ""eligibility"": [""""]}]",,,,[],[],,,,savesage.club,https://savesage.club/credit-card/sbi-phonepe-select-black
HDFC PhonePe Ultimo credit card,HDFC Bank,HDFC,,"[""Travel Booking""]",999,,,1% to 3%,"[{""child"": ""Earn 1 Reward Points per ₹100 spent"", ""name"": ""Base Rewards""}, {""child"": ""Earn 10 Reward Points per ₹100 spent"", ""name"": ""Recharges (PhonePe)""}, {""child"": ""Earn 10 Reward Points per ₹100 spent"", ""name"": ""Utilities (PhonePe)""}, {""child"": ""Earn 10 Reward Points per ₹100 spent"", ""name"": ""PinCode (PhonePe)""}, {""child"": ""Earn 10 Reward Points per ₹100 spent"", ""name"": ""Travel (PhonePe)""}, {""child"": ""Earn 10 Reward Points per ₹100 spent"", ""name"": ""Bills (PhonePe)""}, {""child"": ""Earn 5 Reward Points per ₹100 spent"", ""name"": ""Flipkart""}, {""child"": ""Earn 5 Reward Points per ₹100 spent"", ""name"": ""Amazon""}, {""child"": ""Earn 5 Reward Points per ₹100 spent"", ""name"": ""Myntra""}, {""child"": ""Earn 5 Reward Points per ₹100 spent"", ""name"": ""Swiggy""}, {""child"": ""Earn 5 Reward Points per ₹100 spent"", ""name"": ""Zomato""}, {""child"": ""Earn 5 Reward Points per ₹100 spent"", ""name"": ""Uber""}, {""child"": ""Earn 5 Reward Points per ₹100 spent"", ""name"": ""Ajio""}, {""child"": "" No Reward Points on this category."", ""name"": ""Education""}, {""child"": "" No Reward Points on this category."", ""name"": ""Rent""}, {""child"": "" No Reward Points on this category."", ""name"": ""Government""}, {""child"": "" No Reward Points on this category."", ""name"": ""EMI""}, {""child"": "" No Reward Points on this category."", ""name"": ""Fuel""}, {""child"": "" No Reward Points on this category."", ""name"": ""UPI""}, {""child"": "" No Reward Points on this category."", ""name"": ""Wallets""}]","[{""title"": "" Discover Reward Points Redemption Options"", ""subtitle"": ""To explore the full range of redemption options for this card, download the SaveSage Club app now."", ""barCodeImageUrl"": ""/"", ""appUrl"": ""https://savesage.co/ZH8bLjZqSPb""}]",,"[{""milestoneNumber"": 1, ""spent"": 200000, ""cycleType"": ""STATEMENT"", ""benefits"": ""The renewal fee will be waived."", ""milestoneType"": ""YEAR""}]",[],,,,[],[],,,,savesage.club,https://savesage.club/credit-card/hdfc-phonepe-ultimo
HDFC PhonePe Uno credit card,HDFC Bank,HDFC,,"[""Brand Wallet"", ""Catalogue Products""]",499,,,1% to 3%,"[{""child"": ""Earn 1 Reward Points per ₹100 spent"", ""name"": ""Base Rewards""}, {""child"": ""Earn 2 Reward Points per ₹100 spent"", ""name"": ""Utilities (PhonePe)""}, {""child"": ""Earn 2 Reward Points per ₹100 spent"", ""name"": ""Bills (PhonePe)""}, {""child"": ""Earn 2 Reward Points per ₹100 spent"", ""name"": ""Travel (PhonePe)""}, {""child"": ""Earn 2 Reward Points per ₹100 spent"", ""name"": ""PinCode (PhonePe)""}, {""child"": ""Earn 2 Reward Points per ₹100 spent"", ""name"": ""Recharges (PhonePe)""}, {""child"": ""Earn 1 Reward Points per ₹100 spent"", ""name"": ""Myntra""}, {""child"": ""Earn 1 Reward Points per ₹100 spent"", ""name"": ""Ajio""}, {""child"": ""Earn 1 Reward Points per ₹100 spent"", ""name"": ""Zomato""}, {""child"": ""Earn 1 Reward Points per ₹100 spent"", ""name"": ""Swiggy""}, {""child"": ""Earn 1 Reward Points per ₹100 spent"", ""name"": ""Uber""}, {""child"": ""Earn 1 Reward Points per ₹100 spent"", ""name"": ""Amazon""}, {""child"": ""Earn 1 Reward Points per ₹100 spent"", ""name"": ""Flipkart""}, {""child"": "" No Reward Points on this category."", ""name"": ""UPI""}, {""child"": "" No Reward Points on this category."", ""name"": ""Education""}, {""child"": "" No Reward Points on this category."", ""name"": ""Fuel""}, {""child"": "" No Reward Points on this category."", ""name"": ""Wallets""}, {""child"": "" No Reward Points on this category."", ""name"": ""Government""}, {""child"": "" No Reward Points on this category."", ""name"": ""Rent""}, {""child"": "" No Reward Points on this category."", ""name"": ""Insurance""}, {""child"": "" No Reward Points on this category."", ""name"": ""Jewellery""}, {""child"": "" No Reward Points on this category."", ""name"": ""EMI""}]","[{""title"": "" Discover Reward Points Redemption Options"", ""subtitle"": ""To explore the full range of redemption options for this card, download the SaveSage Club app now."", ""barCodeImageUrl"": ""/"", ""appUrl"": ""https://savesage.co/ZH8bLjZqSPb""}]",,"[{""milestoneNumber"": 1, ""spent"": 100000, ""cycleType"": ""STATEMENT"", ""benefits"": ""The renewal fee will be waived."", ""milestoneType"": ""YEAR""}]",[],,,,[],[],,,,savesage.club,https://savesage.club/credit-card/hdfc-phonepe-uno
Kotak Indigo XL credit card,Kotak Mahindra Bank,Kotak,,[],3000,,,NA,"[{""child"": ""Earn 2 Reward Points per ₹100 spent"", ""name"": ""Base Rewards""}, {""child"": ""Earn 21 Reward Points per ₹100 spent"", ""name"": ""Indigo""}, {""child"": ""Earn 3 Reward Points per ₹100 spent"", ""name"": ""Dining""}, {""child"": ""Earn 3 Reward Points per ₹100 spent"", ""name"": ""Entertainment""}, {""child"": "" No Reward Points on this category."", ""name"": ""Education""}, {""child"": "" No Reward Points on this category."", ""name"": ""Fuel""}, {""child"": "" No Reward Points on this category."", ""name"": ""Rent""}, {""child"": "" No Reward Points on this category."", ""name"": ""Online Gaming""}, {""child"": "" No Reward Points on this category."", ""name"": ""UPI""}, {""child"": "" No Reward Points on this category."", ""name"": ""Wallets""}, {""child"": "" No Reward Points on this category."", ""name"": ""Utilities""}]","[{""title"": "" Discover Reward Points Redemption Options"", ""subtitle"": ""To explore the full range of redemption options for this card, download the SaveSage Club app now."", ""barCodeImageUrl"": ""/"", ""appUrl"": ""https://savesage.co/ZH8bLjZqSPb""}]",,"[{""milestoneNumber"": 1, ""spent"": 0, ""cycleType"": ""STATEMENT"", ""benefits"": ""Voucher of 4000 IndiGo BluChips and a 6E Eats voucher"", ""milestoneType"": ""YEAR""}, {""milestoneNumber"": 2, ""spent"": 3000, ""cycleType"": ""STATEMENT"", ""benefits"": ""Get Renewal benefit voucher of 4,000 IndiGo BluChips and 6E Eats voucher on payment of annual fee each year"", ""milestoneType"": ""YEAR""}, {""milestoneNumber"": 3, ""spent"": 150000, ""cycleType"": ""STATEMENT"", ""benefits"": ""Earn a voucher worth 4,000 IndiGo BluChips on spending ₹1.5L within the anniversary year"", ""milestoneType"": ""YEAR""}, {""milestoneNumber"": 4, ""spent"": 400000, ""cycleType"": ""STATEMENT"", ""benefits"": ""Earn the 2nd voucher worth 4,000 IndiGo BluChips on spending ₹4L within the anniversary year"", ""milestoneType"": ""YEAR""}, {""milestoneNumber"": 5, ""spent"": 750000, ""cycleType"": ""STATEMENT"", ""benefits"": ""Earn the 3rd voucher worth 4,000 IndiGo BluChips on spending ₹7.5L within the anniversary year"", ""milestoneType"": ""YEAR""}, {""milestoneNumber"": 6, ""spent"": 1200000, ""cycleType"": ""STATEMENT"", ""benefits"": ""Earn the 4th voucher worth 4,000 IndiGo BluChips on spending ₹12L within the anniversary year"", ""milestoneType"": ""YEAR""}]","[{""maintitle"": ""Domestic lounge"", ""limit"": [""2 per quarter""], ""eligibility"": [""No explicit spend condition""]}]",,,,[],[],,,,savesage.club,https://savesage.club/credit-card/kotak-indigo-xl
ICICI MakeMyTrip Platinum (Mastercard) credit card,ICICI Bank,ICICI,Mastercard,"[""Catalogue Products"", ""Experience"", ""Travel Booking"", ""Hotel Transfer""]",500,,,0.5% to 1%,"[{""child"": ""Earn 1 Reward Points per ₹200 spent"", ""name"": ""Base Rewards""}, {""child"": ""Earn 3 Reward Points per ₹200 spent"", ""name"": ""MakeMyTrip Hotels""}, {""child"": ""Earn 2 Reward Points per ₹200 spent"", ""name"": ""Flights""}, {""child"": ""Earn 1.3 Reward Points per ₹200 spent"", ""name"": ""International""}, {""child"": ""Earn 1 Reward Points per ₹200 spent"", ""name"": ""Education""}, {""child"": "" No Reward Points on this category."", ""name"": ""Jewellery""}, {""child"": "" No Reward Points on this category."", ""name"": ""UPI""}, {""child"": "" No Reward Points on this category."", ""name"": ""Rent""}, {""child"": "" No Reward Points on this category."", ""name"": ""Fuel""}, {""child"": "" No Reward Points on this category."", ""name"": ""Wallets""}, {""child"": "" No Reward Points on this category."", ""name"": ""Skill Based Gaming""}, {""child"": "" No Reward Points on this category."", ""name"": ""Utilities""}]","[{""title"": "" Discover Reward Points Redemption Options"", ""subtitle"": ""To explore the full range of redemption options for this card, download the SaveSage Club app now."", ""barCodeImageUrl"": ""/"", ""appUrl"": ""https://savesage.co/ZH8bLjZqSPb""}]",,"[{""milestoneNumber"": 1, ""spent"": 50000, ""cycleType"": ""STATEMENT"", ""benefits"": ""1,000 MyCash Points."", ""milestoneType"": ""YEAR""}, {""milestoneNumber"": 2, ""spent"": 250000, ""cycleType"": ""STATEMENT"", ""benefits"": ""1,000 MyCash Points."", ""milestoneType"": ""YEAR""}]","[{""maintitle"": ""Domestic lounge"", ""limit"": [""1 per quarter""], ""eligibility"": [""No explicit spend condition""]}, {""maintitle"": ""Railway lounge"", ""limit"": [""4 per year""], ""eligibility"": [""No explicit spend condition""]}]",,,,"[{""mainTitle"": ""BookMyShow"", ""child"": ""25% Discount""}, {""mainTitle"": ""INOX"", ""child"": ""25% Discount""}, {""mainTitle"": ""MakeMyTrip"", ""child"": ""1000 MyCash""}, {""mainTitle"": ""MakeMyTrip"", ""child"": ""Get Holiday Voucher""}]","[""25% Discount"", ""25% Discount"", ""1000 MyCash"", ""Get Holiday Voucher""]",,,,savesage.club,https://savesage.club/credit-card/icici-makemytrip-platinum-mastercard
ICICI MakeMyTrip Platinum (Rupay) credit card,ICICI Bank,ICICI,Rupay,"[""Catalogue Products"", ""Experience"", ""Travel Booking"", ""Hotel Transfer""]",500,,,0.5% to 1%,"[{""child"": ""Earn 1 Reward Points per ₹200 spent"", ""name"": ""Base Rewards""}, {""child"": ""Earn 3 Reward Points per ₹200 spent"", ""name"": ""MakeMyTrip Hotels""}, {""child"": ""Earn 2 Reward Points per ₹200 spent"", ""name"": ""Flights""}, {""child"": ""Earn 1.3 Reward Points per ₹200 spent"", ""name"": ""International""}, {""child"": ""Earn 1 Reward Points per ₹200 spent"", ""name"": ""Education""}, {""child"": "" No Reward Points on this category."", ""name"": ""Utilities""}, {""child"": "" No Reward Points on this category."", ""name"": ""Skill Based Gaming""}, {""child"": "" No Reward Points on this category."", ""name"": ""Fuel""}, {""child"": "" No Reward Points on this category."", ""name"": ""Wallets""}, {""child"": "" No Reward Points on this category."", ""name"": ""Jewellery""}, {""child"": "" No Reward Points on this category."", ""name"": ""Rent""}]","[{""title"": "" Discover Reward Points Redemption Options"", ""subtitle"": ""To explore the full range of redemption options for this card, download the SaveSage Club app now."", ""barCodeImageUrl"": ""/"", ""appUrl"": ""https://savesage.co/ZH8bLjZqSPb""}]",,"[{""milestoneNumber"": 1, ""spent"": 50000, ""cycleType"": ""STATEMENT"", ""benefits"": ""1,000 MyCash Points."", ""milestoneType"": ""YEAR""}, {""milestoneNumber"": 2, ""spent"": 250000, ""cycleType"": ""STATEMENT"", ""benefits"": ""1,000 MyCash Points."", ""milestoneType"": ""YEAR""}]","[{""maintitle"": ""Domestic lounge"", ""limit"": [""1 per quarter""], ""eligibility"": [""No explicit spend condition""]}, {""maintitle"": ""Railway lounge"", ""limit"": [""4 per year""], ""eligibility"": [""No explicit spend condition""]}]",,,,"[{""mainTitle"": ""BookMyShow"", ""child"": ""25% Discount""}, {""mainTitle"": ""INOX"", ""child"": ""25% Discount""}, {""mainTitle"": ""MakeMyTrip"", ""child"": ""1000 MyCash""}, {""mainTitle"": ""MakeMyTrip"", ""child"": ""Get Holiday Voucher""}]","[""25% Discount"", ""25% Discount"", ""1000 MyCash"", ""Get Holiday Voucher""]",,,,savesage.club,https://savesage.club/credit-card/icici-makemytrip-platinum-rupay