card_name,issuing_bank,issuing_bank_raw,card_network,categories,joining_fee,annual_fee,fee_waiver_condition,reward_rate,reward_structure,redemption_options,welcome_benefits,milestone_benefits,lounge_access,eligibility,interest_rate_apr,forex_markup,other_charges,key_features,pros,cons,rating,source_site,source_url
Shoppers Stop HDFC Bank Credit Card,HDFC Bank,Best HDFC Bank,RuPay,"[""Best HDFC Bank"", ""Best HDFC Bank Credit Cards""]",₹299 + GST,₹299 + GST,N/A,,Reward Points,Reward Points Can Be Redeemed Against Multiple Options,"Cardholders get a voucher worth ₹500 as a welcome benefit, which can be redeemed on any bill value at Shoppers Stop.","Earn ₹500 per month for a minimum purchase of ₹15,000 on Shoppers Stop over the weekend. Capped to a maximum of once in a month and five times in a year.","{""domestic"": ""N/A"", ""international"": ""N/A""}","The eligibility of the applicant to apply for the Shoppers Stop HDFC Bank Credit Card is as follows : For self-employed Indian Citizens, the minimum age of the applicant should be 21 years, and the maximum age should be 65 years, and he should have submitted an ITR of ₹6 Lakhs or more For salaried Indian Citizens, the minimum age of the applicant should be 21 years, and the maximum age should be 60 years with a net monthly salary of ₹20,000 or more.",3.75% Per Month (or 45% Annually),3.5% + GST,"Cardholders get a 1% fuel surcharge waived (up to Rs. 250 per statement cycle), across all petrol stations in India. | 2.5 % of the transaction amount subject to a minimum charge of Rs 500. | ₹99 + GST",Complimentary Shoppers Stop Silver Edge Membership. Get a Shoppers Stop Voucher worth ₹500 as a welcome benefit redeemable on any bill value. 1% fuel surcharge waiver across all fuel stations (up to ₹250 per statement cycle),"[""You can also make UPI payments by linking your RuPay credit card.""]","[""This card does not provide any golfing benefits, and you will also not have access to domestic or international lounges.""]",,cardinsider.com,https://cardinsider.com/hdfc-bank/shoppers-stop-hdfc-credit-card/
Swiggy BLCK HDFC Bank Credit Card,HDFC Bank,Best HDFC Bank,Mastercard,"[""Best Cashback Credit Cards in India"", ""Best Credit Cards for Food Ordering and Dining in India"", ""Best Credit Cards for Grocery Shopping in India"", ""Best Golf Credit Cards in India"", ""Best HDFC Bank"", ""Best HDFC Bank Credit Cards""]","₹1,000 + GST","₹1,000 + GST","₹1,000 Joining Fee (Waived On ₹75,000 Spend Within 90 Days); ₹1,000 Annual Fee From Second Year (Waived On ₹2 Lakh Annual Spend).",,Cashback,Cashback Against Credit Card Statement,,,"{""domestic"": ""N/A"", ""international"": ""N/A""}",,3.75% Per Month or 45% Per Annum,3.5% + GST,"N/A | 2.5% or ₹500, Whichever is Higher | N/A","The Swiggy BLCK HDFC Bank Credit Card is the more premium co-branded offering from HDFC Bank and Swiggy. The card offers up to 10% cashback on Swiggy spends, capped at ₹1,500 per billing cycle. Cardholders can also earn 5% cashback on online shopping across categories such as apparel, pharmacies, pet stores, personal care, electronics, entertainment, travel, discount stores, and local cabs, with a cashback cap of ₹1,500 per billing cycle. This card is best suited for users who frequently spend on food, dining, groceries, and other services on Swiggy. Additionally, cardholders can enjoy complimentary golf games, lessons, and discounts on golf services through Mastercard offers.","[""The joining fee for this card can be waived by spending ₹75,000 within the first 90 days of card issuance, effectively making it first year free for those who can meet this spending requirement."", ""Although this card is primarily focused on food and dining spends, it also offers complimentary golf games and lessons through Mastercard benefits.""]","[""10% cashback on Swiggy spends is capped at ₹1,500 per billing cycle, and orders below ₹249 are not eligible for cashback, which may be restrictive for smaller food orders.""]",,cardinsider.com,https://cardinsider.com/hdfc-bank/swiggy-blck-hdfc-bank-credit-card/
Swiggy HDFC Bank Credit Card,HDFC Bank,Best HDFC Bank,,"[""Best HDFC Bank"", ""Best HDFC Bank Credit Cards""]",₹500 + GST,₹500 + GST,Annual Charges Waived on Spend of ₹2 Lakh,,Cashback,Cashback Against Credit Card Statement,"As a welcome benefit on card activation, you can receive a complimentary 3-month Swiggy One membership. If you already have the membership, you can extend it for 3 months. You must activate your card as per the latest RBI regulation in one of the following ways – Make a successful transaction with the credit card Use the card via OTP or IVR, set up the card PIN, and enable controls like online transactions, international transactions, etc.",,"{""domestic"": ""N/A"", ""international"": ""N/A""}","You must meet certain eligibility requirements to apply for the Swiggy HDFC Bank credit card. The applicant must be 21 to 60 years of age in the case of salaried and 21 to 65 years of age in the case of self-employed people. The applicant must be an Indian citizen. The applicant must have a minimum monthly salary of ₹15,000, or in the case of self-employed people, an ITR return of ₹6 Lakhs or more per annum. Existing HDFC Credit Card holders can also apply for this card.",3.75% Per Month or 45% Per Annum,3.5% + GST,"N/A | 2.5% or ₹500, Whichever is Higher | Nil",Complimentary 3-Month Swiggy One Membership as a welcome benefit. 10% Cashback across the Swiggy app. 5% Cashback on online spends across top brands. 1% Cashback on other spends.,"[""Get 10% cashback on all your Swiggy food delivery orders, including Genie and Instamart."", ""Up to ₹1,500 cashback per month across major online shopping platforms."", ""For food enthusiasts, a complimentary Swiggy One membership for three months is extremely beneficial.""]","[""Although this card offers great benefits on food, it could have included additional perks such as free airport lounge access.""]",,cardinsider.com,https://cardinsider.com/hdfc-bank/swiggy-hdfc-bank-credit-card/
Swiggy Ornge HDFC Bank Credit Card,HDFC Bank,Best HDFC Bank,Mastercard,"[""Best Cashback Credit Cards in India"", ""Best Co-Branded Credit Cards"", ""Best Credit Cards for Beginners"", ""Best Credit Cards for Food Ordering and Dining in India"", ""Best Credit Cards for Grocery Shopping in India"", ""Best Golf Credit Cards in India"", ""Best HDFC Bank"", ""Best HDFC Bank Credit Cards""]",₹500 + GST,₹500 + GST,Renewal Fee Waiver on Spends of ₹1.5 Lakh,,Cashback,Cashback Against Credit Card Statement,,,"{""domestic"": ""N/A"", ""international"": ""N/A""}",,3.75% Per Month or 45% Per Annum,3.5% + GST,"N/A | 2.5% or ₹500, Whichever is Higher | N/A","Designed for users who frequently order food, groceries, and dining through Swiggy. Earn 5% cashback on Swiggy spends and select online shopping categories. 1% cashback on all other eligible spends credited directly to the card statement. Complimentary 12-month Swiggy One membership provided as a welcome benefit. Also includes golf lessons, free rounds, and golf service discounts via Mastercard.","[""Complimentary 12-month Swiggy One membership with benefits like free delivery and extra discounts.""]","[""Combined cashback cap of ₹1,500 per billing cycle on 5% categories limits overall rewards."", ""No travel benefits such as airport lounge access, making it less attractive for frequent travelers.""]",,cardinsider.com,https://cardinsider.com/hdfc-bank/swiggy-ornge-hdfc-bank-credit-card/
Tata Neu Infinity HDFC Bank Credit Card,HDFC Bank,Best HDFC Bank,Visa,"[""Best Co-Branded Credit Cards"", ""Best Credit Cards for Grocery Shopping in India"", ""Best Credit Cards for Jewellery Spends"", ""Best Credit Cards for Utility Bill Payments"", ""Best HDFC Bank"", ""Best HDFC Bank Credit Cards"", ""Top 20 Best Credit Cards in India 2026""]","₹1,499 + GST","₹1,499 + GST",The renewal fee is waived off on achieving annual spends of Rs. 3 lakhs or more.,,NeuCoins,1 NeuCoin = ₹1,,,"{""domestic"": ""8 Complimentary Domestic Lounge Access Every Year (2 Each Quarter)"", ""international"": ""4 Free Visits for Primary and Add-On Cardholders Each Year (One Per Quarter)""}","There are some basic eligibility requirements that you will have to fulfill in order to get approved for the HDFC Bank Tata Neu Infinity Credit card, which is as follows: The age of the applicants should be between 21 years and 65 years for self-employed people and 21 years to 60 years for salaried people. For salaried employees, the minimum eligible income is ₹1 lakh per month. For self-employed people, the minimum eligible income is ₹12 lakhs per annum.",3.75% Per Month (45.0% Per Annum),2% of the total transaction amount.,"1% fuel surcharge waiver for all fuel transactions in India between ₹400 and ₹5,000. | 2.5% of the Amount Withdrawn of ₹500, Whichever is Higher | Cashback Redemption Charges – ₹50","Welcome bonus of 1,499 Neu Coins. Get 10% NeuCoins on your spends on Tata Neu app. Get 5% NeuCoins on Tata’s partner brands and 1.5% Neu coins on other spends. Get complimentary domestic and international lounge access. Low foreign currency markup fee of 2%. 1% fuel surcharge waiver up to Rs. 500 per month. Spend-based waiver of the renewal fee.","[""10% cashback on the Tata Neu app."", ""Low foreign currency markup of 2%.""]","[""NeuCoins expire after a period of one year."", ""The minimum spend for the annual fee waiver is at a high price of ₹3 Lakhs.""]",,cardinsider.com,https://cardinsider.com/hdfc-bank/tata-neu-infinity-hdfc-credit-card/
Tata Neu Plus HDFC Bank Credit Card,HDFC Bank,Best HDFC Bank,,"[""Best Credit Cards for Grocery Shopping in India"", ""Best HDFC Bank"", ""Best HDFC Bank Credit Cards"", ""Best RuPay Credit Cards for UPI Payments"", ""Best Student Credit Cards India 2026""]",₹499 + GST,₹499 + GST,Renewal Charges Waived on Spends of ₹1 Lakh or More,,NeuCoins,NeuCoins Can Be Redeemed on the Tata Neu App/Website or on Partner Tata Brands,,,"{""domestic"": ""4 Free Lounge Visits on Spends of ₹50,000 or More in a Quarter"", ""international"": ""N/A""}","The applicant has to fulfill the below-mentioned points in order to be eligible for this credit card– The applicant should be an Indian resident. He should be either salaried or self-employed. In case the applicant is a salaried individual, he should be between 21 years to 60 years of age and should earn a minimum of Rs. 25,000 per month. If the applicant is a self-employed individual, he should be between 21 and 65 years of age and filing an ITR of a minimum of Rs. 6 Lakhs per annum.",3.75% per month (45% annually),3.50%,"1% of the fuel surcharge will be waived off on fuel transactions. | 2.5% of the Amount Withdrawn or ₹500, Whichever is Higher | N/A",499 NeuCoins in the form of a welcome benefit. 2% back as NeuCoins while shopping at Tata brands. 1% back as NeuCoins while shopping at Non-Tata brands. Additional 5% back as NeuCoins on the Tata Neu app or website after registering for Tata NeuPass Complimentary access to domestic airport lounges. 1% surcharge waiver on fuel transactions up to Rs. 250 per month. Spend-based waiver of renewal fee.,"[""Make a transaction within the first 30 days of card issuance and enjoy 499 NeuCoins as a welcome benefit."", ""Waive off the renewal fees with a spend of ₹1,00,000 in a calendar year."", ""Save big on purchases from Tata Brands like Tanishq and cult.fit with the Tata New Plus HDFC Card, whether you’re a fitness enthusiast or shopping for jewellery.""]","[""This one is a big disappointment for travellers as there is no international lounge access."", ""One major con of the Tata Neu Plus HDFC Bank Credit Card is that it provides no movie or dining benefits."", ""The NeuCoins are only valid for a period of 365 days.""]",,cardinsider.com,https://cardinsider.com/hdfc-bank/tata-neu-plus-hdfc-credit-card/
HSBC Live+ Credit Card,HSBC,Best HSBC Bank,Visa,"[""Best HSBC Bank"", ""Best HSBC Bank Credit Cards""]",Rs. 999 + GST,Rs. 999 + GST,"Renewal fee waived on expenditure of Rs. 2,00,000 in the previous year",,Cashback,The cashback is credited back within 45 days of the card’s statement date.,"On making a transaction worth ₹20,000 within the first 30 days of card issuance, cardholders would get ₹1,000 cashback as a welcome gift.",,"{""domestic"": ""4 complimentary domestic lounge access per annum (one each quarter)"", ""international"": ""N/A""}","To be eligible for this credit card, you must fulfill the following criteria: Must be an Indian citizen. Age between 18 and 65 years. Should be earning a minimum of ₹4,00,000 per annum (for salaried individuals). Must be a resident of Chennai, Gurgaon, Delhi National Capital Region (NCR), Pune, Noida, Hyderabad, Mumbai, Bangalore, Kochi, Coimbatore, Jaipur, Chandigarh, Ahmedabad or Kolkata.",3.75% Per Month,3.50%,"1% fuel surcharge is applicable | 2.5% of the withdrawn amount, subject to a minimum amount of Rs. 500. | Nil","10% accelerated cashback on grocery, food delivery, and dining spends. 1.5% unlimited cashback on all other transactions (few exceptions). Buy 2 get 1 free offer on movies through BookMyShow. ₹1,000 cashback as a welcome benefit. Support for contactless payment with VISA wave technology.",[],[],,cardinsider.com,https://cardinsider.com/hsbc-bank/hsbc-cashback-credit-card/
HSBC Premier Metal Credit Card,HSBC,Best HSBC Bank,,"[""Accor Live Limitless Reward Points – Best Ways to Earn & Redeem Your Points"", ""Best Credit Cards for United Airlines MileagePlus Miles"", ""Best HSBC Bank"", ""Best HSBC Bank Credit Cards"", ""Best Low Interest Credit Cards 2026""]","₹12,000 + GST","₹20,000 + GST (Waived for Premier Banking Customers)",N/A,,Reward Points,Transfer RPs to Popular Airline/Hotel Programs or to Apple Imagine Vouchers at a 1:1 Ratio. Redeem Against E-Vouchers and More,,,"{""domestic"": ""Unlimited Airport Lounge Access (for Primary and Add-On Cardholders)"", ""international"": ""Unlimited Lounge Access""}",,2.99% Per Month (or 35.88% Annually),0.99% of the Transaction Amount,"1% Fuel Surcharge Waiver | Rs. 300 or 2.5% of the amount withdrawn, whichever is higher. | N/A","This card is exclusive to HSBC Premier Relationship customers. 3 Reward Points for every ₹100 spent using the card. Reward Points are transferable to partner airlines’ AirMiles programs and hotel loyalty programs. Reward Points are redeemable for products, shopping vouchers, etc, on the bank’s rewards catalogue. Lower than usual foreign currency mark-up of 0.99%. Complimentary airport lounge access.","[""This card offers reward points on select categories for spends up to ₹1 lakh per month, which is especially valuable as it allows users to earn rewards on categories that are usually excluded, such as gold purchases and tax payments.""]","[""The eligibility criteria for an HSBC Premier banking relationship are quite high, which makes this card suitable only for elite customers.""]",,cardinsider.com,https://cardinsider.com/hsbc-bank/hsbc-premier-mastercard-credit-card/
HSBC Privé Credit Card,HSBC,Best HSBC Bank,Mastercard,"[""Best HSBC Bank"", ""Best HSBC Bank Credit Cards"", ""Top 10 Super Premium Credit Cards in India""]","₹275,000 + GST","₹275,000 + GST",Nil,,Reward Points,"1:1 Reward Point Conversions for Air Miles, Hotels & Apple Products",,,"{""domestic"": ""Unlimited Domestic Airport Lounge Access"", ""international"": ""Unlimited International Airport Lounge Access""}",,3.75% Per Month,0%,"1% of Fuel Transaction Value Between ₹400 and ₹4,000 | Nil | Nil","An invite-only credit card available exclusively to HSBC Private Banking clients Requires a minimum relationship value of around USD 2 million (~₹19 crore) Earn 5 reward points for every ₹150 spent on the card Reward points do not expire and can be redeemed at a 1:1 ratio Up to 3 add-on cards available free of cost for family members Designed for ultra-premium lifestyle benefits across travel, dining, and experiences","[""Those who frequently travel in Business Class or First Class can derive significant value from this credit card, as it offers a complimentary companion ticket every year. Considering the high cost of premium cabin tickets, cardholders can easily save up to ₹2 lakh through this benefit alone.""]","[""One major point of discussion around this card is its extremely high annual fee, especially since it is offered only to customers who maintain an exclusive premium banking relationship with the bank. Eligibility itself requires a Total Relationship Value (TRV) of around USD 2 million or equivalent, which makes the high card charges difficult to justify for some users."", ""Limited audience appeal due to ultra-premium positioning."", ""Reward points are not applicable on many common categories like fuel, utilities, insurance, education, tax payments, and wallet loads.""]",,cardinsider.com,https://cardinsider.com/hsbc-bank/hsbc-prive-credit-card/
HSBC RuPay Cashback Credit Card,HSBC,Best HSBC Bank,RuPay,"[""Best HSBC Bank"", ""Best HSBC Bank Credit Cards"", ""Best RuPay Credit Cards for UPI Payments""]",₹499 + GST,₹499 + GST,Annual Charges Are Waived on Spends of ₹2 Lakh,,Cashback,Cashback is Reflected in the Monthly Statement,,,"{""domestic"": ""2 Free Visits Each Quarter"", ""international"": ""2 International Airport Lounge Access Each Year""}","To be eligible, applicants must meet the following criteria: Be aged between 18 and 65 years old. Have a minimum annual income of ₹600,000 for salaried individuals. Be a resident of India. Reside in one of the following cities: Chennai, Gurgaon, Delhi National Capital Region (NCR), Pune, Noida, Hyderabad, Mumbai, Bangalore, Kochi, Coimbatore, Jaipur, Chandigarh, Ahmedabad, or Kolkata.",3.75% Per Month (45% Per Annum),0% Till 30th June 2026,N/A | 2.5% of the Advance Amount Subject to a Minimum of ₹500 | N/A,This is one of the premier RuPay offerings from HSBC. This credit card is ideal for those seeking a cashback option. Cardholders can earn up to 10% cashback on their purchases with this card. The HSBC Cashback Credit Card provides 1% cashback for UPI spends. This card even offers international and domestic airport lounge access.,"[""For only ₹499 + GST, this card provides access to both domestic and international airport lounges without any spending requirements.""]","[""The ₹400 cashback cap is quite low.""]",,cardinsider.com,https://cardinsider.com/hsbc-bank/hsbc-rupay-cashback-credit-card/
HSBC RuPay Platinum Credit Card,HSBC,Best HSBC Bank,"Visa, RuPay","[""Best HSBC Bank"", ""Best HSBC Bank Credit Cards""]",Lifetime Free,Lifetime Free,N/A,,Reward Points,Transfer Reward Points to Various Hotel/Airline Partners,,,"{""domestic"": ""N/A"", ""international"": ""N/A""}","To qualify, individuals must meet the following criteria: Be between 18 and 65 years of age. Minimum annual income of ₹400,000 for salaried individuals. Be a resident of India. Reside in one of the following cities: Chennai, Gurgaon, Delhi National Capital Region (NCR), Pune, Noida, Hyderabad, Mumbai, Bangalore, Kochi, Coimbatore, Jaipur, Chandigarh, Ahmedabad, or Kolkata.",3.75% Per Month (45% Per Annum),3.50%,"Surcharge Waiver Up to ₹3,500 Each Year | 2.5% of the Advance Amount, Subject to a Minimum of ₹500 | N/A","The HSBC RuPay Platinum Credit Card is quite similar to the HSBC Visa Platinum Credit Card. This card can be used to make UPI transactions. Earn 2 Reward Points/₹150 spent. Reward Points can be transferred to several hotel and airline loyalty programs such as Marriott, Accor, Air France, and Air India.",[],"["""", """"]",,cardinsider.com,https://cardinsider.com/hsbc-bank/hsbc-rupay-platinum-credit-card/
HSBC Smart Value Credit Card,HSBC,Best HSBC Bank,,"[""Best HSBC Bank"", ""Best HSBC Bank Credit Cards""]",Nil,Nil,NA,,Reward Points,You can redeem the reward points via the HSBC Rewards portal with the value of 1 Reward Point = up to Re. 0.35.,,,"{""domestic"": ""NA"", ""international"": ""NA""}","The eligibility criteria that the applicants need to fulfill in order to get approved for the HSBC Smart Value Card are as mentioned below: The age of the applicant should be between 18 years and 65 years. The annual income of the applicant should be above Rs. 4 lakhs. Only salaried individuals are eligible to apply for this card. The applicant should be a resident of India and must be living in one of these cities: Jaipur, Bengaluru, Chennai, Mumbai, Gurugram, Hyderabad, New Delhi, Noida, Pune, Chandigarh, Kolkata, and Ahmedabad.",1.99% to 3.49% per month.,3.5% on all foreign currency transactions.,1% fuel surcharge waiver on all fuel transactions. | 2.5% of the withdrawn amount subject to a minimum of Rs. 500. | Rs. 50 per redemption request.,"Lifetime free credit card. 10% cashback up to Rs. 1,000 within the first 30 days of card membership. Earn up to 3 Reward Points on every spend of Rs. 100 using the HSBC Smart Value Credit Card. Complimentary airport lounge access as an introductory offer. Amazon gift voucher worth Rs. 500 as a welcome benefit. Variable interest rates. Cashback offers on achieving monthly spend milestones. 1% fuel surcharge waiver.",[],[],,cardinsider.com,https://cardinsider.com/hsbc-bank/hsbc-smart-value-credit-card/
HSBC Taj Credit Card,HSBC,Best HSBC Bank,,"[""Best Credit Cards to Earn Marriott Bonvoy Points"", ""Best HSBC Bank"", ""Best HSBC Bank Credit Cards"", ""Best Hotel Credit Cards"", ""Top 10 Super Premium Credit Cards in India""]","₹1,10,000 + GST","₹1,10,000 + GST",N/A,,Reward Points,Use RPs at Participating Indian and Global Hotels. 1.5 RPs = ₹1,,,"{""domestic"": ""Unlimited Airport Lounge Access"", ""international"": ""Global Unlimited Airport Lounge Access""}",,3.75% Per Month (45% Per Annum),Zero,"Waiver for Fuel Transactions Between ₹400 and ₹4,000 | 2.5% of the Transaction Amount (Minimum ₹300) | N/A","The HSBC Taj Credit Card is a co-branded credit card that offers the best-in-class privileges at Taj and other partnered hotels. This card comes at a joining and annual charge of ₹1,10,000 + GST. Access to the Chambers Lounge. Discounts on services at participating hotels. Get upgraded to Taj Innercircle NeuPass Platinum Tier with the HSBC Taj Credit Card.","[""Those who often stay at IHCL Hotels can definitely get the most out of this luxurious offering, which offers many vouchers and privileges.""]","[""This card has a high joining fee of ₹1.10 lakh, making it unattainable for most people. It is designed exclusively for the ultra-wealthy, which is its intended purpose. However, it would be nice to hope for a more inclusive Taj Hotel Credit Card in the future."", ""For a card with such high fees, the base reward rate of 1% is quite disappointing.""]",,cardinsider.com,https://cardinsider.com/hsbc-bank/hsbc-taj-credit-card/
HSBC TravelOne Credit Card,HSBC,Best HSBC Bank,,"[""Accor Live Limitless Reward Points – Best Ways to Earn & Redeem Your Points"", ""Best Credit Cards for Air India Maharaja Club"", ""Best Credit Cards for The Postcard Hotels & Resorts"", ""Best Credit Cards for United Airlines MileagePlus Miles"", ""Best Credit Cards in India for Qatar Airways Privilege Club (Avios)"", ""Best Credit Cards to Earn KrisFlyer Miles"", ""Best Credit Cards to Earn Marriott Bonvoy Points"", ""Best Credit Cards to Earn Turkish Miles & Smiles"", ""Best HSBC Bank"", ""Best HSBC Bank Credit Cards""]","₹4,999 + GST","₹4,999 + GST",Annual Fee is Waived on Spends of ₹8 Lakh Each Year,,Reward Points,Transfer RPs to Various Hotel and Airlines Partners at 1:1 Ratio,,"Cardholders can earn 10,000 Reward Points with the HSBC TravelOne Credit Card on making spends of ₹12 lakh or more in a card anniversary year. Those who have insurance premium payments and other bills can take advantage of this spend-based offer (no regular rewards are earned for insurance payments with the HSBC TravelOne Credit Card). The anniversary year will be considered from the TravelOne Credit Card account open date.","{""domestic"": ""Six Free Lounge Visits Each Year"", ""international"": ""Four Free International Airport Lounge Visits Each Year""}","To apply, you must meet the following criteria: Be between the ages of 18 and 65 years old. Have a minimum annual income of ₹600,000 for salaried individuals. Be a resident of India. Should have residence or office in these cities: Chennai, Gurgaon, Delhi National Capital Region (NCR), Pune, Noida, Hyderabad, Mumbai, Bangalore, Kochi, Coimbatore, Jaipur, Chandigarh, Ahmedabad, or Kolkata.",3.75% Per Month (45% Per Annum),3.50%,Maximum Waiver of ₹250 Per Month | 2.5% of Transaction Amount (Minimum of ₹500) | N/A,"This card comes at a joining and renewal fee of ₹4,999 + GST The HSBC TravelOne Credit Card is great for travel-related spending. Earn 4 Reward Points/₹100 spent on travel platforms, flights, and international transactions. All other eligible spends shall be awarded 2 Reward Points/₹100. Reward Points earned with this card can be transferred to 15 hotels and 5 airlines.","[""There are no exclusions for the calculation of spending done for the ₹12 lakh milestone benefit."", ""There are many hotels and airlines available to transfer Reward Points.""]","[""Many users may not fully benefit from the welcome offer, as the ₹3,000 PostCard voucher is only applicable to those staying at PostCard hotels."", ""Although this card offers a 4% reward rate for international spending, a 3.5% Forex charge negates those benefits.""]",,cardinsider.com,https://cardinsider.com/hsbc-bank/hsbc-travelone-credit-card/
HSBC Visa Platinum Credit Card,HSBC,Best HSBC Bank,Visa,"[""Best HSBC Bank"", ""Best HSBC Bank Credit Cards""]",Nil,Nil,N/A,,Reward Points,"Redeem Reward Points for Gift Vouchers, Airmiles, and More",,,"{""domestic"": ""N/A"", ""international"": ""N/A""}","In order to get approved for the Visa Platinum Credit Card by HSBC, you will have to follow certain eligibility criteria, which are mentioned below: The age of the applicant should lie between 18 years and 65 years. The applicant should have a stable source of income with a minimum monthly income of ₹4 lakhs. This card is issued to salaried individuals only. Self-employed people can apply only if they have a savings/current account in HSBC. The applicant should be an Indian resident. The applicant should be from one of these cities: Bengaluru, New Delhi, Gurugram, Hyderabad, Mumbai, Chennai, Noida, Kolkata, Pune, Chandigarh, Jaipur and Ahmedabad.",3.75% Monthly/45% Annually,3.50%,1% fuel surcharge waiver at all fuel stations in India. | 2.5% of the Advance Amount Subject to a Minimum of ₹500 | Nil,There is no joining and annual fee. 2 Reward Points on every other ₹150 spent on this card. Buy 1 get 1 offer on booking movie tickets through BookMyShow. 1% fuel surcharge waiver.,[],[],,cardinsider.com,https://cardinsider.com/hsbc-bank/hsbc-visa-platinum-credit-card/
Accelero ICICI Bank Credit Card,ICICI Bank,Best ICICI Bank,,"[""Best ICICI Bank"", ""Best ICICI Bank Credit Cards""]",Rs. 499 + GST,Rs. 499 + GST,"If the cardholder is able to spend Rs. 1.25 Lakhs using this credit card, the renewal fee of this credit card will be waived off.",,Reward Points,The redemption of reward points can be done against cashback or gifts at a rate of 1 Reward Point = Re. 0.25.,,,"{""domestic"": ""1 complimentary visit to the domestic lounge per quarter."", ""international"": ""N/A""}",The eligibility criteria that are required to get approved for the Accelero Credit Card are as mentioned below: The minimum age of the applicant should be 21 years. He should possess a decent credit score and should have a stable source of income.,3.40% per month (or 40.8% annually),3.5% of the amount transacted,1% fuel surcharge is waived off at all HPCL fuel stations. | Higher of 2.5% of the withdrawn amount or Rs. 300. | Rs. 99 (plus applicable taxes),2 Reward Points for every Rs. 100 spent. An additional cashback of 2.5% on fuel purchases from HPCL pumps. Spend-based annual fee waiver. Get a complimentary car wash. Get complimentary 24*7 roadside assistance. 1 complimentary airport lounge access every quarter. 25% discount on movies through Bookmyshow. A discount of 15% or more on dining.,[],[],,cardinsider.com,https://cardinsider.com/icici-bank/accelero-icici-bank-credit-card/
Adani One ICICI Bank Platinum Credit Card,ICICI Bank,Best ICICI Bank,,"[""Best Credit Cards for Utility Bill Payments"", ""Best ICICI Bank"", ""Best ICICI Bank Credit Cards""]",₹750 + GST,₹750 + GST,Annual Fee Waiver on Spends of ₹3 Lakh or More,,Adani Reward Points,Redeem Points on Adani Rewards. 1 Adani Reward Point = ₹1,,,"{""domestic"": ""2 Complimentary Airport Lounge Access Each Quarter"", ""international"": ""N/A""}","To be eligible for the Adani One Platinum Credit Card, a minimum CIBIL score of 750 is required.",3.75% Per Month (45% Per Year),3.50%,"1% Surcharge Waiver on Fuel Transactions Between ₹400 and ₹4,000 | 2.5% of the Amount Withdrawn, Subject to a Minimum of ₹500 | N/A",Get exclusive airport privileges at all Adani-managed airports. Free domestic airport lounge access is offered along with the card. Get up to 3 Adani reward points/₹100 on spends made on Adani One. Comes at an affordable joining and annual fee of ₹750 + GST.,"[""This card comes at an affordable joining fee of ₹750."", ""The Adani One Platinum Credit Card offers free airport lounge access without any spending requirements. This is one of the biggest advantages of having this card, as most ICICI Bank Credit Cards require a spending of ₹75,000 each quarter for airport lounge access.""]","[""There are no dining benefits associated with this card."", ""Porter services offered with this card are subject to a spending criterion. Carholders would need to spend ₹1 lakh to be eligible for two porter services.""]",,cardinsider.com,https://cardinsider.com/icici-bank/adani-one-icici-bank-platinum-credit-card/
Adani One ICICI Bank Signature Credit Card,ICICI Bank,Best ICICI Bank,,"[""20+ Best Travel Credit Cards"", ""Best Credit Cards Offering Meet & Greet Airport Services"", ""Best Credit Cards for Movie Tickets in India"", ""Best Credit Cards for Utility Bill Payments"", ""Best ICICI Bank"", ""Best ICICI Bank Credit Cards""]","Rs. 5,000 + GST","Rs. 5,000 + GST",Annual Fee Waiver on Spends of ₹6 Lakh or More,,Adani Reward Points,Redeem on Adani Rewards. 1 Adani Reward Point = ₹1,,,"{""domestic"": ""4 Free Domestic Airport Lounge Visits Each Quarter"", ""international"": ""2 International Lounge Visits Each Year""}",,3.75% Per Month (45% Per Year),3.50%,"1% Fuel Surcharge Waiver on Fuel Transactions (Up to ₹4,000) | 2.5% of the Amount Withdrawn, Subject to a Minimum of ₹500 | N/A",Earn 7% Adani reward points per ₹100 spent on Adani One and other Adani companies. Earn 1.5% Adani reward points per ₹100 spent domestically. Earn 2% Adani reward points per ₹100 spent internationally. Earn 0.5% Adani reward points per ₹100 on utility and insurance spends. International and domestic airport lounge access is offered for primary cardholders.,"[""This card benefits those traveling frequently within the country, including premium upgrades, airport lounges, and parking privileges."", ""Airport lounge access is offered without any spending requirements."", ""A flight voucher worth ₹5,000 is offered as a joining benefit, which offsets the charges paid for the first year.""]","[""There are no renewal benefits associated with this card.""]",,cardinsider.com,https://cardinsider.com/icici-bank/adani-one-signature-credit-card/
Amazon Pay ICICI Bank Credit Card,ICICI Bank,Best ICICI Bank,Visa,"[""Best Cashback Credit Cards in India"", ""Best Co-Branded Credit Cards"", ""Best Credit Cards for Grocery Shopping in India"", ""Best Credit Cards for Utility Bill Payments"", ""Best ICICI Bank"", ""Best ICICI Bank Credit Cards"", ""Best Lifetime Free Credit Cards India 2026"", ""Best Online Shopping Credit Cards India"", ""Top 20 Best Credit Cards in India 2026""]",Lifetime Free,Lifetime Free,N/A,,Cashback,Cashback Credited to Amazon Pay Balance,,,"{""domestic"": ""N/A"", ""international"": ""N/A""}",,3.75% Per Month (45% Per Annum),1.99%,1% fuel surcharge is waived at all petrol stations across India. | 2.5% of the Withdrawn Amount (Subject to a Minimum of ₹500) | Nil,Amazon Prime users get 5% cashback on all purchases made on Amazon. Non-Prime users get 3% cashback on Amazon. Additional cashback on Amazon is applicable only for purchases made on Amazon India (amazon.in). 2% cashback at over 100 partner merchants using this card on Amazon Pay. 1% cashback on other retail transactions. Reward Points are transferred as cashback to the Amazon Pay balance. No expiry date of Reward Points earned on the card transferred as Amazon Pay balance.,"[""This card is most useful to Amazon loyalist who fulfil their online shopping via Amazon."", ""Enjoy 15% off at over 2,500 restaurants in India with the Culinary Treats Program of ICICI Bank."", ""There is no max capping on the Amazon Pay balance that can be earned as cashback on your card.""]","[""This card is mainly for shopping with Amazon it does not provide other benefits like lounge access or entertainment benefits."", ""If you shop on platforms other than Amazon then this card would not be most useful for you. If you prefer Flipkart over Amazon then check out the Flipkart Axis Bank Credit Card."", ""The ICICI Amazon Credit Card offers a high reward rate of 5% on Amazon to Prime members, however, the reward rate on Amazon for non-Prime members is just 3%.""]",,cardinsider.com,https://cardinsider.com/icici-bank/amazon-pay-icici-bank-credit-card/
Chennai Super Kings ICICI Bank Credit Card,ICICI Bank,Best ICICI Bank,,"[""Best ICICI Bank"", ""Best ICICI Bank Credit Cards""]",Rs. 500 + GST,Rs. 500 + GST,The annual fee is waived off on spending Rs. 1.5 lakhs in the previous year.,,Reward Points,The earned Reward Points can be redeemed against CSK merchandise. 1 Reward Point = Re. 0.25.,,,"{""domestic"": ""1 complimentary domestic lounge access every quarter on spending Rs. 5,000 in the previous quarter."", ""international"": ""N/A""}",The basic eligibility criteria that need to be fulfilled in order to get approved for the CSK ICICI Bank Credit Card: The age of the primary cardholder should be above 21 years. The age of the supplementary cardholder should be 18 years or more. The applicant should either be self-employed or salaried. The applicant should have a decent credit score.,3.4% per month,3.5% on all foreign currency spends.,"1% fuel surcharge waiver on all fuel transactions worth up to Rs. 4,000 at all HPCL pumps. | 2.5% of the withdrawn amount subject to a minimum of Rs. 500. | Nil","Welcome and renewal benefit of 2,000 Reward Points. Up to 10 Reward Points on every spend of Rs. 100. Complimentary domestic airport lounge access. The top spenders every month get memorabilia autographed by the key players of the team. The cardholders may also get an opportunity to meet the players of the team. Complimentary tickets to CSK matches during the match season. 25% discount up to Rs. 100 on movie ticket bookings via BookMyShow. 1% fuel surcharge waiver at all HPCL fuel stations. Spend-based waiver of the annual fee.",[],[],,cardinsider.com,https://cardinsider.com/icici-bank/chennai-super-kings-icici-bank-credit-card/
Emirates Skywards ICICI Bank Emeralde Credit Card,ICICI Bank,Best ICICI Bank,,"[""Best Credit Cards to Earn Emirates Skywards Miles in India"", ""Best ICICI Bank"", ""Best ICICI Bank Credit Cards""]","₹10,000 + GST","₹10,000 + GST",NA,,Air Miles,The earned Skywards Miles can be redeemed via Emirates Skywards website against travel-related spends.,,"You get Emirates Skywards Gold Tier membership on achieving a total annual spend of ₹15 lakhs or more, out of which a minimum of ₹50,000 should be spent on Emirates.","{""domestic"": ""Complimentary Unlimited Access to Domestic Airport Lounges"", ""international"": ""Free Unlimited International Airport Lounge Access""}",The basic eligibility criteria that you need to fulfill in order to get the Emirates Skywards ICICI Emeralde Credit Card are as mentioned below: The age of the primary cardholder should be above 21 years. The age of the supplementary cardholder should be above 18 years. The applicant should have a stable source of income with a high net worth. The applicant should have a good credit score.,3.75% Per Month (45% Per Annum),3.50% on all international transactions.,"1% Fuel Surcharge Waiver on Transactions Between ₹400 – ₹4,000 | Higher of Rs. 500 or 2.5% of the amount withdrawn. | Nil","Complimentary Skywards Silver Tier membership. 10,000 bonus Skywards Miles as a joining benefit. For every Rs. 100 spent, you will get 2 Skyward Miles. Unlimited complimentary access to domestic as well as international lounges. Skywards Miles Gold Tier membership on achieving the milestone spend. Under the ICICI Bank Culinary Treats Programme, you will get exclusive deals on dining. Buy 1 Get 1 Free offer on movie tickets four times every month. Surcharge waiver of 1% on fuel transactions.",[],[],,cardinsider.com,https://cardinsider.com/icici-bank/emirates-skywards-icici-bank-emeralde-credit-card/
Emirates Skywards ICICI Bank Rubyx Credit Card,ICICI Bank,Best ICICI Bank,,"[""Best Credit Cards to Earn Emirates Skywards Miles in India"", ""Best ICICI Bank"", ""Best ICICI Bank Credit Cards""]","₹1,000 + GST","₹1,000 + GST",N/A,,Air Miles,The earned Skyward Miles are automatically credited to the cardholder’s Emirates Skywards account.,,,"{""domestic"": ""1 Free Lounge Visit Each Quarter on Spends of ₹75,000 or More in the Previous Quarter"", ""international"": ""N/A""}","The exact eligibility criteria for the Emirates ICICI Bank Rubyx Credit Card has not been disclosed by the card issuer, but the basic eligibility requirements to get approved for this card are as mentioned below: The age of the primary cardholder should be 21 years or more. The age of the supplementary cardholder should be 18 years or more. The applicant should either be salaried or self-employed i.e, the applicant should have a stable source of income. The applicant should have a decent credit score.",3.75% Per Month,3.5% on all foreign currency spends,"1% Fuel Surcharge Waiver on Transactions Between ₹400 – ₹4,000 | 2.5% of the withdrawn amount subject to a minimum of Rs. 500. | Nil",Up to 1 Skyward Miles on every spend of ₹100. Skyward Miles redeemable against travel-related booking via Emirates. Complimentary domestic airport lounge access. 25% discount on movie ticket bookings via BookMyShow. Exciting discount offers and deals on dining. 1% fuel surcharge waiver.,[],[],,cardinsider.com,https://cardinsider.com/icici-bank/emirates-skywards-icici-bank-rubyx-credit-card/
Emirates Skywards ICICI Bank Sapphiro Credit Card,ICICI Bank,Best ICICI Bank,,"[""Best Credit Cards to Earn Emirates Skywards Miles in India"", ""Best ICICI Bank"", ""Best ICICI Bank Credit Cards""]","₹5,000 + GST","₹5,000 + GST",N/A,,Air Miles,The Skyward Miles that you earn will be automatically credited to your Emirates Skywards account.,,"On achieving an annual spend of Rs. 5 lakhs in an anniversary year, you can get a complimentary upgrade to the Emirates Skywards Gold Tier membership.","{""domestic"": ""2 Complimentary Lounge Access on Spends of ₹75,000 in the Previous Quarter"", ""international"": ""2 complimentary access to international lounges annually.""}","You need to fulfill basic eligibility criteria to get approved for the Emirates Skywards ICICI Sapphiro Credit Card, which is as mentioned below: The primary cardholder needs to be above 21 years of age. The age of the supplementary cardholder should be 18 years or above. The applicant should either be self-employed or salaried. The applicant’s credit score should be well maintained.",3.75% Per Month,3.5% on all international transactions.,"1% Fuel Surcharge Waiver on Transactions Between ₹400 – ₹4,000 | 2.5% of the amount or Rs. 500 (whichever is higher) | Nil","Welcome benefit of 5,000 bonus Skyward Miles. Complimentary Emirates Skywards Silver Tier membership. Up to 1.5 Skyward Miles per Rs. 100 spent. Complimentary access to domestic & international airport lounges. Buy 1 Get 1 Free movie tickets via BookMyShow. Exciting discounts on dining bills with the Culinary Treats Programme. 1% fuel surcharge waiver.",[],[],,cardinsider.com,https://cardinsider.com/icici-bank/emirates-skywards-icici-bank-sapphiro-credit-card/
ICICI Bank British Airways Classic Credit Card,ICICI Bank,Best ICICI Bank,"Mastercard, American Express","[""Best ICICI Bank"", ""Best ICICI Bank Credit Cards""]",NIL,"Rs. 3,500 + GST",N/A,,Air Miles,"The Avios you earn can be redeemed against hotel/flight bookings, car rentals, etc, on the official website of British Airways.",,,"{""domestic"": ""N/A"", ""international"": ""N/A""}",,3.40% per month,3.50%,1% fuel surcharge waiver at all HPCL fuel stations. | 2.5% of the amount withdrawn or a minimum of Rs. 300 | Rs. 99 per redemption request.,"Enjoy the benefits of two cards with a single account. Welcome bonus of 3,500 Avios with your ICICI Bank British Airways Classic Credit Card. Earn 25,000 Avios on booking a British Airways flight within the first three months. Earn up to 2 Avios on every regular spend of Rs. 100. Earn up to 2.5 Avios on British Airways tickets and in-flight shopping spend of Rs. 100. Redeem your earned Avios against flight/hotel bookings. 1% fuel surcharge waiver.",[],[],,cardinsider.com,https://cardinsider.com/icici-bank/icici-bank-british-airways-classic-credit-card/
ICICI Bank British Airways Premium Credit Card,ICICI Bank,Best ICICI Bank,"Mastercard, American Express","[""Best ICICI Bank"", ""Best ICICI Bank Credit Cards""]","Rs. 7,000 + GST","Rs. 7,000 + GST",N/A,,Air Miles,"British Airways Avios can be redeemed for award flights, class upgrades, etc on British Airways or any of its Oneworld partners.",,,"{""domestic"": ""N/A"", ""international"": ""N/A""}",,3.40% per month (or 40.80% annually),3.50% of the transaction amount,2.5% fuel surcharge waived off at all filling stations across India | 2.50% of the transaction amount (subject to a minimum charge of Rs. 300) | Nil,"You get 2 credit cards together- 1 MasterCard variant and 1 American Express variant. The card earns you rewards an Avios (British Airways AirMiles program). British Airways Executive Club membership and 8,000 Avios as a welcome benefit on using the American Express variant of the card for the first time. 25,000 Avios on booking the first return ticket from India to London within 3 months of card issuance. 4 Avios per Rs. 100 on everyday spends and 6 Avios per Rs. 100 on British Airways tickets and in-flight shopping with the American Express variant. Accelerated Avios (up to 9 Avios per Rs. 100) on achieving the stipulated spends milestones with the American Express variant. 1 Avios per Rs. 100 spent with the MasterCard variant of the card. Up to 3 movie tickets each month from BookMyShow on achieving the stipulated spends based milestones. Minimum 15% discount on dining bills on at partner restaurants under ICICI Bank’s Culinary Treats Program.",[],[],,cardinsider.com,https://cardinsider.com/icici-bank/icici-bank-british-airways-premium-credit-card/
ICICI Bank Carbon Credit Card,ICICI Bank,Best ICICI Bank,Visa,"[""Best ICICI Bank"", ""Best ICICI Bank Credit Cards""]","Rs. 1,000 + GST",Nil,N/A,,Reward Points,"The Reward Points are redeemable against cashback, gift, and several other options at a rate of 1 RP = Re. 0.25.",,,"{""domestic"": ""4 complimentary domestic lounge access per calendar quarter"", ""international"": ""N/A""}",,3.4% per month (or 40.8% per annum),3.5% of the transaction amount,"2.5% fuel surcharge waiver at all fuel stations for transactions up to Rs. 4,000 | 2.5% of the cash amount withdrawn or a minimum of Rs. 300 | Rs. 99 (plus applicable taxes) per redemption request","Highly secure credit card for online transactions. Get 2 ICICI Reward Points per Rs. 100 spent using your ICICI Bank Carbon Credit Card. Up to 3 free movie tickets every month. Get a 15% or more discount on dining. Get complimentary airport lounge access every quarter. Up to Rs. 1,500 off on flight bookings. A 10% discount on hotel bookings. 5% fuel surcharge waiver.",[],[],,cardinsider.com,https://cardinsider.com/icici-bank/icici-bank-carbon-credit-card/
ICICI Bank Coral Credit Card,ICICI Bank,Best ICICI Bank,"Visa, Mastercard, RuPay, American Express","[""Best ICICI Bank"", ""Best ICICI Bank Credit Cards""]",₹500 + GST,₹500 + GST,Annual Fee Waiver on Spends of ₹1.5 Lakh or More,,Reward Points,1 Reward Point = ₹0.25,,"You get 2,000 Reward points on achieving a spend of ₹2 lakh, and you get 1,000 bonus Reward Points on achieving the incremental spend target of ₹1,00,000 within an anniversary year after that. The maximum bonus points you can earn every year are capped at 10,000 Points per year.","{""domestic"": ""1 Domestic Lounge Access Every Quarter (4 Each Year)"", ""international"": ""N/A""}","In the case of the primary cardholder, the age must be 23 years or more. In the case of supplementary cardholders, the age must be 18 years or more. The net income as per the ITR in the case of the primary cardholder must be Rs 5 lakh.",3.75% Per Month (45% Per Annum),3.5% of the transaction amount,"You get a fuel surcharge waiver of 1% across all HPCL petrol stations in India. This offer valid for transaction up to Rs 4,000/- | 2.5% or a Minimum of ₹500 (Whichever is Higher) | ₹99 + GST","1 Reward Point per Rs. 100 you spent on utilities & insurance-related spends. 2 Reward Points per Rs. 100 you spend (except Fuel). Earn up to 10,000 bonus RPs annually under the Milestone Program. Get 1 complimentary domestic lounge access every quarter. Get 1 complimentary railway lounge pass every quarter. Enjoy up to 25% discount on movie ticket booking on BookMyShow and INOX. You get exclusive dining deals through the ICICI Bank Culinary Treats Programme using the ICICI Bank Coral credit card.","[""Even though Coral is a basic credit card, it still offers free railway lounge access without having to meet any spend-based criteria."", ""One can easily link this card (RuPay variant) to UPI and make payments.""]","[""Those who get the paid Coral variant are not offered any joining benefits along with the card.""]",,cardinsider.com,https://cardinsider.com/icici-bank/icici-bank-coral-credit-card/
ICICI Bank Diamant Credit Card,ICICI Bank,Best ICICI Bank,,"[""Best ICICI Bank"", ""Best ICICI Bank Credit Cards""]","Rs. 1,25,000 + GST","Rs. 10,000 + GST",The renewal fee is waived off an annual expenditure of Rs. 25 lakh or more in the previous year.,,Reward Points,The ICICI Reward Points can be redeemed against cashback or gifts at a rate of 1 Reward Point = Rs. 0.25.,,,"{""domestic"": ""Unlimited complimentary domestic airport lounge access"", ""international"": ""Unlimited complimentary international airport lounge access""}",,3.4% per month,3.5% of the transaction amount,"1% fuel surcharge is waived off on all fuel transactions up to Rs. 4,000 | 2.5% of the amount withdrawn subject to a minimum charge of Rs. 300 | Rs. 99 (plus applicable taxes) for every redemption request","Apple MacBook Air MMGG2HN/A as a welcome gift on the realization of the joining fee. 6 Reward Points per Rs. 100 on international purchases. 3 Reward points per Rs. 100 on domestic purchases. Up to 4 complimentary movie tickets every month on BookMyShow. A minimum discount of 15% on dining bills at partner restaurants with the Culinary Treats program. Discounts on dining bills at ITC hotels and partner hotels with Club ITC Culinaire membership. Unlimited complimentary domestic & international lounge access for both primary and guest cardholder(s). Unlimited complimentary golf rounds at premium golf courses across India. Complimentary Taj Epicure Plus and InnerCircle Gold membership. Travel-related insurance benefits including a personal air accident cover worth Rs. 3 crore and Credit shield cover worth Rs. 50,000. 24×7 concierge service for assistance regarding hotel/flight bookings, medical services and emergency auto assistance.",[],[],,cardinsider.com,https://cardinsider.com/icici-bank/icici-bank-diamant-credit-card/
ICICI Bank Emeralde Credit Card,ICICI Bank,Best ICICI Bank,,"[""Best ICICI Bank"", ""Best ICICI Bank Credit Cards"", ""Top Credit Cards With Trip Cancellation in India""]","₹12,000 + GST","₹12,000 + GST",Annual Fee Waiver on Spends of ₹10 Lakh or More,,Reward Points,"The earned Reward Points can be redeemed against gifts or cash credit, where 1 Reward Point = Rs. 0.25",,,"{""domestic"": ""Complimentary Unlimited Domestic Airport Lounge Access"", ""international"": ""Complimentary Unlimited International Airport Lounge Access Via Priority Pass""}","Since it is an exclusive premium credit card, it has strict eligibility criteria. Salaried applicants must have a minimum monthly income of Rs. 1,50,000, and self-employed applicants must have filed an income tax return for Rs. 18,00,000 in the previous year. Along with this, the applicant should have a really good credit history with no records of payment defaults.",3.75% Per Month,2%,1% fuel surcharge waived on all fuel purchases at all fuel pumps across the country. | 2.5% Subject to a Minimum of ₹500 | ₹99 + GST,"Unlimited complimentary domestic and international airport lounge access. Up to Rs. 750 off on purchase of second ticket onwards (up to max 4 tickets/month) on BookMyShow for all movie and non-movie ticket purchases. Complimentary golf round/lesson on every Rs. 50,000 spent on the card in the previous month (up to a maximum of 4 rounds/lessons per month). Nominal Foreign Currency Markup of 2%. Reversal of cancellation charges (up to Rs. 12,000) on a maximum of 2 transactions/year for flight/hotel/movie ticket booking. Get up to 4 Reward Points every time you spend Rs. 100.",[],[],,cardinsider.com,https://cardinsider.com/icici-bank/icici-bank-emeralde-credit-card/
ICICI Bank Emeralde Private Metal Credit Card,ICICI Bank,Best ICICI Bank,,"[""Best Credit Cards With Taj Epicure Membership"", ""Best Credit Cards for Air India Maharaja Club"", ""Best Credit Cards for Complimentary Roadside Assistance"", ""Best Credit Cards for Free Domestic Airport Lounge Access"", ""Best Credit Cards for Free International Airport Lounge Access"", ""Best Credit Cards for International Travel 2026"", ""Best Credit Cards with Concierge Services"", ""Best ICICI Bank"", ""Best ICICI Bank Credit Cards"", ""Top 20 Best Credit Cards in India 2026"", ""Top Credit Cards With Trip Cancellation in India""]","₹12,499 + GST","₹12,499 + GST",Renewal fee waiver on spending Rs. 10 Lakhs or above in the card anniversary year,,Reward Points,"Redeem Reward Points up to ₹1 Value for Hotels, Flights, Vouchers and More",,"Achieve the target spend milestone with the credit card to unlock the milestone benefit. On spending ₹8 Lakhs or above in the year, you will get ₹6000 worth of EaseMyTrip Air Travel vouchers, two vouchers each worth ₹3000. The vouchers are issued once per year when you reach the target spend milestone with your card.","{""domestic"": ""Unlimited Free Domestic Airport Lounge Access"", ""international"": ""Unlimited International Lounge Access With Priority Pass for Primary and Add-on Cardholders""}",,3.75% Per Month,2% of the total transaction amount,"1% Waiver on Fuel Transactions Up to ₹4,000. Maximum Waiver of ₹1,000 Each Statement Cycle | Nil | Nil","Complimentary Taj Epicure and EazyDiner Prime membership as a welcome benefit. Bonus 12,500 ICICI Reward Points as joining and annual benefits. 6 Reward Points per Rs. 200 spent through the card. Complimentary EaseMyTrip air travel vouchers worth Rs. 6000 as a milestone benefit. Complimentary unlimited golf rounds and lessons. Complimentary unlimited domestic and international lounge access with Priority Pass. Up to Rs. 750 off on a second ticket booking through BookMyShow. Low forex markup fee of 2% of the transaction amount.","[""The Emeralde Private Metal Credit Card offers a good reward rate of 3%."", ""Both primary and add-on credit cardholders shall be eligible for complimentary domestic and international lounge access.""]","[""While this card offers travel vouchers as a milestone benefit, ICICI Bank could have selected a more prominent travel partner than EaseMyTrip for these vouchers.""]",,cardinsider.com,https://cardinsider.com/icici-bank/icici-bank-emeralde-private-metal-credit-card/
ICICI Bank Expressions Credit Card,ICICI Bank,Best ICICI Bank,,"[""Best ICICI Bank"", ""Best ICICI Bank Credit Cards""]",Rs. 500 + GST,Rs. 500 + GST,The renewal fee is waived off on expenditure of Rs. 1.5 lakh in the previous year.,,Reward Points,The earned Reward Points can be redeemed against gifts or the card’s outstanding balance at a rate of 1 Reward Point = Rs. 0.25.,,The annual renewal fee of Rs. 500 is waived if a minimum of Rs. 1.5 lakh were spent in the previous year.,"{""domestic"": ""1 complimentary access to domestic airport lounges per quarter."", ""international"": ""N/A""}",,3.40% p.m. (or 40.8% annually),3.50% of the conversion amount,"1% fuel surcharge waived off at HPCL filling station across India on transactions of not more than Rs. 4,000 | 2.50% of the withdrawn amount, subject to a minimum charge of Rs. 300 | Rs. 99 (plus applicable taxes) per redemption request","You can personalize the credit card design and look and make it unique as per your liking. You can choose from the given designs on the bank’s website or you can even have your own picture on your credit card. 3 Reward Points per Rs. 100 spent with the card (except fuel, utilities and insurance spends) 1 Reward Point on utilities and insurance spends. 25% discount up to Rs. 100 on movie tickets (minimum 2 tickets in a single transaction) on BookMyShow twice a month. 1 complimentary domestic airport lounge access per quarter. Exclusive dining offers under ICICI Bank Culinary Treats Program.",[],[],,cardinsider.com,https://cardinsider.com/icici-bank/icici-bank-expressions-credit-card/
ICICI Bank Ferrari Signature Credit Card,ICICI Bank,Best ICICI Bank,,"[""Best ICICI Bank"", ""Best ICICI Bank Credit Cards""]","Rs. 3,999 + GST",Rs. 999 + GST,"The annual fee is waived off on spending Rs. 2,50,000 or more in the previous year.",,Reward Points,The Reward Points you earn can be redeemed against an array of categories at a rate of 1 Reward Point = Re. 0.25.,,"The top spenders among the ICICI Bank Ferrari Signature Credit cardholders get the following benefits: Take a trip to the Ferrari home in Maranello, Italy. A chance to attend the official Ferrari challenge race. An opportunity to attend a Gala event with VIP guests in Maranello, Italy.","{""domestic"": ""2 complimentary domestic lounge access each calendar quarter."", ""international"": ""NA""}",,3.40%,3.5% on all overseas transactions.,1% fuel surcharge waiver at all HPCL fuel stations. | 2.5% of the transacted amount subject to a minimum of Rs. 300. | Rs. 99 on every redemption request.,"Welcome gift of a Scuderia Ferrari Watch. 2 Reward Points on every spend of Rs. 100. Up to 2 complimentary movie tickets every month. A discount of 15% or more on dining across 2,500+ premium restaurants. 2 complimentary domestic lounge access every quarter. Top spenders get exclusive privileges, including a trip to the Ferrari home in Italy. Up to 20% off on Ferrari merchandise. Spend-based waiver of the annual membership fee. 1% fuel surcharge waiver at all HPCL pumps.",[],[],,cardinsider.com,https://cardinsider.com/icici-bank/icici-bank-ferrari-signature-credit-card/
ICICI Bank HPCL Coral Credit Card,ICICI Bank,Best ICICI Bank,,"[""Best ICICI Bank"", ""Best ICICI Bank Credit Cards""]",Rs. 199 + GST,Rs. 199 + GST,"Spend Rs. 50,000 or more in a year and get your renewal fee waived off",,Reward Points,The earned Reward Points can be redeemed against a variety of products and shopping vouchers on www.icicibank.com. 1 Reward Point = Rs. 0.25.,,,"{""domestic"": ""N/A"", ""international"": ""N/A""}",,3.4% per month (or 40.8% per annum),3.5% of the transaction amount,You get a 1% fuel surcharge waiver across all HPCL petrol pumps. | 2.5% of the amount withdrawn subject to a minimum of Rs. 300 | Rs. 99 (plus applicable taxes) per redemption request,"Save 3.5% on fuel transactions (2.5% cashback and 1% fuel surcharge waiver). Get 2 Reward Points on every retail spend of Rs. 100. A 25% discount on movies through BookMyShow. Exciting discount offers on dining through the Culinary Treats Programme. Earn fuel worth Rs. 500 for 2,000 Reward Points. Easily redeemable Reward Points, which can be redeemed through www.icicibank.com Spend-based renewal fee waiver.",[],[],,cardinsider.com,https://cardinsider.com/icici-bank/icici-bank-hpcl-coral-credit-card/
ICICI Bank HPCL Platinum Credit Card,ICICI Bank,Best ICICI Bank,,"[""Best ICICI Bank"", ""Best ICICI Bank Credit Cards""]",Rs. 199 + GST,Rs. 199 + GST,"The renewal fee can be waived on spending Rs. 50,000 or more in the preceeding year.",,Reward Points,1 Reward Point = Rs. 0.25 for redemption against the card’s statement balance or gifts.,,,"{""domestic"": ""N/A"", ""international"": ""2 complimentary airport lounge visits outside India""}",,3.40% per month (or 40.8% annually),3.50% on all foreign currency spends,"1% fuel surcharge waiver at all HPCL pumps for transactions up to Rs. 4,000. | 2.5% of the transaction amount or Rs. 300 (whichever is higher). | Rs. 99 on every redemption request.","2 Reward points per Rs. 100 you spend on all retail purchases except fuel. 2.5% cashback on fuel purchases at HPCL pumps (maximum cashback of Rs. 100). Exclusive dining offers and a minimum discount of 15% on dining bills at partner restaurants with ICICI Bank Culinary Treats Program. Card renewal fee is waived on spending Rs. 50,000 in the previous year.",[],[],,cardinsider.com,https://cardinsider.com/icici-bank/icici-bank-hpcl-platinum-credit-card/
ICICI Bank Manchester United Platinum Credit Card,ICICI Bank,Best ICICI Bank,,"[""Best ICICI Bank"", ""Best ICICI Bank Credit Cards""]",Rs. 499 + GST,Rs. 499 + GST,Renewal fee waived off if Rs. 1.25 lakh were spent in the previous aniversary year,,Reward Points,The earned Reward Points can abe redeemed against a lot of options including cashback and gifts at a rate of 1 Reward Point = Re. 0.25.,,,"{""domestic"": ""1 complimentary doemestic airport lounge access per quarter"", ""international"": ""N/A""}",,3.67% per month (44.04% per annum),3.5% on all foreign currency spends,1% fuel surcharge waiver | 2.5% of the withdrawn amount subject to a minimum charge of Rs. 300 | Rs. 99 (plus applicable taxes) per redemption request,2 Reward Points on Every Domestic/International transaction of Rs. 100. 3 Reward Points per Rs. 100 spent on Manchester United match days. Complimentary Manchester United Branded Football as a Welcome Gift. 1 Complimentary domestic lounge access per quarter. Exclusive discount on dining bills at partner restaurants under the ICICI Bank Culinary Treats program.,[],[],,cardinsider.com,https://cardinsider.com/icici-bank/icici-bank-manchester-united-platinum-credit-card/
ICICI Bank Mine Credit Card,ICICI Bank,Best ICICI Bank,,"[""Best ICICI Bank"", ""Best ICICI Bank Credit Cards""]",Nil (Starter). Rs. 49 Monthly (Pro). Rs. 149 Monthly (Premium),Nil (Starter). Rs. 49 Monthly (Pro). Rs. 149 Monthly (Premium),"A spend-based waiver on monthly spending of Rs 10,000 with the Pro Plan and 20,000 with the Premium Plan",,Cashback,1 Mine cash is equivalent to Rs 0.5 on redemption against the ICICI Bank Reward catalog and 1 Mine cash is equivalent to Rs 1 on redemption against statement balance,,,"{""domestic"": ""With Premium Plan, get 1 complimentary visit to the domestic lounge per month."", ""international"": ""NA""}",Following are the eligibility criteria that a cardholder needs to fulfill if he wishes to apply for an ICICI Mine Card: The applicant should be above 21 years old. He should have a decent credit score and a stable source of income.,3.4% per month (40.80% per annum),3.5% on international transactions,1% waiver on all fuel transactions at all HPCL petrol pumps | 3.4% per month (40.80% per annum) | Rs 99 per redemption request,"Choose one out of the three plans as per your requirements. Save up to 5% on your spends. Complimentary domestic airport and railway lounge access. Spend-based waiver of monthly membership fee. Exclusive offers on grocery, travel, food, fashion, and E-marketplace.",[],[],,cardinsider.com,https://cardinsider.com/icici-bank/icici-bank-mine-credit-card/
ICICI Bank Parakram Credit Card,ICICI Bank,Best ICICI Bank,,"[""Best ICICI Bank"", ""Best ICICI Bank Credit Cards""]",Nil,Nil,N/A,,Reward Points,Rs. 99 will be charged on every reward redemption request,,,"{""domestic"": ""One Domestic Airport Lounge Visit Each Quarter"", ""international"": ""N/A""}",,3.40% per month or 40.8% annually,3.5% per month or 42% annually,1% fuel surcharge waiver on all fuel transactions | 2.50% of the withdrawn amount or a minimum of Rs. 300 | Rs. 99 per reward redemption request,"5X reward points on every ₹100 spent on CSDs, groceries, and departmental stores (max capped at 1,000 points per month). 1 reward point for every ₹100 spent on all other applicable expenses. Fuel, ATM withdrawal, balance transfer, cash withdrawal, EMIs, PLCC, fees, and other charges are not eligible to earn reward points. 1% fuel surcharge waiver on all fuel transactions across the country. Personal accident insurance of Rs. 2 Lakh. Air Accident Cover of Rs. 20 Lakh. Up to 3 add-on credit cards with no added fee. Dining benefits with ICICI Bank Culinary Treats Programme.",[],[],,cardinsider.com,https://cardinsider.com/icici-bank/icici-bank-parakram-credit-card/
ICICI Bank Parakram Select Credit Card,ICICI Bank,Best ICICI Bank,,"[""Best ICICI Bank"", ""Best ICICI Bank Credit Cards""]",Nil,Nil,Nil,,Reward Points,The reward redemption rate is Rs. 0.25 = 1 RP,,"If you spend more than Rs. 50,000 in a month, you can get complimentary golf rounds at the best destinations. You can avail of this benefit a maximum of 4 times a month.","{""domestic"": ""2 complimentary domestic airport lounge access"", ""international"": ""1 complimentary airport lounge access each year""}",,3.40% per month or 40.8% annually,3.5% per month or 42% annually,1% fuel surcharge waiver on all fuel transactions across the country | 2.50% of the withdrawn amount or the subject to a minimum of Rs. 300 charges | Rs. 99 charged on every reward redemption request,"5X reward points on every Rs. 100 spent on groceries, department stores, and CSDs (max capped at 400 points per month). 2 reward points for every Rs. 100 spent on other applicable expenses. Fuel, ATM withdrawal, balance transfer, cash withdrawal, EMIs, PLCC, fees, and other charges are not eligible to earn reward points. Complimentary domestic airport lounge access, max capped 2 per quarter. Complimentary golf round on spending over Rs. 50,000 in a month, max capped 4 times per month. 1% fuel surcharge waiver on all fuel transactions across the country. Personal accident insurance of Rs. 2 Lakh. Air Accident Cover of Rs. 20 Lakh. Up to 3 add-on credit cards, no added fee. Dining benefits with ICICI Bank Culinary Treats Programme.",[],[],,cardinsider.com,https://cardinsider.com/icici-bank/icici-bank-parakram-select-credit-card/
ICICI Bank Platinum Chip Credit Card,ICICI Bank,Best ICICI Bank,,"[""Best ICICI Bank"", ""Best ICICI Bank Credit Cards""]",Lifetime Free,Lifetime Free,NA,,Reward Points,"RPs Can Be Redeemed Against Various Options, Including Statement Credit",,,"{""domestic"": ""N/A"", ""international"": ""N/A""}","The basic eligibility criteria that the applicants need to fulfill in order to get approved for the ICICI Platinum Chip Credit Card are as follows. However, the bank might have some internal criteria as well: The primary applicant should be a minimum of 21 years of age. The age of the add-on applicant should be above 18 years. The applicant should have a stable source of income. The applicant should have a decent credit score.",3.75% Per Month (45% Per Annum),3.50%,1% fuel surcharge waiver on transcations done at HPCL fuel stations. | Higher of ₹500 or 2.5% of the Amount Withdrawn | ₹99 + GST,Earn 2 Reward Points for every Rs. 100 spent on retail transactions. Earn 1 Reward Point on every Rs. 100 spent on insurance & utilities. 1% fuel surcharge waiver specifically at all HPCL pumps. Exciting discount offers on dining through the Culinary Treats Programme. Spend-based waiver of the annual fee.,[],[],,cardinsider.com,https://cardinsider.com/icici-bank/icici-bank-platinum-chip-credit-card/
ICICI Bank Rubyx Credit Card,ICICI Bank,Best ICICI Bank,"Visa, Mastercard, RuPay, American Express","[""Best ICICI Bank"", ""Best ICICI Bank Credit Cards""]","₹3,000 + GST","₹2,000 + GST",Spend ₹3 Lakh or More Each Year to Waive Annual Charges,,Reward Points,Redeem Points for Vouchers and More. 1 Reward Point = ₹0.25,,"You get 3,000 Reward Points on spending ₹3 lakhs and 1,500 Reward Points for every subsequent spend of ₹1 lakh in an anniversary year. A maximum of 15,000 additional Reward Points can be earned in a year as a milestone benefit. The renewal fee is waived off on a minimum expenditure of ₹3 lakh in the previous year.","{""domestic"": ""2 Airport Lounge Visits Each Quarter on Spends of ₹75,000 or More in the Previous Quarter"", ""international"": ""N/A""}",You need to fulfil the following eligibility criteria in order to get approved for the ICICI Rubyx Credit Card:,3.75% Per Month (45% Per Annum),3.50%,"1% Waiver on Fuel Spends Between ₹400 and ₹4,000 | Higher of ₹500 or 2.5% of the Amount Withdrawn | ₹99 + GST","2 Reward Points/₹100 spent domestically & 4 Reward Points/₹100 spent internationally. 1 Reward Point on every ₹100 spent on utilities and insurance categories Travel and shopping vouchers worth over ₹5,000 as a welcome benefit. 25% discount (up to ₹150) on booking a minimum of 2 movie tickets in a single transaction on BookMyShow or Inox (max 2 times in a month- once with each variant). Exciting discount offers on dining with the ICICI Bank Culinary Treats Program. Exclusive insurance benefits including a personal air accident cover worth ₹1 crore and lost card liability protection worth ₹50,000. 24*7 concierge service i-Assist for hotel reservations, flight/movie ticket bookings, gift delivery assistance, etc. Spends-based renewal fee waiver on the expenditure of ₹3 lakh in the previous year. Additional reward points will be awarded for achieving the stipulated spend-based milestones.","[""This card offers several useful insurance benefits, including air accident cover worth ₹1 crore."", ""Moviegoers can easily take advantage of the Buy One Get One offers on BookMyShow and INOX.""]","[""In terms of the reward rate, this card doesn’t offer anything special, especially considering that it offers 4 Reward Points/₹100 for international spends, but there is no lower forex charge."", ""Airport lounge access offered with this card can only be unlocked after making high spends of ₹75,000 each quarter.""]",,cardinsider.com,https://cardinsider.com/icici-bank/icici-bank-rubyx-credit-card/
ICICI Bank Sapphiro Credit Card,ICICI Bank,Best ICICI Bank,"Visa, Mastercard, RuPay, American Express","[""Best ICICI Bank"", ""Best ICICI Bank Credit Cards""]","₹6,500 + GST","₹3,500 + GST",Renewal Fee Waiver on Spending ₹6 Lakhs Annually,,Reward Points,Redeem RPs for Cashback/Vouchers. 1 Reward Point = ₹0.25,,"With the ICICI Bank Sapphiro Card, you earn 4,000 Reward points on spending ₹4 lakhs in an anniversary year, and after that, you get 2,000 RPs every time you spend ₹1 lakh with your card. You can earn a maximum of 20,000 Points per anniversary year under the Milestone Reward Program.","{""domestic"": ""4 Complimentary Domestic Lounge Visits Each Quarter"", ""international"": ""2 Complimentary International Airport Lounge Access Each Year""}",,3.75% Per Month (45% Per Annum),3.50% + GST,1% of Fuel Surcharge Waiver (Maximum ₹250 Per Billing Cycle) | 2.5% of the Total Transaction Amount (Minimum ₹500) | ₹99 + GST,"Joining benefits worth more than Rs. 9,000. You can earn up to 4 Reward Points for every Rs 100 you spend on international purchases and 2 Reward Points per Rs 100 you spend on domestic purchases. 1 Reward Point for every Rs. 100 you incur on insurance and utility categories. Up to 20,000 bonus Reward Points every year under the Milestone Reward Program. (Buy 1 Get 1 Free Offer) BOGO on movie tickets on BookMyShow. Get complimentary lounge access within and outside India. With the ICICI Sapphiro Credit Card, you can enjoy complimentary golf sessions up to four times a month at some of the finest golf courses worldwide.",[],[],,cardinsider.com,https://cardinsider.com/icici-bank/icici-bank-sapphiro-credit-card/
ICICI Bank VISA Signature Credit Card,ICICI Bank,Best ICICI Bank,Visa,"[""Best ICICI Bank"", ""Best ICICI Bank Credit Cards""]","Rs. 25,000 + GST","Rs. 2,000 + GST",N/A,,Reward Points,"The Hand-picked Rewards you earn can be redeemed against various options like travel, fashion, dining, gadgets, shopping, InterMiles, etc.",,,"{""domestic"": ""N/A"", ""international"": ""N/A""}",,3.4% per month (or 40.8% per annum),3.5% of the transaction amount,A 1% fuel surcharge waiver is provided at all the fuel stations in India when you pay using your ICICI Bank VISA Signature credit card. | 2.5% of the amount withdrawn or Rs. 300 (whichever is higher) | Rs. 99 (plus applicable taxes) per redemption request,"Up to 10 hand-picked rewards on every spend of Rs. 100. Welcome benefit of 30,000 hand-picked rewards. Get a complimentary Priority Pass Membership. 1 complimentary golf round every month. 24*7 personal concierge service. Shopping vouchers worth Rs. 1000 for every 1250 Hand-picked Rewards. Redeem your Hand-Picked rewards against various options from the Hand-picked Rewards catalog.",[],[],,cardinsider.com,https://cardinsider.com/icici-bank/icici-bank-visa-signature-credit-card/
ICICI Bank HPCL Super Saver Credit Card,ICICI Bank,Best ICICI Bank,,"[""Best Credit Cards for Complimentary Roadside Assistance"", ""Best Fuel Credit Cards in India"", ""Best ICICI Bank"", ""Best ICICI Bank Credit Cards""]",₹500 + GST,₹500 + GST,Spend ₹1.5 Lakh Each Year to Waive Annual Charges,,Reward Points,1 Reward Point = ₹0.25,,,"{""domestic"": ""1 Complimentary Lounge Access Every Quarter on Spends of ₹75,000 in the Previous Quarter"", ""international"": ""N/A""}",Some eligibility requirements need to be fulfilled by the applicants in order to get approved for the ICICI Bank HPCL Super Saver Card. Following are some basic ones of them: The applicant’s age should be more than 21 years. The applicant should have a stable source of income. The applicant should have a decent credit score.,3.75% Per Month (45% Per Year),3.50%,1% fuel surcharge waived at all fuel stations across India | 2.5% of the Cash Amount or a Minimum of ₹500 | ₹99 + GST,"Welcome benefit of 2,000 Reward points, provided the card’s joining fee is paid within two months of card setup and a minimum spend of Rs. 5,000 is achieved within the first 45 days. Cashback of Rs. 100 on the HPPay wallet on the first purchase made via the app. 5% savings (4% cashback + 1% fuel surcharge waiver) on fuel purchases at HPCL stations (4% cashback capped at Rs. 200 per month). 1.5% additional cashback on fuel purchases on HPCL outlets when you use HP Pay app. Fuel surcharge waiver of 1% applicable over and above the aforementioned 4% cashback. 5% cashback as Reward points on utilities, groceries, and departmental store purchases. 2 Reward Points per Rs. 100 spent on all other purchases. Complimentary 24×7 Road Assistance Service (RAS). Complimentary domestic airport lounge access. 25% off on movie tickets on BookMyShow and Inox movies. Maximum discount capped at Rs. 100 per transaction. Discount at partnered restaurants with the ICICI Bank’s exclusive Culinary Treats Program.",[],[],,cardinsider.com,https://cardinsider.com/icici-bank/icici-hpcl-super-saver-credit-card/
ICICI Manchester United Signature Credit Card,ICICI Bank,Best ICICI Bank,,"[""Best ICICI Bank"", ""Best ICICI Bank Credit Cards""]","Rs 2,499 + GST","Rs. 2,499 + GST","You get a spend-based waiver on an annual fee of Rs 2,499 plus applicable taxes if your annual spend is more than Rs 2,50,000 in the previous year.",,Reward Points,1 RP = ₹0.25,,"Every month, the top spenders get an exclusively signed Manchester United jersey and match ticket. The top 100 spenders will get a Manchester United-branded shirt every month. And the top 18 spenders get exclusive access to the “Manchester United Experience”-: Get a private tour of Old Trafford stadium and museum in Manchester, England. Watch the First Team squad training session live at the ground. Visit Manchester United megastore at the stadium. On spending more than ₹2 lakh in the previous year, you get an e-football PES 2021 game.","{""domestic"": ""2 Complimentary Domestic Lounges Access Per Quarter on Spending ₹75,000 or More in the Previous Quarter"", ""international"": ""N/A""}",,3.75% Per Month (45% Per Annum),3.5% of the transaction amount,Get up to 1% fuel surcharge waiver on all fuel transactions at HPCL pumps. | 2.5% of the withdrawn amount subject to the minimum amount of Rs 300. | ₹99 + GST,Get Manchester United Branded holdall and football as a Welcome Gift with ICICI Manchester United Signature credit card. Get up to 5 Reward Points on every Rs. 100 you spend. 2 complimentary domestic lounges per calendar quarter. Top 18 spenders get exclusive access to the “Manchester United Experience” 25% discount up to Rs. 150 on movie tickets on BookMyShow & Inox. A discount of 15% or more on dining. 1% Fuel Surcharge Waiver on all fuel transactions at HPCL fuel stations. Spend Based Waiver of the annual fee.,[],[],,cardinsider.com,https://cardinsider.com/icici-bank/icici-manchester-united-signature-credit-card/
InterMiles ICICI Bank Coral Credit Card,ICICI Bank,Best ICICI Bank,"Visa, American Express","[""Best ICICI Bank"", ""Best ICICI Bank Credit Cards""]","Rs. 1,250 + GST","Rs. 1,250 + GST",N/A,,Air Miles,"The accumulated InterMiles can be further redeemed for booking flights and hotels through www.intermiles.com, for purchasing gift vouchers, fuel, etc. 4 InterMiles are equivalent to Re. 1 (only applicable for fuel purchase).",,,"{""domestic"": ""You get 2 complimentary access to domestic lounges per quarter ( 1 each on VISA and American Express Variant)."", ""international"": ""N/A""}",,3.4% per month (40.8% per annum),3.5% of transaction amount,Avail waiver of 1% fuel surcharge on the purchase of fuel up to Rs 4000 from HPCL pumps when swiping on ICICI Bank machines. | 2.5% ( subject to a minimum of Rs. 300) | Rs 99 (plus applicable taxes) per redemption request,"Get 2,500 bonus InterMiles and flight & hotel discount vouchers worth Rs. 750 as welcome benefits. Get 1,250 bonus InterMiles every year as a renewal benefit. Earn up to 7.5 InterMiles on a minimum spend of Rs. 100 for booking Etihad flight tickets through www.intermiles.com. Earn accelerated InterMiles on flight and hotel booking from www.intermiles.com. Get complimentary access to a domestic airport lounge every quarter. A discount of up to Rs. 100 on movies on BookMyShow. 15% or more discount on dining. 1% fuel surcharge waiver.",[],[],,cardinsider.com,https://cardinsider.com/icici-bank/intermiles-icici-bank-coral-credit-card/
InterMiles ICICI Bank Rubyx Credit Card,ICICI Bank,Best ICICI Bank,"Visa, American Express","[""Best ICICI Bank"", ""Best ICICI Bank Credit Cards""]","Rs. 2,500 + GST","Rs. 2,500 + GST",N/A,,Air Miles,"InterMiles earned can be redeemed for flight bookings, hotel reservations, shopping vouchers, etc on the InterMiles web portal",,,"{""domestic"": ""2 domestic airport lounge access each quarter (1 lounge access each through American Express & Visa variant)."", ""international"": ""N/A""}",,3.5% per month (42% per annum),3.5% of the transaction amount,"1% fuel surcharge waiver across all HPCL petrol pumps for a maximum fuel transaction of Rs. 4,000. | 2.5% of the amount transacted or Rs. 300 (whichever is higher) | Rs. 99 (plus applicable taxes) per redemption request","Up to 10 InterMiles on every Rs. 100 spent with the American Express variant and up to 7.5 InterMiles for every Rs. 100 spent with the Visa variant. Accelerated InterMiles on flight bookings through intermiles.com. 5,000 bonus InterMiles as a welcome benefit. 2,500 Intermiles as a renewal benefit. 2 complimentary domestic airport lounge access every quarter (if a minimum of Rs. 5,000 were spent in the previous quarter). Up to 25% discount (up to Rs. 150) on booking 2 movie tickets in a single transaction on BookMyShow (max two times a month). Exclusive discounts on dining bills at partner restaurants through the ICICI Bank Culinary Treats Programme. 24*7 concierge services for assistance regarding hotel/flight bookings, table reservations, flower/gift delivery, etc. Get a 1% fuel surcharge waiver at all fuel stations across India.",[],[],,cardinsider.com,https://cardinsider.com/icici-bank/intermiles-icici-bank-rubyx-credit-card/
InterMiles ICICI Bank Sapphiro Credit Card,ICICI Bank,Best ICICI Bank,"Visa, American Express","[""Best ICICI Bank"", ""Best ICICI Bank Credit Cards""]","Rs. 5,000 + GST","Rs. 5,000 + GST",N/A,,Air Miles,InterMiles redeemable for flight/hotel bookings on the InterMiles portal from partner airlines/hotel chains,,"5,000 bonus InterMiles every year when the card membership is renewed. The flight discount voucher is worth Rs. 500, and the hotel discount voucher is worth Rs. 1,000 every anniversary year. Additional flight discount voucher of Rs. 500 and hotel discount voucher of Rs. 1,000 on spending Rs. 60,000 within 3 months of the card anniversary date.","{""domestic"": ""2 complimentary domestic lounge access each with both Visa and AmEx variants if Rs. 5,000 spent in the previous quarter"", ""international"": ""2 complimentary international lounge access every year under the Dreamfolks membership""}",,3.5% per month (42% annually),3.5% of the transaction amount,"1% fuel surcharge waived off at all fuel stations across India | 2.5% of the transacted amount, subject to a minimum amount of Rs. 300 | Rs. 99 (plus applicable taxes) per redemption request","InterMiles Silver Tier membership and 10,000 bonus Intermiles as a welcome gift. Joining benefit of a discount of Rs. 750 on flight bookings and Rs. 1,500 on hotel reservations. Annual benefit of 5,000 InterMiles, a discount voucher worth Rs. 500 on flight tickets and Rs. 1,000 on hotel bookings. 5 InterMiles on domestic and 7 InterMiles on international spends on every Rs. 100 spent on the American Express variant. 12.5 InterMiles for Etihad Airways ticket bookings and 10 InterMiles for other flight/hotel spends for every Rs. 100 spent on the American Express variant. 4 InterMiles on domestic and 5 InterMiles on international spends on every Rs. 100 spent on the Visa variant. 10 InterMiles for Etihad Airways ticket bookings and 8 InterMiles for other flight/hotel spends for every Rs. 100 spent on the Visa variant. Complimentary DreamFolks membership with 2 complimentary international lounge visits every year and 2 complimentary domestic airport spa visits every year. 2 complimentary domestic lounge access with both Visa and AmEx variants if Rs. 5,000 spent in the previous quarter. Buy one and get up to Rs. 500 off on the second movie ticket on BookMyShow (twice every month). One complimentary round of golf for every Rs. 50,000 spent in the previous month. Dining benefits under the Culinary Treats program. 24×7 concierge service. 1% fuel surcharge waiver at all fuel stations across India.",[],[],,cardinsider.com,https://cardinsider.com/icici-bank/intermiles-icici-bank-sapphiro-credit-card/
MakeMyTrip ICICI Bank Credit Card,ICICI Bank,Best ICICI Bank,"Mastercard, RuPay","[""20+ Best Travel Credit Cards"", ""Best ICICI Bank"", ""Best ICICI Bank Credit Cards""]",₹999 + GST,₹999 + GST,Annual Fee Waiver on Spends of ₹3 Lakh in a Year,,Reward Points,1 myCash = ₹1,,,"{""domestic"": ""Eight Complimentary Visits Each Year"", ""international"": ""One Free Visit Each Year""}",,3.75% Per Month (45% Per Annum),0.99%,N/A | 2.5% | Nil,The joining and annual charge of this card is ₹999 + GST. This is a travel-centric credit card.,[],"["""", """"]",,cardinsider.com,https://cardinsider.com/icici-bank/makemytrip-icici-bank-credit-card/
Times Black ICICI Bank Credit Card,ICICI Bank,Best ICICI Bank,Visa,"[""Best Credit Cards for Air India Maharaja Club"", ""Best Credit Cards for Complimentary Roadside Assistance"", ""Best Credit Cards for Free International Airport Lounge Access"", ""Best ICICI Bank"", ""Best ICICI Bank Credit Cards"", ""Top 10 Super Premium Credit Cards in India"", ""Top 20 Best Credit Cards in India 2026"", ""Top Credit Cards With Trip Cancellation in India""]","₹20,000 + GST","₹20,000 + GST",Annual Fee Waiver on Spends of ₹25 Lakhs in a Year,,Reward Points,"Redeem Reward Points for Airmiles, Cash, and More",,,"{""domestic"": ""Unlimited Domestic Airport Lounge Access"", ""international"": ""Unlimited Complimentary Lounge Access at International Airports""}",,3.75% (Monthly),1.49%,"1% Fuel Surcharge Waiver (Up to ₹1,000 Each Statement Cycle) | No Cash Withdrawal Charges | N/A","Times Black ICICI Bank Credit Card is a premium card offering specially designed for ultra-high-net individuals. This card offers privileges and benefits that are beneficial to those who want the best. This card comes at a joining and annual cost of ₹20,000. Cardholders shall get 24/7 domestic and international concierge services. Upto 35% discount on luxury and chauffeur-driven rental cards with Avis. Enjoy complimentary international and domestic airport lounge access with this card.","[""This card hosts so many luxurious and premium benefits, such as helicopter city transfers, access to exclusive Times Group events, and discounts at Quorum Club.""]","[""For such a premium credit card, which has high joining and annual charges, this card still imposes a 1.49% Forex fee. This is quite disappointing, as several credit cards with lower fees offer zero Forex charges."", ""The annual fee waiver threshold is quite high, ₹25 lakh per annum. Even premium credit cards like SBI Aurum have a lower threshold of ₹12 lakh each year.""]",,cardinsider.com,https://cardinsider.com/icici-bank/times-black-icici-bank-credit-card-review/
IDBI Aspire Platinum Credit Card,IDBI Bank,IDBI Bank,,"[""IDBI Bank"", ""IDBI Bank Credit Cards""]",Nil,Nil,N/A,,N/A,The delight points can be redeemed for a wide array of gifts vouchers providing you with lifestyle benefits. The points accumulated can be redeemed for cashback,"As a welcome benefit, you get 500 Delight points on using your credit card for transactions worth Rs 1500 or above within 30 days of issuance of the card. Moreover, you get 300 Delight points on using your credit card for transactions worth Rs 1500 or above within 31 to 90 days of the issuance of the card.",,"{""domestic"": ""N/A"", ""international"": ""N/A""}",Applicant should be of 21 years to 60 years in case of a salaried employee Applicant should be of 21 years to 65 years in case of self-employed. The applicant should be a resident of India Add-on cardholders should be 18 years old.,2.9% per month (34.8% per annum),3.5% on the conversion amount,1% surcharge waiver on fuel transactions between Rs 400 to Rs 4000 | 2.5% on the withdrawal amount subject to minimum of Rs 500 | Nil,N/A,[],[],,cardinsider.com,https://cardinsider.com/idbi-bank/idbi-aspire-platinum-credit-card/
IDBI Bank Imperium Platinum Credit Card,IDBI Bank,IDBI Bank,Visa,"[""IDBI Bank"", ""IDBI Bank Credit Cards""]",Nil,₹499 + GST,"Renewal fee waiver on spends of Rs. 75,000 in a year",,Reward Points,1 Reward Point = ₹0.25 Redeemable on IDBI Delight Reward Portal,,,"{""domestic"": ""N/A"", ""international"": ""N/A""}","The applicant should be the age of 18 years or above The applicant should make a fixed deposit of Rs 20,000 or more with the IDBI Bank Fixed deposits held by HUF, Minor, NGO, Trust, Societies, Club, Partnership, and Private & Public Ltd companies shall not be eligible for the Imperium Platinum credit card.",2.9% per month,3.5% of the conversion amount,"1% Waiver on Fuel Transactions Between ₹400 and ₹4,000 | 2.5% on the withdrawal amount subject to a minimum charge of Rs 500 | Rs 100 per redemption request","500 Welcome bonus Delight points on the spending of Rs 1500 within 30 days of card issuance 300 Welcome bonus Delight points on the spending of Rs 1500 between 31 to 90 days of card issuance 2 Delight Points on every Rs 150 spent shopping, movies, and traveling using your IDBI Bank Imperium Platinum credit card",[],[],,cardinsider.com,https://cardinsider.com/idbi-bank/idbi-bank-imperium-platinum-credit-card/
IDBI Bank Royale Signature Credit Card,IDBI Bank,IDBI Bank,Visa,"[""IDBI Bank"", ""IDBI Bank Credit Cards""]",Nil,Nil,,,,"Delight Points redeemable on the IDBI Delights portal for cashback, merchandise, flight tickets, mobile recharges, hotel reservations, gift cards, movie tickets, etc.",,,"{""domestic"": ""1 Complimentary domestic airport lounge access every quarter under the Visa domestic lounge program."", ""international"": null}",The age of the primary cardmember must be between 21 years and 60 years (for salaried applicants) or 65 years (for the self-employed applicants). Add-on cardholder(s) must be above the age of 18 years. Primary and add-on cardholder(s) must be resident(s) of India.,2.5% per month,3.5% of the transaction amount,"1% fuel surcharge waived off at all fuel stations across India for transactions between Rs. 500 and Rs. 4,000 (max waiver capped at Rs. 500) | 2.5% of the transaction amount, subject to a minimum charge of Rs. 500. | Rs. 99 + GST","Reward Points are credited as Delight Points to your credit card account. 750 Delight Points on first usage of the card (min transaction of Rs. 1,500) within 30 days or 400 Delight Points on first usage of the card between 31 and 90 days. 3 Delight Points for every Rs. 100 spent using the card. 1% fuel surcharge waiver at all filling stations across India for transactions between Rs. 400 and Rs. 5,000 (max waiver capped at Rs. 500 per month). Personal air travel insurance cover worth Rs. 25 lakh. Complimentary domestic airport lounge access under the Visa domestic lounge program (max 1 lounge visit per quarter). Cardmember not liable for any fraudulent transaction post reporting the loss of card to the bank. Up to two add-on credit cards for the cardholder’s family members. Delight Points and credit limit are shared amongst the primary and all add-on cardmembers. Exclusive Visa offers on hotel reservations, car rentals, and airport shopping.",[],[],,cardinsider.com,https://cardinsider.com/idbi-bank/idbi-bank-royale-signature-credit-card/
IDBI Winnings RuPay Select Credit Card,IDBI Bank,IDBI Bank,RuPay,"[""IDBI Bank"", ""IDBI Bank Credit Cards""]",NIL,₹899 + GST,"The renewal fee will be waived off on spending Rs. 90,000 in the previous year.",,Reward Points,"Redeem delight points for making payments for dining, shopping, utility bills, holidays, gifts and entertainment.",,,"{""domestic"": ""2 complimentary access to domestic lounges each quarter"", ""international"": ""4 complimentary access to international lounges each year""}",,3.40% p.m.,3.50%,1% fuel surcharge waived at all petrol pumps across India on transactions between Rs. 400 – Rs. 4000. The maximum waiver of fuel surcharges is Rs. 400 per month. | 2.50% or a minimum of Rs. 500 | Rs. 99,"The IDBI Winnings RuPay Select Credit Card comes with no joining fee. As a welcome benefit, get 10% cashback up to Rs. 500 on all transactions. 500 delight points on making 5 transactions worth Rs. 1000 per month. Get double delight points in your Birthday month. 2 delight points on every Rs. 100 spent on this card. Covers accidental death and permanent disability insurance up to Rs. 10 lakhs for each. Avail 1% fuel surcharge waiver, maximum waiver of Rs. 400 per month.",[],[],,cardinsider.com,https://cardinsider.com/idbi-bank/idbi-bank-winnings-rupay-select-credit-card/
IDBI Euphoria World Credit Card,IDBI Bank,IDBI Bank,,"[""IDBI Bank"", ""IDBI Bank Credit Cards""]",Nil,"Rs. 1,499 + GST","The renewal fee is waived off if you spend Rs. 1,50,000 or more in the previous year.",,,1 Delight Point = Rs. 0.25.,,,"{""domestic"": ""Complimentary domestic lounge access to selected lounges in India."", ""international"": ""NA""}",The applicant needs to be a resident of India. The age of salaried employees should be between 21 years to 60 years. The age of self-employed individuals should be between 21 years and 65 years. The age of add-on cardholders should be above 18 years.,2.9% per month,3.5% on all foreign currency transactions,"1% fuel surcharge waiver for all transactions between Rs. 400 & Rs. 5,000. | 2.5% of the cash withdrawn or Rs. 500 (whichever is higher) | Rs. 99","No joining fee. You get 3 Delight Points on every Rs. 100 you spend using your IDBI Euphoria World Credit Card. You get 6 Delight Points on every Rs. 100 you spend on Airline/hotel bookings/ Bus bookings/ IRCTC, etc. Welcome gift of 4,000 Delight Points. Complimentary airport lounge access. Insurance cover against air accidents. 1% fuel surcharge waiver up to Rs. 500 per month. Spend-based renewal fee waiver.",[],[],,cardinsider.com,https://cardinsider.com/idbi-bank/idbi-euphoria-world-credit-card/
IDFC First Bank Ashva Metal Credit Card,IDFC FIRST Bank,Best IDFC FIRST Bank,Visa,"[""Best Credit Card For Complimentary Railway Lounge Access"", ""Best Credit Cards for Complimentary Roadside Assistance"", ""Best Credit Cards for Free Domestic Airport Lounge Access"", ""Best Credit Cards for Free International Airport Lounge Access"", ""Best Credit Cards for International Travel 2026"", ""Best Credit Cards for Movie Tickets in India"", ""Best Golf Credit Cards in India"", ""Best IDFC FIRST Bank"", ""Best IDFC FIRST Bank Credit Cards"", ""Top 20 Best Credit Cards in India 2026"", ""Top Credit Cards With Trip Cancellation in India""]","₹2,999 + GST","₹2,999 + GST",N/A,,Reward Points,Redeem for Vouchers/Cash Against Statement or Pay With Points. 1 RP = ₹0.25,,"Cardholders who spend ₹8 lakh in a card anniversary year are eligible for a bonus of 7,500 Reward Points, valued at ₹1,875. This does not seem like much of a benefit, as spending as high as ₹8 lakh in a year can be better rewarded with other cards. For example, by spending ₹4 lakh in a year with the American Express Platinum Travel Credit Card , one can earn more than ₹20,000 in benefits.","{""domestic"": ""4 Complimentary Lounge Access Each Quarter"", ""international"": ""2 Complimentary Lounge Access Each Quarter""}",,Up to 46.2% Annually,1% on International Transactions,1% Waiver on Fuel Surcharge Upto ₹300 | ₹199 | ₹99 +GST,Ashva Credit Card is a rewarding card from IDFC First Bank. It is available in the metal variant. Free movie tickets worth ₹400 are offered on bookings made with District by Zomato. This benefit is available twice each month. Primary and add-on cardholders are offered free domestic and international airport lounge access with the Ashva Card. Spend-based golfing privileges are available with this card.,"[""From domestic airports to international ones and even railway lounges across India, this card offers complimentary lounge access everywhere."", ""With so many complimentary services and the added advantage of Visa Infinite, this card comes at an affordable fee of ₹2,999.""]","[""To fully take advantage of this card, you would need to spend more than ₹20,000 each month. Only when such spending is achieved can you earn 10X Reward Points and get access to free airport lounge visits. So those who can’t accomplish the spend of ₹20,000 month after month cannot fully experience the reward and privileges of this card."", ""This card does not offer a spend-based annual fee waiver. Instead, you would need to pay the fee each year. Cardholders won’t be eligible for any renewal benefit also. All they can get is an annual benefit of ₹1,875 on spending ₹8 lakh in a year.""]",,cardinsider.com,https://cardinsider.com/idfc-first-bank/ashva-credit-card/
Club Vistara IDFC First Credit Card,IDFC FIRST Bank,Best IDFC FIRST Bank,,"[""Best Credit Cards To Earn Club Vistara Points India"", ""Best Credit Cards in India Providing Club Vistara Membership"", ""Best IDFC FIRST Bank""]","Rs. 4,999 + GST","Rs. 4,999 + GST",N/A,,Air Miles,"CV Points can be redeemed at the Air Vistara website for flight tickets, class upgrades, and other benefits and privileges",,You can get a maximum of 5 complimentary Premium Economy Vistara flight ticket vouchers on achieving the target spend milestone per card anniversary year.,"{""domestic"": ""Get 2 complimentary domestic lounge and spa access per quarter"", ""international"": ""Get 1 complimentary airport lounge access per quarter""}",,"0.75% – 3.5% per month, or 9% – 42% per annum",2.99% of the transaction amount,"N/A | Interest-free withdrawals up to 48 days, a fee of Rs. 199 per transaction after that | Rs. 99 per redemption request","Complimentary Premium Economy flight ticket voucher and 1 Class Upgrade voucher as welcome benefit Complimentary Maharaja Club Silver Membership Up to 6 Maharaja Points per Rs. 200 spent on the card Up to 6000 bonus CV Points on spending Rs. 30,000 in each of the first 3 months of card activation Maximum of 5 complimentary Premium Economy Vistara flight ticket vouchers on achieving the target spending milestone 2 complimentary domestic airport and spa, and 1 international airport lounge access 4 complimentary green fees golf, and 12 golf lessons per year CFAR Trip Cancellation covers up to Rs. 10,000 on flight and hotel bookings twice per year Competitive forex markup fee of 2.99% of the transaction amount","[""Complimentary Club Vistara Silver Tier membership with this card."", ""Complimentary international and domestic lounge access is provided with this card.""]","[""For certain individuals, the membership fees of Rs. 4,999 may seem steep."", ""There is a reward redemption charge of Rs. 99.""]",,cardinsider.com,https://cardinsider.com/idfc-first-bank/club-vistara-idfc-first-credit-card/
IDFC FIRST Hello Cashback Credit Card,IDFC FIRST Bank,Best IDFC FIRST Bank,,"[""Best IDFC FIRST Bank"", ""Best IDFC FIRST Bank Credit Cards""]",Nil (LIMITED TIME OFFER),"₹1,000 + GST",Annual Fee Waiver on Spends of ₹2 Lakh,,Cashback,Cashback Earned Will be Credited to Card Account,,,"{""domestic"": ""N/A"", ""international"": ""N/A""}",,Up to 46.2% Annually,3.50%,1% Waiver Up to ₹100 in a Statement Cycle | ₹199 + GST | N/A,"This is a secured credit card issued against a fixed deposit, so it’s easier to get than a regular unsecured credit card. You need to open a fixed deposit of at least ₹10,000 to get this card, and the credit limit depends on the FD amount. The card is useful for people who want to build or improve their credit score by using the card regularly and paying bills on time. Any cashback you earn is automatically adjusted against your card bill, so there is no need to redeem it separately.","[""The joining charge of ₹1,000 + GST has been waived for a limited time."", ""This card provides useful insurance coverage, including complimentary Roadside Assistance valued at ₹1,399 and Purchase Protection up to ₹25,000.""]","[""The minimum fixed deposit required for this card may feel high for students and young users, who are the primary target audience for this card."", ""In addition, the card does not offer any movie, dining, or travel benefits, which makes it less appealing, especially considering that it carries an annual fee of ₹1,000 plus GST.""]",,cardinsider.com,https://cardinsider.com/idfc-first-bank/hello-cashback-credit-card/
IDFC Bank FIRST SWYP Credit Card,IDFC FIRST Bank,Best IDFC FIRST Bank,,"[""Best IDFC FIRST Bank"", ""Best IDFC FIRST Bank Credit Cards""]",₹499 + GST,₹499 + GST,N/A,,Reward Points,Points Can be Redeemed at IDFC First Rewards. Pay With Points Facility Also Available. 1 RP = ₹0.25,,,"{""domestic"": ""N/A"", ""international"": ""N/A""}",,N/A,3.50%,1% Up to Rs. 200 (Monthly) | Rs. 199 | ₹99 + GST,Reasonable joining fee of Rs. 499. Easily convert your spends into EMIs. Complimentary railway lounge access is provided. Plenty of welcome benefits are offered with this card.,"[""There are numerous welcome benefits associated with this card, such as a free Lenskart Gold membership, 1,000 Reward Points, and Free Times Prime membership."", ""This card comes at an affordable joining/annual charge of Rs. 499.""]","[""While this card grants complimentary access to railway lounges, airport lounge access requires fulfilling referral criteria."", ""You must either pay your full amount due by the due date or convert your pending balance into EMI. Paying the minimum amount due is not an option.""]",,cardinsider.com,https://cardinsider.com/idfc-first-bank/idfc-bank-first-swyp-credit-card/
IDFC FIRST Diamond Reserve Credit Card,IDFC FIRST Bank,Best IDFC FIRST Bank,,"[""Best IDFC FIRST Bank"", ""Best IDFC FIRST Bank Credit Cards""]","₹3,000 + GST","₹3,000 + GST",Annual Fee Waiver on Spends of ₹6 Lakh in a Year,,Reward Points,1 Reward Point = ₹0.25,,,"{""domestic"": ""2 Visits Each Quarter (For Both Primary and Add-On Cardholders)"", ""international"": ""2 Visits Each Quarter (For Both Primary and Add-On Cardholders)""}",,Monthly Rate – 0.75% – 3.65%. Annual Rate – 9% – 43.8%,Zero (0%),"1% Fuel Surcharge Waiver on Transactions Between ₹200 and ₹5,000 (Maximum ₹300 Per Statement Cycle) | ₹199 | ₹99 + GST","Buy 1 Get 1 movie ticket (up to ₹250 off) twice every month via District by Zomato. Up to 2 complimentary golf rounds or lessons monthly on spends of ₹40,000. No forex charges on international transactions. Complimentary RSA up to 4 times a year, including towing, tyre change & jump start. Get reimbursed up to ₹25,000 for flight or hotel cancellations, even for personal reasons. Personal accident, card liability, purchase protection & travel insurance included. 1 Reward Point = ₹0.25, redeemable easily through the IDFC FIRST rewards portal.","[""Unlike other premium cards, such as Ashva and Mayura, which charge a high fee for add-on cards, the Diamond Reserve Credit Card comes with a nominal add-on fee of ₹499 per add-on card. This can be useful for those who want to share benefits like airport lounge access with family members.""]","[""There are no reward points on international spends, which is quite disappointing since the card is positioned as a premium offering with zero forex charges."", ""The ₹500 welcome voucher included with this card is not worth the ₹3,000 joining fee.""]",,cardinsider.com,https://cardinsider.com/idfc-first-bank/idfc-diamond-reserve-credit-card/
IDFC FIRST Classic Credit Card,IDFC FIRST Bank,Best IDFC FIRST Bank,,"[""Best IDFC FIRST Bank"", ""Best IDFC FIRST Bank Credit Cards"", ""Best Low Interest Credit Cards 2026""]",Lifetime Free,Lifetime Free,N/A,,Reward Points,Redeem for Vouchers and More. 1 Reward Point = ₹0.25,,,"{""domestic"": ""N/A"", ""international"": ""N/A""}",The eligibility requirements that need to be fulfilled in order to get approved for the IDFC First Classic Credit Card are as follows: The minimum eligible age required for this credit card is 21 years. The applicant should either be salaried or self-employed with a decent monthly income. The applicant should have a decent credit score.,Upto 3.99% (Monthly Rate) and Annual Rate – 47.88%,3.50%,1% fuel surcharge waiver (up to Rs. 200 per statement cycle) | ₹199 + GST | ₹99 + GST,"The card comes with no joining/renewal fee. Welcome benefit of a gift voucher worth ₹500 and 5% cash back on the value of your first EMI transaction 25% discount on movie tickets on the District app, up to ₹100, once per month. 4 complimentary railway lounge access every quarter. Get free Roadside Assistance worth ₹1399 Get personal accident cover worth ₹2 Lakhs and lost card liability cover worth ₹25,000",[],[],,cardinsider.com,https://cardinsider.com/idfc-first-bank/idfc-first-classic-credit-card/
IDFC FIRST Digital RuPay Credit Card,IDFC FIRST Bank,Best IDFC FIRST Bank,"Visa, Mastercard, RuPay","[""Best IDFC FIRST Bank"", ""Best IDFC FIRST Bank Credit Cards""]",₹199 + GST,₹199 + GST,N/A,,Reward Points,N/A,The IDFC FIRST Digital RuPay Credit Card comes with a welcome benefit where users can get 100% cashback of up to ₹200.,,"{""domestic"": ""N/A"", ""international"": ""N/A""}",,N/A,N/A,N/A | N/A | N/A,The card comes with a joining fee of  ₹199 + GST. This is a floater card with the primary credit card. It shares the same credit limit as the existing card and uses the same billing cycle and statement as the primary card The card offers a welcome cashback of up to ₹200 You can earn up to 3X Reward Points on eligible UPI spends,"[""The card has a low joining and annual fee of just ₹199 + GST each, making it affordable for most users."", ""As the card supports UPI payments through apps like Google Pay, PhonePe, Paytm, and BHIM, this card is an ideal add-on card for existing IDFC FIRST Bank credit card holders who want UPI.""]","[""Benefits can vary depending on the primary IDFC FIRST card linked with it, which may confuse some users.""]",,cardinsider.com,https://cardinsider.com/idfc-first-bank/idfc-first-digital-rupay-credit-card/
IDFC FIRST EARN Credit Card,IDFC FIRST Bank,Best IDFC FIRST Bank,,"[""5 Best Secured/FD-Based Credit Cards In India"", ""Best Credit Cards for Beginners"", ""Best IDFC FIRST Bank"", ""Best IDFC FIRST Bank Credit Cards""]",NIL for Limited Time,₹499 + GST,Annual Fee Waiver on Spends of ₹1 Lakh & Above,,Cashback,Cashback Credited to Statement,,,"{""domestic"": ""N/A"", ""international"": ""N/A""}",,3.99% and Annual Rate – 47.88%,3.50%,N/A | Monthly Rate 0.75% to 3.65% | N/A,"The FIRST EA₹N Credit Card is a Fixed Deposit-backed credit card. With this card, customers can earn 1% cashback on all UPI spends made with the IDFC app. Earn 0.5% cashback on select categories like insurance, wallet, and utilities. Get a 25% discount upto ₹100 while booking movies with District by Zomato.","[""This card is for new credit users or those with a bad credit history who want to start or improve their credit card journey."", ""Since the IDFC FIRST EA₹N Credit Card is on the RuPay network, it can be easily linked to UPI.""]","[""This credit card does not offer a fuel surcharge waiver, which would discourage users from using it for fuel transactions."", ""The cashback earned on UPI transactions could have been higher than 1% as there are other cards that also offer the same.""]",,cardinsider.com,https://cardinsider.com/idfc-first-bank/idfc-first-earn-credit-card/
IDFC First Gaj Credit Card,IDFC FIRST Bank,Best IDFC FIRST Bank,Visa,"[""Best IDFC FIRST Bank"", ""Best IDFC FIRST Bank Credit Cards""]","₹12,500 + GST","₹12,500 + GST",Spend ₹10 Lakh in a Year for Annual Fee Waiver,,Reward Points,1 Reward Point = ₹1 on Travel Bookings Made Through IDFC FIRST Bank Mobile App,,,"{""domestic"": ""4 Visits Each Quarter, Including 1 Guest Visit"", ""international"": ""4 Visits Each Quarter""}",,Dynamic APR – 8.5% to 46.2%,Zero,1% Fuel Surcharge Waiver Up to ₹300 Each Statement Cycle | ₹199 +GST | ₹99 + GST,"Invite-Only Premium Metal Credit Card designed for high spenders with strong IDFC First Bank relationships. ₹12,500 Annual Fee With Smart Recovery, either via ₹10 lakh spends or 12,500 Reward Points on renewal. Strong Travel-Focused Rewards, offering up to 3.33% returns and ₹1 per point on travel bookings. Zero Forex Markup, making it suitable for international spending. Lifestyle Privileges, Like Golf And Lounge Access, are mostly spend-based. Comprehensive Insurance Coverage, including air accident, travel delays, and card liability protection.","[""Cardholders can get the annual fee waived by spending ₹10 lakh in a year. Even if this spending level is not reached, paying the annual fee earns 12,500 Reward Points, which effectively offsets the annual charge.""]","[""Several benefits promoted with this card are not directly offered by IDFC First Bank. Instead, they come from Visa Infinite and are subject to spend-based conditions, similar to the Visa Infinite Meet & Greet benefit."", ""There are no movie benefits with this premium metal credit card.""]",,cardinsider.com,https://cardinsider.com/idfc-first-bank/idfc-first-gaj-credit-card/
IDFC FIRST Millennia Credit Card,IDFC FIRST Bank,Best IDFC FIRST Bank,,"[""Best Credit Cards for Complimentary Roadside Assistance"", ""Best IDFC FIRST Bank"", ""Best IDFC FIRST Bank Credit Cards"", ""Best Lifetime Free Credit Cards India 2026"", ""Best Low Interest Credit Cards 2026""]",Nil,Nil,Nil,,Reward Points,1 Reward Point = ₹0.25,,,"{""domestic"": ""N/A"", ""international"": ""N/A""}","For the issuance of the IDFC First Millennia Credit Card, there are certain basic eligibility criteria that need to be fulfilled- The applicant should be at least 21 years old. Annual income should be more than ₹3 Lakh. The applicant should have a decent credit score with no payment defaults (Preferably above 700).",8.5% to 46.2% Per Annum,3.5% of the total transaction value.,"1% Waiver for Fuel Transactions Between ₹200 and ₹5,000 | ₹199 + GST Per Transaction | ₹99 + GST",Zero annual fee credit card. Comes with never-expiring reward points. Complimentary railway lounge access 4 times in a quarter. Complimentary roadside assistance worth ₹1399 Personal Accidental Cover worth ₹2 lakh on all active cards. Fuel surcharge waiver on all fuel purchases up to ₹200 per month.,"[""With this card, you get complimentary railway lounge access, which is highly beneficial for domestic travelers who prefer to travel by railway."", ""This card has a great advantage as it is a lifetime free card.""]","[""You won’t be provided with any domestic or international airport lounge access with the IDFC First Millennia Credit Card."", ""There is a reward redemption fee of ₹99 with this card.""]",,cardinsider.com,https://cardinsider.com/idfc-first-bank/idfc-first-millennia-card/
IDFC First Private Credit Card,IDFC FIRST Bank,Best IDFC FIRST Bank,,"[""Best IDFC FIRST Bank"", ""Best IDFC FIRST Bank Credit Cards"", ""Top 10 Super Premium Credit Cards in India""]","₹50,000 + GST (~₹59,000)","₹50,000 + GST (~₹59,000)",NA,,Reward Points,1 RP = ₹1 for Travel and Shop and ₹0.25 Everywhere Else,,,"{""domestic"": ""Unlimited Domestic Lounge Access (Primary and Add-On Cardholders)"", ""international"": ""Unlimited International Lounge Access (Primary and Add-On Cardholders)""}","As the IDFC First Private Credit Card is an invite-only credit card, no specific eligibility criteria are mentioned by the card issuer. However, some basic requirements that you might need to fulfill are as follows: Your age should be above 21 years. You should have a high monthly income. You must have an excellent credit score and a good relationship with IDFC First Bank.",0.75% Per Month and 9% Annually,Zero,"1% Surcharge Waiver on Transactions Between ₹200 and ₹5,000 (No Maximum Cap) | Zero Charges Across the Globe | Nil",Invite-only credit card. You earn Karma Points that you can use for charity. Get up to 10x reward Points on your spends. Get up to Rs. 750 discount on movies twice every month. Get complimentary golf rounds every year. Free domestic as well as international lounge access. Air accident cover worth Rs. 1 Crore. No late payment fee and no over-limit charges.,"[""With the IDFC First Private Credit Card, individuals can contribute to society by donating Karma Points to charity."", ""One can easily make rental payments with this card without worrying about any surcharge and even earn rewards for doing so."", ""There are no late payment charges associated with this card.""]","[""The joining and annual charges of this card are pretty high. Only those with a high spending target can fully benefit from this card."", ""There is no clear eligibility criterion, which creates confusion among customers on how to obtain the Private Credit Card.""]",,cardinsider.com,https://cardinsider.com/idfc-first-bank/idfc-first-private-credit-card/
IDFC FIRST Select Credit Card,IDFC FIRST Bank,Best IDFC FIRST Bank,,"[""Best IDFC FIRST Bank"", ""Best IDFC FIRST Bank Credit Cards"", ""Best Lifetime Free Credit Cards India 2026"", ""Best Low Interest Credit Cards 2026"", ""Top 20 Best Credit Cards in India 2026"", ""Top Credit Cards With Trip Cancellation in India""]",Nil,Nil,N/A,,Reward Points,"1 Reward Point = ₹0.25. Redeem Points for Vouchers, Travel, and More",,,"{""domestic"": ""1 Complimentary Domestic Airport Lounge Access Every Quarter (Benefit Can Be Availed By Spending ₹20,000 in the Previous Month)"", ""international"": ""N/A""}","The eligibility requirements that need to be fulfilled in order to get approved for the IDFC First Select Credit Card are as follows: The minimum eligible age required for this credit card is 21 years. The applicant should be either salaried or self-employed, with an annual income of Rs. 12 lakh or more. The applicant should have a decent credit score.",8.5% to 46.2% Per Annum,1.99%,"1% Waiver for Fuel Transactions Between ₹200 and ₹5,000 | ₹199 + GST Per Transaction | ₹99 + GST","Gift vouchers worth ₹500 and 5% cashback on EMI transactions as a welcome benefit. 10x Rewards for spending on travel, dining, and foreign transactions. Low foreign currency markup (1.5%) Complimentary railways and airport lounge access every quarter. Air accident cover worth ₹1 crore and Personal Accident Cover worth ₹5,00,000 Lost card liability covers worth ₹50,000 1% fuel surcharge waived on all fuel purchases","[""This is a lifetime free credit card without any joining or renewal charges.""]","[""Although the card offers several benefits like complimentary airport lounge access, railway lounge access, and buy-one-get-one movie ticket offers, these benefits can only be availed if the cardholder spends ₹20,000 or more in the previous quarter.""]",,cardinsider.com,https://cardinsider.com/idfc-first-bank/idfc-first-select-credit-card/
IDFC FIRST Wealth Credit Card,IDFC FIRST Bank,Best IDFC FIRST Bank,,"[""Best Credit Card For Complimentary Railway Lounge Access"", ""Best Credit Cards for Complimentary Roadside Assistance"", ""Best Credit Cards for Free Domestic Airport Lounge Access"", ""Best Credit Cards with Concierge Services"", ""Best Golf Credit Cards in India"", ""Best IDFC FIRST Bank"", ""Best IDFC FIRST Bank Credit Cards"", ""Best Low Interest Credit Cards 2026"", ""Top Credit Cards With Trip Cancellation in India""]",Nil,Nil,Nil,,Reward Points,Redeem Points at IDFC Rewards Gallery. 1 Reward Point = ₹0.25,,,"{""domestic"": ""Up to 1 Free Visit to Domestic Airport Lounges Per Quarter"", ""international"": ""Up to 1 Complimentary International Lounge Visits Per Quarter""}","The basic eligibility requirements that are required to be fulfilled by individuals in order to get approved for the IDFC First Wealth Credit Card are as follows: The applicant’s age should be at least 21 years. The applicant should be self-employed or salaried with an annual income of ₹36 Lakh or more. A decent credit score would ensure instant, smooth approval for the IDFC FIRST Wealth Credit Card.",From 8.5% – 46.2% Per Annum,1.5% + GST,"1% Waiver Upto ₹300 Each Month for Fuel Transactions Between ₹200 and ₹5,000 | ₹199 + GST | ₹99 + GST","A lifetime free card with exciting privileges. Gift voucher worth ₹500 on spending ₹5,000 within 30 days, and a 5% cashback on the first EMI transaction performed within 30 days of card setup. Low interest rate (0.75%–3.5%) and low foreign-currency markup (1.5%). One complimentary visit to an airport lounge every quarter. Up to one complimentary round of golf every month on spending ₹20,000 monthly. Air accident coverage is worth ₹1 crore, and personal accident coverage is worth ₹10 lakh.","[""One of the biggest pros of the IDFC FIRST Wealth Credit Card is that it is a lifetime-free card without any annual charges or fees."", ""Complimentary welcome voucher worth ₹500.""]","[""Most of the benefits offered by this card are spend-based, including golf access, movie benefits, airport lounge access, and railway lounge access.""]",,cardinsider.com,https://cardinsider.com/idfc-first-bank/idfc-first-wealth-credit-card/
IDFC FIRST WOW! Black Credit Card,IDFC FIRST Bank,Best IDFC FIRST Bank,RuPay,"[""Best IDFC FIRST Bank"", ""Best IDFC FIRST Bank Credit Cards""]",₹750 + GST,₹750 + GST,Annual Charges Waived on Spends of ₹1.5 Lakhs,,Reward Points,"1 RP = ₹0.50 for Travel Bookings, ₹0.25 Everywhere Else",,,"{""domestic"": ""4 Free Visits Each Year, Max One Every Quarter. Unlock by Spending ₹20,000 in the Previous Month"", ""international"": ""N/A""}",,Monthly Rate – 3.99% | Annual Rate – 47.88%,0%,"1% Fuel Surcharge Waiver on Fuel Transactions Between ₹200 and ₹5,000 | 0% for Up to 45 Days | Rs. 99 + GST","The IDFC WOW! Black Credit Card is a first-of-its-kind premium secured credit card. Those who opt for this card shall also get a complimentary virtual UPI credit card. The WOW! Black Credit Card has a joining and annual charge of ₹750 + GST. Cardholders shall receive benefits worth over ₹5,000 on payment of joining charges, while the yearly charge can be avoided by spending ₹1.5 lakh or more in a year. From free airport lounge access to trip cancellation coverage, this card offers several benefits for travelers. Cardholders can also earn bonus reward points for hotel and flight bookings made via IDFC’s Rewards portal.","[""This card offers plenty of travel benefits, from zero foreign exchange charges for international spends to free airport lounge access. Hence, it could be the go-to choice for those applying for their first credit card, as usually secured cards do not offer such benefits.""]","[""While this card has no foreign exchange markup fees, it would be even more beneficial if it provided access to international airport lounges, enhancing its value for travelers.""]",,cardinsider.com,https://cardinsider.com/idfc-first-bank/idfc-first-wow-black-credit-card/
IDFC FIRST WOW! Credit Card,IDFC FIRST Bank,Best IDFC FIRST Bank,Visa,"[""5 Best Secured/FD-Based Credit Cards In India"", ""Best IDFC FIRST Bank"", ""Best IDFC FIRST Bank Credit Cards""]",Nil,Nil,N/A,,Reward Points,Redeem Points Against Several Options. 1 Reward Point = ₹0.25,,,"{""domestic"": ""N/A"", ""international"": ""N/A""}","The following table lists the requirements for an individual to be eligible to apply for the IDFC FIRST WoW Credit Card: The applicant must have a fixed deposit in his/her name with the IDFC FIRST Bank. The Fixed Deposit Amount should be at least ₹20,000 Fixed Deposits should be in cumulative/re-invest and auto-renewed mode.",8.5% to 46.2% Per Annum,Zero,"1% Waiver on Transactions Between ₹200 and ₹5,000 (Maximum ₹200 Each Statement Cycle) | ₹199 + GST for Each Withdrawal | ₹99 + GST","A lifetime free credit card. Earn 4X Reward Points on every spend 0% Foreign transaction markup fee. Get 1% Fuel surcharge waiver Insurance cover for Personal Accident, Card Liability cover, and many more.","[""This is a lifetime free credit card."", ""You shall get a 100% credit limit against the amount of Fixed Deposit""]","[""There are no travel benefits associated with the IDFC FIRST WoW credit card.""]",,cardinsider.com,https://cardinsider.com/idfc-first-bank/idfc-first-wow-credit-card/
IDFC HPCL FIRST Power Credit Card,IDFC FIRST Bank,Best IDFC FIRST Bank,RuPay,"[""Best Credit Cards for Complimentary Roadside Assistance"", ""Best Fuel Credit Cards in India"", ""Best IDFC FIRST Bank"", ""Best IDFC FIRST Bank Credit Cards""]",₹199 + GST,₹199 + GST,"Renewal fee is waived on spending ₹50,000 in the card anniversary year",,Reward Points,You can pay for both online and offline transactions at select merchants instantly with your Reward Points. Redeem reward points for membership and gift vouchers of your favorite brands or for products on IDFC Bank’s Reward Redemption Catalog portal.,,,"{""domestic"": ""N/A"", ""international"": ""N/A""}",,The card charges an interest rate of 0.75% to 3.5% per month.,3.50%,1% fuel surcharge waiver capped at a maximum of ₹100 per month | ₹199 per withdrawal | ₹99 plus taxes,"Save up to 5% on fuel expenses up to a maximum of ₹5,000 per month. Save up to 2.5% on utility expenses and grocery spends up to a maximum of ₹4,000 per month. Save up to 2.5% on IDFC FASTag recharge up to a maximum of ₹2,000 per month. 2x reward points on other retail spend. Get a ₹250 gift voucher on your 1st HPCL transaction of at least ₹250 or more. Complimentary roadside assistance worth ₹1,399. Personal accident insurance cover worth ₹2 Lakhs.","[""This card comes at a low joining fee of ₹199 plus applicable taxes.""]","[""No complimentary lounge access is provided with this card."", ""There aren’t any golf benefits associated with the IDFC HPCL FIRST Power Credit Card.""]",,cardinsider.com,https://cardinsider.com/idfc-first-bank/idfc-hpcl-first-power-credit-card/
IDFC HPCL First Power Plus Credit Card,IDFC FIRST Bank,Best IDFC FIRST Bank,,"[""Best Credit Cards for Complimentary Roadside Assistance"", ""Best Fuel Credit Cards in India"", ""Best IDFC FIRST Bank"", ""Best IDFC FIRST Bank Credit Cards""]",₹499 + GST,₹499 + GST,"₹1,50,000 spent in the previous year.",,Reward Points,1 Reward Point = ₹0.25,,,"{""domestic"": ""1 Complimentary Domestic Lounge Access Every Quarter (4 Each Year)"", ""international"": ""N/A""}","You must fulfill the following criteria to be eligible for the IDFC HPCL Power Plus Credit Card- Must be an Indian citizen, Minimum age of 21, Decent credit/CBIL Score, Annual income of ₹3 lakh or more.",0.75% to 3.65% Per Month (9% to 43.8% Annually),3.5% on all international transactions,N/A | ₹199 as a cash advance fee. | ₹99 on every redemption request,"Save up to 6.5% on fuel spends with this credit card. Save up to 5% as a reward on utility and grocery bills (max cap. ₹2,000 per month) Save up to 5% as rewards on IDFC FIRST FASTag recharge (max cap ₹1,000 per month) Get 3X rewards on all other miscellaneous retail transactions. Complimentary domestic airport lounge access per quarter (minimum monthly spending of ₹20,000) Get up to 25% off on movie tickets (₹100 max cap per month)","[""With this credit card, you also get rewards on UPI transactions."", ""The joining fee is quite affordable (₹499).""]","[""For global travellers, this card doesn’t provide any international lounge access.""]",,cardinsider.com,https://cardinsider.com/idfc-first-bank/idfc-hpcl-first-power-plus-credit-card/
IndiGo IDFC FIRST Credit Card,IDFC FIRST Bank,Best IDFC FIRST Bank,"Mastercard, RuPay","[""Best Co-Branded Airline Credit Cards"", ""Best Credit Cards for IndiGo BluChips"", ""Best IDFC FIRST Bank"", ""Best IDFC FIRST Bank Credit Cards""]","₹4,999 + GST OR First Year for Secured Card (Min ₹1 Lakh FD)","₹4,999 + GST",N/A,,Air Miles,BluChips Can Be Used for IndiGo Flight Bookings,,,"{""domestic"": ""N/A"", ""international"": ""N/A""}",,Monthly – 0.71% to 3.85%. Annual – 8.5% to 46.2%,1.49%,N/A | ₹199 (Per Transaction Charge) | N/A,"This is an airline co-branded credit card. Those who often fly with IndiGo, India’s largest airline, would benefit the most from this card. The IndiGo IDFC First Credit Card offers up to 22 BluChips/₹100 spent on the IndiGo website and app. This card offers a low forex charge of 1.49% making it ideal for those who travel internationally.","[""IndiGo loyalists can take great advantage of this card as they can earn up to 22 BluChips for spending through the airline’s website and app. That could lead to savings of up to 11% for select flights where 1 BluChip = ₹0.50."", ""Several useful insurance covers are offered with this card, including air accident cover worth ₹1 crore.""]","[""One of the major drawbacks of this travel credit card is the complete lack of airport lounge access."", ""BluChips don’t have a fixed, defined value; instead, they have a dynamic value."", ""No complimentary BluChip is offered along with the card.""]",,cardinsider.com,https://cardinsider.com/idfc-first-bank/indigo-idfc-first-credit-card/
IDFC First Bank Mayura Credit Card,IDFC FIRST Bank,Best IDFC FIRST Bank,"Visa, Mastercard","[""10+ Best Rewards Credit Cards in India 2026"", ""20+ Best Travel Credit Cards"", ""Best Credit Cards for Complimentary Roadside Assistance"", ""Best Credit Cards for Free Domestic Airport Lounge Access"", ""Best Credit Cards for Free International Airport Lounge Access"", ""Best Credit Cards for International Travel 2026"", ""Best Credit Cards for Movie Tickets in India"", ""Best Golf Credit Cards in India"", ""Best IDFC FIRST Bank"", ""Best IDFC FIRST Bank Credit Cards"", ""Top 20 Best Credit Cards in India 2026"", ""Top Credit Cards With Trip Cancellation in India""]","₹5,999 + GST","₹5,999 + GST",N/A,,Reward Points,1 RP = ₹0.50 for Travel Bookings Via IDFC Travel & Shop. 1 RP = ₹0.25 Everywhere Else,,,"{""domestic"": ""4 Free Visits Across the Country Each Quarter, 16 in a Year. One Additional Free Guest Visit Each Quarter"", ""international"": ""4 Free Visits Each Quarter, 16 in a Year""}",,Monthly Rate – 0.75% – 3.65%. Annual Rate – 9% – 43.8%,Zero (0%),"1% Fuel Surcharge Waiver on Transactions Between ₹200 and ₹5,000 (Maximum ₹300 Per Statement Cycle) | ₹199 | ₹99 + GST","The Mayura Credit Card is a premium credit card that comes at a fee of ₹5,999. This card offers 10X Reward Points on incremental spends of ₹20,000 or above. Cardholders can access both international and domestic airport lounges with this card. Availing this card is relatively easy; one can also apply for this on a card-to-card basis.","[""This is a highly beneficial credit card for those who often travel and are seeking a decent card with airport lounge access."", ""There is a Trip Cancellation Cover worth ₹50,000 with the Mayura Card.""]","[""The reward rate could have been better, but it’s the same as that of the Ashva Credit Card."", ""There are no worthwhile renewal benefits or spend-based annual fee waivers with this card. Making it rewarding only for the first year.""]",,cardinsider.com,https://cardinsider.com/idfc-first-bank/mayura-credit-card/
Club Vistara IndusInd Bank Explorer Credit Card,IndusInd Bank,Best IndusInd Bank,"Visa, Mastercard","[""Best Credit Cards To Earn Club Vistara Points India"", ""Best Credit Cards in India Providing Club Vistara Membership"", ""Best IndusInd Bank"", ""Best IndusInd Bank Credit Cards""]","Rs. 40,000 + GST","Rs. 10,000 + GST",N/A,,Air Miles,The CV Points earned are redeemable against travel-related bookings on Club Vistara website.,,Earn up to 5 business class tickets every year based on your spends. The following table explains how: Annual Spends Milestone Benefit Rs. 3 lakhs 1 Business Class Ticket voucher Rs. 6 lakhs 1 Business Class Ticket voucher Rs. 12 lakhs 1 Business Class Ticket voucher,"{""domestic"": ""1 domestic lounge visits every quarterly."", ""international"": ""4 complimentary access to international lounges every quarter via Priority Pass.""}",,2.85% per month,Nil,1% fuel surcharge is waived off at all fuel stations. | Nil | Nil,"Complimentary Club Vistara Gold Tier membership. 1 complimentary business class ticket voucher on joining. Exciting gift vouchers worth Rs. 25,000 as a welcome benefit. Up to 5 complimentary business class ticket vouchers every year. 8 CV points per Rs. 200 you spend at airvistara.com & 6 CV points on other travel-related spends. 2 CV Points on every retail spend of Rs. 200 & 1 CV point on insurance, utilities, and fuel transactions. Enjoy buy 1 Get 1 free offer on movie tickets twice every month. Complimentary access to domestic and international lounges. Rs. 3,000 off on dining bills twice every year. Zero Foreign Markup Charges 1% fuel surcharge waiver.","[""With this credit card, a lot of fees are waived, such as foreign currency markup fees or cash withdrawal charges.""]","[""The joining fees are pretty high.""]",,cardinsider.com,https://cardinsider.com/indusind-bank/club-vistara-indusind-bank-explorer-credit-card/
CRED IndusInd Bank RuPay Credit Card,IndusInd Bank,Best IndusInd Bank,RuPay,"[""Best IndusInd Bank"", ""Best IndusInd Bank Credit Cards""]",Nil,₹499 + GST,N/A,,Reward Points,"1 CRED Point = ₹1 for Flight and Hotel Bookings Via CRED, CRED Store, and at Various CRED Merchants. 1 CRED Point = ₹0.50 for Bill Payments Via CRED",,,"{""domestic"": ""N/A"", ""international"": ""N/A""}",,Monthly – 3.95%. Annual – 47.40%,3.50%,"1% Fuel Surcharge Waiver for Transactions Between ₹500 and ₹5,000 | 2.5% (Minimum ₹300) | N/A","The CRED IndusInd Bank RuPay Credit Card is the first co-branded offering by CRED, a popular credit card bill payment platform. This card is most suited for e-commerce and UPI transactions. Cardholders shall earn 5 CRED Points/₹100 spent for e-commerce transactions, CRED UPI, CRED Store, CRED Pay, and CRED Travel. Even utilities and insurance will be eligible to earn 1 CRED Point for every ₹100 spent.","[""This credit card is most suited for UPI transactions via CRED. Cardholders shall earn 5 CRED Points/₹100 for all UPI transactions via CRED.""]","[""While this card rewards international transactions, it does not provide reduced foreign exchange markup charges.""]",,cardinsider.com,https://cardinsider.com/indusind-bank/cred-indusind-bank-rupay-credit-card/
EazyDiner IndusInd Bank Credit Card,IndusInd Bank,Best IndusInd Bank,Diners,"[""Best Credit Cards for Food Ordering and Dining in India"", ""Best Credit Cards for The Postcard Hotels & Resorts"", ""Best IndusInd Bank"", ""Best IndusInd Bank Credit Cards""]","₹2,999 + GST","₹2,999 + GST",N/A,,Reward Points,Redeem Points for Payment of Bills via PayEazy on EazyDiner. 1 RP = ₹0.10,,,"{""domestic"": ""N/A"", ""international"": ""N/A""}",The eligibility criteria to get approved for the EazyDiner IndusInd Bank Credit Card have been mentioned below:,3.83% Per Month (46% Annually),3.50%,"1% Fuel Surcharge Waiver on Transactions Between ₹500 and ₹3,000 | 2.5% of the withdrawn amount subject to a minimum of Rs. 300. | Nil","A welcome bonus of 2,000 EazyPoints once the card’s joining fee is paid. Complimentary EazyDiner Prime annual membership that gets renewed every year. Up to 50% extra discount on dining spends via the PayEazy on the EazyDiner app. 1% waiver on fuel surcharge.","[""The EazyDiner Signature is a must-have for frequent diners. Free alcohol beverage, discounts up to ₹1,000, and bonus reward points are reasons enough to opt for this card."", ""For those who like premium stays, this card offers a Postcard Hotel voucher worth ₹7,500 as a renewal benefit.""]","[""While the restaurant discounts are attractive, they are limited to select outlets on EazyDiner, so your preferred restaurant might not always be available."", ""Currently, the EazyDiner Signature Credit Card is only available on the Visa network. For those looking to make UPI payments with the card, this can be a major drawback.""]",,cardinsider.com,https://cardinsider.com/indusind-bank/eazydiner-indusind-bank-credit-card/
EazyDiner IndusInd Platinum Credit Card,IndusInd Bank,Best IndusInd Bank,,"[""Best Co-Branded Credit Cards"", ""Best Credit Cards for Food Ordering and Dining in India"", ""Best IndusInd Bank"", ""Best IndusInd Bank Credit Cards"", ""Best Lifetime Free Credit Cards India 2026"", ""Best Student Credit Cards India 2026""]",Lifetime Free,Lifetime Free,N/A,,Reward Points,On EazyDiner App,"The EazyDiner Platinum Credit Card comes with a 3-month EazyDiner membership worth Rs. 1,095 as a welcome benefit. Cardholders can avail discounts of up to 25% at over 2,000 restaurants in India. Plus, get 500 bonus EazyPoints on joining.","The EazyDiner Prime membership shall be renewed for 3 months on spends of Rs. 30,000 or more in a quarter. You can also get 2000 Reward Points upon spending Rs. 30,000 every 90 days. ATM Cash withdrawals and dining spends shall not be considered for this milestone reward. Spends by both primary and add-on cardholders shall be considered.","{""domestic"": ""N/A"", ""international"": ""N/A""}",,3.83% Monthly and 46% Annually,3.5% of the Transaction Amount,1% Fuel Surcharge Waiver | 2.5% of the Amount or a Minimum of Rs. 300 | Rs. 100,This is a lifetime free credit card. A 3-month EazyDiner Prime Membership can be availed for free as a welcome benefit. Avail instant discounts on the EazyDiner app and website with the card. Make contactless payments with EazyDiner and avail huge discounts on restaurant bill payments.,"[""Being a lifetime free credit card, this card would be most suited for youngsters and people who are looking for a card with a zero joining fee."", ""Cardholders would enjoy several dining benefits with this card, which will further boost their savings.""]","[""Apart from dining benefits, there are no other benefits associated with this card, such as travel benefits.""]",,cardinsider.com,https://cardinsider.com/indusind-bank/eazydiner-indusind-bank-platinum-credit-card/
Indus Solitaire Credit Card,IndusInd Bank,Best IndusInd Bank,,"[""Best Credit Cards With Taj Epicure Membership"", ""Best IndusInd Bank"", ""Best IndusInd Bank Credit Cards""]","₹30,000 + GST","₹10,000 + GST",Annual Fee Waiver on Spends of ₹10 Lakh in a Card Anniversary Year,,Reward Points,Cash Credit 1 Reward Point = ₹ 0.50 or Partner Airmiles – 5 Reward Points = 4 AirMiles,,,"{""domestic"": ""4 Free Visits Each Quarter on Spends of ₹5 Lakh in the Previous Quarter"", ""international"": ""4 Free Visits Each Quarter""}",,3.83% Monthly and 46% Annually,Zero Charge,1% Fuel Surcharge Waiver | 2.5% or a Minimum Charge of Rs. 300 | N/A,"This is a premium credit card. The joining fee is Rs. 30,000 but annual charges are Rs. 10,000 from the second year. This card carries zero forex charges. Get free Moneycontrol Pro, EazyDiner, and Taj Epicure Memberships.",[],[],,cardinsider.com,https://cardinsider.com/indusind-bank/indus-solitaire-credit-card/
IndusInd Bank Avios Visa Infinite Credit Card,IndusInd Bank,Best IndusInd Bank,Visa,"[""Best Co-Branded Airline Credit Cards"", ""Best Credit Cards Offering Meet & Greet Airport Services"", ""Best Credit Cards for International Travel 2026"", ""Best Credit Cards in India for Qatar Airways Privilege Club (Avios)"", ""Best IndusInd Bank"", ""Best IndusInd Bank Credit Cards""]","₹10,000 + GST","₹5,000 + GST",N/A,,Air Miles,Avios earned can be redeemed against a host of different options at the Qatar Airways or British Airways website,,"The Avios Visa Infinite credit card has amazing milestone benefits on offer for cardholders. No matter the airline program chosen by you, you get the following milestone benefits – Bonus 18,000 Avios on spending ₹8 Lakhs or more in the year Bonus 18,000 Avios more on a second spending of ₹8 Lakhs in the year The maximum amount of Avios you can earn in a year through milestone benefits is 36,000, and the bonus Avios is credited within 10 days after card statement generation once you achieve the milestone spend.","{""domestic"": ""2 domestic lounge access per quarter"", ""international"": ""2 international lounge access per quarter with Priority Pass""}",,3% Per Month and 36% Per Annum,1.5% at Preferred International Destinations and 3.5% Everywhere Else,"1% Waiver for Fuel Spends Between ₹500 and ₹10,000 | Nil | Nil","Bonus 20,000 Avios as a welcome benefit. 2x Avios per Rs. 200 spent on Qatar or British Airways website and 1x Avios on other domestic and international spends. 5x Avios per Rs. 200 spent at preferred international destinations. Low forex markup fee of 1.5% at preferred international destinations. Up to 36,000 Avios as a milestone benefit on reaching the target spend. Bonus 5000 Avios as a renewal benefit. 2 International lounge access per quarter with Priority Pass membership and 2 domestic lounge access per quarter. Airport meet and greet service and personal concierge service. Travel-related insurance benefits and 1% fuel surcharge waiver.",[],[],,cardinsider.com,https://cardinsider.com/indusind-bank/indusind-bank-avios-visa-infinite-credit-card/
IndusInd Bank Celesta Credit Card,IndusInd Bank,Best IndusInd Bank,,"[""Best Credit Cards for Complimentary Roadside Assistance"", ""Best IndusInd Bank"", ""Best IndusInd Bank Credit Cards"", ""Best Low Interest Credit Cards 2026""]","₹25,000 + GST","₹5,000 + GST",The renewal fee is waived off on spending Rs. 10 lakhs or more in the last year.,,Reward Points,Redeem Points for Airmiles 1 RP = 1 Airmile. For Cash 1 RP = ₹0.75,,,"{""domestic"": ""Unlimited Free Domestic Airport Lounge Access on Spends of ₹1.5 Lakh or More in the Previous Quarter"", ""international"": ""2 complimentary international lounge access per quarter""}","Every credit card comes with a different eligibility criterion that has to be fulfilled by the applicants to get approved for the particular card. These eligibility criteria are dependent on age, credit history, and income. The following is the eligibility criteria for the IndusInd Celesta Card: The applicant should be between 21 and 65 years of age. The applicant should have a stable income (the applicant should be either a salaried employee or a self-employed individual). The applicant should have a good credit history.",2.99% per month,3.5% on all foreign currency spends,1% fuel surcharge waiver across all fuel stations. | 2.5% of the cash withdrawn or Rs. 300 (whichever is higher) | ₹100 + GST,"Get up to 3 Reward Points per ₹100 spent using your IndusInd Bank Celesta Credit Card. Reward Points are redeemable against Cash credit. Vouchers worth ₹25,000 each from Oberoi Hotels & Montblanc as a welcome gift. 20% discount on movies at BookMyShow. Buy 1 get 1 free (BOGO) offer on movie tickets. Unlimited complimentary domestic airport lounge access and two international lounge accesses per quarter with the Priority Pass membership Spend-based renewal fee waiver. Complimentary golf lessons and golf games every month. Insurance coverage against several categories. 1% waiver on fuel surcharge.",[],[],,cardinsider.com,https://cardinsider.com/indusind-bank/indusind-bank-celesta-credit-card/
IndusInd Bank Crest Credit Card,IndusInd Bank,Best IndusInd Bank,Mastercard,"[""Best Credit Cards for Complimentary Roadside Assistance"", ""Best IndusInd Bank"", ""Best IndusInd Bank Credit Cards"", ""Best Low Interest Credit Cards 2026""]","₹75,000 + GST","₹10,000 + GST","Annual membership fee waived off on spending Rs. 20,00,000 in the previous year",,Reward Points,1 RP = ₹0.75 for Redeeming Against Cash Credit and 2 RPs = 1 KrisFlyer Miles,,,"{""domestic"": ""2 complimentary domestic lounge visits quarterly under the MasterCard Lounge access program."", ""international"": ""2 complimentary international lounge visits every quarter with the LoungeKey membership""}",,2.99% per month (or 36% annually),3.5% + GST,"Waived for transactions between Rs. 400 and Rs. 4,000 | 2.5% of the advanced amount, subject to a minimum amount of Rs. 300 | Rs. 100","Reward Points can be transferred to partner airlines’ AirMiles programs or redeemed against Cash Credit. Complimentary access to domestic and international lounges. Complimentary golf lessons and golf games every month with the exclusive golf program and MasterCard golf program each. Buy One Get One offer on BookMyShow movie tickets (max three free tickets/month). The free ticket price is capped at ₹700, and there is an additional discount of ₹50 on selecting the F&B option. Up to ₹3,000 off on dining bills at over 100 partner restaurants. Lost card liability covers up to 48 hours prior to reporting the loss of the card.",[],[],,cardinsider.com,https://cardinsider.com/indusind-bank/indusind-bank-crest-credit-card/
IndusInd Bank Duo Plus Credit Card,IndusInd Bank,Best IndusInd Bank,,"[""Best IndusInd Bank"", ""Best IndusInd Bank Credit Cards""]","₹1,500 + GST",₹799 + GST,NA,,Reward Points,1 RP = ₹0.50 for Redemption Against Cash Credit,,,"{""domestic"": ""NA"", ""international"": ""NA""}",,3.83% per month,2% on all foreign currency spends,"1% fuel surcharge is waived off for all transactions between Rs. 400 & Rs. 4,000 | 2.5% of the cash amount or Rs. 500 (whichever is higher) | Rs. 100","A credit cum debit card. Welcome gift vouchers worth Rs. 1,000. Get 1 Reward Points on every Rs. 150 you spend using your IndusInd Bank Duo Plus Credit Card. Buy 1 get 1 free offer on movie tickets. Exclusive travel insurance benefits. Personal accident insurance coverage. A 1% fuel surcharge waiver. 24*7 concierge services. Low forex markup fee of 2%",[],[],,cardinsider.com,https://cardinsider.com/indusind-bank/indusind-bank-duo-plus-credit-card/
IndusInd Bank ePay Amex Credit Card,IndusInd Bank,Best IndusInd Bank,American Express,"[""Best IndusInd Bank"", ""Best IndusInd Bank Credit Cards""]",Nil,Nil,N/A,,Reward Points,"RPs Can Be Redeemed for Cash Credit, AirMiles or at IndusMoments",,,"{""domestic"": ""N/A"", ""international"": ""N/A""}",,3.95% Per Month (47.40% Per Annum),3.5% of the Transaction Amount,N/A | N/A | N/A,"This is a virtual credit card. You will get a Zomato Gold 3-Month membership as a welcome benefit with this card. You earn increasing Reward Points after a set of transactions, and after the 10th transaction in a statement cycle, you get 10 RPs on each transaction.","[""With a certain number of successful transactions, you will earn more and more reward points and beyond the 10th transaction, you shall get 10 RPs."", ""You will get a complimentary 3-Month Zomato Gold membership.""]","[""One Reward Point is equal to Rs. 0.35 (Cash Credit Redemption), which is relatively low."", ""You do not get any complimentary lounge access with this credit card.""]",,cardinsider.com,https://cardinsider.com/indusind-bank/indusind-bank-epay-amex-credit-card/
IndusInd Bank Iconia Amex Credit Card,IndusInd Bank,Best IndusInd Bank,American Express,"[""Best IndusInd Bank"", ""Best IndusInd Bank Credit Cards""]","Rs. 3,500 + GST",Nil,N/A,,Reward Points,1 Reward Point = Rs 1 for redemption against cash credit & 1 RP = 1 InterMile / 1 CV Point for redemption against the same.,,,"{""domestic"": ""8 Complimentary domestic lounge access every year using this credit card."", ""international"": ""N/A""}",,3.83% per month ( 46% per annum),3.5% on all international transactions,1% fuel surcharge waiver on transactions at all fuel stations across India. | 2.5% on withdrawal amount subject to a minimum charge of Rs 300 | Rs. 100 per redemption request.,Get exclusive hotel and shopping gift vouchers as a welcome benefit Buy 1 Get 1 on movie ticket bookings on movie bookings with BookMyShow and Sathyam Cinema 1.5 RP on every Rs. 100 spent on weekdays & 2 RP on every Rs 100 spent on weekends. Access to leading domestic airport lounges. Complimentary Priority Pass Membership. Complimentary golf games and lessons hosted at various locations. 24×7 Concierge service and Auto Assistance 1% fuel surcharge waiver on transactions at all fuel stations across India. Personal Air Accident cover worth Rs. 25 lakhs,[],[],,cardinsider.com,https://cardinsider.com/indusind-bank/indusind-bank-iconia-amex-credit-card/
IndusInd Bank Iconia Visa Credit Card,IndusInd Bank,Best IndusInd Bank,"Visa, American Express","[""Best IndusInd Bank"", ""Best IndusInd Bank Credit Cards""]","Rs. 3,499 + GST",Nil,Nil,,Reward Points,"1RP = Re. 1 for redemption against cash, 1 RP = 1 InterMile / 1 CV Point.",,,"{""domestic"": ""NA"", ""international"": ""NA""}","Getting a credit card is not as easy as it might seem to be. There are certain eligibility criteria that you need to fulfill in order to get approved for a card. The eligibility criteria required for the IndusInd Bank Iconia Visa Credit Card: Your age should be between 21 and 65 years. You should have a stable source of income. You should have a good credit score. Other than this, the bank may have some internal criteria based on which an application might be approved or rejected.",3.83% per month,3.5% on all foreign currency spends,1% fuel surcharge waiver is provided. | 2.5% of the transacted amount or Rs. 300 (whichever is higher) | Nil,"Gift cards and vouchers for various brands, including, BATA, BIBA, Titan, Pantaloons, Amazon, Flipkart, etc as a welcome benefit. 0.75 Reward Point for every spend of Rs. 100 on weekdays and 1 Reward Point for every Rs. 100 spent on weekends. Get 0.70 Reward points for every Rs. 100 spent on utility bills, insurances, government charges, and educational institutions fees. Get complimentary priority pass membership. 1 complimentary movie ticket every month. One complimentary golf lesson and 1 game every quarter. 1% fuel surcharge waiver.",[],[],,cardinsider.com,https://cardinsider.com/indusind-bank/indusind-bank-iconia-visa-credit-card/
IndusInd Bank Indulge Credit Card,IndusInd Bank,Best IndusInd Bank,Visa,"[""Best IndusInd Bank"", ""Best IndusInd Bank Credit Cards"", ""Best Low Interest Credit Cards 2026""]","₹75,000 + GST","₹10,000 + GST",Annual Fee Waiver on Spends of ₹10 Lakh Each Year,,Reward Points,"Reward Points Redeemable Against Cash Credit, IndusMoments, or KrisFlyer Miles",,,"{""domestic"": ""6 Lounge Visits Each Quarter on Spends of ₹5 Lakh Per Quarter"", ""international"": ""Four Complimentary International Lounge Access Using Priority Pass""}","In order to get approved for the IndusInd Indulge Card, you will need to fulfill the following eligibility requirements: Salaried applicants must have a minimum annual income of ₹36 lakh. Self-employed applicants must have a minimum annual income of ₹42 lakh. Applicant must have a good credit score.",1.79% per month (or 21.48% annually),1.8% + GST,"1% fuel surcharge is waived for transactions between Rs. 400 and Rs, 4,000. | Wavied | Rs. 100","1.5 Reward Points for every Rs. 100 spent using the card. Reward Points are redeemable against Airmiles, cash credit, or IndusMoments. Complimentary domestic and international lounge access. Complimentary Priority Pass membership. Buy One Get One offer on movie tickets & discount on non-movie tickets on BookMyShow. Complimentary access to golf games at selected golf courses. Lost card liability protection from up to 48 hours prior to the time of reporting the loss of the card.",[],[],,cardinsider.com,https://cardinsider.com/indusind-bank/indusind-bank-indulge-credit-card/
IndusInd Bank Payback Credit Card,IndusInd Bank,Best IndusInd Bank,,"[""Best IndusInd Bank"", ""Best IndusInd Bank Credit Cards""]",Rs. 249 + GST,Nil,NA,,Reward Points,"Redeem your PAYBACK points against e-vouchers, recharges, buying products from the given catalog, etc. 1 PAYBACK Point = Re. 0.25.",,"The IndusInd Bank Payback Credit Card allows you to earn 500 Payback Points if you spend Rs. 20,000 or more in a month. You can also earn 4000 Payback points on spending Rs. 2,00,000 or above in a year.","{""domestic"": ""NA"", ""international"": ""NA""}",,3.83% p.m. (46% p. a.),3.5% on all foreign transactions,Get 1% fuel surcharge waiver on transactions between Rs. 400 – Rs. 4000 at fuel stations in India. | 2.5% of the advance amount (minimum of Rs. 300) | Rs. 100,"Get 1,000 Payback points as a welcome gift. Get complimentary access to PAYBACK Plus membership. 20 Payback points per Rs. 100 spent on movies. 5 Payback points per  Rs. 100 spent on dining, groceries, and shopping. 2 Payback points for all spends of Rs. 100. Avail personal air accident insurance cover up to Rs. 25 lakhs. Get complimentary access to auto assist. 1% fuel surcharge waiver.",[],[],,cardinsider.com,https://cardinsider.com/indusind-bank/indusind-bank-payback-credit-card/
IndusInd Bank Pioneer Heritage Credit Card,IndusInd Bank,Best IndusInd Bank,Mastercard,"[""Best IndusInd Bank"", ""Best IndusInd Bank Credit Cards"", ""Best Low Interest Credit Cards 2026""]","₹100,000 + GST","₹25,000 + GST",Waiver of Annual Charges on Spends of ₹10 Lakh,,Reward Points,1 RP = ₹1 When Points Are Redeemed Against Statement Credit. RPs Can Also Be Converted to KrisFlyer Miles and Maharaja Club Points,,,"{""domestic"": ""Unlimited Domestic Lounge Access"", ""international"": ""Unlimited Visits""}",,2.99% Per Month (36% Per Annum),Waived,"Surcharge waiver of 1% on fuel transactions between Rs. 400 and Rs. 4,000. | Nil | Waived","A Montblanc or Qwikcilver (Woohoo) e-gift voucher as a welcome gift. For every Rs. 100 spent on international transactions, you will get 2.5 Reward Points. For every Rs. 100 spent on domestic transactions, you will get 1 Reward Point. Buy 1 Get 1 offer on movie ticket bookings with BookMyShow Get Up to Rs. 3,000 off on your Dining Spends Complimentary Domestic and International lounge access",[],[],,cardinsider.com,https://cardinsider.com/indusind-bank/indusind-bank-pioneer-heritage-credit-card/
IndusInd Bank Pioneer Legacy Credit Card,IndusInd Bank,Best IndusInd Bank,,"[""Best Credit Cards with Concierge Services"", ""Best IndusInd Bank"", ""Best IndusInd Bank Credit Cards""]","₹50,000 + GST",Nil,NA,,Reward Points,1 RP = ₹1 for Redemption for Cash,,"On this card, you get 4000 bonus reward points on achieving an annual spend of Rs. 5 lakhs or more. This offer is applicable for both primary as well as add-on cardholders. The bonus reward points get credited within one year from the date of card issuance.","{""domestic"": ""1 complimentary domestic lounge access every quarter"", ""international"": ""2 complimentary international lounge access every quarter with the Priority Pass.""}",,3.83% per month ( 46% per annum),1.8% on all foreign currency transactions,"1% surcharge waiver on fuel transactions made between Rs. 400 and Rs. 4,000 | Nil | Rs. 100","Oberoi hotel e-gift voucher and a Luxe Gift card worth Rs 5,000 as a welcome benefit. 2 Reward Points on every Rs. 100 spent on weekends & 1 Reward Point on every Rs. 100 spent on weekdays. 4,000 bonus reward points every year on achieving the milestone spend. Buy 1 Get 1 offer on movie ticket bookings on BookMyShow. Complimentary domestic & international lounge access. Complimentary golf games at selected golf courses. Low foreign currency markup fee of 1.8%. 24×7 Concierge services 1% fuel surcharge waiver.",[],[],,cardinsider.com,https://cardinsider.com/indusind-bank/indusind-bank-pioneer-legacy-credit-card/
IndusInd Bank PIONEER Private Credit Card,IndusInd Bank,Best IndusInd Bank,,"[""Best IndusInd Bank"", ""Best IndusInd Bank Credit Cards""]",Nil,"₹25,000 + GST",Annual Fee Waiver on Spends of ₹10 Lakh or More in a Year,,Reward Points,"Redeem Points at Indus Moments. You Can Redeem at a 1:1 Ratio for Cash Credit, Airmiles, and Gift Vouchers",,"Cardholders who spend ₹75 lakh in a membership year will receive Taj experience vouchers worth ₹1 lakh. These vouchers will be sent within 90 days of the end of the membership year. These vouchers can be used for settling bills for stay, food and beverages, or any other services at the IHCL group of hotels by presenting either the physical gift card or the email containing E-Gift Card details. They can also be used to pay for corresponding taxes. However, gift cards cannot be used to pay for gratuities, paid-outs, and Travel House charges.","{""domestic"": ""Unlimited Domestic Airport Lounge Access"", ""international"": ""Unlimited International Airport Lounge Access (Through Priority Pass)""}",,2% Monthly (24% Annually),Zero Forex Charges,"1% Fuel Surcharge Waived on Transactions Between ₹500 and ₹10,000 | Nil | N/A",The IndusInd Pioneer Private Credit Card is one of the most luxurious offerings by the bank. One can avail of Buy One Get One Free on movie and non-movie ticket bookings. One of the exclusive features of this card is the unlimited complimentary domestic and international airport lounge access. Cardholders shall also be eligible for unlimited golf lessons across India.,[],"["""", """"]",,cardinsider.com,https://cardinsider.com/indusind-bank/indusind-bank-pioneer-private-credit-card/
IndusInd Bank Platinum Credit Card,IndusInd Bank,Best IndusInd Bank,,"[""Best IndusInd Bank"", ""Best IndusInd Bank Credit Cards""]",Nil,Nil,NA,,Reward Points,1 RP = ₹0.40 While Redeeming Points Against Cash. For Non-Cash Redemption 1 RP = ₹0.60,,,"{""domestic"": ""NA"", ""international"": ""NA""}",,3.83% p.m. (46% p.a.),3.5% of the transacted amount.,"1% fuel surcharge waiver on transcations between Rs. 400 and Rs. 4,000 at all fuel stations in India. | Rs. 300 or 2.5% of the amount withdrawn, higher of the two. | Rs. 100",1.5 reward points on every ₹ 150 spent on this card (except on fuel). Get a complimentary air accidental death cover of up to ₹ 25 lakh. 1% fuel surcharge waiver. 24*7 concierge services & auto assist,[],[],,cardinsider.com,https://cardinsider.com/indusind-bank/indusind-bank-platinum-credit-card/
IndusInd Bank Platinum RuPay Credit Card,IndusInd Bank,Best IndusInd Bank,RuPay,"[""Best IndusInd Bank"", ""Best IndusInd Bank Credit Cards""]",Nil,Nil,N/A,,Reward Points,1 RP = Rs 0.35. RPs Can Also Be Redeemed on Indus Moments,,,"{""domestic"": ""N/A"", ""international"": ""N/A""}",,3.95% Per Month (47.40% Per Annum),3.50%,1% Fuel Surcharge Waiver (Rs. 40 Monthly & Rs. 480 Annually) | 2.5% of the Total Transaction Amount or Rs. 300 Minimum | Rs. 100,Earn 2 RPs on Rs. 100 Spent on UPI Transactions Earn 1 RP on Rs. 100 Spent on Non-UPI Transactions,"[""You can use this credit card and make transactions with your UPI apps like Google Pay, Paytm, etc."", ""This is a lifetime free credit card with no annual or renewal charges.""]","[""This card does not provide any lounge access or dining/movie benefits.""]",,cardinsider.com,https://cardinsider.com/indusind-bank/indusind-bank-platinum-rupay-credit-card/
IndusInd Bank Platinum Select Credit Card,IndusInd Bank,Best IndusInd Bank,,"[""Best IndusInd Bank"", ""Best IndusInd Bank Credit Cards""]",Rs. 999 + GST,Nil,Nil,,Reward Points,"1 RP = Re. 0.75 when redeemed against cash credit, 1 RP = 1 Intermile & 1 RP = 0.5 CV Point when redeemed against airmiles.",,,"{""domestic"": ""NA"", ""international"": ""NA""}",,3.83% per month (45.96% per annum),3.5% on all international transactions,"1% fuel surcharge waiver for all transactions between Rs. 400 & Rs. 4,000. | 2.5% of the withdrawn amount or Rs. 300 (whichever is higher) | Rs. 100 plus taxes per redemption request",You Get 1 Reward Point per transaction of Rs. 150 made through your IndusInd Bank Platinum Select credit card. Joining Fee charges of Rs. 999 Easy Redemption of Reward Points Against Cash Credit and Many More options. Buy 1 Get 1 Free (Bogo) Offer on Movies. Welcome Gift Vouchers from BATA and Vero Moda. Complimentary Priority Pass Membership. Select Auto Assistance facility Get Air Accidental Cover and Travel Insurance Cover,[],[],,cardinsider.com,https://cardinsider.com/indusind-bank/indusind-bank-platinum-select-credit-card/
IndusInd Bank Samman RuPay Credit Card,IndusInd Bank,Best IndusInd Bank,RuPay,"[""Best IndusInd Bank"", ""Best IndusInd Bank Credit Cards""]",Nil,Rs. 199,"On Spends of Rs. 75,000 in a Year",,Cashback,N/A,,,"{""domestic"": ""RuPay Exclusive Lounge Access at DEL T3 Terminal (Once Each Month)"", ""international"": ""N/A""}",,3.95%Monthly (47.40%Yearly),3.50%,"1% Fuel Surcharge on Transactions Between Rs. 400 to Rs. 4,000 | Nil | N/A",You can earn 1% cashback each month. Earn two complimentary movie tickets each year. This card can be linked to UPI applications.,"[""There are no charges for cash advances on this card, making it easy to withdraw cash."", ""You would receive two free movie tickets in a year with this card.""]","[""Overall, this card doesn’t provide many benefits. Even the cashback received is quite low at just Rs. 200 per month.""]",,cardinsider.com,https://cardinsider.com/indusind-bank/indusind-bank-samman-rupay-credit-card/
IndusInd Bank Signature Visa Credit Card,IndusInd Bank,Best IndusInd Bank,Visa,"[""Best IndusInd Bank"", ""Best IndusInd Bank Credit Cards""]","Rs. 50,000 + GST",Nil,Nil,,Reward Points,"For redemption against cash credit, 1RP = Re. 1 and for redemption against Intermiles/CV Points, 1 RP = 1 InterMile / 1 CV Point.",,,"{""domestic"": ""2 complimentary domestic lounge access every quarter"", ""international"": ""NA""}",,3.83% per month (45.96 per annum),3.5% on all foreign currency transactions,"1% fuel surcharge waiver across all petrol stations in India for transactions between Rs. 400 and Rs. 4,000. | 2.5% or Rs. 300 (whichever is higher) | Rs. 100",One complimentary stay at Oberoi hotels. Get 1.5 Reward Points for every spend of Rs. 100. Buy one get 1 free offer on booking movie tickets through BookMyShow. Get complimentary Priority Pass Membership. Get 2 complimentary lounge visits per quarter. Get 1 complimentary golf game each month at selected golf courses. 1% fuel surcharge waiver.,[],[],,cardinsider.com,https://cardinsider.com/indusind-bank/indusind-bank-signature-visa-credit-card/
IndusInd Legend Credit Card,IndusInd Bank,Best IndusInd Bank,,"[""Best Credit Cards for Complimentary Roadside Assistance"", ""Best Credit Cards for International Travel 2026"", ""Best Credit Cards for Movie Tickets in India"", ""Best IndusInd Bank"", ""Best IndusInd Bank Credit Cards"", ""Best Lifetime Free Credit Cards India 2026"", ""Best Student Credit Cards India 2026""]",Nil,Nil,N/A,,Reward Points,1 RP = ₹0.50 for Redemption Against Cash Credit,,"You can earn 3,000 bonus Reward Points on achieving a spend of ₹5 lakhs or more within one year from the card issuance date. Both primary and add-on spends are eligible for this offer. The bonus point will be credited within 45 days of one year’s completion","{""domestic"": ""N/A"", ""international"": ""N/A""}",,3.95% Per Month (47.40% Per Annum),1.8% + GST,1% Fuel Surcharge Waiver | 2.5% of the Transaction Amount (Minimum Charge of ₹300) | For Cash Redemption – ₹149 + GST,"Buy 1 Get 1 Free (BOGO) offer on movie tickets via BookMyShow. 3,000 bonus Reward Points under the milestone benefits. Lower foreign currency markup fee of 1.8%. Get 1 Reward Point per ₹100 you spend on weekdays. You get 2 Reward Points per ₹100 you spend on weekends.","[""This is a lifetime free credit, which comes with no annual charges."", ""One can keep this card for bank-specific offers and promotions.""]","[""There is only one BOGO offer per month with this card."", ""There are no dining offers provided along with this credit card. After the devaluation, even airport lounge access has been removed from the Legend Credit Card.""]",,cardinsider.com,https://cardinsider.com/indusind-bank/indusind-legend-credit-card/
IndusInd Nexxt Credit Card,IndusInd Bank,Best IndusInd Bank,,"[""Best IndusInd Bank"", ""Best IndusInd Bank Credit Cards""]","₹10,000 + GST",Nil,NA,,Reward Points,Cash Redemption 1 RP = ₹0.75,"As a welcome benefit, you can select from various gift vouchers from Oberoi, Luxe, Postcard Hotels , or Montblac.",,"{""domestic"": ""NA"", ""international"": ""NA""}",,3.83% p.m.,3.5% on the conversion amount,Avail 1% fuel surcharge waiver on transactions between Rs. 400 – Rs. 4000 | 2.5% or a minimum of Rs. 300 | Rs. 100,"Get exclusive welcome gift vouchers. Earn 1 RP on a transaction worth Rs. 150 on this card. Buy 1, get 1 Free offer on movie tickets. Personal air accident cover worth Rs. 25 lakhs. 1% fuel surcharge waiver.",[],[],,cardinsider.com,https://cardinsider.com/indusind-bank/indusind-nexxt-credit-card/
IndusInd Bank Pinnacle World Credit Card,IndusInd Bank,Best IndusInd Bank,,"[""Best Credit Cards for Complimentary Roadside Assistance"", ""Best IndusInd Bank"", ""Best IndusInd Bank Credit Cards""]","₹15,000 + GST",Nil,Nil,,Reward Points,1 RP = ₹0.75 for Redeeming Against Cash Credit. RPs Can Also Be Redeemed for KrisFlyer Miles and Maharaja Club Points,,,"{""domestic"": ""1 Free Visit Each Quarter"", ""international"": ""1 Complimentary International Lounge Visit With Priority Pass""}","Following are the Eligibility Criteria that the applicants need to fulfill to get approved for the IndusInd Pinnacle World Credit Card: The applicant should be above 18 years of age and below 65 years of age. Salaried individuals should have a minimum annual income of ₹10 lakh, and self-employed individuals should have a minimum annual income of ₹12 lakh. The applicants should have a good credit score.",3.83% Per Month (46% Per Annum),International usage charges of 3.5%,1% fuel surcharge waiver applicable on all fuel transactions | 2.5% of Cash Advance (Minimum Charge of ₹300) | For Cash Redemption – ₹149 + GST,"Exciting gift vouchers from popular brands like Oberoi Hotels, Luxe, Postcard, etc., can be used as a welcome gift. Up to 2.5 Reward Points per ₹100 spent. Buy 1 Get 1 Free (BOGO) offer on movie tickets via BookMyShow. Complimentary access to domestic & international airport lounges. 24 complimentary golf rounds annually. 1% fuel surcharge waiver.",[],[],,cardinsider.com,https://cardinsider.com/indusind-bank/indusind-pinnacle-credit-card/
IndusInd Bank Platinum Aura Edge Credit Card,IndusInd Bank,Best IndusInd Bank,,"[""Best IndusInd Bank"", ""Best IndusInd Bank Credit Cards""]",Nil,Nil,NA,,Reward Points,1 RP = ₹0.40 for Redemption Against Cash Credit,,,"{""domestic"": ""N/A"", ""international"": ""N/A""}",,3.95% Per Month (47.40% Per Annum),3.5% on all foreign currency transactions,"1% fuel surcharge waiver on all fuel transactions between Rs. 400 & Rs. 4,000. | 2.5% of the withdrawn amount, subject to a minimum of Rs. 300. | Rs. 100 on every redemption",No annual and joining charges. Get convenience to choose a rewards plan according to your spending behavior. Earn up to 4 saving points on every spend of Rs. 100 with your IndusInd Bank Platinum Aura Edge Credit Card. Redeem your earned reward points against an array of options. 1% fuel surcharge waiver on all fuel transactions.,[],[],,cardinsider.com,https://cardinsider.com/indusind-bank/indusind-platinum-aura-edge-credit-card/
IndusInd Intermiles Voyage Visa Credit Card,IndusInd Bank,Best IndusInd Bank,Visa,"[""Best IndusInd Bank"", ""Best IndusInd Bank Credit Cards""]","Rs. 2,000 + GST","Rs. 2,000 + GST",N/A,,Air Miles,InterMiles can be redeemed against flight and hotel bookings at www.intermiles.com and against shopping vouchers at rewardstore.intermiles.com.,"As a welcome benefit, you get a complimentary membership to Intermiles frequent fliers program under which you get bonus InterMiles and special discounts on hotel and flight bookings. You get 2,000 bonus InterMiles along with a discount voucher worth Rs. 750 on flights and a discount voucher worth Rs. 1,500 on hotel bookings on paying the joining fee. You get 2,500 bonus InterMiles along with a flight discount voucher worth Rs. 500 on flights and a hotel discount voucher worth Rs 1000 on hotel bookings every year on paying the renewal fee.",,"{""domestic"": null, ""international"": null}","The eligibility criteria that need to be fulfilled by the applicants in order to get approved for the IndusInd Bank Intermiles Voyage Visa Credit Card are as follows: The applicant’s age should be between 18 years and 65 years. The applicants should have a stable source of income, i.e, the applicant should either be salaried or self-employed. The applicants should have a decent credit score.",3.83% per month ( 46% per annum),3.5% on the conversion amount,"1% fuel surcharge waiver on all transactions between Rs. 400 to Rs. 4,000 across all fuel stations in India | 2.5% on the withdrawal amount subject to a minimum charge of Rs. 300 | Nil","2,000 bonus InterMiles along with a discount voucher worth Rs. 750 on flights and a discount voucher worth Rs. 1,500 on hotel bookings 2 InterMiles on every Rs. 100 spent on weekdays. 3 InterMiles on every Rs. 100 spent on weekends. 2x bonus InterMiles on every Rs 100 spent on flight and hotel bookings 2.5x bonus InterMiles on every Rs 100 spent on Etihad Airways. Buy 1 get 1 offer on movie ticket booking with BookMyShow. Complimentary golf games and lessons at specific locations. Complimentary air accident insurance cover upto Rs. 25 lakhs Zero liability protection cover provided 24×7 Concierge services 1% fuel surcharge waiver on all transactions between Rs 400 to Rs 4000 across all fuel stations in India",[],[],,cardinsider.com,https://cardinsider.com/indusind-bank/intermiles-voyage-visa-credit-card/