card_name,issuing_bank,issuing_bank_raw,card_network,categories,joining_fee,annual_fee,fee_waiver_condition,reward_rate,reward_structure,redemption_options,welcome_benefits,milestone_benefits,lounge_access,eligibility,interest_rate_apr,forex_markup,other_charges,key_features,pros,cons,rating,source_site,source_url
IndusInd Pinnacle credit card,IndusInd Bank,IndusInd,,[],15000,,,NA,"[{""child"": ""Earn 0.7 Reward Points per ₹100 spent"", ""name"": ""Base Rewards""}, {""child"": ""Earn 2.5 Reward Points per ₹100 spent"", ""name"": ""Online""}, {""child"": ""Earn 1.5 Reward Points per ₹100 spent"", ""name"": ""Online Travel Agencies""}, {""child"": ""Earn 1 Reward Points per ₹100 spent"", ""name"": ""International""}, {""child"": ""Earn 0.7 Reward Points per ₹100 spent"", ""name"": ""Education""}, {""child"": ""Earn 0.7 Reward Points per ₹100 spent"", ""name"": ""Rent""}, {""child"": ""Earn 0.7 Reward Points per ₹100 spent"", ""name"": ""Utilities""}, {""child"": ""Earn 0.7 Reward Points per ₹100 spent"", ""name"": ""Insurance""}, {""child"": ""Earn 0.7 Reward Points per ₹100 spent"", ""name"": ""Government""}, {""child"": "" No Reward Points on this category."", ""name"": ""EMI""}, {""child"": "" No Reward Points on this category."", ""name"": ""Jewellery""}, {""child"": "" No Reward Points on this category."", ""name"": ""Fuel""}, {""child"": "" No Reward Points on this category."", ""name"": ""UPI""}, {""child"": "" No Reward Points on this category."", ""name"": ""Wallets""}]","[{""title"": "" Discover Reward Points Redemption Options"", ""subtitle"": ""To explore the full range of redemption options for this card, download the SaveSage Club app now."", ""barCodeImageUrl"": ""/"", ""appUrl"": ""https://savesage.co/ZH8bLjZqSPb""}]",,[],"[{""maintitle"": ""International lounge"", ""limit"": [""1 per quarter""], ""eligibility"": [""2 Complimentary Lounge Access using Priority Pass.""]}, {""maintitle"": ""Domestic lounge"", ""limit"": [""1 per quarter""], ""eligibility"": [""No explicit spend condition""]}]",,,,"[{""mainTitle"": ""BookMyShow"", ""child"": ""Buy One Get One Free""}, {""mainTitle"": ""Concierge"", ""child"": ""Pinnacle Concierge""}, {""mainTitle"": ""Golf"", ""child"": ""Complimentary Golf Rounds/Lessons""}, {""mainTitle"": ""Insurance"", ""child"": ""Travel Insurance""}, {""mainTitle"": ""Priority Pass"", ""child"": ""Priority Pass membership""}, {""mainTitle"": ""Road Side Assistance"", ""child"": ""Pinnacle Auto-Assist""}]","[""Buy One Get One Free"", ""Pinnacle Concierge"", ""Complimentary Golf Rounds/Lessons"", ""Travel Insurance"", ""Priority Pass membership"", ""Pinnacle Auto-Assist""]",,,,savesage.club,https://savesage.club/credit-card/indusind-pinnacle
IndusInd Intermiles Voyage credit card,IndusInd Bank,IndusInd,,"[""Experience"", ""Catalogue Products""]",2000,,,1% to 2%,"[{""child"": ""Earn 2 Reward Points per ₹100 spent"", ""name"": ""Base Rewards""}, {""child"": ""Earn 6 Reward Points per ₹100 spent"", ""name"": ""Intermiles.com (Weekends)""}, {""child"": ""Earn 5 Reward Points per ₹100 spent"", ""name"": ""Etihad Airways""}, {""child"": ""Earn 4 Reward Points per ₹100 spent"", ""name"": ""Intermiles.com (Weekdays)""}, {""child"": ""Earn 3 Reward Points per ₹100 spent"", ""name"": ""Weekends""}, {""child"": ""Earn 1 Reward Points per ₹100 spent"", ""name"": ""Education""}, {""child"": ""Earn 1 Reward Points per ₹100 spent"", ""name"": ""Utilities""}, {""child"": ""Earn 1 Reward Points per ₹100 spent"", ""name"": ""Insurance""}, {""child"": ""Earn 1 Reward Points per ₹100 spent"", ""name"": ""Government""}, {""child"": "" No Reward Points on this category."", ""name"": ""Jewellery""}, {""child"": "" No Reward Points on this category."", ""name"": ""Fuel""}, {""child"": "" No Reward Points on this category."", ""name"": ""EMI""}, {""child"": "" No Reward Points on this category."", ""name"": ""Wallets""}, {""child"": "" No Reward Points on this category."", ""name"": ""Rent""}]","[{""title"": "" Discover Reward Points Redemption Options"", ""subtitle"": ""To explore the full range of redemption options for this card, download the SaveSage Club app now."", ""barCodeImageUrl"": ""/"", ""appUrl"": ""https://savesage.co/ZH8bLjZqSPb""}]",,[],[],,,,"[{""mainTitle"": ""BookMyShow"", ""child"": ""Buy One Get One Free""}, {""mainTitle"": ""Golf"", ""child"": ""Complimentary Golf Rounds""}, {""mainTitle"": ""Insurance"", ""child"": ""Air Accident Cover""}, {""mainTitle"": ""Priority Pass"", ""child"": ""Priority Pass membership""}]","[""Buy One Get One Free"", ""Complimentary Golf Rounds"", ""Air Accident Cover"", ""Priority Pass membership""]",,,,savesage.club,https://savesage.club/credit-card/indusind-intermiles-voyage
IndusInd EPay credit card,IndusInd Bank,IndusInd,,[],0,,,NA,"[{""child"": ""Earn 4 Reward Points per ₹100 spent"", ""name"": ""Base Rewards""}, {""child"": ""Earn 10 Reward Points per ₹100 spent"", ""name"": ""11 txns in a statement cycle""}, {""child"": ""Earn 8 Reward Points per ₹100 spent"", ""name"": ""5th to 10th txn in a statement cycle""}, {""child"": "" No Reward Points on this category."", ""name"": ""Jewellery""}, {""child"": "" No Reward Points on this category."", ""name"": ""Rent""}, {""child"": "" No Reward Points on this category."", ""name"": ""Utilities""}, {""child"": "" No Reward Points on this category."", ""name"": ""Fuel""}, {""child"": "" No Reward Points on this category."", ""name"": ""Wallets""}, {""child"": "" No Reward Points on this category."", ""name"": ""EMI""}]","[{""title"": "" Discover Reward Points Redemption Options"", ""subtitle"": ""To explore the full range of redemption options for this card, download the SaveSage Club app now."", ""barCodeImageUrl"": ""/"", ""appUrl"": ""https://savesage.co/ZH8bLjZqSPb""}]",,[],[],,,,"[{""mainTitle"": ""Insurance"", ""child"": ""Air Accident Cover""}, {""mainTitle"": ""Priority Pass"", ""child"": ""Priority Pass membership""}]","[""Air Accident Cover"", ""Priority Pass membership""]",,,,savesage.club,https://savesage.club/credit-card/indusind-epay
Kotak Mojo credit card,Kotak Mahindra Bank,Kotak,,"[""Experience"", ""Travel Booking"", ""Hotel Transfer""]",1000,,,3% to 6%,"[{""child"": ""Earn 1 Reward Points per ₹100 spent"", ""name"": ""Base Rewards""}, {""child"": ""Earn 2.5 Reward Points per ₹100 spent"", ""name"": ""Online""}, {""child"": "" No Reward Points on this category."", ""name"": ""Jewellery""}, {""child"": "" No Reward Points on this category."", ""name"": ""Rent""}, {""child"": "" No Reward Points on this category."", ""name"": ""Utilities""}, {""child"": "" No Reward Points on this category."", ""name"": ""Wallets""}, {""child"": "" No Reward Points on this category."", ""name"": ""Fuel""}, {""child"": "" No Reward Points on this category."", ""name"": ""Education""}, {""child"": "" No Reward Points on this category."", ""name"": ""Online Gaming""}]","[{""title"": "" Discover Reward Points Redemption Options"", ""subtitle"": ""To explore the full range of redemption options for this card, download the SaveSage Club app now."", ""barCodeImageUrl"": ""/"", ""appUrl"": ""https://savesage.co/ZH8bLjZqSPb""}]",,"[{""milestoneNumber"": 1, ""spent"": 75000, ""cycleType"": ""CALENDAR"", ""benefits"": ""Gift vouchers worth ₹2,500."", ""milestoneType"": ""QUARTER""}]","[{""maintitle"": ""Domestic lounge"", ""limit"": [""2 per quarter""], ""eligibility"": [""Spend ₹75,000 in the previous calendar quarter.""]}]",,,,[],[],,,,savesage.club,https://savesage.club/credit-card/kotak-mojo
Kotak White credit card,Kotak Mahindra Bank,Kotak,,"[""Catalogue Products""]",3000,,,1% to 3%,"[{""child"": "" No Reward Points on this category."", ""name"": ""Base Rewards""}, {""child"": "" No Reward Points on this category."", ""name"": ""Fuel""}, {""child"": "" No Reward Points on this category."", ""name"": ""Education""}, {""child"": "" No Reward Points on this category."", ""name"": ""Rent""}]","[{""title"": "" Discover Reward Points Redemption Options"", ""subtitle"": ""To explore the full range of redemption options for this card, download the SaveSage Club app now."", ""barCodeImageUrl"": ""/"", ""appUrl"": ""https://savesage.co/ZH8bLjZqSPb""}]",,"[{""milestoneNumber"": 1, ""spent"": 200000, ""cycleType"": ""STATEMENT"", ""benefits"": ""₹2,000 worth white pass."", ""milestoneType"": ""YEAR""}, {""milestoneNumber"": 2, ""spent"": 400000, ""cycleType"": ""STATEMENT"", ""benefits"": ""₹4,000 worth white pass."", ""milestoneType"": ""YEAR""}, {""milestoneNumber"": 3, ""spent"": 600000, ""cycleType"": ""STATEMENT"", ""benefits"": ""₹6,000 worth white pass."", ""milestoneType"": ""YEAR""}, {""milestoneNumber"": 4, ""spent"": 900000, ""cycleType"": ""STATEMENT"", ""benefits"": ""₹7,000 worth white pass."", ""milestoneType"": ""YEAR""}, {""milestoneNumber"": 5, ""spent"": 1200000, ""cycleType"": ""STATEMENT"", ""benefits"": ""₹8,000 worth white pass."", ""milestoneType"": ""YEAR""}]","[{""maintitle"": ""Domestic lounge"", ""limit"": [""2 per quarter""], ""eligibility"": [""No explicit spend condition if you spend ₹75,000 in the previous 3 months, you get complimentary access""]}, {""maintitle"": ""International lounge"", ""limit"": [""4 per year""], ""eligibility"": [""Complimentary Lounge Access using Priority Pass.""]}]",,,,"[{""mainTitle"": ""Insurance"", ""child"": ""Lost Card Liability""}]","[""Lost Card Liability""]",,,,savesage.club,https://savesage.club/credit-card/kotak-white
Kotak Zen Signature credit card,Kotak Mahindra Bank,Kotak,,"[""Catalogue Products""]",1500,,,1% to 3%,"[{""child"": ""Earn 5 Reward Points per ₹150 spent"", ""name"": ""Base Rewards""}, {""child"": ""Earn 10 Reward Points per ₹150 spent"", ""name"": ""Retail""}, {""child"": "" No Reward Points on this category."", ""name"": ""Jewellery""}, {""child"": "" No Reward Points on this category."", ""name"": ""Rent""}, {""child"": "" No Reward Points on this category."", ""name"": ""Utilities""}, {""child"": "" No Reward Points on this category."", ""name"": ""Wallets""}, {""child"": "" No Reward Points on this category."", ""name"": ""Education""}, {""child"": "" No Reward Points on this category."", ""name"": ""Fuel""}]","[{""title"": "" Discover Reward Points Redemption Options"", ""subtitle"": ""To explore the full range of redemption options for this card, download the SaveSage Club app now."", ""barCodeImageUrl"": ""/"", ""appUrl"": ""https://savesage.co/ZH8bLjZqSPb""}]",,"[{""milestoneNumber"": 1, ""spent"": 300000, ""cycleType"": ""STATEMENT"", ""benefits"": ""7,500 bonus Zen Points."", ""milestoneType"": ""YEAR""}, {""milestoneNumber"": 2, ""spent"": 600000, ""cycleType"": ""STATEMENT"", ""benefits"": ""15,000 bonus Zen points."", ""milestoneType"": ""YEAR""}]","[{""maintitle"": ""Domestic lounge"", ""limit"": [""2 per quarter""], ""eligibility"": [""No explicit spend condition""]}, {""maintitle"": ""International lounge"", ""limit"": [""3 per year""], ""eligibility"": [""Priority Pass is offered only when the user makes four purchase transactions within 12 months.\nIf this condition isn't met, you can pay INR 2000 to acquire a Priority Pass.""]}]",,,,"[{""mainTitle"": ""Priority Pass"", ""child"": ""Priority Pass membership""}]","[""Priority Pass membership""]",,,,savesage.club,https://savesage.club/credit-card/kotak-zen-signature
Kotak League credit card,Kotak Mahindra Bank,Kotak,,"[""Experience"", ""Travel Booking"", ""Hotel Transfer""]",499,,,1% to 3%,"[{""child"": ""Earn 4 Reward Points per ₹150 spent"", ""name"": ""Base Rewards""}, {""child"": ""Earn 8 Reward Points per ₹150 spent"", ""name"": ""Online Travel Agencies""}, {""child"": ""Earn 8 Reward Points per ₹150 spent"", ""name"": ""Spends >₹2L""}, {""child"": ""Earn 8 Reward Points per ₹150 spent"", ""name"": ""Flights""}, {""child"": ""Earn 8 Reward Points per ₹150 spent"", ""name"": ""Departmental Stores""}, {""child"": "" No Reward Points on this category."", ""name"": ""Fuel""}, {""child"": "" No Reward Points on this category."", ""name"": ""Education""}, {""child"": "" No Reward Points on this category."", ""name"": ""Online Gaming""}, {""child"": "" No Reward Points on this category."", ""name"": ""Insurance""}, {""child"": "" No Reward Points on this category."", ""name"": ""Government""}, {""child"": "" No Reward Points on this category."", ""name"": ""Railways""}, {""child"": "" No Reward Points on this category."", ""name"": ""Jewellery""}, {""child"": "" No Reward Points on this category."", ""name"": ""Rent""}, {""child"": "" No Reward Points on this category."", ""name"": ""Utilities""}, {""child"": "" No Reward Points on this category."", ""name"": ""Wallets""}]","[{""title"": "" Discover Reward Points Redemption Options"", ""subtitle"": ""To explore the full range of redemption options for this card, download the SaveSage Club app now."", ""barCodeImageUrl"": ""/"", ""appUrl"": ""https://savesage.co/ZH8bLjZqSPb""}]",,"[{""milestoneNumber"": 1, ""spent"": 0, ""cycleType"": ""STATEMENT"", ""benefits"": ""5000 Reward points worth Rs. 500"", ""milestoneType"": ""YEAR""}, {""milestoneNumber"": 2, ""spent"": 50000, ""cycleType"": ""STATEMENT"", ""benefits"": ""The renewal fee will be waived."", ""milestoneType"": ""YEAR""}]",[],,,,"[{""mainTitle"": ""Insurance"", ""child"": ""Lost Card Liability""}]","[""Lost Card Liability""]",,,,savesage.club,https://savesage.club/credit-card/kotak-league
Kotak PVR Gold credit card,Kotak Mahindra Bank,Kotak,,"[""Catalogue Products""]",0,,,1% to 3%,"[{""child"": "" No Reward Points on this category."", ""name"": ""Base Rewards""}, {""child"": "" No Reward Points on this category."", ""name"": ""Fuel""}, {""child"": "" No Reward Points on this category."", ""name"": ""Utilities""}]","[{""title"": "" Discover Reward Points Redemption Options"", ""subtitle"": ""To explore the full range of redemption options for this card, download the SaveSage Club app now."", ""barCodeImageUrl"": ""/"", ""appUrl"": ""https://savesage.co/ZH8bLjZqSPb""}]",,"[{""milestoneNumber"": 1, ""spent"": 10000, ""cycleType"": ""STATEMENT"", ""benefits"": ""1 PVR Movie ticket."", ""milestoneType"": ""MONTH""}, {""milestoneNumber"": 2, ""spent"": 15000, ""cycleType"": ""STATEMENT"", ""benefits"": ""2 PVR Movie ticket."", ""milestoneType"": ""MONTH""}]",[],,,,"[{""mainTitle"": ""PVR"", ""child"": ""Get 20% instant discount on Food and Beverages at PVR INOX""}, {""mainTitle"": ""PVR"", ""child"": ""Get 5% instant discount on Movie Tickets at PVR INOX""}]","[""Get 20% instant discount on Food and Beverages at PVR INOX"", ""Get 5% instant discount on Movie Tickets at PVR INOX""]",,,,savesage.club,https://savesage.club/credit-card/kotak-pvr-gold
Kotak PVR Platinum credit card,Kotak Mahindra Bank,Kotak,,"[""Catalogue Products""]",0,,,1% to 3%,"[{""child"": "" No Reward Points on this category."", ""name"": ""Base Rewards""}, {""child"": "" No Reward Points on this category."", ""name"": ""Utilities""}, {""child"": "" No Reward Points on this category."", ""name"": ""Fuel""}]","[{""title"": "" Discover Reward Points Redemption Options"", ""subtitle"": ""To explore the full range of redemption options for this card, download the SaveSage Club app now."", ""barCodeImageUrl"": ""/"", ""appUrl"": ""https://savesage.co/ZH8bLjZqSPb""}]",,[],[],,,,"[{""mainTitle"": ""Insurance"", ""child"": ""Lost Card Liability""}]","[""Lost Card Liability""]",,,,savesage.club,https://savesage.club/credit-card/kotak-pvr-platinum
Kotak 6E Rewards – Indigo credit card,Kotak Mahindra Bank,Kotak,,"[""Experience""]",700,,,2% to 5%,"[{""child"": ""Earn 1 Reward Points per ₹100 spent"", ""name"": ""Base Rewards""}, {""child"": ""Earn 3 Reward Points per ₹100 spent"", ""name"": ""IndiGo""}, {""child"": ""Earn 2 Reward Points per ₹100 spent"", ""name"": ""Movies""}, {""child"": ""Earn 2 Reward Points per ₹100 spent"", ""name"": ""Dining""}, {""child"": ""Earn 2 Reward Points per ₹100 spent"", ""name"": ""Grocery""}, {""child"": "" No Reward Points on this category."", ""name"": ""Online Gaming""}, {""child"": "" No Reward Points on this category."", ""name"": ""Jewellery""}, {""child"": "" No Reward Points on this category."", ""name"": ""Rent""}, {""child"": "" No Reward Points on this category."", ""name"": ""Utilities""}, {""child"": "" No Reward Points on this category."", ""name"": ""Wallets""}, {""child"": "" No Reward Points on this category."", ""name"": ""Education""}, {""child"": "" No Reward Points on this category."", ""name"": ""Fuel""}]","[{""title"": "" Discover Reward Points Redemption Options"", ""subtitle"": ""To explore the full range of redemption options for this card, download the SaveSage Club app now."", ""barCodeImageUrl"": ""/"", ""appUrl"": ""https://savesage.co/ZH8bLjZqSPb""}]",,[],"[{""maintitle"": ""Domestic lounge"", ""limit"": [""2 per quarter""], ""eligibility"": [""No explicit spend condition""]}]",,,,[],[],,,,savesage.club,https://savesage.club/credit-card/kotak-6e-rewards-indigo
Kotak 6E Rewards XL – Indigo credit card,Kotak Mahindra Bank,Kotak,,"[""Cashback""]",1500,,,1% to 2%,"[{""child"": ""Earn 2 Reward Points per ₹100 spent"", ""name"": ""Base Rewards""}, {""child"": ""Earn 10 Reward Points per ₹100 spent"", ""name"": ""Indigo (Partners)""}, {""child"": ""Earn 6 Reward Points per ₹100 spent"", ""name"": ""IndiGo""}, {""child"": ""Earn 3 Reward Points per ₹100 spent"", ""name"": ""Grocery""}, {""child"": ""Earn 3 Reward Points per ₹100 spent"", ""name"": ""Dining""}, {""child"": ""Earn 3 Reward Points per ₹100 spent"", ""name"": ""Movies""}, {""child"": ""Earn 2 Reward Points per ₹100 spent"", ""name"": ""Fuel""}, {""child"": "" No Reward Points on this category."", ""name"": ""Education""}, {""child"": "" No Reward Points on this category."", ""name"": ""Rent""}, {""child"": "" No Reward Points on this category."", ""name"": ""Utilities""}, {""child"": "" No Reward Points on this category."", ""name"": ""Wallets""}, {""child"": "" No Reward Points on this category."", ""name"": ""Jewellery""}, {""child"": "" No Reward Points on this category."", ""name"": ""Online Gaming""}]","[{""title"": "" Discover Reward Points Redemption Options"", ""subtitle"": ""To explore the full range of redemption options for this card, download the SaveSage Club app now."", ""barCodeImageUrl"": ""/"", ""appUrl"": ""https://savesage.co/ZH8bLjZqSPb""}]",,[],[],,,,[],[],,,,savesage.club,https://savesage.club/credit-card/kotak-6e-rewards-xl-indigo
Kotak White Reserve credit card,Kotak Mahindra Bank,Kotak,,"[""Catalogue Products""]",12500,,,1% to 3%,"[{""child"": "" No Reward Points on this category."", ""name"": ""Base Rewards""}, {""child"": "" No Reward Points on this category."", ""name"": ""Fuel""}, {""child"": "" No Reward Points on this category."", ""name"": ""Education""}]","[{""title"": "" Discover Reward Points Redemption Options"", ""subtitle"": ""To explore the full range of redemption options for this card, download the SaveSage Club app now."", ""barCodeImageUrl"": ""/"", ""appUrl"": ""https://savesage.co/ZH8bLjZqSPb""}]",,"[{""milestoneNumber"": 1, ""spent"": 300000, ""cycleType"": ""STATEMENT"", ""benefits"": ""₹5,000 worth white pass."", ""milestoneType"": ""YEAR""}, {""milestoneNumber"": 2, ""spent"": 1000000, ""cycleType"": ""STATEMENT"", ""benefits"": ""₹15,000 worth white pass."", ""milestoneType"": ""YEAR""}, {""milestoneNumber"": 3, ""spent"": 2000000, ""cycleType"": ""STATEMENT"", ""benefits"": ""₹22,000 worth white pass."", ""milestoneType"": ""YEAR""}, {""milestoneNumber"": 4, ""spent"": 3000000, ""cycleType"": ""STATEMENT"", ""benefits"": ""₹24,000 worth white pass."", ""milestoneType"": ""YEAR""}, {""milestoneNumber"": 5, ""spent"": 4000000, ""cycleType"": ""STATEMENT"", ""benefits"": ""₹26,000 worth white pass."", ""milestoneType"": ""YEAR""}, {""milestoneNumber"": 6, ""spent"": 5000000, ""cycleType"": ""STATEMENT"", ""benefits"": ""₹28,000 worth white pass."", ""milestoneType"": ""YEAR""}, {""milestoneNumber"": 7, ""spent"": 7500000, ""cycleType"": ""STATEMENT"", ""benefits"": ""₹63,000 worth white pass."", ""milestoneType"": ""YEAR""}, {""milestoneNumber"": 8, ""spent"": 10000000, ""cycleType"": ""STATEMENT"", ""benefits"": ""₹67,000 worth white pass."", ""milestoneType"": ""YEAR""}]","[{""maintitle"": ""Domestic lounge"", ""limit"": [""Unlimited""], ""eligibility"": [""No explicit spend condition""]}, {""maintitle"": ""International lounge"", ""limit"": [""Unlimited""], ""eligibility"": [""Unlimited through Priority Pass membership""]}, {""maintitle"": ""Add on card domestic lounge"", ""limit"": [""Unlimited""], ""eligibility"": [""No explicit spend condition""]}, {""maintitle"": ""Add on card international lounge"", ""limit"": [""Unlimited""], ""eligibility"": [""As per primary card.""]}]",,,,"[{""mainTitle"": ""Club Marriott"", ""child"": ""Club Marriott membership""}, {""mainTitle"": ""Concierge"", ""child"": ""24x7 Concierge Services""}, {""mainTitle"": ""Golf"", ""child"": ""Complimentary Golf Rounds""}]","[""Club Marriott membership"", ""24x7 Concierge Services"", ""Complimentary Golf Rounds""]",,,,savesage.club,https://savesage.club/credit-card/kotak-white-reserve
Kotak Royale Signature credit card,Kotak Mahindra Bank,Kotak,,"[""Cashback""]",1499,,,1.5% to 5%,"[{""child"": ""Earn 2 Reward Points per ₹150 spent"", ""name"": ""Base Rewards""}, {""child"": ""Earn 4 Reward Points per ₹150 spent"", ""name"": ""Travel""}, {""child"": ""Earn 4 Reward Points per ₹150 spent"", ""name"": ""International""}, {""child"": ""Earn 4 Reward Points per ₹150 spent"", ""name"": ""Dining""}, {""child"": ""Earn 2 Reward Points per ₹150 spent"", ""name"": ""Education""}, {""child"": ""Earn 2 Reward Points per ₹150 spent"", ""name"": ""Government""}, {""child"": ""Earn 2 Reward Points per ₹150 spent"", ""name"": ""Insurance""}, {""child"": ""Earn 2 Reward Points per ₹150 spent"", ""name"": ""Utilities""}, {""child"": "" No Reward Points on this category."", ""name"": ""Online Gaming""}, {""child"": "" No Reward Points on this category."", ""name"": ""Fuel""}, {""child"": "" No Reward Points on this category."", ""name"": ""Jewellery""}, {""child"": "" No Reward Points on this category."", ""name"": ""Rent""}, {""child"": "" No Reward Points on this category."", ""name"": ""Wallets""}]","[{""title"": "" Discover Reward Points Redemption Options"", ""subtitle"": ""To explore the full range of redemption options for this card, download the SaveSage Club app now."", ""barCodeImageUrl"": ""/"", ""appUrl"": ""https://savesage.co/ZH8bLjZqSPb""}]",,"[{""milestoneNumber"": 1, ""spent"": 400000, ""cycleType"": ""STATEMENT"", ""benefits"": ""10,000 bonus Reward Points."", ""milestoneType"": ""YEAR""}, {""milestoneNumber"": 2, ""spent"": 800000, ""cycleType"": ""STATEMENT"", ""benefits"": ""30,000 bonus Reward Points."", ""milestoneType"": ""YEAR""}]","[{""maintitle"": ""Domestic lounge"", ""limit"": [""2 per quarter""], ""eligibility"": [""Spend ₹75,000 in the previous calendar quarter.""]}]",,,,"[{""mainTitle"": ""Insurance"", ""child"": ""Lost Card Liability""}]","[""Lost Card Liability""]",,,,savesage.club,https://savesage.club/credit-card/kotak-royale-signature
Kotak Indian Oil credit card,Kotak Mahindra Bank,Kotak,,"[""Experience"", ""Travel Booking"", ""Hotel Transfer""]",449,,,2% to 4%,"[{""child"": ""Earn 3 Reward Points per ₹150 spent"", ""name"": ""Base Rewards""}, {""child"": ""Earn 24 Reward Points per ₹150 spent"", ""name"": ""IOCL""}, {""child"": ""Earn 12 Reward Points per ₹150 spent"", ""name"": ""Dining""}, {""child"": ""Earn 12 Reward Points per ₹150 spent"", ""name"": ""Grocery""}, {""child"": "" No Reward Points on this category."", ""name"": ""Online Gaming""}, {""child"": "" No Reward Points on this category."", ""name"": ""Jewellery""}, {""child"": "" No Reward Points on this category."", ""name"": ""Education""}, {""child"": "" No Reward Points on this category."", ""name"": ""Wallets""}, {""child"": "" No Reward Points on this category."", ""name"": ""Fuel (Other than IOCL)""}, {""child"": "" No Reward Points on this category."", ""name"": ""Utilities""}, {""child"": "" No Reward Points on this category."", ""name"": ""Rent""}]","[{""title"": "" Discover Reward Points Redemption Options"", ""subtitle"": ""To explore the full range of redemption options for this card, download the SaveSage Club app now."", ""barCodeImageUrl"": ""/"", ""appUrl"": ""https://savesage.co/ZH8bLjZqSPb""}]",,[],[],,,,"[{""mainTitle"": ""Concierge"", ""child"": ""24x7 Concierge Services""}, {""mainTitle"": ""Insurance"", ""child"": ""Personal Accident""}]","[""24x7 Concierge Services"", ""Personal Accident""]",,,,savesage.club,https://savesage.club/credit-card/kotak-indian-oil
Kotak Privy League credit card,Kotak Mahindra Bank,Kotak,,[],0,,,NA,"[{""child"": ""Earn 2 Reward Points per ₹100 spent"", ""name"": ""Base Rewards""}, {""child"": ""Earn 5 Reward Points per ₹100 spent"", ""name"": ""Duty Free""}, {""child"": ""Earn 5 Reward Points per ₹100 spent"", ""name"": ""Travel""}, {""child"": ""Earn 5 Reward Points per ₹100 spent"", ""name"": ""International""}, {""child"": "" No Reward Points on this category."", ""name"": ""Fuel""}, {""child"": "" No Reward Points on this category."", ""name"": ""Wallets""}, {""child"": "" No Reward Points on this category."", ""name"": ""Education""}, {""child"": "" No Reward Points on this category."", ""name"": ""Online Gaming""}, {""child"": "" No Reward Points on this category."", ""name"": ""Jewellery""}, {""child"": "" No Reward Points on this category."", ""name"": ""Rent""}, {""child"": "" No Reward Points on this category."", ""name"": ""Utilities""}]","[{""title"": "" Discover Reward Points Redemption Options"", ""subtitle"": ""To explore the full range of redemption options for this card, download the SaveSage Club app now."", ""barCodeImageUrl"": ""/"", ""appUrl"": ""https://savesage.co/ZH8bLjZqSPb""}]",,"[{""milestoneNumber"": 1, ""spent"": 300000, ""cycleType"": ""STATEMENT"", ""benefits"": ""7,000 bonus Reward Points."", ""milestoneType"": ""YEAR""}, {""milestoneNumber"": 2, ""spent"": 800000, ""cycleType"": ""STATEMENT"", ""benefits"": ""30,000 bonus Reward Points."", ""milestoneType"": ""YEAR""}]",[],,,,"[{""mainTitle"": ""Insurance"", ""child"": ""Lost Card Liability""}]","[""Lost Card Liability""]",,,,savesage.club,https://savesage.club/credit-card/kotak-privy-league
Kotak UPI (Rupay) credit card,Kotak Mahindra Bank,Kotak,Rupay,"[""Catalogue Products""]",0,,,1% to 3%,"[{""child"": ""Earn 3 Reward Points per ₹100 spent"", ""name"": ""Base Rewards""}, {""child"": "" No Reward Points on this category."", ""name"": ""Fuel""}, {""child"": "" No Reward Points on this category."", ""name"": ""EMI""}, {""child"": "" No Reward Points on this category."", ""name"": ""Jewellery""}, {""child"": "" No Reward Points on this category."", ""name"": ""Trains""}, {""child"": "" No Reward Points on this category."", ""name"": ""Rent""}, {""child"": "" No Reward Points on this category."", ""name"": ""Utilities""}, {""child"": "" No Reward Points on this category."", ""name"": ""Education""}, {""child"": "" No Reward Points on this category."", ""name"": ""Wallets""}]","[{""title"": "" Discover Reward Points Redemption Options"", ""subtitle"": ""To explore the full range of redemption options for this card, download the SaveSage Club app now."", ""barCodeImageUrl"": ""/"", ""appUrl"": ""https://savesage.co/ZH8bLjZqSPb""}]",,[],[],,,,[],[],,,,savesage.club,https://savesage.club/credit-card/kotak-upi-rupay
RBL Shoprite credit card,RBL Bank,RBL,,"[""Brand Wallet"", ""Catalogue Products""]",500,,,1% to 2%,"[{""child"": ""Earn 1 Reward Points per ₹100 spent"", ""name"": ""Base Rewards""}, {""child"": ""Earn 20 Reward Points per ₹100 spent"", ""name"": ""Grocery""}, {""child"": ""Earn 1 Reward Points per ₹100 spent"", ""name"": ""Offline""}, {""child"": "" No Reward Points on this category."", ""name"": ""Insurance""}, {""child"": "" No Reward Points on this category."", ""name"": ""Railways""}, {""child"": "" No Reward Points on this category."", ""name"": ""Government""}, {""child"": "" No Reward Points on this category."", ""name"": ""Utilities""}, {""child"": "" No Reward Points on this category."", ""name"": ""Wallets""}, {""child"": "" No Reward Points on this category."", ""name"": ""Fuel""}, {""child"": "" No Reward Points on this category."", ""name"": ""Education""}, {""child"": "" No Reward Points on this category."", ""name"": ""Jewellery""}, {""child"": "" No Reward Points on this category."", ""name"": ""Rent""}]","[{""title"": "" Discover Reward Points Redemption Options"", ""subtitle"": ""To explore the full range of redemption options for this card, download the SaveSage Club app now."", ""barCodeImageUrl"": ""/"", ""appUrl"": ""https://savesage.co/ZH8bLjZqSPb""}]",,"[{""milestoneNumber"": 1, ""spent"": 1, ""cycleType"": ""STATEMENT"", ""benefits"": ""2000 RPs"", ""milestoneType"": ""DAYS""}, {""milestoneNumber"": 2, ""spent"": 150000, ""cycleType"": ""STATEMENT"", ""benefits"": ""The renewal fee will be waived.Annual fees waiver will not consider spends made on excluded categories"", ""milestoneType"": ""YEAR""}]",[],,,,"[{""mainTitle"": ""Movies"", ""child"": ""Get a 10% Discount on Movie Tickets""}]","[""Get a 10% Discount on Movie Tickets""]",,,,savesage.club,https://savesage.club/credit-card/rbl-shoprite
RBL World Safari credit card,RBL Bank,RBL,,"[""Brand Wallet"", ""Cashback""]",3000,,,3% to 5%,"[{""child"": ""Earn 2 Reward Points per ₹100 spent"", ""name"": ""Base Rewards""}, {""child"": ""Earn 5 Reward Points per ₹100 spent"", ""name"": ""Travel""}, {""child"": "" No Reward Points on this category."", ""name"": ""Rent""}, {""child"": "" No Reward Points on this category."", ""name"": ""International""}, {""child"": "" No Reward Points on this category."", ""name"": ""Utilities""}, {""child"": "" No Reward Points on this category."", ""name"": ""Wallets""}, {""child"": "" No Reward Points on this category."", ""name"": ""Insurance""}, {""child"": "" No Reward Points on this category."", ""name"": ""Railways""}, {""child"": "" No Reward Points on this category."", ""name"": ""UPI""}, {""child"": "" No Reward Points on this category."", ""name"": ""Fuel""}]","[{""title"": "" Discover Reward Points Redemption Options"", ""subtitle"": ""To explore the full range of redemption options for this card, download the SaveSage Club app now."", ""barCodeImageUrl"": ""/"", ""appUrl"": ""https://savesage.co/ZH8bLjZqSPb""}]",,"[{""milestoneNumber"": 1, ""spent"": 0, ""cycleType"": ""STATEMENT"", ""benefits"": ""MakeMyTrip voucher worth INR 3,000."", ""milestoneType"": ""YEAR""}, {""milestoneNumber"": 2, ""spent"": 250000, ""cycleType"": ""STATEMENT"", ""benefits"": ""10,000 bonus reward points."", ""milestoneType"": ""YEAR""}, {""milestoneNumber"": 3, ""spent"": 500000, ""cycleType"": ""STATEMENT"", ""benefits"": ""15,000 additional reward points."", ""milestoneType"": ""YEAR""}, {""milestoneNumber"": 4, ""spent"": 750000, ""cycleType"": ""STATEMENT"", ""benefits"": ""Gift voucher worth ₹10,000 from Amazon/Taj experience/Croma/Myntra/MakeMyTrip."", ""milestoneType"": ""YEAR""}]","[{""maintitle"": ""Domestic lounge"", ""limit"": [""2 per quarter""], ""eligibility"": [""spend ₹75,000 in the previous calendar quarter.""]}, {""maintitle"": ""International lounge"", ""limit"": [""2 per year""], ""eligibility"": [""Spend ₹50,000 or more in the previous quarter.|Complimentary Lounge Access using Priority Pass.""]}]",,,,"[{""mainTitle"": ""Golf"", ""child"": ""Complimentary Golf Rounds""}, {""mainTitle"": ""Insurance"", ""child"": ""Air Accident Cover""}]","[""Complimentary Golf Rounds"", ""Air Accident Cover""]",,,,savesage.club,https://savesage.club/credit-card/rbl-world-safari
RBL Icon credit card,RBL Bank,RBL,,[],0,,,NA,"[{""child"": ""Earn 2 Reward Points per ₹100 spent"", ""name"": ""Base Rewards""}, {""child"": ""Earn 20 Reward Points per ₹100 spent"", ""name"": ""Dining (Weekends)""}, {""child"": ""Earn 20 Reward Points per ₹100 spent"", ""name"": ""International""}, {""child"": "" No Reward Points on this category."", ""name"": ""Fuel""}, {""child"": "" No Reward Points on this category."", ""name"": ""Wallets""}, {""child"": "" No Reward Points on this category."", ""name"": ""Jewellery""}, {""child"": "" No Reward Points on this category."", ""name"": ""Rent""}, {""child"": "" No Reward Points on this category."", ""name"": ""Utilities""}]","[{""title"": "" Discover Reward Points Redemption Options"", ""subtitle"": ""To explore the full range of redemption options for this card, download the SaveSage Club app now."", ""barCodeImageUrl"": ""/"", ""appUrl"": ""https://savesage.co/ZH8bLjZqSPb""}]",,"[{""milestoneNumber"": 1, ""spent"": 300000, ""cycleType"": ""STATEMENT"", ""benefits"": ""10,000 RPs."", ""milestoneType"": ""YEAR""}, {""milestoneNumber"": 2, ""spent"": 500000, ""cycleType"": ""STATEMENT"", ""benefits"": ""15,000 additional RPs."", ""milestoneType"": ""YEAR""}, {""milestoneNumber"": 3, ""spent"": 800000, ""cycleType"": ""STATEMENT"", ""benefits"": ""20,000 additional RPs."", ""milestoneType"": ""YEAR""}]","[{""maintitle"": ""Domestic lounge"", ""limit"": [""2 per quarter""], ""eligibility"": [""spend ₹35,000 in the previous calendar quarter""]}]",,,,"[{""mainTitle"": ""BookMyShow"", ""child"": ""Buy One Get One Free""}, {""mainTitle"": ""Dining"", ""child"": ""Fine Dining Privileges""}, {""mainTitle"": ""Events"", ""child"": ""Access to Global Events""}, {""mainTitle"": ""Golf"", ""child"": ""Complimentary Golf Rounds""}]","[""Buy One Get One Free"", ""Fine Dining Privileges"", ""Access to Global Events"", ""Complimentary Golf Rounds""]",,,,savesage.club,https://savesage.club/credit-card/rbl-icon
RBL Platinum Maxima Plus credit card,RBL Bank,RBL,,[],0,,,NA,"[{""child"": ""Earn 2 Reward Points per ₹100 spent"", ""name"": ""Base Rewards""}, {""child"": ""Earn 10 Reward Points per ₹100 spent"", ""name"": ""Dining""}, {""child"": ""Earn 10 Reward Points per ₹100 spent"", ""name"": ""Grocery""}, {""child"": ""Earn 10 Reward Points per ₹100 spent"", ""name"": ""International""}, {""child"": ""Earn 10 Reward Points per ₹100 spent"", ""name"": ""Entertainment""}, {""child"": "" No Reward Points on this category."", ""name"": ""Fuel""}, {""child"": "" No Reward Points on this category."", ""name"": ""Jewellery""}, {""child"": "" No Reward Points on this category."", ""name"": ""Rent""}, {""child"": "" No Reward Points on this category."", ""name"": ""Utilities""}, {""child"": "" No Reward Points on this category."", ""name"": ""Wallets""}]","[{""title"": "" Discover Reward Points Redemption Options"", ""subtitle"": ""To explore the full range of redemption options for this card, download the SaveSage Club app now."", ""barCodeImageUrl"": ""/"", ""appUrl"": ""https://savesage.co/ZH8bLjZqSPb""}]",,"[{""milestoneNumber"": 1, ""spent"": 200000, ""cycleType"": ""STATEMENT"", ""benefits"": ""10,000 bonus RPs."", ""milestoneType"": ""YEAR""}, {""milestoneNumber"": 2, ""spent"": 350000, ""cycleType"": ""STATEMENT"", ""benefits"": ""10,000 RPs."", ""milestoneType"": ""YEAR""}, {""milestoneNumber"": 3, ""spent"": 500000, ""cycleType"": ""STATEMENT"", ""benefits"": ""10,000 RPs."", ""milestoneType"": ""YEAR""}]","[{""maintitle"": ""Domestic lounge"", ""limit"": [""2 per quarter""], ""eligibility"": [""spend ₹35,000 or more in the previous calendar quarter""]}]",,,,"[{""mainTitle"": ""BookMyShow"", ""child"": ""Buy One Get One Free""}]","[""Buy One Get One Free""]",,,,savesage.club,https://savesage.club/credit-card/rbl-platinum-maxima-plus
RBL Platinum Delight credit card,RBL Bank,RBL,,"[""Cashback""]",0,,,1% to 2%,"[{""child"": ""Earn 2 Reward Points per ₹100 spent"", ""name"": ""Base Rewards""}, {""child"": ""Earn 4 Reward Points per ₹100 spent"", ""name"": ""Weekends""}, {""child"": "" No Reward Points on this category."", ""name"": ""Rent""}, {""child"": "" No Reward Points on this category."", ""name"": ""Utilities""}, {""child"": "" No Reward Points on this category."", ""name"": ""Wallets""}, {""child"": "" No Reward Points on this category."", ""name"": ""Fuel""}, {""child"": "" No Reward Points on this category."", ""name"": ""Insurance""}, {""child"": "" No Reward Points on this category."", ""name"": ""Jewellery""}]","[{""title"": "" Discover Reward Points Redemption Options"", ""subtitle"": ""To explore the full range of redemption options for this card, download the SaveSage Club app now."", ""barCodeImageUrl"": ""/"", ""appUrl"": ""https://savesage.co/ZH8bLjZqSPb""}]",,"[{""milestoneNumber"": 1, ""spent"": 1000, ""cycleType"": ""STATEMENT"", ""benefits"": ""1,000 bonus points."", ""milestoneType"": ""YEAR""}, {""milestoneNumber"": 2, ""spent"": 200000, ""cycleType"": ""STATEMENT"", ""benefits"": ""The renewal fee will be waived."", ""milestoneType"": ""YEAR""}]",[],,,,[],[],,,,savesage.club,https://savesage.club/credit-card/rbl-platinum-delight
RBL Cookies credit card,RBL Bank,RBL,,"[""Cashback""]",0,,,1% to 2%,"[{""child"": ""Earn 1 Reward Points per ₹100 spent"", ""name"": ""Base Rewards""}, {""child"": ""Earn 5 Reward Points per ₹100 spent"", ""name"": ""Online""}, {""child"": "" No Reward Points on this category."", ""name"": ""Jewellery""}, {""child"": "" No Reward Points on this category."", ""name"": ""Rent""}, {""child"": "" No Reward Points on this category."", ""name"": ""Utilities""}, {""child"": "" No Reward Points on this category."", ""name"": ""Wallets""}, {""child"": "" No Reward Points on this category."", ""name"": ""Fuel""}, {""child"": "" No Reward Points on this category."", ""name"": ""Education""}, {""child"": "" No Reward Points on this category."", ""name"": ""Insurance""}, {""child"": "" No Reward Points on this category."", ""name"": ""EMI""}]","[{""title"": "" Discover Reward Points Redemption Options"", ""subtitle"": ""To explore the full range of redemption options for this card, download the SaveSage Club app now."", ""barCodeImageUrl"": ""/"", ""appUrl"": ""https://savesage.co/ZH8bLjZqSPb""}]",,"[{""milestoneNumber"": 1, ""spent"": 5000, ""cycleType"": ""STATEMENT"", ""benefits"": ""The renewal fee will be waived."", ""milestoneType"": ""YEAR""}, {""milestoneNumber"": 2, ""spent"": 200000, ""cycleType"": ""STATEMENT"", ""benefits"": ""Gift voucher worth ₹1,000 from Amazon/Flipkart/Croma/Myntra/Shoppers Stop."", ""milestoneType"": ""YEAR""}, {""milestoneNumber"": 3, ""spent"": 500000, ""cycleType"": ""STATEMENT"", ""benefits"": ""Gift voucher worth ₹1,000 from Amazon/Flipkart/Croma/Myntra/Shoppers Stop."", ""milestoneType"": ""YEAR""}]",[],,,,"[{""mainTitle"": ""BookMyShow"", ""child"": ""10% Discount on Movies""}]","[""10% Discount on Movies""]",,,,savesage.club,https://savesage.club/credit-card/rbl-cookies
RBL Insignia Preferred credit card,RBL Bank,RBL,,"[""Cashback"", ""Brand Wallet""]",0,,,1% to 2.5%,"[{""child"": ""Earn 5 Reward Points per ₹100 spent"", ""name"": ""Base Rewards""}, {""child"": ""Earn 10 Reward Points per ₹100 spent"", ""name"": ""International""}, {""child"": "" No Reward Points on this category."", ""name"": ""Utilities""}, {""child"": "" No Reward Points on this category."", ""name"": ""Wallets""}, {""child"": "" No Reward Points on this category."", ""name"": ""Fuel""}, {""child"": "" No Reward Points on this category."", ""name"": ""Rent""}, {""child"": "" No Reward Points on this category."", ""name"": ""Jewellery""}]","[{""title"": "" Discover Reward Points Redemption Options"", ""subtitle"": ""To explore the full range of redemption options for this card, download the SaveSage Club app now."", ""barCodeImageUrl"": ""/"", ""appUrl"": ""https://savesage.co/ZH8bLjZqSPb""}]",,"[{""milestoneNumber"": 1, ""spent"": 800000, ""cycleType"": ""STATEMENT"", ""benefits"": ""Get gift vouchers worth ₹8,000 from any of these brands: Amazon, Croma, MakeMyTrip, Titan, or Myntra."", ""milestoneType"": ""YEAR""}]","[{""maintitle"": ""Domestic lounge"", ""limit"": [""2 per quarter""], ""eligibility"": [""No explicit spend condition""]}, {""maintitle"": ""International lounge"", ""limit"": [""6 per year""], ""eligibility"": [""6 Complimentary Lounge Access using Priority Pass.""]}]",,,,"[{""mainTitle"": ""Accor Plus"", ""child"": ""AccorPlus membership""}, {""mainTitle"": ""BookMyShow"", ""child"": ""Flat 500 off on Movies""}, {""mainTitle"": ""Dining"", ""child"": ""Fine Dining Privileges""}]","[""AccorPlus membership"", ""Flat 500 off on Movies"", ""Fine Dining Privileges""]",,,,savesage.club,https://savesage.club/credit-card/rbl-insignia-preferred
RBL Play (BookMyShow) credit card,RBL Bank,RBL,,[],0,,,NA,"[{""child"": ""Earn 2 Reward Points per ₹100 spent"", ""name"": ""Base Rewards""}, {""child"": ""Earn 20 Reward Points per ₹100 spent"", ""name"": ""Dining (Weekends)""}, {""child"": "" No Reward Points on this category."", ""name"": ""Utilities""}, {""child"": "" No Reward Points on this category."", ""name"": ""Wallets""}, {""child"": "" No Reward Points on this category."", ""name"": ""Fuel""}, {""child"": "" No Reward Points on this category."", ""name"": ""Government""}, {""child"": "" No Reward Points on this category."", ""name"": ""Insurance""}, {""child"": "" No Reward Points on this category."", ""name"": ""UPI""}, {""child"": "" No Reward Points on this category."", ""name"": ""Education""}, {""child"": "" No Reward Points on this category."", ""name"": ""Trains""}, {""child"": "" No Reward Points on this category."", ""name"": ""Rent""}]","[{""title"": "" Discover Reward Points Redemption Options"", ""subtitle"": ""To explore the full range of redemption options for this card, download the SaveSage Club app now."", ""barCodeImageUrl"": ""/"", ""appUrl"": ""https://savesage.co/ZH8bLjZqSPb""}]",,"[{""milestoneNumber"": 1, ""spent"": 150000, ""cycleType"": ""STATEMENT"", ""benefits"": ""The renewal fee will be waived."", ""milestoneType"": ""YEAR""}, {""milestoneNumber"": 2, ""spent"": 350000, ""cycleType"": ""STATEMENT"", ""benefits"": ""Earn 10,000 RPs."", ""milestoneType"": ""YEAR""}, {""milestoneNumber"": 3, ""spent"": 500000, ""cycleType"": ""STATEMENT"", ""benefits"": ""Earn additional 15,000 RPs."", ""milestoneType"": ""YEAR""}]",[],,,,[],[],,,,savesage.club,https://savesage.club/credit-card/rbl-play-bookmyshow
Amex Gold Charge credit card,American Express,Amex,,"[""Airline Transfer"", ""Hotel Transfer""]",1000,,,1% to 3%,"[{""child"": ""Earn 1 Reward Points per ₹50 spent"", ""name"": ""Base Rewards""}, {""child"": ""Earn 5 Reward Points per ₹50 spent"", ""name"": ""Wellbeing Nutrition""}, {""child"": ""Earn 5 Reward Points per ₹50 spent"", ""name"": ""Amex Shopwise""}, {""child"": ""Earn 5 Reward Points per ₹50 spent"", ""name"": ""Nykaa""}, {""child"": ""Earn 5 Reward Points per ₹50 spent"", ""name"": ""Nykaa Fashion""}, {""child"": ""Earn 5 Reward Points per ₹50 spent"", ""name"": ""Puma""}, {""child"": ""Earn 5 Reward Points per ₹50 spent"", ""name"": ""Tanishq""}, {""child"": ""Earn 5 Reward Points per ₹50 spent"", ""name"": ""Uniqlo""}, {""child"": ""Earn 5 Reward Points per ₹50 spent"", ""name"": ""Forest Essentials""}, {""child"": ""Earn 5 Reward Points per ₹50 spent"", ""name"": ""Acer""}, {""child"": ""Earn 5 Reward Points per ₹50 spent"", ""name"": ""Ajio""}, {""child"": ""Earn 5 Reward Points per ₹50 spent"", ""name"": ""Apple""}, {""child"": ""Earn 5 Reward Points per ₹50 spent"", ""name"": ""Aurelia""}, {""child"": ""Earn 5 Reward Points per ₹50 spent"", ""name"": ""Croma""}, {""child"": ""Earn 5 Reward Points per ₹50 spent"", ""name"": ""Dyson""}, {""child"": ""Earn 5 Reward Points per ₹50 spent"", ""name"": ""Farfetch""}, {""child"": ""Earn 5 Reward Points per ₹50 spent"", ""name"": ""Flipkart""}, {""child"": ""Earn 5 Reward Points per ₹50 spent"", ""name"": ""IGP""}, {""child"": ""Earn 5 Reward Points per ₹50 spent"", ""name"": ""Koskii""}, {""child"": ""Earn 5 Reward Points per ₹50 spent"", ""name"": ""Lenovo""}, {""child"": ""Earn 5 Reward Points per ₹50 spent"", ""name"": ""MakeMyTrip""}, {""child"": ""Earn 5 Reward Points per ₹50 spent"", ""name"": ""Mokobara""}, {""child"": ""Earn 5 Reward Points per ₹50 spent"", ""name"": ""Myntra""}, {""child"": ""Earn 1 Reward Points per ₹50 spent"", ""name"": ""Utilities""}, {""child"": "" No Reward Points on this category."", ""name"": ""Fuel""}, {""child"": "" No Reward Points on this category."", ""name"": ""HPCL""}, {""child"": "" No Reward Points on this category."", ""name"": ""UPI""}, {""child"": "" No Reward Points on this category."", ""name"": ""Insurance""}]","[{""title"": "" Discover Reward Points Redemption Options"", ""subtitle"": ""To explore the full range of redemption options for this card, download the SaveSage Club app now."", ""barCodeImageUrl"": ""/"", ""appUrl"": ""https://savesage.co/ZH8bLjZqSPb""}]",,"[{""milestoneNumber"": 1, ""spent"": 0, ""cycleType"": ""STATEMENT"", ""benefits"": ""4,000 Membership Rewards Points."", ""milestoneType"": ""YEAR""}, {""milestoneNumber"": 2, ""spent"": 6000, ""cycleType"": ""STATEMENT"", ""benefits"": ""1,000 Membership RPs."", ""milestoneType"": ""MONTH""}]",[],,,,"[{""mainTitle"": ""Dining"", ""child"": ""20% Discount on Dining Bills at Select Partner Restaurants""}, {""mainTitle"": ""Insurance"", ""child"": ""Lost Card Liability""}]","[""20% Discount on Dining Bills at Select Partner Restaurants"", ""Lost Card Liability""]",,,,savesage.club,https://savesage.club/credit-card/amex-gold-charge
Amex Membership Rewards credit card,American Express,Amex,,"[""Airline Transfer"", ""Hotel Transfer""]",1000,,,1.5% to 3%,"[{""child"": ""Earn 1 Reward Points per ₹50 spent"", ""name"": ""Base Rewards""}, {""child"": ""Earn 2 Reward Points per ₹50 spent"", ""name"": ""Wellbeing Nutrition""}, {""child"": ""Earn 2 Reward Points per ₹50 spent"", ""name"": ""Nykaa""}, {""child"": ""Earn 2 Reward Points per ₹50 spent"", ""name"": ""Nykaa Fashion""}, {""child"": ""Earn 2 Reward Points per ₹50 spent"", ""name"": ""Puma""}, {""child"": ""Earn 2 Reward Points per ₹50 spent"", ""name"": ""Tanishq""}, {""child"": ""Earn 2 Reward Points per ₹50 spent"", ""name"": ""Uniqlo""}, {""child"": ""Earn 2 Reward Points per ₹50 spent"", ""name"": ""Forest Essentials""}, {""child"": ""Earn 2 Reward Points per ₹50 spent"", ""name"": ""Acer""}, {""child"": ""Earn 2 Reward Points per ₹50 spent"", ""name"": ""Ajio""}, {""child"": ""Earn 2 Reward Points per ₹50 spent"", ""name"": ""Amex Shopwise""}, {""child"": ""Earn 2 Reward Points per ₹50 spent"", ""name"": ""Apple""}, {""child"": ""Earn 2 Reward Points per ₹50 spent"", ""name"": ""Aurelia""}, {""child"": ""Earn 2 Reward Points per ₹50 spent"", ""name"": ""Croma""}, {""child"": ""Earn 2 Reward Points per ₹50 spent"", ""name"": ""Dyson""}, {""child"": ""Earn 2 Reward Points per ₹50 spent"", ""name"": ""Farfetch""}, {""child"": ""Earn 2 Reward Points per ₹50 spent"", ""name"": ""Flipkart""}, {""child"": ""Earn 2 Reward Points per ₹50 spent"", ""name"": ""IGP""}, {""child"": ""Earn 2 Reward Points per ₹50 spent"", ""name"": ""Koskii""}, {""child"": ""Earn 2 Reward Points per ₹50 spent"", ""name"": ""Lenovo""}, {""child"": ""Earn 2 Reward Points per ₹50 spent"", ""name"": ""MakeMyTrip""}, {""child"": ""Earn 2 Reward Points per ₹50 spent"", ""name"": ""Mokobara""}, {""child"": ""Earn 2 Reward Points per ₹50 spent"", ""name"": ""Myntra""}, {""child"": "" No Reward Points on this category."", ""name"": ""Fuel""}, {""child"": "" No Reward Points on this category."", ""name"": ""HPCL""}, {""child"": "" No Reward Points on this category."", ""name"": ""Insurance""}, {""child"": "" No Reward Points on this category."", ""name"": ""Utilities""}, {""child"": "" No Reward Points on this category."", ""name"": ""UPI""}]","[{""title"": "" Discover Reward Points Redemption Options"", ""subtitle"": ""To explore the full range of redemption options for this card, download the SaveSage Club app now."", ""barCodeImageUrl"": ""/"", ""appUrl"": ""https://savesage.co/ZH8bLjZqSPb""}]",,"[{""milestoneNumber"": 1, ""spent"": 0, ""cycleType"": ""STATEMENT"", ""benefits"": ""Earn 5,000 Membership Rewards Points on first-year renewal after paying the annual fee; points are credited within 90 days of renewal."", ""milestoneType"": ""YEAR""}, {""milestoneNumber"": 2, ""spent"": 6000, ""cycleType"": ""CALENDAR"", ""benefits"": ""1,000 Membership Reward Points."", ""milestoneType"": ""MONTH""}, {""milestoneNumber"": 3, ""spent"": 20000, ""cycleType"": ""CALENDAR"", ""benefits"": ""1,000 Membership RPs."", ""milestoneType"": ""MONTH""}, {""milestoneNumber"": 4, ""spent"": 90000, ""cycleType"": ""STATEMENT"", ""benefits"": ""50% Renewal Fee Waiver."", ""milestoneType"": ""YEAR""}, {""milestoneNumber"": 5, ""spent"": 150000, ""cycleType"": ""STATEMENT"", ""benefits"": ""The renewal fee will be waived."", ""milestoneType"": ""YEAR""}]",[],,,,"[{""mainTitle"": ""Apple"", ""child"": ""Upto Rs 10,000 Instant Cashback on Apple Products""}, {""mainTitle"": ""Dining"", ""child"": ""20% Discount on Dining Bills at Select Partner Restaurants""}]","[""Upto Rs 10,000 Instant Cashback on Apple Products"", ""20% Discount on Dining Bills at Select Partner Restaurants""]",,,,savesage.club,https://savesage.club/credit-card/amex-membership-rewards
Amex Platinum Charge credit card,American Express,Amex,,"[""Airline Transfer"", ""Hotel Transfer""]",66000,,,2.5% to 25%,"[{""child"": ""Earn 1 Reward Points per ₹40 spent"", ""name"": ""Base Rewards""}, {""child"": ""Earn 20 Reward Points per ₹40 spent"", ""name"": ""RAS""}, {""child"": ""Earn 20 Reward Points per ₹40 spent"", ""name"": ""Darveys""}, {""child"": ""Earn 20 Reward Points per ₹40 spent"", ""name"": ""Newby London""}, {""child"": ""Earn 10 Reward Points per ₹40 spent"", ""name"": ""Bvlgari""}, {""child"": ""Earn 10 Reward Points per ₹40 spent"", ""name"": ""Kama Ayurveda""}, {""child"": ""Earn 10 Reward Points per ₹40 spent"", ""name"": ""Kamal Watch""}, {""child"": ""Earn 10 Reward Points per ₹40 spent"", ""name"": ""Zoya""}, {""child"": ""Earn 10 Reward Points per ₹40 spent"", ""name"": ""Tata Cliq Fashion""}, {""child"": ""Earn 10 Reward Points per ₹40 spent"", ""name"": ""Tata Cliq Luxury""}, {""child"": ""Earn 10 Reward Points per ₹40 spent"", ""name"": ""Chawla Art Gallery""}, {""child"": ""Earn 10 Reward Points per ₹40 spent"", ""name"": ""The Form Art""}, {""child"": ""Earn 10 Reward Points per ₹40 spent"", ""name"": ""Galeries Lafayette""}, {""child"": ""Earn 10 Reward Points per ₹40 spent"", ""name"": ""Meatigo""}, {""child"": ""Earn 10 Reward Points per ₹40 spent"", ""name"": ""Air India""}, {""child"": ""Earn 10 Reward Points per ₹40 spent"", ""name"": ""Mercedes-Benz""}, {""child"": ""Earn 10 Reward Points per ₹40 spent"", ""name"": ""Moi Jewels""}, {""child"": ""Earn 10 Reward Points per ₹40 spent"", ""name"": ""Bili Hu""}, {""child"": ""Earn 5 Reward Points per ₹40 spent"", ""name"": ""Mokobara""}, {""child"": ""Earn 5 Reward Points per ₹40 spent"", ""name"": ""Myntra""}, {""child"": ""Earn 5 Reward Points per ₹40 spent"", ""name"": ""Nykaa""}, {""child"": ""Earn 5 Reward Points per ₹40 spent"", ""name"": ""Nykaa Fashion""}, {""child"": ""Earn 5 Reward Points per ₹40 spent"", ""name"": ""Puma""}, {""child"": ""Earn 5 Reward Points per ₹40 spent"", ""name"": ""Tanishq""}, {""child"": ""Earn 5 Reward Points per ₹40 spent"", ""name"": ""Uniqlo""}, {""child"": ""Earn 5 Reward Points per ₹40 spent"", ""name"": ""Dyson""}, {""child"": ""Earn 5 Reward Points per ₹40 spent"", ""name"": ""Forest Essentials""}, {""child"": ""Earn 5 Reward Points per ₹100 spent"", ""name"": ""Fuel""}, {""child"": ""Earn 5 Reward Points per ₹100 spent"", ""name"": ""HPCL""}, {""child"": ""Earn 5 Reward Points per ₹40 spent"", ""name"": ""Acer""}, {""child"": ""Earn 5 Reward Points per ₹40 spent"", ""name"": ""Ajio""}, {""child"": ""Earn 5 Reward Points per ₹50 spent"", ""name"": ""Amex Shopwise""}, {""child"": ""Earn 5 Reward Points per ₹40 spent"", ""name"": ""Apple""}, {""child"": ""Earn 5 Reward Points per ₹40 spent"", ""name"": ""Aurelia""}, {""child"": ""Earn 5 Reward Points per ₹40 spent"", ""name"": ""Croma""}, {""child"": ""Earn 5 Reward Points per ₹40 spent"", ""name"": ""Farfetch""}, {""child"": ""Earn 5 Reward Points per ₹40 spent"", ""name"": ""Flipkart""}, {""child"": ""Earn 5 Reward Points per ₹40 spent"", ""name"": ""IGP""}, {""child"": ""Earn 5 Reward Points per ₹40 spent"", ""name"": ""Koskii""}, {""child"": ""Earn 5 Reward Points per ₹40 spent"", ""name"": ""Lenovo""}, {""child"": ""Earn 5 Reward Points per ₹40 spent"", ""name"": ""MakeMyTrip""}, {""child"": ""Earn 5 Reward Points per ₹40 spent"", ""name"": ""Wellbeing Nutrition""}, {""child"": ""Earn 3 Reward Points per ₹40 spent"", ""name"": ""International""}, {""child"": "" No Reward Points on this category."", ""name"": ""Utilities""}, {""child"": "" No Reward Points on this category."", ""name"": ""UPI""}, {""child"": "" No Reward Points on this category."", ""name"": ""Insurance""}]","[{""title"": "" Discover Reward Points Redemption Options"", ""subtitle"": ""To explore the full range of redemption options for this card, download the SaveSage Club app now."", ""barCodeImageUrl"": ""/"", ""appUrl"": ""https://savesage.co/ZH8bLjZqSPb""}]",,"[{""milestoneNumber"": 1, ""spent"": 2000000, ""cycleType"": ""STATEMENT"", ""benefits"": ""Vouchers upto ₹35,000 as renewal benefit."", ""milestoneType"": ""YEAR""}]","[{""maintitle"": ""International lounge"", ""limit"": [""Unlimited""], ""eligibility"": [""Unlimited.\nEnjoy access to The Centurion® Lounges and Delta Sky Club®\nGet a membership to the highest tier of Priority PassTM (valued at US $429) and access to over 1,200 airport lounges across the globe.""]}, {""maintitle"": ""Domestic lounge"", ""limit"": [""Unlimited""], ""eligibility"": [""No explicit spend condition""]}, {""maintitle"": ""Add on card lounge"", ""limit"": [""Unlimited""], ""eligibility"": [""No explicit spend condition""]}]",,,,"[{""mainTitle"": ""Concierge"", ""child"": ""24x7 Concierge Services""}, {""mainTitle"": ""Dining"", ""child"": ""Upto 25% Discount in Dining Bills""}, {""mainTitle"": ""Golf"", ""child"": ""Complimentary Golf Rounds""}, {""mainTitle"": ""Hertz"", ""child"": ""Hertz Gold Plus Rewards""}, {""mainTitle"": ""Hilton"", ""child"": ""Hilton HonoRs Gold Status""}, {""mainTitle"": ""Insurance"", ""child"": ""Personal Accident""}, {""mainTitle"": ""Marriott Bonvoy"", ""child"": ""Marriott Bonvoy™ Gold Elite Status""}, {""mainTitle"": ""PVR"", ""child"": ""PVR INOX Buy 1 Get 1 Free Movie Offer""}, {""mainTitle"": ""Radisson"", ""child"": ""Radisson Rewards Premium Status""}, {""mainTitle"": ""Taj Epicure"", ""child"": ""Taj Reimagined Epicure""}]","[""24x7 Concierge Services"", ""Upto 25% Discount in Dining Bills"", ""Complimentary Golf Rounds"", ""Hertz Gold Plus Rewards"", ""Hilton HonoRs Gold Status"", ""Personal Accident"", ""Marriott Bonvoy™ Gold Elite Status"", ""PVR INOX Buy 1 Get 1 Free Movie Offer"", ""Radisson Rewards Premium Status"", ""Taj Reimagined Epicure""]",,,,savesage.club,https://savesage.club/credit-card/amex-platinum-charge
Amex Platinum Reserve credit card,American Express,Amex,,"[""Experience"", ""Travel Booking""]",10000,,,2% to 5%,"[{""child"": ""Earn 1 Reward Points per ₹50 spent"", ""name"": ""Base Rewards""}, {""child"": ""Earn 5 Reward Points per ₹50 spent"", ""name"": ""Meatigo""}, {""child"": ""Earn 5 Reward Points per ₹50 spent"", ""name"": ""Tata Cliq Fashion""}, {""child"": ""Earn 5 Reward Points per ₹50 spent"", ""name"": ""Tata Cliq Luxury""}, {""child"": ""Earn 5 Reward Points per ₹50 spent"", ""name"": ""Air India""}, {""child"": ""Earn 5 Reward Points per ₹50 spent"", ""name"": ""Darveys""}, {""child"": ""Earn 5 Reward Points per ₹50 spent"", ""name"": ""Dyson""}, {""child"": ""Earn 3 Reward Points per ₹50 spent"", ""name"": ""Lenovo""}, {""child"": ""Earn 3 Reward Points per ₹50 spent"", ""name"": ""Tanishq""}, {""child"": ""Earn 3 Reward Points per ₹50 spent"", ""name"": ""Uniqlo""}, {""child"": ""Earn 3 Reward Points per ₹50 spent"", ""name"": ""Nykaa""}, {""child"": ""Earn 3 Reward Points per ₹50 spent"", ""name"": ""Amex Shopwise""}, {""child"": ""Earn 3 Reward Points per ₹50 spent"", ""name"": ""Myntra""}, {""child"": ""Earn 3 Reward Points per ₹50 spent"", ""name"": ""IGP""}, {""child"": ""Earn 3 Reward Points per ₹50 spent"", ""name"": ""Koskii""}, {""child"": ""Earn 3 Reward Points per ₹50 spent"", ""name"": ""Nykaa Fashion""}, {""child"": ""Earn 3 Reward Points per ₹50 spent"", ""name"": ""Forest Essentials""}, {""child"": ""Earn 3 Reward Points per ₹50 spent"", ""name"": ""Wellbeing Nutrition""}, {""child"": ""Earn 3 Reward Points per ₹50 spent"", ""name"": ""Puma""}, {""child"": ""Earn 3 Reward Points per ₹50 spent"", ""name"": ""Acer""}, {""child"": ""Earn 3 Reward Points per ₹50 spent"", ""name"": ""MakeMyTrip""}, {""child"": ""Earn 3 Reward Points per ₹50 spent"", ""name"": ""Ajio""}, {""child"": ""Earn 3 Reward Points per ₹50 spent"", ""name"": ""Apple""}, {""child"": ""Earn 3 Reward Points per ₹50 spent"", ""name"": ""Aurelia""}, {""child"": ""Earn 3 Reward Points per ₹50 spent"", ""name"": ""Croma""}, {""child"": ""Earn 3 Reward Points per ₹50 spent"", ""name"": ""Mokobara""}, {""child"": ""Earn 3 Reward Points per ₹50 spent"", ""name"": ""Farfetch""}, {""child"": ""Earn 3 Reward Points per ₹50 spent"", ""name"": ""Flipkart""}, {""child"": "" No Reward Points on this category."", ""name"": ""Fuel""}, {""child"": "" No Reward Points on this category."", ""name"": ""HPCL""}, {""child"": "" No Reward Points on this category."", ""name"": ""Insurance""}, {""child"": "" No Reward Points on this category."", ""name"": ""UPI""}, {""child"": "" No Reward Points on this category."", ""name"": ""Utilities""}]","[{""title"": "" Discover Reward Points Redemption Options"", ""subtitle"": ""To explore the full range of redemption options for this card, download the SaveSage Club app now."", ""barCodeImageUrl"": ""/"", ""appUrl"": ""https://savesage.co/ZH8bLjZqSPb""}]",,"[{""milestoneNumber"": 1, ""spent"": 0, ""cycleType"": ""STATEMENT"", ""benefits"": ""Get a Welcome Gift of 11,000 Bonus Membership Rewards Points."", ""milestoneType"": ""YEAR""}, {""milestoneNumber"": 2, ""spent"": 50000, ""cycleType"": ""STATEMENT"", ""benefits"": ""Flipkart, BookMyShow, or other brand vouchers worth ₹1,000."", ""milestoneType"": ""MONTH""}, {""milestoneNumber"": 3, ""spent"": 1000000, ""cycleType"": ""STATEMENT"", ""benefits"": ""The renewal fee will be waived."", ""milestoneType"": ""YEAR""}]","[{""maintitle"": ""Domestic lounge"", ""limit"": [""3 per quarter""], ""eligibility"": [""No explicit spend condition""]}, {""maintitle"": ""International lounge"", ""limit"": [""2 per year""], ""eligibility"": [""""]}]",,,,"[{""mainTitle"": ""Accor Plus"", ""child"": ""Accor Plus membership""}, {""mainTitle"": ""Concierge"", ""child"": ""Platinum Concierge""}, {""mainTitle"": ""Dining"", ""child"": ""Upto 20% Discount on Your Dining Bills""}, {""mainTitle"": ""EazyDiner"", ""child"": ""EazyDiner Prime membership""}, {""mainTitle"": ""Golf"", ""child"": ""Complimentary Golf Rounds""}, {""mainTitle"": ""ICICI"", ""child"": ""ICICI Lombard General Insurance""}, {""mainTitle"": ""Insurance"", ""child"": ""Air Accident Insurance""}, {""mainTitle"": ""Priority Pass"", ""child"": ""Priority Pass membership""}, {""mainTitle"": ""Taj Epicure"", ""child"": ""Taj Epicure membership""}]","[""Accor Plus membership"", ""Platinum Concierge"", ""Upto 20% Discount on Your Dining Bills"", ""EazyDiner Prime membership"", ""Complimentary Golf Rounds"", ""ICICI Lombard General Insurance"", ""Air Accident Insurance"", ""Priority Pass membership"", ""Taj Epicure membership""]",,,,savesage.club,https://savesage.club/credit-card/amex-platinum-reserve
Amex Platinum Travel credit card,American Express,Amex,,"[""Airline Transfer"", ""Hotel Transfer""]",5000,,,3% to 6%,"[{""child"": ""Earn 1 Reward Points per ₹50 spent"", ""name"": ""Base Rewards""}, {""child"": ""Earn 3 Reward Points per ₹50 spent"", ""name"": ""Amex Shopwise""}, {""child"": ""Earn 3 Reward Points per ₹50 spent"", ""name"": ""Nykaa""}, {""child"": ""Earn 3 Reward Points per ₹50 spent"", ""name"": ""Nykaa Fashion""}, {""child"": ""Earn 3 Reward Points per ₹50 spent"", ""name"": ""Puma""}, {""child"": ""Earn 3 Reward Points per ₹50 spent"", ""name"": ""Tanishq""}, {""child"": ""Earn 3 Reward Points per ₹50 spent"", ""name"": ""Uniqlo""}, {""child"": ""Earn 3 Reward Points per ₹50 spent"", ""name"": ""Forest Essentials""}, {""child"": ""Earn 3 Reward Points per ₹50 spent"", ""name"": ""Ajio""}, {""child"": ""Earn 3 Reward Points per ₹50 spent"", ""name"": ""Croma""}, {""child"": ""Earn 3 Reward Points per ₹50 spent"", ""name"": ""IGP""}, {""child"": ""Earn 3 Reward Points per ₹50 spent"", ""name"": ""Koskii""}, {""child"": ""Earn 3 Reward Points per ₹50 spent"", ""name"": ""Mokobara""}, {""child"": ""Earn 3 Reward Points per ₹50 spent"", ""name"": ""Myntra""}, {""child"": ""Earn 3 Reward Points per ₹50 spent"", ""name"": ""Acer""}, {""child"": ""Earn 3 Reward Points per ₹50 spent"", ""name"": ""Apple""}, {""child"": ""Earn 3 Reward Points per ₹50 spent"", ""name"": ""Wellbeing Nutrition""}, {""child"": ""Earn 3 Reward Points per ₹50 spent"", ""name"": ""Aurelia""}, {""child"": ""Earn 3 Reward Points per ₹50 spent"", ""name"": ""Dyson""}, {""child"": ""Earn 3 Reward Points per ₹50 spent"", ""name"": ""Farfetch""}, {""child"": ""Earn 3 Reward Points per ₹50 spent"", ""name"": ""Flipkart""}, {""child"": ""Earn 3 Reward Points per ₹50 spent"", ""name"": ""Lenovo""}, {""child"": ""Earn 3 Reward Points per ₹50 spent"", ""name"": ""MakeMyTrip""}, {""child"": "" No Reward Points on this category."", ""name"": ""UPI""}, {""child"": "" No Reward Points on this category."", ""name"": ""HPCL""}, {""child"": "" No Reward Points on this category."", ""name"": ""Utilities""}, {""child"": "" No Reward Points on this category."", ""name"": ""Fuel""}, {""child"": "" No Reward Points on this category."", ""name"": ""Insurance""}]","[{""title"": "" Discover Reward Points Redemption Options"", ""subtitle"": ""To explore the full range of redemption options for this card, download the SaveSage Club app now."", ""barCodeImageUrl"": ""/"", ""appUrl"": ""https://savesage.co/ZH8bLjZqSPb""}]",,"[{""milestoneNumber"": 1, ""spent"": 190000, ""cycleType"": ""STATEMENT"", ""benefits"": ""7,500 Membership Reward Points"", ""milestoneType"": ""YEAR""}, {""milestoneNumber"": 2, ""spent"": 400000, ""cycleType"": ""STATEMENT"", ""benefits"": ""10,000 Membership Reward Points"", ""milestoneType"": ""YEAR""}, {""milestoneNumber"": 3, ""spent"": 700000, ""cycleType"": ""STATEMENT"", ""benefits"": ""22,500 Membership Rewards Points + 10K Taj Experience E-Gift Card"", ""milestoneType"": ""YEAR""}]","[{""maintitle"": ""Domestic lounge"", ""limit"": [""2 per quarter""], ""eligibility"": [""No explicit spend condition""]}]",,,,"[{""mainTitle"": ""Concierge"", ""child"": ""24x7 Concierge Services""}, {""mainTitle"": ""Dining"", ""child"": ""Upto 20% Discount in Dining Bills""}, {""mainTitle"": ""Insurance"", ""child"": ""Lost Card Liability""}, {""mainTitle"": ""Priority Pass"", ""child"": ""Priority Pass membership""}]","[""24x7 Concierge Services"", ""Upto 20% Discount in Dining Bills"", ""Lost Card Liability"", ""Priority Pass membership""]",,,,savesage.club,https://savesage.club/credit-card/amex-platinum-travel
Amex Smartearn credit card,American Express,Amex,,"[""Cashback""]",495,,,1% to 2%,"[{""child"": ""Earn 1 Reward Points per ₹50 spent"", ""name"": ""Base Rewards""}, {""child"": ""Earn 10 Reward Points per ₹50 spent"", ""name"": ""Blinkit""}, {""child"": ""Earn 10 Reward Points per ₹50 spent"", ""name"": ""PVR""}, {""child"": ""Earn 10 Reward Points per ₹50 spent"", ""name"": ""BookMyShow""}, {""child"": ""Earn 10 Reward Points per ₹50 spent"", ""name"": ""Myntra""}, {""child"": ""Earn 10 Reward Points per ₹50 spent"", ""name"": ""Nykaa""}, {""child"": ""Earn 10 Reward Points per ₹50 spent"", ""name"": ""EaseMyTrip""}, {""child"": ""Earn 10 Reward Points per ₹50 spent"", ""name"": ""Ajio""}, {""child"": ""Earn 10 Reward Points per ₹50 spent"", ""name"": ""Uber""}, {""child"": ""Earn 10 Reward Points per ₹50 spent"", ""name"": ""Flipkart""}, {""child"": ""Earn 10 Reward Points per ₹50 spent"", ""name"": ""Zomato""}, {""child"": ""Earn 5 Reward Points per ₹50 spent"", ""name"": ""Amazon""}, {""child"": ""Earn 2 Reward Points per ₹50 spent"", ""name"": ""Nykaa Fashion""}, {""child"": ""Earn 2 Reward Points per ₹50 spent"", ""name"": ""Tanishq""}, {""child"": ""Earn 2 Reward Points per ₹50 spent"", ""name"": ""Forest Essentials""}, {""child"": ""Earn 2 Reward Points per ₹50 spent"", ""name"": ""Uniqlo""}, {""child"": ""Earn 2 Reward Points per ₹50 spent"", ""name"": ""Koskii""}, {""child"": ""Earn 2 Reward Points per ₹50 spent"", ""name"": ""IGP""}, {""child"": ""Earn 2 Reward Points per ₹50 spent"", ""name"": ""Lenovo""}, {""child"": ""Earn 2 Reward Points per ₹50 spent"", ""name"": ""Mokobara""}, {""child"": ""Earn 2 Reward Points per ₹50 spent"", ""name"": ""Acer""}, {""child"": ""Earn 2 Reward Points per ₹50 spent"", ""name"": ""Dyson""}, {""child"": ""Earn 2 Reward Points per ₹50 spent"", ""name"": ""Farfetch""}, {""child"": ""Earn 2 Reward Points per ₹50 spent"", ""name"": ""Tata Cliq Fashion""}, {""child"": ""Earn 2 Reward Points per ₹50 spent"", ""name"": ""Apple""}, {""child"": ""Earn 2 Reward Points per ₹50 spent"", ""name"": ""Croma""}, {""child"": ""Earn 2 Reward Points per ₹50 spent"", ""name"": ""MakeMyTrip""}, {""child"": "" No Reward Points on this category."", ""name"": ""HPCL""}, {""child"": "" No Reward Points on this category."", ""name"": ""Fuel""}, {""child"": "" No Reward Points on this category."", ""name"": ""Utilities""}, {""child"": "" No Reward Points on this category."", ""name"": ""UPI""}]","[{""title"": "" Discover Reward Points Redemption Options"", ""subtitle"": ""To explore the full range of redemption options for this card, download the SaveSage Club app now."", ""barCodeImageUrl"": ""/"", ""appUrl"": ""https://savesage.co/ZH8bLjZqSPb""}]",,"[{""milestoneNumber"": 1, ""spent"": 10000, ""cycleType"": ""STATEMENT"", ""benefits"": ""Rs. 500 cashback"", ""milestoneType"": ""QUARTER""}, {""milestoneNumber"": 2, ""spent"": 40000, ""cycleType"": ""STATEMENT"", ""benefits"": ""The renewal fee will be waived."", ""milestoneType"": ""YEAR""}, {""milestoneNumber"": 3, ""spent"": 120000, ""cycleType"": ""STATEMENT"", ""benefits"": ""Get a voucher of ₹500 from top brands."", ""milestoneType"": ""YEAR""}, {""milestoneNumber"": 4, ""spent"": 180000, ""cycleType"": ""STATEMENT"", ""benefits"": ""Get an additional voucher of ₹500."", ""milestoneType"": ""YEAR""}, {""milestoneNumber"": 5, ""spent"": 240000, ""cycleType"": ""STATEMENT"", ""benefits"": ""An additional voucher of ₹500."", ""milestoneType"": ""YEAR""}]",[],,,,[],[],,,,savesage.club,https://savesage.club/credit-card/amex-smartearn
Amex Payback credit card,American Express,Amex,,"[""Cashback""]",750,,,1% to 2%,"[{""child"": ""Earn 2 Reward Points per ₹100 spent"", ""name"": ""Base Rewards""}, {""child"": ""Earn 1 Reward Points per ₹100 spent"", ""name"": ""HPCL""}, {""child"": "" No Reward Points on this category."", ""name"": ""Rent""}, {""child"": "" No Reward Points on this category."", ""name"": ""Utilities""}, {""child"": "" No Reward Points on this category."", ""name"": ""Wallets""}, {""child"": "" No Reward Points on this category."", ""name"": ""Fuel""}]","[{""title"": "" Discover Reward Points Redemption Options"", ""subtitle"": ""To explore the full range of redemption options for this card, download the SaveSage Club app now."", ""barCodeImageUrl"": ""/"", ""appUrl"": ""https://savesage.co/ZH8bLjZqSPb""}]",,"[{""milestoneNumber"": 1, ""spent"": 125000, ""cycleType"": ""STATEMENT"", ""benefits"": ""Voucher worth 2,000."", ""milestoneType"": ""YEAR""}, {""milestoneNumber"": 2, ""spent"": 250000, ""cycleType"": ""STATEMENT"", ""benefits"": ""Voucher worth 7,000."", ""milestoneType"": ""YEAR""}]",[],,,,[],[],,,,savesage.club,https://savesage.club/credit-card/amex-payback
BOB Premier credit card,Bank of Baroda,BOB,,"[""Experience"", ""Travel Booking""]",1000,,,1% to 2%,"[{""child"": ""Earn 2 Reward Points per ₹100 spent"", ""name"": ""Base Rewards""}, {""child"": ""Earn 10 Reward Points per ₹100 spent"", ""name"": ""International""}, {""child"": ""Earn 10 Reward Points per ₹100 spent"", ""name"": ""Dining""}, {""child"": ""Earn 10 Reward Points per ₹100 spent"", ""name"": ""Travel""}, {""child"": ""Earn 2 Reward Points per ₹100 spent"", ""name"": ""Utilities""}, {""child"": ""Earn 1 Reward Points per ₹100 spent"", ""name"": ""Select Merchants""}, {""child"": "" No Reward Points on this category."", ""name"": ""Jewellery""}, {""child"": "" No Reward Points on this category."", ""name"": ""Fuel""}, {""child"": "" No Reward Points on this category."", ""name"": ""Rent""}, {""child"": "" No Reward Points on this category."", ""name"": ""Wallets""}, {""child"": "" No Reward Points on this category."", ""name"": ""Transportation & Tolls""}]","[{""title"": "" Discover Reward Points Redemption Options"", ""subtitle"": ""To explore the full range of redemption options for this card, download the SaveSage Club app now."", ""barCodeImageUrl"": ""/"", ""appUrl"": ""https://savesage.co/ZH8bLjZqSPb""}]",,"[{""milestoneNumber"": 1, ""spent"": 0, ""cycleType"": ""STATEMENT"", ""benefits"": ""500 bonus reward points on spends of Rs. 5000 or more within 60 days of card issuance."", ""milestoneType"": ""YEAR""}, {""milestoneNumber"": 2, ""spent"": 120000, ""cycleType"": ""STATEMENT"", ""benefits"": ""The renewal fee will be waived."", ""milestoneType"": ""YEAR""}]","[{""maintitle"": ""Domestic lounge"", ""limit"": [""1 per quarter""], ""eligibility"": [""Spend ₹20K in the previous calendar quarter.""]}]",,,,"[{""mainTitle"": ""EazyDiner"", ""child"": ""Upto ₹400 off""}, {""mainTitle"": ""Insurance"", ""child"": ""Personal Accident""}]","[""Upto ₹400 off"", ""Personal Accident""]",,,,savesage.club,https://savesage.club/credit-card/bob-premier
BOB Easy credit card,Bank of Baroda,BOB,,[],500,,,NA,"[{""child"": ""Earn 1 Reward Points per ₹100 spent"", ""name"": ""Base Rewards""}, {""child"": ""Earn 5 Reward Points per ₹100 spent"", ""name"": ""Select Merchants""}, {""child"": ""Earn 1 Reward Points per ₹100 spent"", ""name"": ""Utilities""}, {""child"": "" No Reward Points on this category."", ""name"": ""Jewellery""}, {""child"": "" No Reward Points on this category."", ""name"": ""Rent""}, {""child"": "" No Reward Points on this category."", ""name"": ""Wallets""}, {""child"": "" No Reward Points on this category."", ""name"": ""Fuel""}, {""child"": "" No Reward Points on this category."", ""name"": ""Transportation & Tolls""}]","[{""title"": "" Discover Reward Points Redemption Options"", ""subtitle"": ""To explore the full range of redemption options for this card, download the SaveSage Club app now."", ""barCodeImageUrl"": ""/"", ""appUrl"": ""https://savesage.co/ZH8bLjZqSPb""}]",,[],[],,,,"[{""mainTitle"": ""EazyDiner"", ""child"": ""Upto ₹400 off""}, {""mainTitle"": ""Insurance"", ""child"": ""Personal Accident""}]","[""Upto ₹400 off"", ""Personal Accident""]",,,,savesage.club,https://savesage.club/credit-card/bob-easy
BOB Select credit card,Bank of Baroda,BOB,,"[""Cashback""]",750,,,0.5% to 1%,"[{""child"": ""Earn 1 Reward Points per ₹100 spent"", ""name"": ""Base Rewards""}, {""child"": ""Earn 5 Reward Points per ₹100 spent"", ""name"": ""Dining""}, {""child"": ""Earn 5 Reward Points per ₹100 spent"", ""name"": ""Online""}, {""child"": ""Earn 1 Reward Points per ₹100 spent"", ""name"": ""Utilities""}, {""child"": "" No Reward Points on this category."", ""name"": ""Fuel""}, {""child"": "" No Reward Points on this category."", ""name"": ""Transportation & Tolls""}]","[{""title"": "" Discover Reward Points Redemption Options"", ""subtitle"": ""To explore the full range of redemption options for this card, download the SaveSage Club app now."", ""barCodeImageUrl"": ""/"", ""appUrl"": ""https://savesage.co/ZH8bLjZqSPb""}]",,"[{""milestoneNumber"": 1, ""spent"": 0, ""cycleType"": ""STATEMENT"", ""benefits"": ""500 bonus reward points on spends of Rs. 5000 or more within 60 days of card issuance."", ""milestoneType"": ""YEAR""}, {""milestoneNumber"": 2, ""spent"": 7500, ""cycleType"": ""STATEMENT"", ""benefits"": ""The joining fee will be waived."", ""milestoneType"": ""YEAR""}, {""milestoneNumber"": 3, ""spent"": 70000, ""cycleType"": ""STATEMENT"", ""benefits"": ""The renewal fee will be waived."", ""milestoneType"": ""YEAR""}]",[],,,,"[{""mainTitle"": ""EazyDiner"", ""child"": ""Upto ₹400 off""}, {""mainTitle"": ""Insurance"", ""child"": ""Personal Accident""}]","[""Upto ₹400 off"", ""Personal Accident""]",,,,savesage.club,https://savesage.club/credit-card/bob-select
BOB IRCTC credit card,Bank of Baroda,BOB,,"[""Experience"", ""Travel Booking""]",500,,,2% to 4%,"[{""child"": ""Earn 2 Reward Points per ₹100 spent"", ""name"": ""Base Rewards""}, {""child"": ""Earn 40 Reward Points per ₹100 spent"", ""name"": ""IRCTC""}, {""child"": ""Earn 4 Reward Points per ₹100 spent"", ""name"": ""Grocery""}, {""child"": ""Earn 2 Reward Points per ₹100 spent"", ""name"": ""Utilities""}, {""child"": "" No Reward Points on this category."", ""name"": ""Fuel""}, {""child"": "" No Reward Points on this category."", ""name"": ""Wallets""}, {""child"": "" No Reward Points on this category."", ""name"": ""Jewellery""}, {""child"": "" No Reward Points on this category."", ""name"": ""Transportation & Tolls""}, {""child"": "" No Reward Points on this category."", ""name"": ""Rent""}]","[{""title"": "" Discover Reward Points Redemption Options"", ""subtitle"": ""To explore the full range of redemption options for this card, download the SaveSage Club app now."", ""barCodeImageUrl"": ""/"", ""appUrl"": ""https://savesage.co/ZH8bLjZqSPb""}]",,"[{""milestoneNumber"": 1, ""spent"": 5000, ""cycleType"": ""STATEMENT"", ""benefits"": ""Earn 500 reward points"", ""milestoneType"": ""DAYS""}, {""milestoneNumber"": 2, ""spent"": 75000, ""cycleType"": ""STATEMENT"", ""benefits"": ""500 reward points on reaching quarterly spends of ₹75,000."", ""milestoneType"": ""QUARTER""}]",[],,,,"[{""mainTitle"": ""EazyDiner"", ""child"": ""Upto ₹400 off""}]","[""Upto ₹400 off""]",,,,savesage.club,https://savesage.club/credit-card/bob-irctc
BOB Prime credit card,Bank of Baroda,BOB,,"[""Cashback""]",0,,,1% to 2%,"[{""child"": ""Earn 2 Reward Points per ₹100 spent"", ""name"": ""Base Rewards""}, {""child"": ""Earn 2 Reward Points per ₹100 spent"", ""name"": ""Utilities""}, {""child"": ""Earn 1 Reward Points per ₹100 spent"", ""name"": ""Select Merchants""}, {""child"": "" No Reward Points on this category."", ""name"": ""Transportation & Tolls""}, {""child"": "" No Reward Points on this category."", ""name"": ""Fuel""}, {""child"": "" No Reward Points on this category."", ""name"": ""Wallets""}, {""child"": "" No Reward Points on this category."", ""name"": ""Jewellery""}, {""child"": "" No Reward Points on this category."", ""name"": ""Rent""}]","[{""title"": "" Discover Reward Points Redemption Options"", ""subtitle"": ""To explore the full range of redemption options for this card, download the SaveSage Club app now."", ""barCodeImageUrl"": ""/"", ""appUrl"": ""https://savesage.co/ZH8bLjZqSPb""}]",,[],[],,,,"[{""mainTitle"": ""EazyDiner"", ""child"": ""Upto ₹400 off""}, {""mainTitle"": ""Insurance"", ""child"": ""Personal Accident""}]","[""Upto ₹400 off"", ""Personal Accident""]",,,,savesage.club,https://savesage.club/credit-card/bob-prime
BOB HPCL Energie credit card,Bank of Baroda,BOB,,"[""Cashback""]",499,,,2% to 4%,"[{""child"": ""Earn 2 Reward Points per ₹150 spent"", ""name"": ""Base Rewards""}, {""child"": ""Earn 24 Reward Points per ₹150 spent"", ""name"": ""HPCL""}, {""child"": ""Earn 10 Reward Points per ₹150 spent"", ""name"": ""Grocery""}, {""child"": ""Earn 10 Reward Points per ₹150 spent"", ""name"": ""Utilities""}, {""child"": ""Earn 1.5 Reward Points per ₹150 spent"", ""name"": ""Wallets""}, {""child"": "" No Reward Points on this category."", ""name"": ""Fuel (Other than HPCL)""}, {""child"": "" No Reward Points on this category."", ""name"": ""Jewellery""}, {""child"": "" No Reward Points on this category."", ""name"": ""Transportation & Tolls""}, {""child"": "" No Reward Points on this category."", ""name"": ""Rent""}]","[{""title"": "" Discover Reward Points Redemption Options"", ""subtitle"": ""To explore the full range of redemption options for this card, download the SaveSage Club app now."", ""barCodeImageUrl"": ""/"", ""appUrl"": ""https://savesage.co/ZH8bLjZqSPb""}]",,"[{""milestoneNumber"": 1, ""spent"": 5000, ""cycleType"": ""STATEMENT"", ""benefits"": ""500 joining bonus reward points"", ""milestoneType"": ""DAYS""}, {""milestoneNumber"": 2, ""spent"": 50000, ""cycleType"": ""STATEMENT"", ""benefits"": ""The renewal fee will be waived."", ""milestoneType"": ""YEAR""}]","[{""maintitle"": ""Domestic lounge"", ""limit"": [""1 per quarter""], ""eligibility"": [""Spend ₹20K in the previous calendar quarter.""]}]",,,,"[{""mainTitle"": ""District"", ""child"": ""25% Discount on Movie Tickets""}, {""mainTitle"": ""EazyDiner"", ""child"": ""Upto ₹400 off""}]","[""25% Discount on Movie Tickets"", ""Upto ₹400 off""]",,,,savesage.club,https://savesage.club/credit-card/bob-hpcl-energie
BOB Eterna credit card,Bank of Baroda,BOB,,"[""Experience""]",2499,,,1% to 3%,"[{""child"": ""Earn 3 Reward Points per ₹100 spent"", ""name"": ""Base Rewards""}, {""child"": ""Earn 15 Reward Points per ₹100 spent"", ""name"": ""International""}, {""child"": ""Earn 15 Reward Points per ₹100 spent"", ""name"": ""Online Travel Agencies""}, {""child"": ""Earn 15 Reward Points per ₹100 spent"", ""name"": ""Online Shopping""}, {""child"": ""Earn 15 Reward Points per ₹100 spent"", ""name"": ""Dining""}, {""child"": ""Earn 15 Reward Points per ₹100 spent"", ""name"": ""Movies""}, {""child"": ""Earn 3 Reward Points per ₹100 spent"", ""name"": ""Utilities""}, {""child"": "" No Reward Points on this category."", ""name"": ""Jewellery""}, {""child"": "" No Reward Points on this category."", ""name"": ""Transportation & Tolls""}, {""child"": "" No Reward Points on this category."", ""name"": ""Rent""}, {""child"": "" No Reward Points on this category."", ""name"": ""Wallets""}, {""child"": "" No Reward Points on this category."", ""name"": ""Fuel""}]","[{""title"": "" Discover Reward Points Redemption Options"", ""subtitle"": ""To explore the full range of redemption options for this card, download the SaveSage Club app now."", ""barCodeImageUrl"": ""/"", ""appUrl"": ""https://savesage.co/ZH8bLjZqSPb""}]",,"[{""milestoneNumber"": 1, ""spent"": 0, ""cycleType"": ""STATEMENT"", ""benefits"": ""Complimentary FITPASS PRO membership"", ""milestoneType"": ""YEAR""}, {""milestoneNumber"": 2, ""spent"": 25000, ""cycleType"": ""STATEMENT"", ""benefits"": ""The joining fee will be waived."", ""milestoneType"": ""DAYS""}, {""milestoneNumber"": 3, ""spent"": 50000, ""cycleType"": ""STATEMENT"", ""benefits"": ""Earn 10,000 bonus reward points"", ""milestoneType"": ""DAYS""}, {""milestoneNumber"": 4, ""spent"": 250000, ""cycleType"": ""STATEMENT"", ""benefits"": ""The renewal fee will be waived."", ""milestoneType"": ""YEAR""}, {""milestoneNumber"": 5, ""spent"": 500000, ""cycleType"": ""STATEMENT"", ""benefits"": ""Get 20,000 bonus RPs."", ""milestoneType"": ""YEAR""}]","[{""maintitle"": ""Domestic lounge"", ""limit"": [""Unlimited""], ""eligibility"": [""Spend Rs. 40,000 in preceding calendar quarter.""]}]",,,,"[{""mainTitle"": ""Dining"", ""child"": ""250+ Culinary Deals""}, {""mainTitle"": ""District"", ""child"": ""Buy One Get One Free""}, {""mainTitle"": ""EazyDiner"", ""child"": ""Upto ₹400 off""}, {""mainTitle"": ""Insurance"", ""child"": ""Personal Accidental death cover""}]","[""250+ Culinary Deals"", ""Buy One Get One Free"", ""Upto ₹400 off"", ""Personal Accidental death cover""]",,,,savesage.club,https://savesage.club/credit-card/bob-eterna
BOB Snapdeal credit card,Bank of Baroda,BOB,,"[""Experience"", ""Travel Booking""]",249,,,2% to 3%,"[{""child"": ""Earn 4 Reward Points per ₹100 spent"", ""name"": ""Base Rewards""}, {""child"": ""Earn 20 Reward Points per ₹100 spent"", ""name"": ""Snapdeal""}, {""child"": ""Earn 10 Reward Points per ₹100 spent"", ""name"": ""Online""}, {""child"": ""Earn 10 Reward Points per ₹100 spent"", ""name"": ""Departmental Stores""}, {""child"": ""Earn 10 Reward Points per ₹100 spent"", ""name"": ""Grocery""}, {""child"": ""Earn 4 Reward Points per ₹100 spent"", ""name"": ""Utilities""}, {""child"": "" No Reward Points on this category."", ""name"": ""Rent""}, {""child"": "" No Reward Points on this category."", ""name"": ""Fuel""}, {""child"": "" No Reward Points on this category."", ""name"": ""Transportation & Tolls""}, {""child"": "" No Reward Points on this category."", ""name"": ""Jewellery""}, {""child"": "" No Reward Points on this category."", ""name"": ""Wallets""}]","[{""title"": "" Discover Reward Points Redemption Options"", ""subtitle"": ""To explore the full range of redemption options for this card, download the SaveSage Club app now."", ""barCodeImageUrl"": ""/"", ""appUrl"": ""https://savesage.co/ZH8bLjZqSPb""}]",,[],[],,,,"[{""mainTitle"": ""EazyDiner"", ""child"": ""Upto ₹400 off""}]","[""Upto ₹400 off""]",,,,savesage.club,https://savesage.club/credit-card/bob-snapdeal
BOB Varunah credit card,Bank of Baroda,BOB,,[],0,,,NA,"[{""child"": ""Earn 1 Reward Points per ₹100 spent"", ""name"": ""Base Rewards""}, {""child"": ""Earn 5 Reward Points per ₹100 spent"", ""name"": ""Grocery""}, {""child"": ""Earn 5 Reward Points per ₹100 spent"", ""name"": ""Departmental Stores""}, {""child"": ""Earn 1 Reward Points per ₹100 spent"", ""name"": ""Utilities""}, {""child"": "" No Reward Points on this category."", ""name"": ""Wallets""}, {""child"": "" No Reward Points on this category."", ""name"": ""Transportation & Tolls""}, {""child"": "" No Reward Points on this category."", ""name"": ""Jewellery""}, {""child"": "" No Reward Points on this category."", ""name"": ""Fuel""}, {""child"": "" No Reward Points on this category."", ""name"": ""Rent""}]","[{""title"": "" Discover Reward Points Redemption Options"", ""subtitle"": ""To explore the full range of redemption options for this card, download the SaveSage Club app now."", ""barCodeImageUrl"": ""/"", ""appUrl"": ""https://savesage.co/ZH8bLjZqSPb""}]",,[],[],,,,"[{""mainTitle"": ""EazyDiner"", ""child"": ""Upto ₹400 off""}]","[""Upto ₹400 off""]",,,,savesage.club,https://savesage.club/credit-card/bob-varunah
BOB Varunah Plus credit card,Bank of Baroda,BOB,,[],1499,,,NA,"[{""child"": ""Earn 2 Reward Points per ₹100 spent"", ""name"": ""Base Rewards""}, {""child"": ""Earn 10 Reward Points per ₹100 spent"", ""name"": ""Online""}, {""child"": ""Earn 10 Reward Points per ₹100 spent"", ""name"": ""Dining""}, {""child"": ""Earn 2 Reward Points per ₹100 spent"", ""name"": ""Utilities""}, {""child"": "" No Reward Points on this category."", ""name"": ""Rent""}, {""child"": "" No Reward Points on this category."", ""name"": ""Wallets""}, {""child"": "" No Reward Points on this category."", ""name"": ""Fuel""}, {""child"": "" No Reward Points on this category."", ""name"": ""Transportation & Tolls""}, {""child"": "" No Reward Points on this category."", ""name"": ""Jewellery""}]","[{""title"": "" Discover Reward Points Redemption Options"", ""subtitle"": ""To explore the full range of redemption options for this card, download the SaveSage Club app now."", ""barCodeImageUrl"": ""/"", ""appUrl"": ""https://savesage.co/ZH8bLjZqSPb""}]",,"[{""milestoneNumber"": 1, ""spent"": 0, ""cycleType"": ""STATEMENT"", ""benefits"": ""500 bonus reward points on spends of Rs. 5000 or more within 60 days of card issuance.Complimentary 6 months FITPASS Pro Membership orth Rs. 15000."", ""milestoneType"": ""YEAR""}, {""milestoneNumber"": 2, ""spent"": 15000, ""cycleType"": ""STATEMENT"", ""benefits"": ""The joining fee will be waived."", ""milestoneType"": ""QUARTER""}, {""milestoneNumber"": 3, ""spent"": 100000, ""cycleType"": ""STATEMENT"", ""benefits"": ""12 months Amazon Prime membership."", ""milestoneType"": ""YEAR""}, {""milestoneNumber"": 4, ""spent"": 150000, ""cycleType"": ""STATEMENT"", ""benefits"": ""The renewal fee will be waived."", ""milestoneType"": ""YEAR""}]","[{""maintitle"": ""Domestic lounge"", ""limit"": [""3 per quarter""], ""eligibility"": [""Spend ₹20K in the previous calendar quarter.""]}]",,,,"[{""mainTitle"": ""Amazon Prime"", ""child"": ""Amazon Prime""}, {""mainTitle"": ""EazyDiner"", ""child"": ""Upto ₹400 off""}, {""mainTitle"": ""FitPassPro"", ""child"": ""FitPass Pro""}, {""mainTitle"": ""Zomato"", ""child"": ""Zomato Pro""}]","[""Amazon Prime"", ""Upto ₹400 off"", ""FitPass Pro"", ""Zomato Pro""]",,,,savesage.club,https://savesage.club/credit-card/bob-varunah-plus
BOB Varunah Premium credit card,Bank of Baroda,BOB,,[],2499,,,NA,"[{""child"": ""Earn 3 Reward Points per ₹100 spent"", ""name"": ""Base Rewards""}, {""child"": ""Earn 15 Reward Points per ₹100 spent"", ""name"": ""Online""}, {""child"": ""Earn 15 Reward Points per ₹100 spent"", ""name"": ""Dining""}, {""child"": ""Earn 15 Reward Points per ₹100 spent"", ""name"": ""International""}, {""child"": ""Earn 15 Reward Points per ₹100 spent"", ""name"": ""Travel""}, {""child"": ""Earn 3 Reward Points per ₹100 spent"", ""name"": ""Utilities""}, {""child"": "" No Reward Points on this category."", ""name"": ""Fuel""}, {""child"": "" No Reward Points on this category."", ""name"": ""Jewellery""}, {""child"": "" No Reward Points on this category."", ""name"": ""Transportation & Tolls""}, {""child"": "" No Reward Points on this category."", ""name"": ""Wallets""}, {""child"": "" No Reward Points on this category."", ""name"": ""Rent""}]","[{""title"": "" Discover Reward Points Redemption Options"", ""subtitle"": ""To explore the full range of redemption options for this card, download the SaveSage Club app now."", ""barCodeImageUrl"": ""/"", ""appUrl"": ""https://savesage.co/ZH8bLjZqSPb""}]",,"[{""milestoneNumber"": 1, ""spent"": 25000, ""cycleType"": ""STATEMENT"", ""benefits"": ""The joining fee will be waived."", ""milestoneType"": ""QUARTER""}, {""milestoneNumber"": 2, ""spent"": 150000, ""cycleType"": ""STATEMENT"", ""benefits"": ""The renewal fee will be waived."", ""milestoneType"": ""YEAR""}]","[{""maintitle"": ""Domestic lounge"", ""limit"": [""Unlimited""], ""eligibility"": [""Spend ₹40K in the previous calendar quarter.""]}]",,,,"[{""mainTitle"": ""Amazon"", ""child"": ""Amazon Prime""}, {""mainTitle"": ""EazyDiner"", ""child"": ""Upto ₹400 off""}, {""mainTitle"": ""FitPassPro"", ""child"": ""FitPass Pro""}, {""mainTitle"": ""Insurance"", ""child"": ""Air Accident Cover""}, {""mainTitle"": ""Zomato"", ""child"": ""Zomato Pro""}]","[""Amazon Prime"", ""Upto ₹400 off"", ""FitPass Pro"", ""Air Accident Cover"", ""Zomato Pro""]",,,,savesage.club,https://savesage.club/credit-card/bob-varunah-premium
BOB Swavlamban credit card,Bank of Baroda,BOB,,"[""Experience"", ""Travel Booking""]",250,,,3% to 5%,"[{""child"": ""Earn 4 Reward Points per ₹100 spent"", ""name"": ""Base Rewards""}, {""child"": ""Earn 4 Reward Points per ₹100 spent"", ""name"": ""Utilities""}, {""child"": "" No Reward Points on this category."", ""name"": ""Fuel""}, {""child"": "" No Reward Points on this category."", ""name"": ""Wallets""}, {""child"": "" No Reward Points on this category."", ""name"": ""Transportation & Tolls""}, {""child"": "" No Reward Points on this category."", ""name"": ""Rent""}, {""child"": "" No Reward Points on this category."", ""name"": ""Jewellery""}]","[{""title"": "" Discover Reward Points Redemption Options"", ""subtitle"": ""To explore the full range of redemption options for this card, download the SaveSage Club app now."", ""barCodeImageUrl"": ""/"", ""appUrl"": ""https://savesage.co/ZH8bLjZqSPb""}]",,[],[],,,,"[{""mainTitle"": ""EazyDiner"", ""child"": ""Upto ₹400 off""}, {""mainTitle"": ""Insurance"", ""child"": ""Personal Accident""}]","[""Upto ₹400 off"", ""Personal Accident""]",,,,savesage.club,https://savesage.club/credit-card/bob-swavlamban
BOB Indian Army Yodha credit card,Bank of Baroda,BOB,,[],0,,,NA,"[{""child"": ""Earn 2 Reward Points per ₹100 spent"", ""name"": ""Base Rewards""}, {""child"": ""Earn 10 Reward Points per ₹100 spent"", ""name"": ""Movies""}, {""child"": ""Earn 10 Reward Points per ₹100 spent"", ""name"": ""Grocery""}, {""child"": ""Earn 2 Reward Points per ₹100 spent"", ""name"": ""Utilities""}, {""child"": "" No Reward Points on this category."", ""name"": ""Wallets""}, {""child"": "" No Reward Points on this category."", ""name"": ""Jewellery""}, {""child"": "" No Reward Points on this category."", ""name"": ""Fuel""}, {""child"": "" No Reward Points on this category."", ""name"": ""Transportation & Tolls""}, {""child"": "" No Reward Points on this category."", ""name"": ""Rent""}]","[{""title"": "" Discover Reward Points Redemption Options"", ""subtitle"": ""To explore the full range of redemption options for this card, download the SaveSage Club app now."", ""barCodeImageUrl"": ""/"", ""appUrl"": ""https://savesage.co/ZH8bLjZqSPb""}]",,"[{""milestoneNumber"": 1, ""spent"": 100000, ""cycleType"": ""STATEMENT"", ""benefits"": ""Amazon Prime membership."", ""milestoneType"": ""QUARTER""}]",[],,,,"[{""mainTitle"": ""Amazon Prime"", ""child"": ""Amazon Prime""}, {""mainTitle"": ""EazyDiner"", ""child"": ""Upto ₹400 off""}, {""mainTitle"": ""FitPassPro"", ""child"": ""FitPass Pro""}, {""mainTitle"": ""Golf"", ""child"": ""Complimentary Golf Rounds""}, {""mainTitle"": ""Insurance"", ""child"": ""Air Accident Cover""}, {""mainTitle"": ""Zomato"", ""child"": ""Zomato Pro""}]","[""Amazon Prime"", ""Upto ₹400 off"", ""FitPass Pro"", ""Complimentary Golf Rounds"", ""Air Accident Cover"", ""Zomato Pro""]",,,,savesage.club,https://savesage.club/credit-card/bob-indian-army-yodha
BOB Sentinel credit card,Bank of Baroda,BOB,,"[""Experience"", ""Travel Booking""]",0,,,1% to 2%,"[{""child"": ""Earn 2 Reward Points per ₹100 spent"", ""name"": ""Base Rewards""}, {""child"": ""Earn 10 Reward Points per ₹100 spent"", ""name"": ""Movies""}, {""child"": ""Earn 10 Reward Points per ₹100 spent"", ""name"": ""Grocery""}, {""child"": ""Earn 10 Reward Points per ₹100 spent"", ""name"": ""Departmental Stores""}, {""child"": ""Earn 2 Reward Points per ₹100 spent"", ""name"": ""Utilities""}, {""child"": "" No Reward Points on this category."", ""name"": ""Wallets""}, {""child"": "" No Reward Points on this category."", ""name"": ""Fuel""}, {""child"": "" No Reward Points on this category."", ""name"": ""Transportation & Tolls""}, {""child"": "" No Reward Points on this category."", ""name"": ""Jewellery""}, {""child"": "" No Reward Points on this category."", ""name"": ""Rent""}]","[{""title"": "" Discover Reward Points Redemption Options"", ""subtitle"": ""To explore the full range of redemption options for this card, download the SaveSage Club app now."", ""barCodeImageUrl"": ""/"", ""appUrl"": ""https://savesage.co/ZH8bLjZqSPb""}]",,"[{""milestoneNumber"": 1, ""spent"": 0, ""cycleType"": ""STATEMENT"", ""benefits"": ""500 bonus reward points on spends of Rs. 5000 or more within 60 days of card issuance.Complimentary 6 months FITPASS Pro Membership worth Rs. 15000."", ""milestoneType"": ""YEAR""}, {""milestoneNumber"": 2, ""spent"": 100000, ""cycleType"": ""STATEMENT"", ""benefits"": ""Amazon Prime membership."", ""milestoneType"": ""QUARTER""}]","[{""maintitle"": ""Domestic lounge"", ""limit"": [""2 per quarter""], ""eligibility"": [""Spend ₹20K in the previous calendar quarter.""]}]",,,,"[{""mainTitle"": ""EazyDiner"", ""child"": ""Upto ₹400 off""}, {""mainTitle"": ""Insurance"", ""child"": ""Air Accident Cover""}]","[""Upto ₹400 off"", ""Air Accident Cover""]",,,,savesage.club,https://savesage.club/credit-card/bob-sentinel
BOB ICAI Exclusive credit card,Bank of Baroda,BOB,,"[""Cashback""]",0,,,1% to 2%,"[{""child"": ""Earn 1 Reward Points per ₹100 spent"", ""name"": ""Base Rewards""}, {""child"": ""Earn 5 Reward Points per ₹100 spent"", ""name"": ""Dining""}, {""child"": ""Earn 5 Reward Points per ₹100 spent"", ""name"": ""Online""}, {""child"": ""Earn 5 Reward Points per ₹100 spent"", ""name"": ""Utilities""}, {""child"": "" No Reward Points on this category."", ""name"": ""Rent""}, {""child"": "" No Reward Points on this category."", ""name"": ""Wallets""}, {""child"": "" No Reward Points on this category."", ""name"": ""Fuel""}, {""child"": "" No Reward Points on this category."", ""name"": ""Transportation & Tolls""}, {""child"": "" No Reward Points on this category."", ""name"": ""Jewellery""}]","[{""title"": "" Discover Reward Points Redemption Options"", ""subtitle"": ""To explore the full range of redemption options for this card, download the SaveSage Club app now."", ""barCodeImageUrl"": ""/"", ""appUrl"": ""https://savesage.co/ZH8bLjZqSPb""}]",,"[{""milestoneNumber"": 1, ""spent"": 5000, ""cycleType"": ""STATEMENT"", ""benefits"": ""Earn 500 reward points"", ""milestoneType"": ""DAYS""}, {""milestoneNumber"": 2, ""spent"": 100000, ""cycleType"": ""CALENDAR"", ""benefits"": ""Get 4,000 bonus RPs."", ""milestoneType"": ""QUARTER""}]","[{""maintitle"": ""Domestic lounge"", ""limit"": [""3 per quarter""], ""eligibility"": [""Spend ₹40K in the previous calendar quarter.""]}]",,,,"[{""mainTitle"": ""EazyDiner"", ""child"": ""Upto ₹400 off""}, {""mainTitle"": ""FitPassPro"", ""child"": ""FitPass Pro""}, {""mainTitle"": ""Insurance"", ""child"": ""Air Accident Cover""}]","[""Upto ₹400 off"", ""FitPass Pro"", ""Air Accident Cover""]",,,,savesage.club,https://savesage.club/credit-card/bob-icai-exclusive
BOB ICSI Diamond credit card,Bank of Baroda,BOB,,[],0,,,NA,"[{""child"": ""Earn 1 Reward Points per ₹100 spent"", ""name"": ""Base Rewards""}, {""child"": ""Earn 5 Reward Points per ₹100 spent"", ""name"": ""Dining""}, {""child"": ""Earn 5 Reward Points per ₹100 spent"", ""name"": ""Online""}, {""child"": ""Earn 5 Reward Points per ₹100 spent"", ""name"": ""Utilities""}, {""child"": "" No Reward Points on this category."", ""name"": ""Jewellery""}, {""child"": "" No Reward Points on this category."", ""name"": ""Transportation & Tolls""}, {""child"": "" No Reward Points on this category."", ""name"": ""Rent""}, {""child"": "" No Reward Points on this category."", ""name"": ""Wallets""}, {""child"": "" No Reward Points on this category."", ""name"": ""Fuel""}]","[{""title"": "" Discover Reward Points Redemption Options"", ""subtitle"": ""To explore the full range of redemption options for this card, download the SaveSage Club app now."", ""barCodeImageUrl"": ""/"", ""appUrl"": ""https://savesage.co/ZH8bLjZqSPb""}]",,"[{""milestoneNumber"": 1, ""spent"": 1000, ""cycleType"": ""STATEMENT"", ""benefits"": ""Get 999 bonus RPs every month."", ""milestoneType"": ""MONTH""}, {""milestoneNumber"": 2, ""spent"": 5000, ""cycleType"": ""STATEMENT"", ""benefits"": ""Earn 500 reward points"", ""milestoneType"": ""DAYS""}, {""milestoneNumber"": 3, ""spent"": 100000, ""cycleType"": ""CALENDAR"", ""benefits"": ""Get 3,999 bonus RPs."", ""milestoneType"": ""QUARTER""}]","[{""maintitle"": ""Domestic lounge"", ""limit"": [""3 per quarter""], ""eligibility"": [""Spend ₹40K in the previous calendar quarter.""]}]",,,,"[{""mainTitle"": ""EazyDiner"", ""child"": ""Upto ₹400 off""}, {""mainTitle"": ""FitPassPro"", ""child"": ""FitPass Pro""}, {""mainTitle"": ""Insurance"", ""child"": ""Air Accident Cover""}]","[""Upto ₹400 off"", ""FitPass Pro"", ""Air Accident Cover""]",,,,savesage.club,https://savesage.club/credit-card/bob-icsi-diamond
BOB Renaissance credit card,Bank of Baroda,BOB,,"[""Airline Transfer"", ""Hotel Transfer"", ""Travel Booking""]",0,,,1% to 3%,"[{""child"": ""Earn 1 Reward Points per ₹100 spent"", ""name"": ""Base Rewards""}, {""child"": ""Earn 5 Reward Points per ₹100 spent"", ""name"": ""Movies""}, {""child"": ""Earn 5 Reward Points per ₹100 spent"", ""name"": ""Grocery""}, {""child"": ""Earn 1 Reward Points per ₹100 spent"", ""name"": ""Utilities""}, {""child"": "" No Reward Points on this category."", ""name"": ""Rent""}, {""child"": "" No Reward Points on this category."", ""name"": ""Wallets""}, {""child"": "" No Reward Points on this category."", ""name"": ""Fuel""}, {""child"": "" No Reward Points on this category."", ""name"": ""Transportation & Tolls""}, {""child"": "" No Reward Points on this category."", ""name"": ""Jewellery""}]","[{""title"": "" Discover Reward Points Redemption Options"", ""subtitle"": ""To explore the full range of redemption options for this card, download the SaveSage Club app now."", ""barCodeImageUrl"": ""/"", ""appUrl"": ""https://savesage.co/ZH8bLjZqSPb""}]",,"[{""milestoneNumber"": 1, ""spent"": 0, ""cycleType"": ""STATEMENT"", ""benefits"": ""500 bonus reward points on spends of Rs. 5000 or more within 60 days of card issuance."", ""milestoneType"": ""YEAR""}, {""milestoneNumber"": 2, ""spent"": 25000, ""cycleType"": ""STATEMENT"", ""benefits"": ""The renewal fee will be waived."", ""milestoneType"": ""YEAR""}]",[],,,,"[{""mainTitle"": ""EazyDiner"", ""child"": ""Upto ₹400 off""}, {""mainTitle"": ""Insurance"", ""child"": ""Air Accident Cover""}]","[""Upto ₹400 off"", ""Air Accident Cover""]",,,,savesage.club,https://savesage.club/credit-card/bob-renaissance
BOB CMA One credit card,Bank of Baroda,BOB,,[],1,,,NA,"[{""child"": ""Earn 1 Reward Points per ₹100 spent"", ""name"": ""Base Rewards""}, {""child"": ""Earn 5 Reward Points per ₹100 spent"", ""name"": ""Online""}, {""child"": ""Earn 5 Reward Points per ₹100 spent"", ""name"": ""Dining""}, {""child"": ""Earn 5 Reward Points per ₹100 spent"", ""name"": ""Utilities""}, {""child"": "" No Reward Points on this category."", ""name"": ""Fuel""}, {""child"": "" No Reward Points on this category."", ""name"": ""Transportation & Tolls""}, {""child"": "" No Reward Points on this category."", ""name"": ""Jewellery""}, {""child"": "" No Reward Points on this category."", ""name"": ""Rent""}, {""child"": "" No Reward Points on this category."", ""name"": ""Wallets""}]","[{""title"": "" Discover Reward Points Redemption Options"", ""subtitle"": ""To explore the full range of redemption options for this card, download the SaveSage Club app now."", ""barCodeImageUrl"": ""/"", ""appUrl"": ""https://savesage.co/ZH8bLjZqSPb""}]",,"[{""milestoneNumber"": 1, ""spent"": 5000, ""cycleType"": ""STATEMENT"", ""benefits"": ""Earn 500 reward points"", ""milestoneType"": ""DAYS""}, {""milestoneNumber"": 2, ""spent"": 100000, ""cycleType"": ""CALENDAR"", ""benefits"": ""Get 4,000 bonus RPs."", ""milestoneType"": ""QUARTER""}]",[],,,,"[{""mainTitle"": ""EazyDiner"", ""child"": ""Upto ₹400 off""}, {""mainTitle"": ""FitPassPro"", ""child"": ""FitPass Pro""}, {""mainTitle"": ""Insurance"", ""child"": ""Air Accident Cover""}]","[""Upto ₹400 off"", ""FitPass Pro"", ""Air Accident Cover""]",,,,savesage.club,https://savesage.club/credit-card/bob-cma-one
BOB Conqr credit card,Bank of Baroda,BOB,,[],0,,,NA,"[{""child"": ""Earn 1 Reward Points per ₹100 spent"", ""name"": ""Base Rewards""}, {""child"": ""Earn 5 Reward Points per ₹100 spent"", ""name"": ""Online""}, {""child"": ""Earn 5 Reward Points per ₹100 spent"", ""name"": ""Dining""}, {""child"": ""Earn 5 Reward Points per ₹100 spent"", ""name"": ""Utilities""}, {""child"": "" No Reward Points on this category."", ""name"": ""Fuel""}, {""child"": "" No Reward Points on this category."", ""name"": ""Wallets""}, {""child"": "" No Reward Points on this category."", ""name"": ""Transportation & Tolls""}, {""child"": "" No Reward Points on this category."", ""name"": ""Jewellery""}, {""child"": "" No Reward Points on this category."", ""name"": ""Rent""}]","[{""title"": "" Discover Reward Points Redemption Options"", ""subtitle"": ""To explore the full range of redemption options for this card, download the SaveSage Club app now."", ""barCodeImageUrl"": ""/"", ""appUrl"": ""https://savesage.co/ZH8bLjZqSPb""}]",,[],[],,,,"[{""mainTitle"": ""EazyDiner"", ""child"": ""Upto ₹400 off""}, {""mainTitle"": ""Insurance"", ""child"": ""Air Accident Cover""}]","[""Upto ₹400 off"", ""Air Accident Cover""]",,,,savesage.club,https://savesage.club/credit-card/bob-conqr
Standard Chartered Rewards credit card,Standard Chartered,Standard Chartered,,[],0,,,NA,"[{""child"": ""Earn 4 Reward Points per ₹150 spent"", ""name"": ""Base Rewards""}, {""child"": ""Earn 1 Reward Points per ₹150 spent"", ""name"": ""Government""}, {""child"": ""Earn 1 Reward Points per ₹150 spent"", ""name"": ""Insurance""}, {""child"": "" No Reward Points on this category."", ""name"": ""Utilities""}, {""child"": "" No Reward Points on this category."", ""name"": ""Wallets""}, {""child"": "" No Reward Points on this category."", ""name"": ""Fuel""}, {""child"": "" No Reward Points on this category."", ""name"": ""Jewellery""}, {""child"": "" No Reward Points on this category."", ""name"": ""Rent""}]","[{""title"": "" Discover Reward Points Redemption Options"", ""subtitle"": ""To explore the full range of redemption options for this card, download the SaveSage Club app now."", ""barCodeImageUrl"": ""/"", ""appUrl"": ""https://savesage.co/ZH8bLjZqSPb""}]",,"[{""milestoneNumber"": 1, ""spent"": 20000, ""cycleType"": ""CALENDAR"", ""benefits"": ""Earn 4x bonus RPs on all their retail spends."", ""milestoneType"": ""MONTH""}, {""milestoneNumber"": 2, ""spent"": 300000, ""cycleType"": ""STATEMENT"", ""benefits"": ""The renewal fee will be waived."", ""milestoneType"": ""YEAR""}]",[],,,,[],[],,,,savesage.club,https://savesage.club/credit-card/scb-rewards
Standard Chartered EasyMyTrip credit card,Standard Chartered,Standard Chartered,,[],350,,,0.5% to 1.5%,"[{""child"": ""Earn 2 Reward Points per ₹150 spent"", ""name"": ""Base Rewards""}, {""child"": "" No Reward Points on this category."", ""name"": ""Jewellery""}, {""child"": "" No Reward Points on this category."", ""name"": ""Rent""}, {""child"": "" No Reward Points on this category."", ""name"": ""Utilities""}, {""child"": "" No Reward Points on this category."", ""name"": ""Wallets""}, {""child"": "" No Reward Points on this category."", ""name"": ""Fuel""}]","[{""title"": "" Discover Reward Points Redemption Options"", ""subtitle"": ""To explore the full range of redemption options for this card, download the SaveSage Club app now."", ""barCodeImageUrl"": ""/"", ""appUrl"": ""https://savesage.co/ZH8bLjZqSPb""}]",,"[{""milestoneNumber"": 1, ""spent"": 50000, ""cycleType"": ""STATEMENT"", ""benefits"": ""The renewal fee will be waived."", ""milestoneType"": ""YEAR""}]",[],,,,[],[],,,,savesage.club,https://savesage.club/credit-card/scb-easymytrip
Standard Chartered Smart credit card,Standard Chartered,Standard Chartered,,[],499,,,0.5% to 1.5%,"[{""child"": ""Earn 1 Reward Points per ₹100 spent"", ""name"": ""Base Rewards""}, {""child"": ""Earn 2 Reward Points per ₹100 spent"", ""name"": ""Insurance""}, {""child"": ""Earn 2 Reward Points per ₹100 spent"", ""name"": ""Online""}, {""child"": ""Earn 2 Reward Points per ₹100 spent"", ""name"": ""Education""}, {""child"": ""Earn 2 Reward Points per ₹100 spent"", ""name"": ""Government""}, {""child"": ""Earn 2 Reward Points per ₹100 spent"", ""name"": ""Rent""}, {""child"": ""Earn 1 Reward Points per ₹100 spent"", ""name"": ""Offline""}, {""child"": "" No Reward Points on this category."", ""name"": ""Fuel""}, {""child"": "" No Reward Points on this category."", ""name"": ""UPI""}]","[{""title"": "" Discover Reward Points Redemption Options"", ""subtitle"": ""To explore the full range of redemption options for this card, download the SaveSage Club app now."", ""barCodeImageUrl"": ""/"", ""appUrl"": ""https://savesage.co/ZH8bLjZqSPb""}]",,"[{""milestoneNumber"": 1, ""spent"": 120000, ""cycleType"": ""STATEMENT"", ""benefits"": ""The renewal fee will be waived."", ""milestoneType"": ""YEAR""}]",[],,,,[],[],,,,savesage.club,https://savesage.club/credit-card/scb-smart
Standard Chartered Ultimate credit card,Standard Chartered,Standard Chartered,,[],5000,,,NA,"[{""child"": ""Earn 5 Reward Points per ₹150 spent"", ""name"": ""Base Rewards""}, {""child"": ""Earn 5 Reward Points per ₹100 spent"", ""name"": ""Duty Free""}, {""child"": ""Earn 3 Reward Points per ₹150 spent"", ""name"": ""Education""}, {""child"": ""Earn 3 Reward Points per ₹150 spent"", ""name"": ""Utilities""}, {""child"": ""Earn 3 Reward Points per ₹150 spent"", ""name"": ""Insurance""}, {""child"": ""Earn 3 Reward Points per ₹150 spent"", ""name"": ""Government""}, {""child"": ""Earn 3 Reward Points per ₹150 spent"", ""name"": ""Rent""}, {""child"": "" No Reward Points on this category."", ""name"": ""Fuel""}, {""child"": "" No Reward Points on this category."", ""name"": ""UPI""}]","[{""title"": "" Discover Reward Points Redemption Options"", ""subtitle"": ""To explore the full range of redemption options for this card, download the SaveSage Club app now."", ""barCodeImageUrl"": ""/"", ""appUrl"": ""https://savesage.co/ZH8bLjZqSPb""}]",,"[{""milestoneNumber"": 1, ""spent"": 0, ""cycleType"": ""STATEMENT"", ""benefits"": ""6000 RPs"", ""milestoneType"": ""YEAR""}, {""milestoneNumber"": 2, ""spent"": 5000, ""cycleType"": ""STATEMENT"", ""benefits"": ""5000 RPs"", ""milestoneType"": ""YEAR""}]","[{""maintitle"": ""Domestic lounge"", ""limit"": [""4 per quarter""], ""eligibility"": [""spend ₹20,000 or more in the previous billing cycle""]}, {""maintitle"": ""International lounge"", ""limit"": [""1 per month""], ""eligibility"": [""Complimentary Lounge Access using Priority Pass.""]}, {""maintitle"": ""Add on card domestic lounge"", ""limit"": [""4 per quarter""], ""eligibility"": [""""]}, {""maintitle"": ""Add on card international lounge"", ""limit"": [""1 per month""], ""eligibility"": [""""]}]",,,,"[{""mainTitle"": ""Golf"", ""child"": ""Complimentary Golf Rounds""}, {""mainTitle"": ""Insurance"", ""child"": ""Air Accident Cover""}, {""mainTitle"": ""Priority Pass"", ""child"": ""Priority Pass membership""}]","[""Complimentary Golf Rounds"", ""Air Accident Cover"", ""Priority Pass membership""]",,,,savesage.club,https://savesage.club/credit-card/scb-ultimate
Standard Chartered Platinum Rewards credit card,Standard Chartered,Standard Chartered,,[],250,,,0.5% to 1.5%,"[{""child"": ""Earn 1 Reward Points per ₹150 spent"", ""name"": ""Base Rewards""}, {""child"": ""Earn 5 Reward Points per ₹150 spent"", ""name"": ""Online""}, {""child"": ""Earn 5 Reward Points per ₹150 spent"", ""name"": ""Dining""}, {""child"": ""Earn 5 Reward Points per ₹150 spent"", ""name"": ""Fuel""}, {""child"": "" No Reward Points on this category."", ""name"": ""Rent""}, {""child"": "" No Reward Points on this category."", ""name"": ""Utilities""}, {""child"": "" No Reward Points on this category."", ""name"": ""Wallets""}, {""child"": "" No Reward Points on this category."", ""name"": ""Jewellery""}]","[{""title"": "" Discover Reward Points Redemption Options"", ""subtitle"": ""To explore the full range of redemption options for this card, download the SaveSage Club app now."", ""barCodeImageUrl"": ""/"", ""appUrl"": ""https://savesage.co/ZH8bLjZqSPb""}]",,"[{""milestoneNumber"": 1, ""spent"": 500, ""cycleType"": ""STATEMENT"", ""benefits"": ""The joining fee will be waived."", ""milestoneType"": ""YEAR""}]",[],,,,[],[],,,,savesage.club,https://savesage.club/credit-card/scb-platinum-rewards
Standard Chartered Super Value Titanium credit card,Standard Chartered,Standard Chartered,,[],750,,,0.5% to 1.5%,"[{""child"": ""Earn 1 Reward Points per ₹150 spent"", ""name"": ""Base Rewards""}, {""child"": ""Earn 5 Reward Points per ₹100 spent"", ""name"": ""Fuel""}, {""child"": ""Earn 5 Reward Points per ₹100 spent"", ""name"": ""Bills & Utilities""}, {""child"": ""Earn 5 Reward Points per ₹100 spent"", ""name"": ""Utilities""}, {""child"": "" No Reward Points on this category."", ""name"": ""Wallets""}, {""child"": "" No Reward Points on this category."", ""name"": ""Jewellery""}, {""child"": "" No Reward Points on this category."", ""name"": ""Rent""}]","[{""title"": "" Discover Reward Points Redemption Options"", ""subtitle"": ""To explore the full range of redemption options for this card, download the SaveSage Club app now."", ""barCodeImageUrl"": ""/"", ""appUrl"": ""https://savesage.co/ZH8bLjZqSPb""}]",,"[{""milestoneNumber"": 1, ""spent"": 90000, ""cycleType"": ""STATEMENT"", ""benefits"": ""The renewal fee will be waived."", ""milestoneType"": ""YEAR""}]",[],,,,"[{""mainTitle"": ""Priority Pass"", ""child"": ""Priority Pass membership""}]","[""Priority Pass membership""]",,,,savesage.club,https://savesage.club/credit-card/scb-super-value-titanium
Standard Chartered Manhattan credit card,Standard Chartered,Standard Chartered,,[],999,,,NA,"[{""child"": ""Earn 3 Reward Points per ₹150 spent"", ""name"": ""Base Rewards""}, {""child"": ""Earn 5 Reward Points per ₹150 spent"", ""name"": ""Departmental Stores""}, {""child"": ""Earn 5 Reward Points per ₹150 spent"", ""name"": ""Grocery""}, {""child"": ""Earn 5 Reward Points per ₹150 spent"", ""name"": ""Supermarkets""}, {""child"": "" No Reward Points on this category."", ""name"": ""UPI""}]","[{""title"": "" Discover Reward Points Redemption Options"", ""subtitle"": ""To explore the full range of redemption options for this card, download the SaveSage Club app now."", ""barCodeImageUrl"": ""/"", ""appUrl"": ""https://savesage.co/ZH8bLjZqSPb""}]",,"[{""milestoneNumber"": 1, ""spent"": 0, ""cycleType"": ""STATEMENT"", ""benefits"": ""5000 RPs"", ""milestoneType"": ""YEAR""}, {""milestoneNumber"": 2, ""spent"": 120000, ""cycleType"": ""STATEMENT"", ""benefits"": ""The renewal fee will be waived."", ""milestoneType"": ""YEAR""}]",[],,,,[],[],,,,savesage.club,https://savesage.club/credit-card/scb-manhattan
Standard Chartered Priority credit card,Standard Chartered,Standard Chartered,,[],0,,,0.5% to 1.5%,"[{""child"": ""Earn 2 Reward Points per ₹100 spent"", ""name"": ""Base Rewards""}, {""child"": ""Earn 5 Reward Points per ₹100 spent"", ""name"": ""International""}, {""child"": ""Earn 5 Reward Points per ₹100 spent"", ""name"": ""Retail Fashion""}]","[{""title"": "" Discover Reward Points Redemption Options"", ""subtitle"": ""To explore the full range of redemption options for this card, download the SaveSage Club app now."", ""barCodeImageUrl"": ""/"", ""appUrl"": ""https://savesage.co/ZH8bLjZqSPb""}]",,[],"[{""maintitle"": ""Domestic lounge"", ""limit"": [""4 per quarter""], ""eligibility"": [""spend ₹75,000 in the previous calendar quarter""]}, {""maintitle"": ""International lounge"", ""limit"": [""24 per year""], ""eligibility"": [""24 complimentary international airport lounge visits per year capped at 2 per month.""]}]",,,,"[{""mainTitle"": ""Golf"", ""child"": ""Complimentary Golf Rounds""}, {""mainTitle"": ""Insurance"", ""child"": ""Air Accident Cover""}, {""mainTitle"": ""Priority Pass"", ""child"": ""Priority Pass membership""}]","[""Complimentary Golf Rounds"", ""Air Accident Cover"", ""Priority Pass membership""]",,,,savesage.club,https://savesage.club/credit-card/scb-priority
Standard Chartered Digismart credit card,Standard Chartered,Standard Chartered,,[],588,,,0.5% to 1.5%,"[{""child"": ""Earn 2 Reward Points per ₹100 spent"", ""name"": ""Base Rewards""}, {""child"": ""Earn 5 Reward Points per ₹100 spent"", ""name"": ""Retail""}, {""child"": ""Earn 5 Reward Points per ₹100 spent"", ""name"": ""International""}, {""child"": "" No Reward Points on this category."", ""name"": ""Utilities""}, {""child"": "" No Reward Points on this category."", ""name"": ""Wallets""}, {""child"": "" No Reward Points on this category."", ""name"": ""Fuel""}, {""child"": "" No Reward Points on this category."", ""name"": ""Jewellery""}, {""child"": "" No Reward Points on this category."", ""name"": ""Rent""}]","[{""title"": "" Discover Reward Points Redemption Options"", ""subtitle"": ""To explore the full range of redemption options for this card, download the SaveSage Club app now."", ""barCodeImageUrl"": ""/"", ""appUrl"": ""https://savesage.co/ZH8bLjZqSPb""}]",,"[{""milestoneNumber"": 1, ""spent"": 5000, ""cycleType"": ""STATEMENT"", ""benefits"": ""The renewal fee will be waived."", ""milestoneType"": ""YEAR""}]",[],,,,"[{""mainTitle"": ""Blinkit"", ""child"": ""10% Discount""}, {""mainTitle"": ""BookMyShow"", ""child"": ""Buy One Get One Free""}, {""mainTitle"": ""Yatra"", ""child"": ""20% Discount""}, {""mainTitle"": ""Zomato"", ""child"": ""Upto 10% off on Food Orders through Zomato""}]","[""10% Discount"", ""Buy One Get One Free"", ""20% Discount"", ""Upto 10% off on Food Orders through Zomato""]",,,,savesage.club,https://savesage.club/credit-card/scb-digismart
Federal Signet credit card,Federal Bank,Federal,,"[""Cashback""]",0,,,0.5% to 1.5%,"[{""child"": ""Earn 1 Reward Points per ₹200 spent"", ""name"": ""Base Rewards""}, {""child"": ""Earn 3 Reward Points per ₹200 spent"", ""name"": ""Apparel""}, {""child"": ""Earn 3 Reward Points per ₹200 spent"", ""name"": ""Electronics""}, {""child"": ""Earn 2 Reward Points per ₹200 spent"", ""name"": ""Entertainment""}, {""child"": "" No Reward Points on this category."", ""name"": ""Fuel""}, {""child"": "" No Reward Points on this category."", ""name"": ""Wallets""}, {""child"": "" No Reward Points on this category."", ""name"": ""Jewellery""}, {""child"": "" No Reward Points on this category."", ""name"": ""Rent""}, {""child"": "" No Reward Points on this category."", ""name"": ""Utilities""}]","[{""title"": "" Discover Reward Points Redemption Options"", ""subtitle"": ""To explore the full range of redemption options for this card, download the SaveSage Club app now."", ""barCodeImageUrl"": ""/"", ""appUrl"": ""https://savesage.co/ZH8bLjZqSPb""}]",,"[{""milestoneNumber"": 1, ""spent"": 3000, ""cycleType"": ""CALENDAR"", ""benefits"": ""Get Amazon Pay e-Voucher worth ₹200"", ""milestoneType"": ""DAYS""}, {""milestoneNumber"": 2, ""spent"": 10000, ""cycleType"": ""STATEMENT"", ""benefits"": ""The joining fee will be waived."", ""milestoneType"": ""QUARTER""}, {""milestoneNumber"": 3, ""spent"": 20000, ""cycleType"": ""CALENDAR"", ""benefits"": ""Get complimentary Swiggy vouchers"", ""milestoneType"": ""QUARTER""}, {""milestoneNumber"": 4, ""spent"": 75000, ""cycleType"": ""STATEMENT"", ""benefits"": ""The renewal fee will be waived."", ""milestoneType"": ""YEAR""}]","[{""maintitle"": ""Domestic lounge"", ""limit"": [""1 per quarter""], ""eligibility"": [""spend ₹20,000 in the previous calendar quarter""]}]",,,,"[{""mainTitle"": ""Dining"", ""child"": ""FedDelights Program""}, {""mainTitle"": ""Insurance"", ""child"": ""Personal Accident""}]","[""FedDelights Program"", ""Personal Accident""]",,,,savesage.club,https://savesage.club/credit-card/federal-signet
Federal Imperio credit card,Federal Bank,Federal,,"[""Cashback"", ""Experience""]",0,,,2% to 5%,"[{""child"": ""Earn 1 Reward Points per ₹150 spent"", ""name"": ""Base Rewards""}, {""child"": ""Earn 3 Reward Points per ₹150 spent"", ""name"": ""Healthcare""}, {""child"": ""Earn 3 Reward Points per ₹150 spent"", ""name"": ""Grocery""}, {""child"": ""Earn 2 Reward Points per ₹150 spent"", ""name"": ""Utilities""}, {""child"": ""Earn 1 Reward Points per ₹150 spent"", ""name"": ""Fuel""}, {""child"": "" No Reward Points on this category."", ""name"": ""Rent""}, {""child"": "" No Reward Points on this category."", ""name"": ""Jewellery""}, {""child"": "" No Reward Points on this category."", ""name"": ""Wallets""}]","[{""title"": "" Discover Reward Points Redemption Options"", ""subtitle"": ""To explore the full range of redemption options for this card, download the SaveSage Club app now."", ""barCodeImageUrl"": ""/"", ""appUrl"": ""https://savesage.co/ZH8bLjZqSPb""}]",,"[{""milestoneNumber"": 1, ""spent"": 5000, ""cycleType"": ""STATEMENT"", ""benefits"": ""Get Amazon Pay e-Voucher worth ₹400"", ""milestoneType"": ""DAYS""}, {""milestoneNumber"": 2, ""spent"": 20000, ""cycleType"": ""STATEMENT"", ""benefits"": ""The joining fee will be waived."", ""milestoneType"": ""QUARTER""}, {""milestoneNumber"": 3, ""spent"": 50000, ""cycleType"": ""CALENDAR"", ""benefits"": ""Get complimentary Big Basket gift vouchers"", ""milestoneType"": ""QUARTER""}, {""milestoneNumber"": 4, ""spent"": 150000, ""cycleType"": ""STATEMENT"", ""benefits"": ""The renewal fee will be waived."", ""milestoneType"": ""YEAR""}]","[{""maintitle"": ""Domestic lounge"", ""limit"": [""2 per quarter""], ""eligibility"": [""subject to the ₹75,000 spend in the previous calendar quarter""]}]",,,,"[{""mainTitle"": ""Dining"", ""child"": ""FedDelights Program""}, {""mainTitle"": ""INOX"", ""child"": ""Buy One Get One Free""}]","[""FedDelights Program"", ""Buy One Get One Free""]",,,,savesage.club,https://savesage.club/credit-card/federal-imperio
Federal Celesta credit card,Federal Bank,Federal,,"[""Cashback""]",3000,,,1% to 2%,"[{""child"": ""Earn 1 Reward Points per ₹100 spent"", ""name"": ""Base Rewards""}, {""child"": ""Earn 3 Reward Points per ₹100 spent"", ""name"": ""International""}, {""child"": ""Earn 3 Reward Points per ₹100 spent"", ""name"": ""Travel""}, {""child"": ""Earn 2 Reward Points per ₹100 spent"", ""name"": ""Dining""}, {""child"": ""Earn 1 Reward Points per ₹100 spent"", ""name"": ""Fuel""}, {""child"": "" No Reward Points on this category."", ""name"": ""UPI""}, {""child"": "" No Reward Points on this category."", ""name"": ""Rent""}, {""child"": "" No Reward Points on this category."", ""name"": ""Utilities""}, {""child"": "" No Reward Points on this category."", ""name"": ""Wallets""}, {""child"": "" No Reward Points on this category."", ""name"": ""Jewellery""}]","[{""title"": "" Discover Reward Points Redemption Options"", ""subtitle"": ""To explore the full range of redemption options for this card, download the SaveSage Club app now."", ""barCodeImageUrl"": ""/"", ""appUrl"": ""https://savesage.co/ZH8bLjZqSPb""}]",,"[{""milestoneNumber"": 1, ""spent"": 30000, ""cycleType"": ""STATEMENT"", ""benefits"": ""The joining fee will be waived."", ""milestoneType"": ""QUARTER""}, {""milestoneNumber"": 2, ""spent"": 300000, ""cycleType"": ""STATEMENT"", ""benefits"": ""The renewal fee will be waived."", ""milestoneType"": ""YEAR""}]","[{""maintitle"": ""Domestic lounge"", ""limit"": [""4 per quarter""], ""eligibility"": [""spend ₹60,000 or more in the previous calendar quarter""]}, {""maintitle"": ""International lounge"", ""limit"": [""2 per quarter""], ""eligibility"": [""No explicit spend criteria""]}]",,,,"[{""mainTitle"": ""Dining"", ""child"": ""FedDelights Program""}, {""mainTitle"": ""INOX"", ""child"": ""Buy One Get One Free""}]","[""FedDelights Program"", ""Buy One Get One Free""]",,,,savesage.club,https://savesage.club/credit-card/federal-celesta
Yes Bank Unicard credit card,Yes Bank,Yes Bank,,[],0,,,NA,"[{""child"": ""Earn 1 Reward Points per ₹100 spent"", ""name"": ""Base Rewards""}, {""child"": ""Earn 1 Reward Points per ₹100 spent"", ""name"": ""Railways""}, {""child"": ""Earn 1 Reward Points per ₹100 spent"", ""name"": ""Transportation""}, {""child"": "" No Reward Points on this category."", ""name"": ""Jewellery""}, {""child"": "" No Reward Points on this category."", ""name"": ""Fuel""}, {""child"": "" No Reward Points on this category."", ""name"": ""Utilities""}, {""child"": "" No Reward Points on this category."", ""name"": ""Wallets""}, {""child"": "" No Reward Points on this category."", ""name"": ""Rent""}]","[{""title"": "" Discover Reward Points Redemption Options"", ""subtitle"": ""To explore the full range of redemption options for this card, download the SaveSage Club app now."", ""barCodeImageUrl"": ""/"", ""appUrl"": ""https://savesage.co/ZH8bLjZqSPb""}]",,[],[],,,,[],[],,,,savesage.club,https://savesage.club/credit-card/yes-bank-unicard
Yes Bank Finbooster credit card,Yes Bank,Yes Bank,,"[""Airline Transfer"", ""Hotel Transfer"", ""Travel Booking""]",0,,,1% to 3%,"[{""child"": ""Earn 2 Reward Points per ₹200 spent"", ""name"": ""Base Rewards""}, {""child"": ""Earn 10 Reward Points per ₹200 spent"", ""name"": ""Dining""}, {""child"": ""Earn 6 Reward Points per ₹200 spent"", ""name"": ""Grocery""}, {""child"": ""Earn 6 Reward Points per ₹200 spent"", ""name"": ""Apparel""}, {""child"": ""Earn 2 Reward Points per ₹200 spent"", ""name"": ""Fuel""}, {""child"": ""Earn 2 Reward Points per ₹200 spent"", ""name"": ""Railways""}, {""child"": ""Earn 2 Reward Points per ₹200 spent"", ""name"": ""Transportation""}, {""child"": "" No Reward Points on this category."", ""name"": ""Jewellery""}, {""child"": "" No Reward Points on this category."", ""name"": ""Rent""}, {""child"": "" No Reward Points on this category."", ""name"": ""Utilities""}, {""child"": "" No Reward Points on this category."", ""name"": ""Wallets""}]","[{""title"": "" Discover Reward Points Redemption Options"", ""subtitle"": ""To explore the full range of redemption options for this card, download the SaveSage Club app now."", ""barCodeImageUrl"": ""/"", ""appUrl"": ""https://savesage.co/ZH8bLjZqSPb""}]",,[],[],,,,"[{""mainTitle"": ""Insurance"", ""child"": ""Lost Card Liability""}]","[""Lost Card Liability""]",,,,savesage.club,https://savesage.club/credit-card/yes-bank-finbooster
Federal One Card credit card,Federal Bank,Federal,,"[""Cashback""]",0,,,0.5% to 1%,"[{""child"": ""Earn 1 Reward Points per ₹50 spent"", ""name"": ""Base Rewards""}, {""child"": ""Earn 5 Reward Points per ₹50 spent"", ""name"": ""Top 2 of 3 Categories""}, {""child"": "" No Reward Points on this category."", ""name"": ""Rent""}, {""child"": "" No Reward Points on this category."", ""name"": ""UPI""}, {""child"": "" No Reward Points on this category."", ""name"": ""Utilities""}, {""child"": "" No Reward Points on this category."", ""name"": ""Fuel""}, {""child"": "" No Reward Points on this category."", ""name"": ""Wallets""}, {""child"": "" No Reward Points on this category."", ""name"": ""Jewellery""}]","[{""title"": "" Discover Reward Points Redemption Options"", ""subtitle"": ""To explore the full range of redemption options for this card, download the SaveSage Club app now."", ""barCodeImageUrl"": ""/"", ""appUrl"": ""https://savesage.co/ZH8bLjZqSPb""}]",,[],[],,,,[],[],,,,savesage.club,https://savesage.club/credit-card/federal-one-card
Federal Scapia (Visa) credit card,Federal Bank,Federal,Visa,"[""Cashback""]",0,,,1% to 2%,"[{""child"": ""Earn 10 Reward Points per ₹100 spent"", ""name"": ""Base Rewards""}, {""child"": ""Earn 20 Reward Points per ₹100 spent"", ""name"": ""Travel Bookings on Scapia App""}, {""child"": "" No Reward Points on this category."", ""name"": ""Education""}, {""child"": "" No Reward Points on this category."", ""name"": ""Wallets""}, {""child"": "" No Reward Points on this category."", ""name"": ""Utilities""}, {""child"": "" No Reward Points on this category."", ""name"": ""Insurance""}, {""child"": "" No Reward Points on this category."", ""name"": ""UPI""}, {""child"": "" No Reward Points on this category."", ""name"": ""Crypto & Financial Institutions""}, {""child"": "" No Reward Points on this category."", ""name"": ""Business Services""}, {""child"": "" No Reward Points on this category."", ""name"": ""EMI""}, {""child"": "" No Reward Points on this category."", ""name"": ""Gift Cards""}, {""child"": "" No Reward Points on this category."", ""name"": ""Fuel""}, {""child"": "" No Reward Points on this category."", ""name"": ""Rent""}, {""child"": "" No Reward Points on this category."", ""name"": ""Government""}, {""child"": "" No Reward Points on this category."", ""name"": ""International""}]","[{""title"": "" Discover Reward Points Redemption Options"", ""subtitle"": ""To explore the full range of redemption options for this card, download the SaveSage Club app now."", ""barCodeImageUrl"": ""/"", ""appUrl"": ""https://savesage.co/ZH8bLjZqSPb""}]",,"[{""milestoneNumber"": 1, ""spent"": 20000, ""cycleType"": ""STATEMENT"", ""benefits"": ""Up to 5,000 Scapia Coins (worth ₹1,000) for dining, shopping, or spa at select airports."", ""milestoneType"": ""MONTH""}, {""milestoneNumber"": 2, ""spent"": 50000, ""cycleType"": ""STATEMENT"", ""benefits"": ""The spend requirement of ₹50,000 is fulfilled only through international flight bookings made via the Scapia app. Enjoy duty-free shopping or dining at international terminals in India and get up to 10,000 Scapia Coins (worth ₹2,000)."", ""milestoneType"": ""MONTH""}]","[{""maintitle"": ""Domestic lounge"", ""limit"": [""Unlimited""], ""eligibility"": [""Spend ₹10,000 for Visa and ₹15,000 for RuPay in a billing cycle.""]}]",,,,"[{""mainTitle"": ""Airport Privilege"", ""child"": ""International Airport Privileges""}, {""mainTitle"": ""Concierge"", ""child"": ""24x7 Concierge Services""}, {""mainTitle"": ""Dining"", ""child"": ""Dining at domestic airport""}, {""mainTitle"": ""Shopping"", ""child"": ""Shopping at domestic airport""}, {""mainTitle"": ""Spa"", ""child"": ""Spa at domestic airport""}]","[""International Airport Privileges"", ""24x7 Concierge Services"", ""Dining at domestic airport"", ""Shopping at domestic airport"", ""Spa at domestic airport""]",,,,savesage.club,https://savesage.club/credit-card/federal-scapia-visa
HDFC EasyEMI credit card,HDFC Bank,HDFC,,"[""Cashback"", ""Catalogue Products""]",500,,,1% to 5%,"[{""child"": ""Earn 1 Reward Points per ₹100 spent"", ""name"": ""Base Rewards""}, {""child"": ""Earn 5 Reward Points per ₹100 spent"", ""name"": ""Select Merchants""}, {""child"": ""Earn 2.5 Reward Points per ₹100 spent"", ""name"": ""Online""}, {""child"": ""Earn 1 Reward Points per ₹100 spent"", ""name"": ""Rent""}, {""child"": ""Earn 1 Reward Points per ₹100 spent"", ""name"": ""Wallets""}, {""child"": ""Earn 1 Reward Points per ₹100 spent"", ""name"": ""Fuel""}, {""child"": "" No Reward Points on this category."", ""name"": ""Jewellery""}, {""child"": "" No Reward Points on this category."", ""name"": ""Utilities""}]","[{""title"": "" Discover Reward Points Redemption Options"", ""subtitle"": ""To explore the full range of redemption options for this card, download the SaveSage Club app now."", ""barCodeImageUrl"": ""/"", ""appUrl"": ""https://savesage.co/ZH8bLjZqSPb""}]",,"[{""milestoneNumber"": 1, ""spent"": 0, ""cycleType"": ""STATEMENT"", ""benefits"": ""500 Cash Points."", ""milestoneType"": ""YEAR""}, {""milestoneNumber"": 2, ""spent"": 20000, ""cycleType"": ""CALENDAR"", ""benefits"": ""The joining fee will be waived."", ""milestoneType"": ""QUARTER""}, {""milestoneNumber"": 3, ""spent"": 50000, ""cycleType"": ""CALENDAR"", ""benefits"": ""The renewal fee will be waived."", ""milestoneType"": ""YEAR""}]",[],,,,[],[],,,,savesage.club,https://savesage.club/credit-card/hdfc-easyemi
SBI Etihad Guest Premier credit card,SBI Card,SBI,,"[""Airline Transfer"", ""Travel Booking""]",4999,,,3% to 6%,"[{""child"": ""Earn 2 Reward Points per ₹100 spent"", ""name"": ""Base Rewards""}, {""child"": ""Earn 6 Reward Points per ₹100 spent"", ""name"": ""Etihad Airways""}, {""child"": ""Earn 4 Reward Points per ₹100 spent"", ""name"": ""International""}, {""child"": "" No Reward Points on this category."", ""name"": ""Jewellery""}, {""child"": "" No Reward Points on this category."", ""name"": ""Rent""}, {""child"": "" No Reward Points on this category."", ""name"": ""Utilities""}, {""child"": "" No Reward Points on this category."", ""name"": ""Wallets""}, {""child"": "" No Reward Points on this category."", ""name"": ""Fuel""}, {""child"": "" No Reward Points on this category."", ""name"": ""Education (Third-party)""}, {""child"": "" No Reward Points on this category."", ""name"": ""UPI""}, {""child"": "" No Reward Points on this category."", ""name"": ""EMI""}, {""child"": "" No Reward Points on this category."", ""name"": ""Government""}]","[{""title"": "" Discover Reward Points Redemption Options"", ""subtitle"": ""To explore the full range of redemption options for this card, download the SaveSage Club app now."", ""barCodeImageUrl"": ""/"", ""appUrl"": ""https://savesage.co/ZH8bLjZqSPb""}]",,"[{""milestoneNumber"": 1, ""spent"": 0, ""cycleType"": ""STATEMENT"", ""benefits"": ""5000 Etihad guest miles will be credited within 30 days"", ""milestoneType"": ""YEAR""}, {""milestoneNumber"": 2, ""spent"": 150000, ""cycleType"": ""STATEMENT"", ""benefits"": ""1,500 Etihad Guest Miles."", ""milestoneType"": ""QUARTER""}, {""milestoneNumber"": 3, ""spent"": 500000, ""cycleType"": ""STATEMENT"", ""benefits"": ""The renewal fee will be waived."", ""milestoneType"": ""YEAR""}, {""milestoneNumber"": 4, ""spent"": 800000, ""cycleType"": ""STATEMENT"", ""benefits"": ""1 Companion Voucher."", ""milestoneType"": ""YEAR""}]",[],,,,[],[],,,,savesage.club,https://savesage.club/credit-card/sbi-etihad-guest-premier
SBI Etihad Guest credit card,SBI Card,SBI,,"[""Airline Transfer"", ""Travel Booking""]",1499,,,2% to 4%,"[{""child"": ""Earn 1 Reward Points per ₹100 spent"", ""name"": ""Base Rewards""}, {""child"": ""Earn 3 Reward Points per ₹100 spent"", ""name"": ""Etihad Airways""}, {""child"": ""Earn 2 Reward Points per ₹100 spent"", ""name"": ""International""}, {""child"": "" No Reward Points on this category."", ""name"": ""Jewellery""}, {""child"": "" No Reward Points on this category."", ""name"": ""Rent""}, {""child"": "" No Reward Points on this category."", ""name"": ""Utilities""}, {""child"": "" No Reward Points on this category."", ""name"": ""Wallets""}, {""child"": "" No Reward Points on this category."", ""name"": ""Fuel""}, {""child"": "" No Reward Points on this category."", ""name"": ""EMI""}, {""child"": "" No Reward Points on this category."", ""name"": ""Government""}]","[{""title"": "" Discover Reward Points Redemption Options"", ""subtitle"": ""To explore the full range of redemption options for this card, download the SaveSage Club app now."", ""barCodeImageUrl"": ""/"", ""appUrl"": ""https://savesage.co/ZH8bLjZqSPb""}]",,[],[],,,,[],[],,,,savesage.club,https://savesage.club/credit-card/sbi-etihad-guest
IndusInd Pioneer Legacy credit card,IndusInd Bank,IndusInd,,[],50000,,,NA,"[{""child"": ""Earn 1 Reward Points per ₹100 spent"", ""name"": ""Base Rewards""}, {""child"": ""Earn 2 Reward Points per ₹100 spent"", ""name"": ""Weekends""}, {""child"": "" No Reward Points on this category."", ""name"": ""Jewellery""}, {""child"": "" No Reward Points on this category."", ""name"": ""Fuel""}, {""child"": "" No Reward Points on this category."", ""name"": ""Utilities""}, {""child"": "" No Reward Points on this category."", ""name"": ""Wallets""}, {""child"": "" No Reward Points on this category."", ""name"": ""Rent""}, {""child"": "" No Reward Points on this category."", ""name"": ""EMI""}]","[{""title"": "" Discover Reward Points Redemption Options"", ""subtitle"": ""To explore the full range of redemption options for this card, download the SaveSage Club app now."", ""barCodeImageUrl"": ""/"", ""appUrl"": ""https://savesage.co/ZH8bLjZqSPb""}]",,"[{""milestoneNumber"": 1, ""spent"": 600000, ""cycleType"": ""STATEMENT"", ""benefits"": ""6,000 bonus RPs."", ""milestoneType"": ""YEAR""}]","[{""maintitle"": ""Domestic lounge"", ""limit"": [""1 per quarter""], ""eligibility"": [""No explicit spend condition""]}, {""maintitle"": ""International lounge"", ""limit"": [""2 per quarter""], ""eligibility"": [""No explicit spend condition""]}]",,,,"[{""mainTitle"": ""BookMyShow"", ""child"": ""Buy One Get One Free""}, {""mainTitle"": ""Concierge"", ""child"": ""24x7 Concierge Services""}, {""mainTitle"": ""EazyDiner"", ""child"": ""Upto ₹3000 off""}, {""mainTitle"": ""Golf"", ""child"": ""Complimentary Golf Rounds""}, {""mainTitle"": ""Insurance"", ""child"": ""Air Accident Cover""}]","[""Buy One Get One Free"", ""24x7 Concierge Services"", ""Upto ₹3000 off"", ""Complimentary Golf Rounds"", ""Air Accident Cover""]",,,,savesage.club,https://savesage.club/credit-card/indusind-pioneer-legacy
IndusInd Pioneer Heritage credit card,IndusInd Bank,IndusInd,,[],100000,,,NA,"[{""child"": ""Earn 1 Reward Points per ₹100 spent"", ""name"": ""Base Rewards""}, {""child"": ""Earn 2.5 Reward Points per ₹100 spent"", ""name"": ""International""}, {""child"": ""Earn 0.7 Reward Points per ₹100 spent"", ""name"": ""Utilities""}, {""child"": ""Earn 0.7 Reward Points per ₹100 spent"", ""name"": ""Insurance""}, {""child"": ""Earn 0.7 Reward Points per ₹100 spent"", ""name"": ""Government""}, {""child"": ""Earn 0.7 Reward Points per ₹100 spent"", ""name"": ""Education""}, {""child"": "" No Reward Points on this category."", ""name"": ""Rent""}, {""child"": "" No Reward Points on this category."", ""name"": ""EMI""}, {""child"": "" No Reward Points on this category."", ""name"": ""Jewellery""}, {""child"": "" No Reward Points on this category."", ""name"": ""Fuel""}, {""child"": "" No Reward Points on this category."", ""name"": ""Wallets""}]","[{""title"": "" Discover Reward Points Redemption Options"", ""subtitle"": ""To explore the full range of redemption options for this card, download the SaveSage Club app now."", ""barCodeImageUrl"": ""/"", ""appUrl"": ""https://savesage.co/ZH8bLjZqSPb""}]",,"[{""milestoneNumber"": 1, ""spent"": 0, ""cycleType"": ""STATEMENT"", ""benefits"": ""Welcome Vouchers of your choice worth Rs. 10K."", ""milestoneType"": ""YEAR""}, {""milestoneNumber"": 2, ""spent"": 1000000, ""cycleType"": ""STATEMENT"", ""benefits"": ""Maintenance Fee of Rs. 25K waived."", ""milestoneType"": ""YEAR""}]","[{""maintitle"": ""Domestic lounge"", ""limit"": [""2 per quarter""], ""eligibility"": [""No explicit spend condition""]}, {""maintitle"": ""International lounge"", ""limit"": [""2 per quarter""], ""eligibility"": [""Complimentary Lounge Access using Priority Pass.""]}, {""maintitle"": ""Add on card domestic lounge"", ""limit"": [""2 per quarter""], ""eligibility"": [""As per primary card.""]}, {""maintitle"": ""Add on card international lounge"", ""limit"": [""2 per quarter""], ""eligibility"": [""As per primary card.""]}]",,,,"[{""mainTitle"": ""BookMyShow"", ""child"": ""Buy One Get One Free""}, {""mainTitle"": ""CLUB ITC"", ""child"": ""Club ITC Culinary Program""}, {""mainTitle"": ""EazyDiner"", ""child"": ""Upto ₹3000 off""}, {""mainTitle"": ""Golf"", ""child"": ""Complimentary Golf Rounds""}, {""mainTitle"": ""Insurance"", ""child"": ""Air Accident Cover""}]","[""Buy One Get One Free"", ""Club ITC Culinary Program"", ""Upto ₹3000 off"", ""Complimentary Golf Rounds"", ""Air Accident Cover""]",,,,savesage.club,https://savesage.club/credit-card/indusind-pioneer-heritage
HSBC Live+ credit card,HSBC,HSBC,,"[""Brand Wallet"", ""Cashback""]",999,,,1% to 5%,"[{""child"": ""Earn 1.5 Reward Points per ₹100 spent"", ""name"": ""Base Rewards""}, {""child"": ""Earn 10 Reward Points per ₹100 spent"", ""name"": ""Food Delivery""}, {""child"": ""Earn 10 Reward Points per ₹100 spent"", ""name"": ""Grocery""}, {""child"": ""Earn 10 Reward Points per ₹100 spent"", ""name"": ""Dining""}, {""child"": "" No Reward Points on this category."", ""name"": ""Gambling""}, {""child"": "" No Reward Points on this category."", ""name"": ""Government""}, {""child"": "" No Reward Points on this category."", ""name"": ""Jewellery""}, {""child"": "" No Reward Points on this category."", ""name"": ""Rent""}, {""child"": "" No Reward Points on this category."", ""name"": ""Transportation & Tolls""}, {""child"": "" No Reward Points on this category."", ""name"": ""Wholesale Clubs""}, {""child"": "" No Reward Points on this category."", ""name"": ""Utilities""}, {""child"": "" No Reward Points on this category."", ""name"": ""Wallets""}, {""child"": "" No Reward Points on this category."", ""name"": ""Insurance""}, {""child"": "" No Reward Points on this category."", ""name"": ""Education""}, {""child"": "" No Reward Points on this category."", ""name"": ""UPI""}, {""child"": "" No Reward Points on this category."", ""name"": ""Fuel""}, {""child"": "" No Reward Points on this category."", ""name"": ""Business Spends""}, {""child"": "" No Reward Points on this category."", ""name"": ""Charity""}]","[{""title"": "" Discover Reward Points Redemption Options"", ""subtitle"": ""To explore the full range of redemption options for this card, download the SaveSage Club app now."", ""barCodeImageUrl"": ""/"", ""appUrl"": ""https://savesage.co/ZH8bLjZqSPb""}]",,"[{""milestoneNumber"": 1, ""spent"": 0, ""cycleType"": ""STATEMENT"", ""benefits"": ""₹1K Cashback.Download and register on HSBC app for availing offer"", ""milestoneType"": ""DAYS""}, {""milestoneNumber"": 2, ""spent"": 200000, ""cycleType"": ""STATEMENT"", ""benefits"": ""The renewal fee will be waived."", ""milestoneType"": ""YEAR""}]","[{""maintitle"": ""Domestic lounge"", ""limit"": [""1 per quarter""], ""eligibility"": [""No explicit spend condition""]}, {""maintitle"": ""Add on card domestic lounge"", ""limit"": [""1 per quarter""], ""eligibility"": [""Add-on cardholders have a separate lounge access limit, independent of the primary cardholder’s allowance.""]}]",,,,"[{""mainTitle"": ""District"", ""child"": ""BOGO""}, {""mainTitle"": ""VKYC"", ""child"": ""Get Amazon voucher""}]","[""BOGO"", ""Get Amazon voucher""]",,,,savesage.club,https://savesage.club/credit-card/hsbc-live
CSB Edge+ Rupay (Jupiter) credit card,CSB Bank,CSB,,"[""Experience""]",999,,,2% to 4%,"[{""child"": ""Earn 5 Reward Points per ₹100 spent"", ""name"": ""Base Rewards""}, {""child"": ""Earn 50 Reward Points per ₹100 spent"", ""name"": ""Tata Cliq""}, {""child"": ""Earn 50 Reward Points per ₹100 spent"", ""name"": ""Croma""}, {""child"": ""Earn 50 Reward Points per ₹100 spent"", ""name"": ""Reliance Retail""}, {""child"": ""Earn 50 Reward Points per ₹100 spent"", ""name"": ""Reliance Digital""}, {""child"": ""Earn 50 Reward Points per ₹100 spent"", ""name"": ""Tata Retail""}, {""child"": ""Earn 50 Reward Points per ₹100 spent"", ""name"": ""Amazon""}, {""child"": ""Earn 50 Reward Points per ₹100 spent"", ""name"": ""Flipkart""}, {""child"": ""Earn 50 Reward Points per ₹100 spent"", ""name"": ""Myntra""}, {""child"": ""Earn 50 Reward Points per ₹100 spent"", ""name"": ""Ajio""}, {""child"": ""Earn 50 Reward Points per ₹100 spent"", ""name"": ""Nykaa""}, {""child"": ""Earn 25 Reward Points per ₹100 spent"", ""name"": ""Juipter Flights""}, {""child"": ""Earn 5 Reward Points per ₹100 spent"", ""name"": ""Offline""}, {""child"": ""Earn 5 Reward Points per ₹100 spent"", ""name"": ""Online""}, {""child"": "" No Reward Points on this category."", ""name"": ""EMI""}, {""child"": "" No Reward Points on this category."", ""name"": ""Utilities""}, {""child"": "" No Reward Points on this category."", ""name"": ""Gift Cards""}, {""child"": "" No Reward Points on this category."", ""name"": ""Fuel""}, {""child"": "" No Reward Points on this category."", ""name"": ""Wallets""}, {""child"": "" No Reward Points on this category."", ""name"": ""Government""}, {""child"": "" No Reward Points on this category."", ""name"": ""Transportation & Tolls""}, {""child"": "" No Reward Points on this category."", ""name"": ""Rent""}, {""child"": "" No Reward Points on this category."", ""name"": ""International""}, {""child"": "" No Reward Points on this category."", ""name"": ""Insurance""}]","[{""title"": "" Discover Reward Points Redemption Options"", ""subtitle"": ""To explore the full range of redemption options for this card, download the SaveSage Club app now."", ""barCodeImageUrl"": ""/"", ""appUrl"": ""https://savesage.co/ZH8bLjZqSPb""}]",,[],[],,,,"[{""mainTitle"": ""Concierge"", ""child"": ""24x7 Concierge Services""}, {""mainTitle"": ""Insurance"", ""child"": ""Personal Accident""}]","[""24x7 Concierge Services"", ""Personal Accident""]",,,,savesage.club,https://savesage.club/credit-card/csb-edge-rupay-jupiter
Axis Executive Corporate credit card,Axis Bank,Axis,,"[""Brand Wallet"", ""Cashback""]",3500,,,0.5% to 1%,"[{""child"": ""Earn 4 Reward Points per ₹200 spent"", ""name"": ""Base Rewards""}, {""child"": ""Earn 8 Reward Points per ₹200 spent"", ""name"": ""International""}, {""child"": "" No Reward Points on this category."", ""name"": ""Fuel""}, {""child"": "" No Reward Points on this category."", ""name"": ""Rent""}, {""child"": "" No Reward Points on this category."", ""name"": ""Jewellery""}, {""child"": "" No Reward Points on this category."", ""name"": ""Utilities""}, {""child"": "" No Reward Points on this category."", ""name"": ""Wallets""}]","[{""title"": "" Discover Reward Points Redemption Options"", ""subtitle"": ""To explore the full range of redemption options for this card, download the SaveSage Club app now."", ""barCodeImageUrl"": ""/"", ""appUrl"": ""https://savesage.co/ZH8bLjZqSPb""}]",,[],"[{""maintitle"": ""Domestic lounge"", ""limit"": [""4 per quarter""], ""eligibility"": [""spend ₹75,000 in the previous calendar quarter""]}, {""maintitle"": ""International lounge"", ""limit"": [""8 per calendar year""], ""eligibility"": [""No explicit spend condition""]}]",,,,"[{""mainTitle"": ""Concierge"", ""child"": ""24x7 Concierge Services""}, {""mainTitle"": ""EazyDiner"", ""child"": ""15% off via Dining Delights Program""}, {""mainTitle"": ""Golf"", ""child"": ""Complimentary Golf Rounds""}]","[""24x7 Concierge Services"", ""15% off via Dining Delights Program"", ""Complimentary Golf Rounds""]",,,,savesage.club,https://savesage.club/credit-card/axis-executive-corporate
Axis Olympus credit card,Axis Bank,Axis,,[],20000,,,NA,"[{""child"": ""Earn 1 Reward Points per ₹100 spent"", ""name"": ""Base Rewards""}, {""child"": ""Earn 2 Reward Points per ₹100 spent"", ""name"": ""International""}, {""child"": "" No Reward Points on this category."", ""name"": ""Education""}, {""child"": "" No Reward Points on this category."", ""name"": ""Fuel""}, {""child"": "" No Reward Points on this category."", ""name"": ""Insurance""}, {""child"": "" No Reward Points on this category."", ""name"": ""Government""}, {""child"": "" No Reward Points on this category."", ""name"": ""Rent""}, {""child"": "" No Reward Points on this category."", ""name"": ""Transportation & Tolls""}, {""child"": "" No Reward Points on this category."", ""name"": ""UPI""}, {""child"": "" No Reward Points on this category."", ""name"": ""Wallets""}, {""child"": "" No Reward Points on this category."", ""name"": ""Utilities""}]","[{""title"": "" Discover Reward Points Redemption Options"", ""subtitle"": ""To explore the full range of redemption options for this card, download the SaveSage Club app now."", ""barCodeImageUrl"": ""/"", ""appUrl"": ""https://savesage.co/ZH8bLjZqSPb""}]",,"[{""milestoneNumber"": 1, ""spent"": 0, ""cycleType"": ""STATEMENT"", ""benefits"": ""Taj/ITC Hotel Vouchers worth Rs.10,000 applicable only to the Primary cardholders"", ""milestoneType"": ""DAYS""}]","[{""maintitle"": ""International lounge"", ""limit"": [""Unlimited via priority pass + 10 guests visits in an year""], ""eligibility"": [""Unlimited through Priority Pass membership""]}, {""maintitle"": ""Domestic lounge"", ""limit"": [""Unlimited + 10 guests visits in an year""], ""eligibility"": [""No explicit spend condition""]}]",,,,"[{""mainTitle"": ""Axis Dining Delight"", ""child"": ""Dining Delights Offer""}, {""mainTitle"": ""BookMyShow"", ""child"": ""BookMyShow""}, {""mainTitle"": ""Concierge"", ""child"": ""Domestic Airport Concierge Services""}, {""mainTitle"": ""Domestic Airport Transfers"", ""child"": ""Domestic Airport Transfer""}, {""mainTitle"": ""EazyDiner"", ""child"": ""30% off up to INR 1000""}, {""mainTitle"": ""EazyDiner"", ""child"": ""50% off up to INR 3000""}, {""mainTitle"": ""EazyDiner"", ""child"": ""EazyDiner Prime Membership""}, {""mainTitle"": ""Golf"", ""child"": ""8 complimentary golf rounds""}, {""mainTitle"": ""Hotels.com"", ""child"": ""Complimentary Stay Program""}, {""mainTitle"": ""Insurance"", ""child"": ""Lost Liability Insurance""}, {""mainTitle"": ""Priority Pass"", ""child"": ""Priority Pass membership""}, {""mainTitle"": ""Taj Epicure"", ""child"": ""Taj Epicure membership""}]","[""Dining Delights Offer"", ""BookMyShow"", ""Domestic Airport Concierge Services"", ""Domestic Airport Transfer"", ""30% off up to INR 1000"", ""50% off up to INR 3000"", ""EazyDiner Prime Membership"", ""8 complimentary golf rounds"", ""Complimentary Stay Program"", ""Lost Liability Insurance"", ""Priority Pass membership"", ""Taj Epicure membership""]",,,,savesage.club,https://savesage.club/credit-card/axis-olympus
IndusInd Pioneer Private credit card,IndusInd Bank,IndusInd,,[],0,,,NA,"[{""child"": ""Earn 3 Reward Points per ₹100 spent"", ""name"": ""Base Rewards""}, {""child"": ""Earn 0.7 Reward Points per ₹100 spent"", ""name"": ""Janitorial Services""}, {""child"": ""Earn 0.7 Reward Points per ₹100 spent"", ""name"": ""Transportation & Tolls""}, {""child"": ""Earn 0.7 Reward Points per ₹100 spent"", ""name"": ""Utilities""}, {""child"": ""Earn 0.7 Reward Points per ₹100 spent"", ""name"": ""Insurance""}, {""child"": ""Earn 0.7 Reward Points per ₹100 spent"", ""name"": ""Education""}, {""child"": ""Earn 0.7 Reward Points per ₹100 spent"", ""name"": ""Telecommunication""}, {""child"": ""Earn 0.7 Reward Points per ₹100 spent"", ""name"": ""Government""}, {""child"": ""Earn 0.7 Reward Points per ₹100 spent"", ""name"": ""Security Brokers""}, {""child"": "" No Reward Points on this category."", ""name"": ""Fuel""}]","[{""title"": "" Discover Reward Points Redemption Options"", ""subtitle"": ""To explore the full range of redemption options for this card, download the SaveSage Club app now."", ""barCodeImageUrl"": ""/"", ""appUrl"": ""https://savesage.co/ZH8bLjZqSPb""}]",,"[{""milestoneNumber"": 1, ""spent"": 100000, ""cycleType"": ""STATEMENT"", ""benefits"": ""6,000 bonus reward points"", ""milestoneType"": ""MONTH""}, {""milestoneNumber"": 2, ""spent"": 1000000, ""cycleType"": ""STATEMENT"", ""benefits"": ""The renewal fee will be waived."", ""milestoneType"": ""YEAR""}, {""milestoneNumber"": 3, ""spent"": 7500000, ""cycleType"": ""STATEMENT"", ""benefits"": ""INR 1 lakh worth Taj hotel experiences certificate."", ""milestoneType"": ""YEAR""}]","[{""maintitle"": ""Domestic lounge"", ""limit"": [""Unlimited""], ""eligibility"": [""No explicit spend condition""]}, {""maintitle"": ""International lounge"", ""limit"": [""Unlimited""], ""eligibility"": [""Complimentary Lounge Access using Priority Pass.""]}, {""maintitle"": ""Guest lounge"", ""limit"": [""12 per year""], ""eligibility"": [""No explicit spend condition""]}]",,,,"[{""mainTitle"": ""EazyDiner"", ""child"": ""Upto ₹3000 off""}, {""mainTitle"": ""EazyDiner"", ""child"": ""Complimentary membership of EazyDiner Program""}, {""mainTitle"": ""Golf"", ""child"": ""Complimentary Golf Rounds""}, {""mainTitle"": ""ITC"", ""child"": ""Complimentary membership of Club ITC Culinaire Select Program""}, {""mainTitle"": ""Postcard Hotels"", ""child"": ""Postcard hotel Vouchers""}, {""mainTitle"": ""Taj Epicure"", ""child"": ""Complimentary membership of Taj Epicure Preferred Program""}]","[""Upto ₹3000 off"", ""Complimentary membership of EazyDiner Program"", ""Complimentary Golf Rounds"", ""Complimentary membership of Club ITC Culinaire Select Program"", ""Postcard hotel Vouchers"", ""Complimentary membership of Taj Epicure Preferred Program""]",,,,savesage.club,https://savesage.club/credit-card/indusind-pioneer-private
Axis Indian Oil Premium credit card,Axis Bank,Axis,,[],1000,,,NA,"[{""child"": ""Earn 1 Reward Points per ₹150 spent"", ""name"": ""Base Rewards""}, {""child"": ""Earn 6 Reward Points per ₹150 spent"", ""name"": ""IOCL""}, {""child"": ""Earn 2 Reward Points per ₹150 spent"", ""name"": ""Grocery""}, {""child"": "" No Reward Points on this category."", ""name"": ""Wallets""}, {""child"": "" No Reward Points on this category."", ""name"": ""UPI""}, {""child"": "" No Reward Points on this category."", ""name"": ""Education""}, {""child"": "" No Reward Points on this category."", ""name"": ""Insurance""}, {""child"": "" No Reward Points on this category."", ""name"": ""Government""}, {""child"": "" No Reward Points on this category."", ""name"": ""Rent""}, {""child"": "" No Reward Points on this category."", ""name"": ""Utilities""}, {""child"": "" No Reward Points on this category."", ""name"": ""Fuel (Other than IOCL)""}, {""child"": "" No Reward Points on this category."", ""name"": ""Transportation & Tolls""}]","[{""title"": "" Discover Reward Points Redemption Options"", ""subtitle"": ""To explore the full range of redemption options for this card, download the SaveSage Club app now."", ""barCodeImageUrl"": ""/"", ""appUrl"": ""https://savesage.co/ZH8bLjZqSPb""}]",,"[{""milestoneNumber"": 1, ""spent"": 0, ""cycleType"": ""STATEMENT"", ""benefits"": ""500 Edge Miles.These will be credited in 13 days"", ""milestoneType"": ""DAYS""}, {""milestoneNumber"": 2, ""spent"": 30000, ""cycleType"": ""STATEMENT"", ""benefits"": ""The renewal fee will be waived."", ""milestoneType"": ""YEAR""}]","[{""maintitle"": ""Domestic lounge"", ""limit"": [""2 per quarter""], ""eligibility"": [""Spend ₹50k in the previous 3 Calendar months.""]}]",,,,"[{""mainTitle"": ""Zomato"", ""child"": ""30% off on zomato""}]","[""30% off on zomato""]",,,,savesage.club,https://savesage.club/credit-card/axis-indian-oil-premium
Axis Horizon credit card,Axis Bank,Axis,,"[""Catalogue Brand Vouchers""]",3000,,,1% to 2%,"[{""child"": ""Earn 2 Reward Points per ₹100 spent"", ""name"": ""Base Rewards""}, {""child"": ""Earn 5 Reward Points per ₹100 spent"", ""name"": ""Flights""}, {""child"": ""Earn 5 Reward Points per ₹100 spent"", ""name"": ""Travel Edge""}, {""child"": "" No Reward Points on this category."", ""name"": ""Fuel""}, {""child"": "" No Reward Points on this category."", ""name"": ""Insurance""}, {""child"": "" No Reward Points on this category."", ""name"": ""Transportation & Tolls""}, {""child"": "" No Reward Points on this category."", ""name"": ""Utilities & Telecom""}, {""child"": "" No Reward Points on this category."", ""name"": ""Wallets""}, {""child"": "" No Reward Points on this category."", ""name"": ""Government""}, {""child"": "" No Reward Points on this category."", ""name"": ""UPI""}, {""child"": "" No Reward Points on this category."", ""name"": ""Rent""}, {""child"": "" No Reward Points on this category."", ""name"": ""Education""}]","[{""title"": "" Discover Reward Points Redemption Options"", ""subtitle"": ""To explore the full range of redemption options for this card, download the SaveSage Club app now."", ""barCodeImageUrl"": ""/"", ""appUrl"": ""https://savesage.co/ZH8bLjZqSPb""}]",,"[{""milestoneNumber"": 1, ""spent"": 1000, ""cycleType"": ""STATEMENT"", ""benefits"": ""5,000 Edge Miles"", ""milestoneType"": ""DAYS""}, {""milestoneNumber"": 2, ""spent"": 3000, ""cycleType"": ""STATEMENT"", ""benefits"": ""1,500 Edge Miles on the completion of every anniversary year."", ""milestoneType"": ""YEAR""}]","[{""maintitle"": ""International lounge"", ""limit"": [""2 per quarter""], ""eligibility"": [""No explicit spend condition""]}, {""maintitle"": ""Domestic lounge"", ""limit"": [""6 per quarter for mastercard variant, 8 per quarter for visa variant""], ""eligibility"": [""No explicit spend condition""]}, {""maintitle"": ""Add on card domestic lounge"", ""limit"": [""6 per quarter for mastercard variant, 8 per quarter for visa variant""], ""eligibility"": [""""]}]",,,,"[{""mainTitle"": ""EazyDiner"", ""child"": ""15% off via Dining Delights Program""}, {""mainTitle"": ""Insurance"", ""child"": ""Lost Liability Insurance""}]","[""15% off via Dining Delights Program"", ""Lost Liability Insurance""]",,,,savesage.club,https://savesage.club/credit-card/axis-horizon
HDFC Biz Black Metal credit card,HDFC Bank,HDFC,,"[""Airline Transfer"", ""Travel Booking""]",10000,,,1% to 3%,"[{""child"": ""Earn 5 Reward Points per ₹150 spent"", ""name"": ""Base Rewards""}, {""child"": ""Earn 50 Reward Points per ₹150 spent"", ""name"": ""Hotels via SmartBuy""}, {""child"": ""Earn 50 Reward Points per ₹150 spent"", ""name"": ""PharmEasy via SmartBuy""}, {""child"": ""Earn 50 Reward Points per ₹150 spent"", ""name"": ""Jockey via SmartBuy""}, {""child"": ""Earn 50 Reward Points per ₹150 spent"", ""name"": ""IGP via SmartBuy""}, {""child"": ""Earn 25 Reward Points per ₹150 spent"", ""name"": ""PayZapp""}, {""child"": ""Earn 25 Reward Points per ₹150 spent"", ""name"": ""Flights via SmartBuy""}, {""child"": ""Earn 25 Reward Points per ₹150 spent"", ""name"": ""Myntra via SmartBuy""}, {""child"": ""Earn 25 Reward Points per ₹150 spent"", ""name"": ""Holidays via SmartBuy""}, {""child"": ""Earn 25 Reward Points per ₹150 spent"", ""name"": ""Government""}, {""child"": ""Earn 25 Reward Points per ₹150 spent"", ""name"": ""Apple via SmartBuy""}, {""child"": ""Earn 25 Reward Points per ₹150 spent"", ""name"": ""Duty Free (Adani One) via Smartbuy""}, {""child"": ""Earn 25 Reward Points per ₹150 spent"", ""name"": ""Nuclei via SmartBuy""}, {""child"": ""Earn 25 Reward Points per ₹150 spent"", ""name"": ""MakeMyTrip MyBiz""}, {""child"": ""Earn 25 Reward Points per ₹150 spent"", ""name"": ""Drivado via SmartBuy""}, {""child"": ""Earn 25 Reward Points per ₹150 spent"", ""name"": ""Redbus via SmartBuy""}, {""child"": ""Earn 15 Reward Points per ₹150 spent"", ""name"": ""Trains via SmartBuy""}, {""child"": ""Earn 15 Reward Points per ₹150 spent"", ""name"": ""Gift Cards via SmartBuy""}, {""child"": ""Earn 5 Reward Points per ₹150 spent"", ""name"": ""International""}, {""child"": ""Earn 5 Reward Points per ₹150 spent"", ""name"": ""Grocery""}, {""child"": ""Earn 5 Reward Points per ₹150 spent"", ""name"": ""Insurance""}, {""child"": ""Earn 5 Reward Points per ₹150 spent"", ""name"": ""Utilities""}, {""child"": "" No Reward Points on this category."", ""name"": ""EMI""}, {""child"": "" No Reward Points on this category."", ""name"": ""Wallets""}, {""child"": "" No Reward Points on this category."", ""name"": ""Education""}, {""child"": "" No Reward Points on this category."", ""name"": ""UPI""}, {""child"": "" No Reward Points on this category."", ""name"": ""Rent""}, {""child"": "" No Reward Points on this category."", ""name"": ""Fuel""}]","[{""title"": "" Discover Reward Points Redemption Options"", ""subtitle"": ""To explore the full range of redemption options for this card, download the SaveSage Club app now."", ""barCodeImageUrl"": ""/"", ""appUrl"": ""https://savesage.co/ZH8bLjZqSPb""}]",,"[{""milestoneNumber"": 1, ""spent"": 150000, ""cycleType"": ""CALENDAR"", ""benefits"": ""Get Club Marriott Renewal Membership + Taj Stay voucher worth ₹5000"", ""milestoneType"": ""YEAR""}, {""milestoneNumber"": 2, ""spent"": 150000, ""cycleType"": ""STATEMENT"", ""benefits"": ""The joining fee will be waived."", ""milestoneType"": ""QUARTER""}, {""milestoneNumber"": 3, ""spent"": 500000, ""cycleType"": ""CALENDAR"", ""benefits"": ""SmartBuy Flight / Taj Stay Voucher worth ₹5000. (On all retail spends excluding rent and petrol)."", ""milestoneType"": ""YEAR""}, {""milestoneNumber"": 4, ""spent"": 750000, ""cycleType"": ""STATEMENT"", ""benefits"": ""The renewal fee will be waived."", ""milestoneType"": ""YEAR""}, {""milestoneNumber"": 5, ""spent"": 1000000, ""cycleType"": ""CALENDAR"", ""benefits"": ""Additional SmartBuy Flight / Taj Stay Voucher worth ₹5000. (On all retail spends excluding rent and petrol)."", ""milestoneType"": ""YEAR""}, {""milestoneNumber"": 6, ""spent"": 1500000, ""cycleType"": ""CALENDAR"", ""benefits"": ""Additional SmartBuy Flight / Taj Stay Voucher worth ₹5000. (On all retail spends excluding rent and petrol)."", ""milestoneType"": ""YEAR""}, {""milestoneNumber"": 7, ""spent"": 2000000, ""cycleType"": ""STATEMENT"", ""benefits"": ""Additional SmartBuy Flight / Taj Stay Voucher worth ₹5000. (On all retail spends excluding rent and petrol)."", ""milestoneType"": ""YEAR""}]","[{""maintitle"": ""Domestic lounge"", ""limit"": [""Unlimited""], ""eligibility"": [""Any transactions done last month irrespective of amount.""]}, {""maintitle"": ""International lounge"", ""limit"": [""Unlimited""], ""eligibility"": [""Any transactions done last month irrespective of amount.""]}]",,,,"[{""mainTitle"": ""Concierge"", ""child"": ""Global personal Concierge""}, {""mainTitle"": ""Dining"", ""child"": ""20% Discount""}, {""mainTitle"": ""Golf"", ""child"": ""Complimentray Golf Access""}, {""mainTitle"": ""Insurance"", ""child"": ""Business Insurance""}, {""mainTitle"": ""MMT MyBiz"", ""child"": ""4% off on Flights and Hotels Booking""}, {""mainTitle"": ""Nuclei"", ""child"": ""Discount on Business Software""}]","[""Global personal Concierge"", ""20% Discount"", ""Complimentray Golf Access"", ""Business Insurance"", ""4% off on Flights and Hotels Booking"", ""Discount on Business Software""]",,,,savesage.club,https://savesage.club/credit-card/hdfc-biz-black-metal
HDFC Corporate Platinum credit card,HDFC Bank,HDFC,,"[""Cashback""]",0,,,1% to 2%,"[{""child"": ""Earn 3 Reward Points per ₹150 spent"", ""name"": ""Base Rewards""}, {""child"": "" No Reward Points on this category."", ""name"": ""Utilities""}, {""child"": "" No Reward Points on this category."", ""name"": ""Rent""}, {""child"": "" No Reward Points on this category."", ""name"": ""Wallets""}, {""child"": "" No Reward Points on this category."", ""name"": ""Fuel""}, {""child"": "" No Reward Points on this category."", ""name"": ""Jewellery""}]","[{""title"": "" Discover Reward Points Redemption Options"", ""subtitle"": ""To explore the full range of redemption options for this card, download the SaveSage Club app now."", ""barCodeImageUrl"": ""/"", ""appUrl"": ""https://savesage.co/ZH8bLjZqSPb""}]",,[],"[{""maintitle"": ""Domestic lounge"", ""limit"": [""2 per quarter""], ""eligibility"": [""No explicit spend condition""]}]",,,,"[{""mainTitle"": ""Insurance"", ""child"": ""Air Accident Cover""}, {""mainTitle"": ""MMT MyBiz"", ""child"": ""4% off on Flights and Hotels Booking""}, {""mainTitle"": ""Nuclei"", ""child"": ""Discount on Business Software""}]","[""Air Accident Cover"", ""4% off on Flights and Hotels Booking"", ""Discount on Business Software""]",,,,savesage.club,https://savesage.club/credit-card/hdfc-corporate-platinum
HDFC Corporate Premium credit card,HDFC Bank,HDFC,,"[""Brand Wallet"", ""Cashback""]",0,,,1% to 3%,"[{""child"": ""Earn 5 Reward Points per ₹150 spent"", ""name"": ""Base Rewards""}, {""child"": "" No Reward Points on this category."", ""name"": ""Rent""}, {""child"": "" No Reward Points on this category."", ""name"": ""Utilities""}, {""child"": "" No Reward Points on this category."", ""name"": ""Wallets""}, {""child"": "" No Reward Points on this category."", ""name"": ""Online Skill Gaming""}, {""child"": "" No Reward Points on this category."", ""name"": ""Fuel""}, {""child"": "" No Reward Points on this category."", ""name"": ""Jewellery""}, {""child"": "" No Reward Points on this category."", ""name"": ""UPI""}]","[{""title"": "" Discover Reward Points Redemption Options"", ""subtitle"": ""To explore the full range of redemption options for this card, download the SaveSage Club app now."", ""barCodeImageUrl"": ""/"", ""appUrl"": ""https://savesage.co/ZH8bLjZqSPb""}]",,[],"[{""maintitle"": ""Domestic lounge"", ""limit"": [""5 per quarter""], ""eligibility"": [""₹75,000 spend in the previous calendar quarter""]}, {""maintitle"": ""International lounge"", ""limit"": [""6 per year""], ""eligibility"": [""6 Complimentary Lounge Access using Priority Pass.""]}]",,,,"[{""mainTitle"": ""Corporate Liability Waiver"", ""child"": ""Corporate Liability Insurance""}, {""mainTitle"": ""Insurance"", ""child"": ""Insurance cover""}, {""mainTitle"": ""MMT MyBiz"", ""child"": ""4% off on Flights and Hotels Booking""}, {""mainTitle"": ""Nuclei"", ""child"": ""Discount on Business Software""}]","[""Corporate Liability Insurance"", ""Insurance cover"", ""4% off on Flights and Hotels Booking"", ""Discount on Business Software""]",,,,savesage.club,https://savesage.club/credit-card/hdfc-corporate-premium
HDFC SAP Concur Solutions Black Corporate credit card,HDFC Bank,HDFC,,"[""Cashback""]",0,,,1% to 2%,"[{""child"": ""Earn 5 Reward Points per ₹150 spent"", ""name"": ""Base Rewards""}, {""child"": "" No Reward Points on this category."", ""name"": ""Fuel""}, {""child"": "" No Reward Points on this category."", ""name"": ""Rent""}, {""child"": "" No Reward Points on this category."", ""name"": ""Utilities""}, {""child"": "" No Reward Points on this category."", ""name"": ""Wallets""}, {""child"": "" No Reward Points on this category."", ""name"": ""Jewellery""}]","[{""title"": "" Discover Reward Points Redemption Options"", ""subtitle"": ""To explore the full range of redemption options for this card, download the SaveSage Club app now."", ""barCodeImageUrl"": ""/"", ""appUrl"": ""https://savesage.co/ZH8bLjZqSPb""}]",,[],"[{""maintitle"": ""Domestic lounge"", ""limit"": [""5 per quarter""], ""eligibility"": [""spend ₹75,000 in the previous calendar quarter""]}, {""maintitle"": ""International lounge"", ""limit"": [""15 per year""], ""eligibility"": [""No explicit spend condition""]}]",,,,"[{""mainTitle"": ""Insurance"", ""child"": ""Air Accident Cover""}, {""mainTitle"": ""MMT MyBiz"", ""child"": ""4% off on Flights and Hotels Booking""}, {""mainTitle"": ""Nuclei"", ""child"": ""Discount on Business Software""}]","[""Air Accident Cover"", ""4% off on Flights and Hotels Booking"", ""Discount on Business Software""]",,,,savesage.club,https://savesage.club/credit-card/hdfc-sap-concur-solutions-black-corporate
HDFC SAP Concur Solutions Prime Corporate credit card,HDFC Bank,HDFC,,"[""Experience""]",0,,,1% to 2%,"[{""child"": ""Earn 3 Reward Points per ₹150 spent"", ""name"": ""Base Rewards""}, {""child"": "" No Reward Points on this category."", ""name"": ""Fuel""}, {""child"": "" No Reward Points on this category."", ""name"": ""Jewellery""}, {""child"": "" No Reward Points on this category."", ""name"": ""Rent""}, {""child"": "" No Reward Points on this category."", ""name"": ""Wallets""}, {""child"": "" No Reward Points on this category."", ""name"": ""Utilities""}]","[{""title"": "" Discover Reward Points Redemption Options"", ""subtitle"": ""To explore the full range of redemption options for this card, download the SaveSage Club app now."", ""barCodeImageUrl"": ""/"", ""appUrl"": ""https://savesage.co/ZH8bLjZqSPb""}]",,[],"[{""maintitle"": ""Domestic lounge"", ""limit"": [""2 per quarter""], ""eligibility"": [""No explicit spend condition""]}]",,,,"[{""mainTitle"": ""Insurance"", ""child"": ""Insurance""}, {""mainTitle"": ""MMT MyBiz"", ""child"": ""4% off on Flights and Hotels Booking""}, {""mainTitle"": ""Nuclei"", ""child"": ""Discount on Business Software""}]","[""Insurance"", ""4% off on Flights and Hotels Booking"", ""Discount on Business Software""]",,,,savesage.club,https://savesage.club/credit-card/hdfc-sap-concur-solutions-prime-corporate
HDFC Biz Power credit card,HDFC Bank,HDFC,,"[""Catalogue Products"", ""Pay by Points""]",2500,,,0.5% to 1.5%,"[{""child"": ""Earn 5 Reward Points per ₹200 spent"", ""name"": ""Base Rewards""}, {""child"": ""Earn 50 Reward Points per ₹200 spent"", ""name"": ""IGP via SmartBuy""}, {""child"": ""Earn 50 Reward Points per ₹200 spent"", ""name"": ""Hotels via SmartBuy""}, {""child"": ""Earn 50 Reward Points per ₹200 spent"", ""name"": ""PharmEasy via SmartBuy""}, {""child"": ""Earn 50 Reward Points per ₹200 spent"", ""name"": ""Jockey via SmartBuy""}, {""child"": ""Earn 25 Reward Points per ₹200 spent"", ""name"": ""Nuclei via SmartBuy""}, {""child"": ""Earn 25 Reward Points per ₹200 spent"", ""name"": ""Apple via SmartBuy""}, {""child"": ""Earn 25 Reward Points per ₹200 spent"", ""name"": ""Drivado via SmartBuy""}, {""child"": ""Earn 25 Reward Points per ₹200 spent"", ""name"": ""SmartPay""}, {""child"": ""Earn 25 Reward Points per ₹200 spent"", ""name"": ""MakeMyTrip""}, {""child"": ""Earn 25 Reward Points per ₹200 spent"", ""name"": ""Reliance Digital""}, {""child"": ""Earn 25 Reward Points per ₹200 spent"", ""name"": ""PayZapp""}, {""child"": ""Earn 25 Reward Points per ₹200 spent"", ""name"": ""Flights via SmartBuy""}, {""child"": ""Earn 25 Reward Points per ₹200 spent"", ""name"": ""Redbus via SmartBuy""}, {""child"": ""Earn 25 Reward Points per ₹200 spent"", ""name"": ""Gift Cards via SmartBuy""}, {""child"": ""Earn 25 Reward Points per ₹200 spent"", ""name"": ""Holidays via SmartBuy""}, {""child"": ""Earn 25 Reward Points per ₹200 spent"", ""name"": ""Duty Free (Adani One) via Smartbuy""}, {""child"": ""Earn 25 Reward Points per ₹200 spent"", ""name"": ""Myntra via SmartBuy""}, {""child"": ""Earn 25 Reward Points per ₹200 spent"", ""name"": ""GoogleAds""}, {""child"": ""Earn 25 Reward Points per ₹200 spent"", ""name"": ""Government""}, {""child"": ""Earn 25 Reward Points per ₹200 spent"", ""name"": ""MakeMyTrip MyBiz""}, {""child"": ""Earn 15 Reward Points per ₹200 spent"", ""name"": ""Trains via SmartBuy""}, {""child"": ""Earn 5 Reward Points per ₹200 spent"", ""name"": ""Grocery""}, {""child"": ""Earn 5 Reward Points per ₹200 spent"", ""name"": ""Insurance""}, {""child"": ""Earn 5 Reward Points per ₹200 spent"", ""name"": ""Utilities & Telecom""}, {""child"": "" No Reward Points on this category."", ""name"": ""UPI""}, {""child"": "" No Reward Points on this category."", ""name"": ""Wallets""}, {""child"": "" No Reward Points on this category."", ""name"": ""Education""}, {""child"": "" No Reward Points on this category."", ""name"": ""Rent""}, {""child"": "" No Reward Points on this category."", ""name"": ""Fuel""}]","[{""title"": "" Discover Reward Points Redemption Options"", ""subtitle"": ""To explore the full range of redemption options for this card, download the SaveSage Club app now."", ""barCodeImageUrl"": ""/"", ""appUrl"": ""https://savesage.co/ZH8bLjZqSPb""}]",,"[{""milestoneNumber"": 1, ""spent"": 0, ""cycleType"": ""STATEMENT"", ""benefits"": ""Get Amazon Voucher worth Rs.1,500 / Amazon Prime Annual Membership + Biz Prime 6 Months subscription"", ""milestoneType"": ""DAYS""}, {""milestoneNumber"": 2, ""spent"": 75000, ""cycleType"": ""STATEMENT"", ""benefits"": ""1 Zero Cancellation flight Voucher (Make My Trip)"", ""milestoneType"": ""QUARTER""}, {""milestoneNumber"": 3, ""spent"": 250000, ""cycleType"": ""STATEMENT"", ""benefits"": ""Gift Voucher worth ₹5000 of MakeMyTrip/Reliance Digital.Excludes fuel, IT, GST, and EMI spends"", ""milestoneType"": ""QUARTER""}, {""milestoneNumber"": 4, ""spent"": 400000, ""cycleType"": ""STATEMENT"", ""benefits"": ""The renewal fee will be waived."", ""milestoneType"": ""YEAR""}]","[{""maintitle"": ""Domestic lounge"", ""limit"": [""2 per calendar quarter""], ""eligibility"": [""Additional 2 complimentary lounge access on spending of ₹75,000 in the previous quarter.""]}, {""maintitle"": ""International lounge"", ""limit"": [""6 international lounge access via priority pass per year""], ""eligibility"": [""6 Complimentary Lounge Access using Priority Pass.""]}, {""maintitle"": ""Add on card domestic lounge"", ""limit"": [""2 per calendar quarter""], ""eligibility"": [""""]}, {""maintitle"": ""Add on card international lounge"", ""limit"": [""6 international lounge access via priority pass per year""], ""eligibility"": [""""]}]",,,,"[{""mainTitle"": ""Dining"", ""child"": ""20% Discount""}, {""mainTitle"": ""Insurance"", ""child"": ""Insurance""}, {""mainTitle"": ""MMT MyBiz"", ""child"": ""4% off on Flights and Hotels Booking""}, {""mainTitle"": ""Nuclei"", ""child"": ""Discount on Business Software""}]","[""20% Discount"", ""Insurance"", ""4% off on Flights and Hotels Booking"", ""Discount on Business Software""]",,,,savesage.club,https://savesage.club/credit-card/hdfc-biz-power
HDFC Biz Grow credit card,HDFC Bank,HDFC,,"[""Experience"", ""Travel Booking"", ""Hotel Transfer""]",500,,,2% to 3%,"[{""child"": ""Earn 2 Reward Points per ₹200 spent"", ""name"": ""Base Rewards""}, {""child"": ""Earn 20 Reward Points per ₹200 spent"", ""name"": ""ClearTax""}, {""child"": ""Earn 20 Reward Points per ₹200 spent"", ""name"": ""DMart""}, {""child"": ""Earn 20 Reward Points per ₹200 spent"", ""name"": ""Income/Advance Tax/GST""}, {""child"": ""Earn 20 Reward Points per ₹200 spent"", ""name"": ""Nuclei""}, {""child"": ""Earn 20 Reward Points per ₹200 spent"", ""name"": ""MakeMyTrip MyBiz""}, {""child"": ""Earn 5 Reward Points per ₹200 spent"", ""name"": ""Insurance""}, {""child"": ""Earn 5 Reward Points per ₹200 spent"", ""name"": ""Grocery""}, {""child"": "" No Reward Points on this category."", ""name"": ""Wallets""}, {""child"": "" No Reward Points on this category."", ""name"": ""Utilities & Telecom""}, {""child"": "" No Reward Points on this category."", ""name"": ""Rent""}, {""child"": "" No Reward Points on this category."", ""name"": ""Jewellery""}, {""child"": "" No Reward Points on this category."", ""name"": ""Fuel""}]","[{""title"": "" Discover Reward Points Redemption Options"", ""subtitle"": ""To explore the full range of redemption options for this card, download the SaveSage Club app now."", ""barCodeImageUrl"": ""/"", ""appUrl"": ""https://savesage.co/ZH8bLjZqSPb""}]",,"[{""milestoneNumber"": 1, ""spent"": 0, ""cycleType"": ""STATEMENT"", ""benefits"": ""Get gift voucher worth Rs.250"", ""milestoneType"": ""YEAR""}, {""milestoneNumber"": 2, ""spent"": 100000, ""cycleType"": ""STATEMENT"", ""benefits"": ""Earn 2,000 CashPoints."", ""milestoneType"": ""QUARTER""}]",[],,,,"[{""mainTitle"": ""Dining"", ""child"": ""20% Discount Via Dineout""}, {""mainTitle"": ""Insurance"", ""child"": ""Insurance""}, {""mainTitle"": ""MMT MyBiz"", ""child"": ""4% off on Flights and Hotels Booking""}, {""mainTitle"": ""Nuclei"", ""child"": ""Discount on Business Software""}]","[""20% Discount Via Dineout"", ""Insurance"", ""4% off on Flights and Hotels Booking"", ""Discount on Business Software""]",,,,savesage.club,https://savesage.club/credit-card/hdfc-biz-grow
HDFC Biz First credit card,HDFC Bank,HDFC,,"[""Travel Booking"", ""Airline Transfer"", ""Hotel Transfer""]",500,,,2% to 5%,"[{""child"": ""Earn 1 Reward Points per ₹100 spent"", ""name"": ""Base Rewards""}, {""child"": ""Earn 3 Reward Points per ₹100 spent"", ""name"": ""EMI""}, {""child"": ""Earn 2 Reward Points per ₹100 spent"", ""name"": ""Flights via SmartBuy""}, {""child"": ""Earn 2 Reward Points per ₹100 spent"", ""name"": ""Electronics""}, {""child"": ""Earn 2 Reward Points per ₹100 spent"", ""name"": ""Duty Free (Adani One) via Smartbuy""}, {""child"": ""Earn 2 Reward Points per ₹100 spent"", ""name"": ""IGP via SmartBuy""}, {""child"": ""Earn 2 Reward Points per ₹100 spent"", ""name"": ""Jockey via SmartBuy""}, {""child"": ""Earn 2 Reward Points per ₹100 spent"", ""name"": ""PharmEasy via SmartBuy""}, {""child"": ""Earn 2 Reward Points per ₹100 spent"", ""name"": ""Apple via SmartBuy""}, {""child"": ""Earn 2 Reward Points per ₹100 spent"", ""name"": ""Myntra via SmartBuy""}, {""child"": ""Earn 2 Reward Points per ₹100 spent"", ""name"": ""Utilities""}, {""child"": ""Earn 2 Reward Points per ₹100 spent"", ""name"": ""PayZapp/EasyEMI/SmartBUY/SmartPay""}, {""child"": ""Earn 2 Reward Points per ₹100 spent"", ""name"": ""RedBus via SmartBuy""}, {""child"": ""Earn 2 Reward Points per ₹100 spent"", ""name"": ""Holidays via SmartBuy""}, {""child"": ""Earn 2 Reward Points per ₹100 spent"", ""name"": ""Hotels via SmartBuy""}, {""child"": ""Earn 2 Reward Points per ₹100 spent"", ""name"": ""Trains via SmartBuy""}, {""child"": ""Earn 2 Reward Points per ₹100 spent"", ""name"": ""Gift Cards via SmartBuy""}, {""child"": ""Earn 1 Reward Points per ₹100 spent"", ""name"": ""UPI""}, {""child"": "" No Reward Points on this category."", ""name"": ""Fuel""}, {""child"": "" No Reward Points on this category."", ""name"": ""Jewellery""}, {""child"": "" No Reward Points on this category."", ""name"": ""Rent""}, {""child"": "" No Reward Points on this category."", ""name"": ""Wallets""}]","[{""title"": "" Discover Reward Points Redemption Options"", ""subtitle"": ""To explore the full range of redemption options for this card, download the SaveSage Club app now."", ""barCodeImageUrl"": ""/"", ""appUrl"": ""https://savesage.co/ZH8bLjZqSPb""}]",,"[{""milestoneNumber"": 1, ""spent"": 0, ""cycleType"": ""STATEMENT"", ""benefits"": ""Get gift voucher worth Rs.250"", ""milestoneType"": ""YEAR""}, {""milestoneNumber"": 2, ""spent"": 75000, ""cycleType"": ""STATEMENT"", ""benefits"": ""Earn 2,000 CashPoints."", ""milestoneType"": ""QUARTER""}]",[],,,,"[{""mainTitle"": ""Dining"", ""child"": ""20% Discount""}, {""mainTitle"": ""Insurance"", ""child"": ""Insurance""}, {""mainTitle"": ""MMT MyBiz"", ""child"": ""4% off on Flights and Hotels Booking""}, {""mainTitle"": ""Nuclei"", ""child"": ""Discount on Business Software""}]","[""20% Discount"", ""Insurance"", ""4% off on Flights and Hotels Booking"", ""Discount on Business Software""]",,,,savesage.club,https://savesage.club/credit-card/hdfc-biz-first
HDFC Giga Business credit card,HDFC Bank,HDFC,,"[""Cashback"", ""Catalogue Products""]",500,,,0.5% to 1.5%,"[{""child"": ""Earn 2 Reward Points per ₹200 spent"", ""name"": ""Base Rewards""}, {""child"": ""Earn 6 Reward Points per ₹200 spent"", ""name"": ""Utilities""}, {""child"": ""Earn 6 Reward Points per ₹200 spent"", ""name"": ""GST Payment""}, {""child"": ""Earn 6 Reward Points per ₹200 spent"", ""name"": ""Business Spends (Digital)""}, {""child"": ""Earn 6 Reward Points per ₹200 spent"", ""name"": ""MakeMyTrip MyBiz""}, {""child"": ""Earn 6 Reward Points per ₹200 spent"", ""name"": ""Nuclei""}, {""child"": ""Earn 6 Reward Points per ₹200 spent"", ""name"": ""Income/Advance Tax""}, {""child"": "" No Reward Points on this category."", ""name"": ""Jewellery""}, {""child"": "" No Reward Points on this category."", ""name"": ""Wallets""}, {""child"": "" No Reward Points on this category."", ""name"": ""Fuel""}, {""child"": "" No Reward Points on this category."", ""name"": ""Rent""}]","[{""title"": "" Discover Reward Points Redemption Options"", ""subtitle"": ""To explore the full range of redemption options for this card, download the SaveSage Club app now."", ""barCodeImageUrl"": ""/"", ""appUrl"": ""https://savesage.co/ZH8bLjZqSPb""}]",,"[{""milestoneNumber"": 1, ""spent"": 0, ""cycleType"": ""STATEMENT"", ""benefits"": ""Get OTT Play Premium"", ""milestoneType"": ""YEAR""}, {""milestoneNumber"": 2, ""spent"": 50000, ""cycleType"": ""STATEMENT"", ""benefits"": ""Bonus 800 Cash points."", ""milestoneType"": ""MONTH""}]",[],,,,"[{""mainTitle"": ""Dining"", ""child"": ""20% Discount""}, {""mainTitle"": ""SMARTBUY"", ""child"": ""10% Discount""}]","[""20% Discount"", ""10% Discount""]",,,,savesage.club,https://savesage.club/credit-card/hdfc-giga-business
HDFC CSC Small Business credit card,HDFC Bank,HDFC,,"[""Cashback"", ""Catalogue Products""]",250,,,0.5% to 2%,"[{""child"": ""Earn 2 Reward Points per ₹200 spent"", ""name"": ""Base Rewards""}, {""child"": ""Earn 10 Reward Points per ₹200 spent"", ""name"": ""Government""}, {""child"": ""Earn 10 Reward Points per ₹200 spent"", ""name"": ""Utilities""}, {""child"": ""Earn 10 Reward Points per ₹200 spent"", ""name"": ""Telecom & Cables""}, {""child"": ""Earn 4 Reward Points per ₹200 spent"", ""name"": ""Online""}, {""child"": "" No Reward Points on this category."", ""name"": ""Fuel""}, {""child"": "" No Reward Points on this category."", ""name"": ""Jewellery""}, {""child"": "" No Reward Points on this category."", ""name"": ""Rent""}, {""child"": "" No Reward Points on this category."", ""name"": ""Wallets""}]","[{""title"": "" Discover Reward Points Redemption Options"", ""subtitle"": ""To explore the full range of redemption options for this card, download the SaveSage Club app now."", ""barCodeImageUrl"": ""/"", ""appUrl"": ""https://savesage.co/ZH8bLjZqSPb""}]",,"[{""milestoneNumber"": 1, ""spent"": 25000, ""cycleType"": ""STATEMENT"", ""benefits"": ""The renewal fee will be waived."", ""milestoneType"": ""YEAR""}, {""milestoneNumber"": 2, ""spent"": 90000, ""cycleType"": ""STATEMENT"", ""benefits"": ""1,000 RPs."", ""milestoneType"": ""YEAR""}]",[],,,,"[{""mainTitle"": ""Dining"", ""child"": ""20% Discount""}]","[""20% Discount""]",,,,savesage.club,https://savesage.club/credit-card/hdfc-csc-small-business
HDFC Paytm Business credit card,HDFC Bank,HDFC,,"[""Experience"", ""Travel Booking"", ""Hotel Transfer"", ""Catalogue Products""]",500,,,1% to 2%,"[{""child"": ""Earn 1 Reward Points per ₹100 spent"", ""name"": ""Base Rewards""}, {""child"": ""Earn 3 Reward Points per ₹100 spent"", ""name"": ""Movies via Paytm""}, {""child"": ""Earn 2 Reward Points per ₹100 spent"", ""name"": ""Wallets""}, {""child"": "" No Reward Points on this category."", ""name"": ""EMI""}, {""child"": "" No Reward Points on this category."", ""name"": ""Rent""}, {""child"": "" No Reward Points on this category."", ""name"": ""Jewellery""}, {""child"": "" No Reward Points on this category."", ""name"": ""Utilities""}, {""child"": "" No Reward Points on this category."", ""name"": ""Education""}, {""child"": "" No Reward Points on this category."", ""name"": ""Fuel""}]","[{""title"": "" Discover Reward Points Redemption Options"", ""subtitle"": ""To explore the full range of redemption options for this card, download the SaveSage Club app now."", ""barCodeImageUrl"": ""/"", ""appUrl"": ""https://savesage.co/ZH8bLjZqSPb""}]",,"[{""milestoneNumber"": 1, ""spent"": 100000, ""cycleType"": ""STATEMENT"", ""benefits"": ""₹500 worth Gift Voucher."", ""milestoneType"": ""YEAR""}]",[],,,,"[{""mainTitle"": ""Dining"", ""child"": ""20% Discount""}]","[""20% Discount""]",,,,savesage.club,https://savesage.club/credit-card/hdfc-paytm-business
HDFC Paytm SELECT Business credit card,HDFC Bank,HDFC,,"[""Experience"", ""Travel Booking"", ""Hotel Transfer"", ""Pay by Points""]",1000,,,1% to 2.5%,"[{""child"": ""Earn 1 Reward Points per ₹100 spent"", ""name"": ""Base Rewards""}, {""child"": ""Earn 5 Reward Points per ₹100 spent"", ""name"": ""Movies via Paytm""}, {""child"": ""Earn 3 Reward Points per ₹100 spent"", ""name"": ""Uber""}, {""child"": ""Earn 3 Reward Points per ₹100 spent"", ""name"": ""Ajio""}, {""child"": ""Earn 3 Reward Points per ₹100 spent"", ""name"": ""BigBasket""}, {""child"": ""Earn 3 Reward Points per ₹100 spent"", ""name"": ""Swiggy""}, {""child"": "" No Reward Points on this category."", ""name"": ""Wallets""}, {""child"": "" No Reward Points on this category."", ""name"": ""Utilities""}, {""child"": "" No Reward Points on this category."", ""name"": ""Education""}, {""child"": "" No Reward Points on this category."", ""name"": ""Fuel""}, {""child"": "" No Reward Points on this category."", ""name"": ""EMI""}, {""child"": "" No Reward Points on this category."", ""name"": ""Jewellery""}, {""child"": "" No Reward Points on this category."", ""name"": ""Rent""}]","[{""title"": "" Discover Reward Points Redemption Options"", ""subtitle"": ""To explore the full range of redemption options for this card, download the SaveSage Club app now."", ""barCodeImageUrl"": ""/"", ""appUrl"": ""https://savesage.co/ZH8bLjZqSPb""}]",,"[{""milestoneNumber"": 1, ""spent"": 200000, ""cycleType"": ""STATEMENT"", ""benefits"": ""₹1,000 worth Gift Voucher."", ""milestoneType"": ""YEAR""}]",[],,,,"[{""mainTitle"": ""Dining"", ""child"": ""20% Discount""}]","[""20% Discount""]",,,,savesage.club,https://savesage.club/credit-card/hdfc-paytm-select-business
HDFC UPI RuPay Biz credit card,HDFC Bank,HDFC,,[],99,,,NA,"[{""child"": ""Earn 1 Reward Points per ₹100 spent"", ""name"": ""Base Rewards""}, {""child"": ""Earn 3 Reward Points per ₹100 spent"", ""name"": ""Dining""}, {""child"": ""Earn 3 Reward Points per ₹100 spent"", ""name"": ""Grocery""}, {""child"": ""Earn 3 Reward Points per ₹100 spent"", ""name"": ""Supermarket""}, {""child"": ""Earn 2 Reward Points per ₹100 spent"", ""name"": ""Utilities""}, {""child"": "" No Reward Points on this category."", ""name"": ""Wallets""}, {""child"": "" No Reward Points on this category."", ""name"": ""Fuel""}, {""child"": "" No Reward Points on this category."", ""name"": ""Jewellery""}, {""child"": "" No Reward Points on this category."", ""name"": ""Rent""}, {""child"": "" No Reward Points on this category."", ""name"": ""Education""}]","[{""title"": "" Discover Reward Points Redemption Options"", ""subtitle"": ""To explore the full range of redemption options for this card, download the SaveSage Club app now."", ""barCodeImageUrl"": ""/"", ""appUrl"": ""https://savesage.co/ZH8bLjZqSPb""}]",,"[{""milestoneNumber"": 1, ""spent"": 25000, ""cycleType"": ""STATEMENT"", ""benefits"": ""The renewal fee will be waived."", ""milestoneType"": ""YEAR""}]",[],,,,[],[],,,,savesage.club,https://savesage.club/credit-card/hdfc-upi-rupay-biz
HDFC Flipkart Wholesale credit card,HDFC Bank,HDFC,,"[""Cashback""]",499,,,1% to 5%,"[{""child"": ""Earn 1 Reward Points per ₹100 spent"", ""name"": ""Base Rewards""}, {""child"": ""Earn 5 Reward Points per ₹100 spent"", ""name"": ""Flipkart Wholesale""}, {""child"": ""Earn 5 Reward Points per ₹100 spent"", ""name"": ""Utilities""}, {""child"": ""Earn 5 Reward Points per ₹100 spent"", ""name"": ""Telecom & Cables""}, {""child"": ""Earn 5 Reward Points per ₹100 spent"", ""name"": ""Government""}, {""child"": "" No Reward Points on this category."", ""name"": ""Education""}, {""child"": "" No Reward Points on this category."", ""name"": ""Fuel""}, {""child"": "" No Reward Points on this category."", ""name"": ""Rent""}, {""child"": "" No Reward Points on this category."", ""name"": ""Wallets""}, {""child"": "" No Reward Points on this category."", ""name"": ""Jewellery""}]","[{""title"": "" Discover Reward Points Redemption Options"", ""subtitle"": ""To explore the full range of redemption options for this card, download the SaveSage Club app now."", ""barCodeImageUrl"": ""/"", ""appUrl"": ""https://savesage.co/ZH8bLjZqSPb""}]",,"[{""milestoneNumber"": 1, ""spent"": 300000, ""cycleType"": ""STATEMENT"", ""benefits"": ""The renewal fee will be waived."", ""milestoneType"": ""YEAR""}]",[],,,,"[{""mainTitle"": ""Disney+Hotstar"", ""child"": ""Free Subscription""}, {""mainTitle"": ""SonyLIV"", ""child"": ""Free Subscription""}, {""mainTitle"": ""ZEE5"", ""child"": ""Free Subscription""}]","[""Free Subscription"", ""Free Subscription"", ""Free Subscription""]",,,,savesage.club,https://savesage.club/credit-card/hdfc-flipkart-wholesale
SBI BPCL Octane credit card,SBI Card,SBI,,"[""Experience"", ""Travel Booking"", ""Hotel Transfer"", ""Pay by Points""]",1499,,,2% to 5%,"[{""child"": ""Earn 1 Reward Points per ₹100 spent"", ""name"": ""Base Rewards""}, {""child"": ""Earn 25 Reward Points per ₹100 spent"", ""name"": ""BPCL""}, {""child"": ""Earn 25 Reward Points per ₹100 spent"", ""name"": ""Bharat Gas""}, {""child"": ""Earn 10 Reward Points per ₹100 spent"", ""name"": ""Dining""}, {""child"": ""Earn 10 Reward Points per ₹100 spent"", ""name"": ""Departmental Stores""}, {""child"": ""Earn 10 Reward Points per ₹100 spent"", ""name"": ""Grocery""}, {""child"": ""Earn 10 Reward Points per ₹100 spent"", ""name"": ""Movies""}, {""child"": "" No Reward Points on this category."", ""name"": ""UPI""}, {""child"": "" No Reward Points on this category."", ""name"": ""Rent""}, {""child"": "" No Reward Points on this category."", ""name"": ""Utilities""}, {""child"": "" No Reward Points on this category."", ""name"": ""Wallets""}, {""child"": "" No Reward Points on this category."", ""name"": ""Fuel (Other than BPCL)""}, {""child"": "" No Reward Points on this category."", ""name"": ""Education (Third-party)""}]","[{""title"": "" Discover Reward Points Redemption Options"", ""subtitle"": ""To explore the full range of redemption options for this card, download the SaveSage Club app now."", ""barCodeImageUrl"": ""/"", ""appUrl"": ""https://savesage.co/ZH8bLjZqSPb""}]",,"[{""milestoneNumber"": 1, ""spent"": 0, ""cycleType"": ""STATEMENT"", ""benefits"": ""Get 6000 bonus reward points equivalent to INR 1500."", ""milestoneType"": ""YEAR""}, {""milestoneNumber"": 2, ""spent"": 200000, ""cycleType"": ""STATEMENT"", ""benefits"": ""The renewal fee will be waived."", ""milestoneType"": ""YEAR""}, {""milestoneNumber"": 3, ""spent"": 300000, ""cycleType"": ""STATEMENT"", ""benefits"": ""e-Gift Vouchers worth ₹2,000 from Aditya Birla Fashion Or Yatra Or Bata/Hush Puppies."", ""milestoneType"": ""YEAR""}]","[{""maintitle"": ""Domestic lounge"", ""limit"": [""1 per quarter""], ""eligibility"": [""No explicit spend condition""]}]",,,,[],[],,,,savesage.club,https://savesage.club/credit-card/sbi-bpcl-octane
Axis Cashback credit card,Axis Bank,Axis,,"[""Catalogue Products"", ""Experience""]",1000,,,0.5% to 1%,"[{""child"": ""Earn 0.75 Reward Points per ₹100 spent"", ""name"": ""Base Rewards""}, {""child"": ""Earn 7 Reward Points per ₹100 spent"", ""name"": ""Online (spends > ₹40,000)""}, {""child"": ""Earn 5 Reward Points per ₹100 spent"", ""name"": ""Online (₹5001 - ₹40000)""}, {""child"": ""Earn 2 Reward Points per ₹100 spent"", ""name"": ""Online (spends <= ₹5000)""}, {""child"": ""Earn 0.75 Reward Points per ₹100 spent"", ""name"": ""Travel""}, {""child"": ""Earn 0.5 Reward Points per ₹100 spent"", ""name"": ""Utilities""}, {""child"": "" No Reward Points on this category."", ""name"": ""Insurance""}, {""child"": "" No Reward Points on this category."", ""name"": ""Jewellery""}, {""child"": "" No Reward Points on this category."", ""name"": ""Transportation & Tolls""}, {""child"": "" No Reward Points on this category."", ""name"": ""Rent""}, {""child"": "" No Reward Points on this category."", ""name"": ""Wallets""}, {""child"": "" No Reward Points on this category."", ""name"": ""Education""}, {""child"": "" No Reward Points on this category."", ""name"": ""Government""}, {""child"": "" No Reward Points on this category."", ""name"": ""UPI""}, {""child"": "" No Reward Points on this category."", ""name"": ""Fuel""}]","[{""title"": "" Discover Reward Points Redemption Options"", ""subtitle"": ""To explore the full range of redemption options for this card, download the SaveSage Club app now."", ""barCodeImageUrl"": ""/"", ""appUrl"": ""https://savesage.co/ZH8bLjZqSPb""}]",,"[{""milestoneNumber"": 1, ""spent"": 400000, ""cycleType"": ""STATEMENT"", ""benefits"": ""The renewal fee will be waived."", ""milestoneType"": ""YEAR""}]",[],,,,"[{""mainTitle"": ""EazyDiner"", ""child"": ""15% off via Dining Delights Program""}]","[""15% off via Dining Delights Program""]",,,,savesage.club,https://savesage.club/credit-card/axis-cashback
BOB One Card credit card,Bank of Baroda,BOB,,"[""Experience"", ""Travel Booking""]",0,,,2% to 5%,"[{""child"": ""Earn 1 Reward Points per ₹50 spent"", ""name"": ""Base Rewards""}, {""child"": ""Earn 5 Reward Points per ₹50 spent"", ""name"": ""Top 2 of 3 Categories""}, {""child"": "" No Reward Points on this category."", ""name"": ""Jewellery""}, {""child"": "" No Reward Points on this category."", ""name"": ""Rent""}, {""child"": "" No Reward Points on this category."", ""name"": ""Utilities""}, {""child"": "" No Reward Points on this category."", ""name"": ""Fuel""}, {""child"": "" No Reward Points on this category."", ""name"": ""Wallets""}, {""child"": "" No Reward Points on this category."", ""name"": ""Transportation & Tolls""}]","[{""title"": "" Discover Reward Points Redemption Options"", ""subtitle"": ""To explore the full range of redemption options for this card, download the SaveSage Club app now."", ""barCodeImageUrl"": ""/"", ""appUrl"": ""https://savesage.co/ZH8bLjZqSPb""}]",,[],[],,,,"[{""mainTitle"": ""EazyDiner"", ""child"": ""Upto ₹400 off""}]","[""Upto ₹400 off""]",,,,savesage.club,https://savesage.club/credit-card/bob-one-card
CSB One Card credit card,CSB Bank,CSB,,"[""Experience""]",0,,,2% to 4%,"[{""child"": ""Earn 1 Reward Points per ₹50 spent"", ""name"": ""Base Rewards""}, {""child"": ""Earn 5 Reward Points per ₹50 spent"", ""name"": ""Top 2 of 3 Categories""}, {""child"": "" No Reward Points on this category."", ""name"": ""Fuel""}, {""child"": "" No Reward Points on this category."", ""name"": ""Utilities""}, {""child"": "" No Reward Points on this category."", ""name"": ""Wallets""}, {""child"": "" No Reward Points on this category."", ""name"": ""Rent""}, {""child"": "" No Reward Points on this category."", ""name"": ""Jewellery""}]","[{""title"": "" Discover Reward Points Redemption Options"", ""subtitle"": ""To explore the full range of redemption options for this card, download the SaveSage Club app now."", ""barCodeImageUrl"": ""/"", ""appUrl"": ""https://savesage.co/ZH8bLjZqSPb""}]",,[],[],,,,[],[],,,,savesage.club,https://savesage.club/credit-card/csb-one-card
SBM One Card credit card,SBM Bank,SBM,,[],0,,,NA,"[{""child"": ""Earn 1 Reward Points per ₹50 spent"", ""name"": ""Base Rewards""}, {""child"": ""Earn 5 Reward Points per ₹50 spent"", ""name"": ""Top 2 of 3 Categories""}, {""child"": "" No Reward Points on this category."", ""name"": ""Jewellery""}, {""child"": "" No Reward Points on this category."", ""name"": ""Rent""}, {""child"": "" No Reward Points on this category."", ""name"": ""Utilities""}, {""child"": "" No Reward Points on this category."", ""name"": ""Wallets""}, {""child"": "" No Reward Points on this category."", ""name"": ""Fuel""}]","[{""title"": "" Discover Reward Points Redemption Options"", ""subtitle"": ""To explore the full range of redemption options for this card, download the SaveSage Club app now."", ""barCodeImageUrl"": ""/"", ""appUrl"": ""https://savesage.co/ZH8bLjZqSPb""}]",,[],[],,,,[],[],,,,savesage.club,https://savesage.club/credit-card/sbm-one-card
South Indian One Card credit card,South Indian Bank,South Indian,,[],0,,,0.5% to 1.5%,"[{""child"": ""Earn 1 Reward Points per ₹50 spent"", ""name"": ""Base Rewards""}, {""child"": ""Earn 5 Reward Points per ₹50 spent"", ""name"": ""Top 2 of 3 Categories""}, {""child"": ""Earn 4 Reward Points per ₹100 spent"", ""name"": ""Dining""}, {""child"": "" No Reward Points on this category."", ""name"": ""Wallets""}, {""child"": "" No Reward Points on this category."", ""name"": ""Fuel""}, {""child"": "" No Reward Points on this category."", ""name"": ""Utilities""}, {""child"": "" No Reward Points on this category."", ""name"": ""Jewellery""}, {""child"": "" No Reward Points on this category."", ""name"": ""Rent""}]","[{""title"": "" Discover Reward Points Redemption Options"", ""subtitle"": ""To explore the full range of redemption options for this card, download the SaveSage Club app now."", ""barCodeImageUrl"": ""/"", ""appUrl"": ""https://savesage.co/ZH8bLjZqSPb""}]",,[],[],,,,[],[],,,,savesage.club,https://savesage.club/credit-card/south-indian-one-card
Indian One Card credit card,Indian Bank,Indian,,"[""Experience""]",0,,,3% to 6%,"[{""child"": ""Earn 1 Reward Points per ₹50 spent"", ""name"": ""Base Rewards""}, {""child"": ""Earn 5 Reward Points per ₹50 spent"", ""name"": ""Top 2 of 3 Categories""}, {""child"": "" No Reward Points on this category."", ""name"": ""Rent""}, {""child"": "" No Reward Points on this category."", ""name"": ""Fuel""}, {""child"": "" No Reward Points on this category."", ""name"": ""Jewellery""}, {""child"": "" No Reward Points on this category."", ""name"": ""Wallets""}, {""child"": "" No Reward Points on this category."", ""name"": ""Utilities""}]","[{""title"": "" Discover Reward Points Redemption Options"", ""subtitle"": ""To explore the full range of redemption options for this card, download the SaveSage Club app now."", ""barCodeImageUrl"": ""/"", ""appUrl"": ""https://savesage.co/ZH8bLjZqSPb""}]",,[],[],,,,[],[],,,,savesage.club,https://savesage.club/credit-card/indian-one-card
HDFC Infinia Plastic credit card,HDFC Bank,HDFC,,"[""Brand Wallet"", ""Cashback""]",10000,,,1% to 2%,"[{""child"": ""Earn 5 Reward Points per ₹150 spent"", ""name"": ""Base Rewards""}, {""child"": ""Earn 50 Reward Points per ₹150 spent"", ""name"": ""Hotels via SmartBuy""}, {""child"": ""Earn 50 Reward Points per ₹150 spent"", ""name"": ""IGP via SmartBuy""}, {""child"": ""Earn 50 Reward Points per ₹150 spent"", ""name"": ""PharmEasy via SmartBuy""}, {""child"": ""Earn 50 Reward Points per ₹150 spent"", ""name"": ""Jockey via SmartBuy""}, {""child"": ""Earn 25 Reward Points per ₹150 spent"", ""name"": ""Holidays via SmartBuy""}, {""child"": ""Earn 25 Reward Points per ₹150 spent"", ""name"": ""Gift Cards via SmartBuy""}, {""child"": ""Earn 25 Reward Points per ₹150 spent"", ""name"": ""Apple via SmartBuy""}, {""child"": ""Earn 25 Reward Points per ₹150 spent"", ""name"": ""Myntra via SmartBuy""}, {""child"": ""Earn 25 Reward Points per ₹150 spent"", ""name"": ""RedBus via SmartBuy""}, {""child"": ""Earn 25 Reward Points per ₹150 spent"", ""name"": ""Flights via SmartBuy""}, {""child"": ""Earn 25 Reward Points per ₹150 spent"", ""name"": ""Duty Free (Adani One) via Smartbuy""}, {""child"": ""Earn 25 Reward Points per ₹150 spent"", ""name"": ""Drivado via SmartBuy""}, {""child"": ""Earn 15 Reward Points per ₹150 spent"", ""name"": ""Trains via SmartBuy""}, {""child"": ""Earn 5 Reward Points per ₹150 spent"", ""name"": ""Insurance""}, {""child"": ""Earn 5 Reward Points per ₹150 spent"", ""name"": ""International""}, {""child"": ""Earn 5 Reward Points per ₹150 spent"", ""name"": ""Education""}, {""child"": ""Earn 5 Reward Points per ₹150 spent"", ""name"": ""Telecom & Cables""}, {""child"": ""Earn 5 Reward Points per ₹150 spent"", ""name"": ""Utilities""}, {""child"": ""Earn 5 Reward Points per ₹150 spent"", ""name"": ""Grocery""}, {""child"": "" No Reward Points on this category."", ""name"": ""UPI""}, {""child"": "" No Reward Points on this category."", ""name"": ""Wallets""}, {""child"": "" No Reward Points on this category."", ""name"": ""Education (Third-Party)""}, {""child"": "" No Reward Points on this category."", ""name"": ""EMI""}, {""child"": "" No Reward Points on this category."", ""name"": ""Government""}, {""child"": "" No Reward Points on this category."", ""name"": ""Rent""}, {""child"": "" No Reward Points on this category."", ""name"": ""Fuel""}]","[{""title"": "" Discover Reward Points Redemption Options"", ""subtitle"": ""To explore the full range of redemption options for this card, download the SaveSage Club app now."", ""barCodeImageUrl"": ""/"", ""appUrl"": ""https://savesage.co/ZH8bLjZqSPb""}]",,"[{""milestoneNumber"": 1, ""spent"": 0, ""cycleType"": ""STATEMENT"", ""benefits"": ""10,000 reward points."", ""milestoneType"": ""YEAR""}, {""milestoneNumber"": 2, ""spent"": 800000, ""cycleType"": ""STATEMENT"", ""benefits"": ""The renewal fee will be waived.Renewal Benefit of 12500 points in case spend based waiver is not met."", ""milestoneType"": ""YEAR""}]","[{""maintitle"": ""Domestic lounge"", ""limit"": [""Unlimited""], ""eligibility"": [""No explicit spend condition""]}, {""maintitle"": ""International lounge"", ""limit"": [""Unlimited""], ""eligibility"": [""Unlimited through Priority Pass membership""]}, {""maintitle"": ""Add on card domestic lounge"", ""limit"": [""Unlimited""], ""eligibility"": [""As per primary card.""]}, {""maintitle"": ""Add on card international lounge"", ""limit"": [""Unlimited""], ""eligibility"": [""Unlimited through Priority Pass membership""]}]",,,,"[{""mainTitle"": ""CLUB ITC"", ""child"": ""1+1 complimentary buffet at participating ITC Hotels""}, {""mainTitle"": ""CLUB ITC"", ""child"": ""2+1 complimentary night @ ITC Hotels""}, {""mainTitle"": ""Club Marriott"", ""child"": ""Complimentary Club Marriott membership""}, {""mainTitle"": ""Concierge"", ""child"": ""Global personal Concierge""}, {""mainTitle"": ""Golf"", ""child"": ""Unlimited Golf Games and Coaching""}, {""mainTitle"": ""Insurance"", ""child"": ""Accidental Air Death Cover""}]","[""1+1 complimentary buffet at participating ITC Hotels"", ""2+1 complimentary night @ ITC Hotels"", ""Complimentary Club Marriott membership"", ""Global personal Concierge"", ""Unlimited Golf Games and Coaching"", ""Accidental Air Death Cover""]",,,,savesage.club,https://savesage.club/credit-card/hdfc-infinia-plastic