card_name,issuing_bank,issuing_bank_raw,card_network,categories,joining_fee,annual_fee,fee_waiver_condition,reward_rate,reward_structure,redemption_options,welcome_benefits,milestone_benefits,lounge_access,eligibility,interest_rate_apr,forex_markup,other_charges,key_features,pros,cons,rating,source_site,source_url
HDFC Bharat Credit Card,HDFC Bank,,,[],₹500 + GST,₹500 + GST,"waived on annual spends of ₹50,000",,,,,,,"{""age"": """", ""income"": """", ""location"": """", ""employment"": [], ""income_thresholds"": {}}",,,,,"[""Generous cashback of up to 5% on fuel purchases makes it ideal for regular drivers."", """", """", ""Annual fee waiver provides cost savings for frequent users."", """", """", ""Additional rewards on bill payments and mobile recharges enhance its value.""]","[""Limited rewards outside of specific categories may not appeal to all users."", """", """", ""Higher forex markup fee may deter international usage.""]",,rewardpoints.club,https://rewardpoints.club/library
HDFC Diners Club Black Metal Credit Card,HDFC Bank,,,[],₹10000 + GST,₹10000 + GST,waived on annual spends of ₹8 lakh,,,,"Complimentary annual memberships to Club Marriott, Amazon Prime, Swiggy One, and Times Prime","Complimentary annual memberships to Club Marriott, Amazon Prime, Swiggy One, and Times Prime",,"{""age"": """", ""income"": """", ""location"": """", ""employment"": [], ""income_thresholds"": {}}",,,,"High-spenders seeking premium travel, lifestyle, and dining benefits","[""Attractive rewards structure with high returns on partner brands."", ""Welcome bonus provides immediate value with complimentary memberships."", ""Unlimited lounge access enhances travel comfort significantly.""]","[""High annual fee may not be justified for low spenders."", ""Limited rewards outside specific categories may not appeal to all users.""]",,rewardpoints.club,https://rewardpoints.club/library
HDFC IndianOil Credit Card,HDFC Bank,,,[],₹500 + GST,₹500 + GST,"waived if annual spends exceed ₹50,000",,,,,,,"{""age"": """", ""income"": """", ""location"": """", ""employment"": [], ""income_thresholds"": {}}",,,,,"[""Generous cashback of up to 5% on fuel purchases makes it ideal for regular drivers."", """", """", ""Annual fee waiver provides cost savings for frequent users."", """", """", ""Additional rewards on grocery and utility payments enhance its value.""]","[""Limited rewards outside of fuel-related spending may not appeal to all users."", """", """", ""Higher forex markup fee may deter international users.""]",,rewardpoints.club,https://rewardpoints.club/library
HDFC Business Moneyback Credit Card,HDFC Bank,,,[],₹500 + GST,₹500 + GST,"Waived on annual spends of ₹50,001",,,,,,,"{""age"": """", ""income"": """", ""location"": """", ""employment"": [], ""income_thresholds"": {}}",,,,,"[""High cashback rate of 5% on key business expenses like dining and utility bills."", ""Affordable annual fee with easy waiver conditions for spends exceeding ₹50,000 annually."", ""Milestone benefits provide additional value for high spenders.""]","[""Limited rewards outside specific categories like dining and utility bills."", ""No lounge access or premium travel perks.""]",,rewardpoints.club,https://rewardpoints.club/library
HDFC Moneyback Plus Credit Card,HDFC Bank,,,[],₹500 + GST,₹500 + GST,"Waived on annual spends of ₹50,000",,,,500 CashPoints upon payment of the joining fee,500 CashPoints upon payment of the joining fee,,"{""age"": """", ""income"": """", ""location"": """", ""employment"": [], ""income_thresholds"": {}}",,,,,"[""High rewards rate on popular online shopping platforms makes it ideal for regular users."", """", """", ""Welcome bonus provides immediate value upon card activation."", """", """", ""Dining discounts enhance its appeal for food enthusiasts.""]","[""Limited rewards outside specific categories may not appeal to all users."", """", """", ""Higher forex markup fee could deter international usage.""]",,rewardpoints.club,https://rewardpoints.club/library
HDFC Shoppers Stop Regular Credit Card,HDFC Bank,,,[],₹299 + GST,₹299 + GST,Waived on annual spends of ₹1.5 lakh,,,,₹500 worth of Shoppers Stop vouchers upon first transaction,₹500 worth of Shoppers Stop vouchers upon first transaction,,"{""age"": """", ""income"": """", ""location"": """", ""employment"": [], ""income_thresholds"": {}}",,,,,"[""Up to 6% value back on Shoppers Stop purchases makes it ideal for frequent shoppers."", """", ""Low annual fees.""]","[""Limited cashback categories outside of Shoppers Stop purchases."", """", """", ""Cashback is locked to reward points usable at Shoppers Stop."", """", """", ""No travel or international benefits.""]",,rewardpoints.club,https://rewardpoints.club/library
HSBC VISA Platinum Card Credit Card,HSBC,,,[],₹0 (lifetime free),₹0 (lifetime free),NA,,,,"₹100 Amazon eGift Voucher (online application) + ₹500 cashback on spending ₹5,000 within 30 days
Additional one-night Taj Palace voucher on renewal","₹100 Amazon eGift Voucher (online application) + ₹500 cashback on spending ₹5,000 within 30 days
Additional one-night Taj Palace voucher on renewal",,"{""age"": """", ""income"": """", ""location"": """", ""employment"": [], ""income_thresholds"": {}}",,,,Individuals seeking a lifetime free Credit Card with basic rewards and benefits,"[""Lifetime free card with no joining or annual fees\r"", ""\r"", ""\r"", ""Reward acceleration after ₹4 lakh in annual spend\r"", ""\r"", ""\r"", ""Simple and transparent welcome bonus\r"", ""\r"", ""\r"", ""Redemption flexibility via gift vouchers and air miles""]","[""No travel perks or lounge access\r"", ""\r"", ""\r"", ""Basic reward rate not suited for high spenders""]",,rewardpoints.club,https://rewardpoints.club/library
American Express Gold Credit Card,American Express,,,[],"₹1,000 + GST","₹4,500 + GST",NA,,,,"4,000 MR Points on ₹10,000 spend in the first 90 days","4,000 MR Points on ₹10,000 spend in the first 90 days",,"{""age"": ""18+, Minimum"", ""income"": ""₹6L p.a,"", ""location"": ""available in select cities (primarily tier 1)"", ""employment"": [], ""income_thresholds"": {}}",,,,Users who want a monthly milestone-based rewards program and a card with no preset spending limit,"[""No preset spending limit gives flexibility"", ""Monthly milestone bonuses encourage consistent spending"", ""Rewards apply to fuel and utility spends – rare in premium cards""]","[""No lounge access or travel benefits"", ""₹4,500 annual fee with no waiver option"", ""Lower base reward rate if milestones are missed""]",,rewardpoints.club,https://rewardpoints.club/library
Axis Atlas Credit Card (Copy),Axis Bank,Axis,,"[""Travel"", ""Online Shopping"", ""Groceries"", ""Premium""]","₹5,000 + GST","₹5,000 + GST",,Up to 5 EDGE Miles per ₹100 spent on travel transactions; 2 EDGE Miles per ₹100 spent on other purchases,,"Redeem EDGE Miles for air miles across partner airlines at 1:2
Use miles for hotel bookings via the Travel Edge portal or transfer them to loyalty programs at 1:2","Up to 2,500 EDGE Miles upon activation","Up to 2,500 EDGE Miles upon activation",Domestic and international lounge access based on tier level - 8/12/18 annually,"{""age"": ""18 to 70 years"", ""income"": ""₹12 lakh p.a. (salaried) or ₹15 lakh p.a. (self-employed)"", ""location"": """", ""employment"": [""Salaried"", ""Self Employed""], ""income_thresholds"": {""salaried_annual_income_threshold"": 1200000, ""self_employed_annual_income_threshold"": 1500000, ""business_annual_income_threshold"": null}}",,3.50%,"1% waiver on transactions ₹400-₹5,000 (Max ₹400 per statement cycle)","Frequent travelers seeking premium rewards, air miles, and tier-based benefits","[""High reward rate on travel spends with valuable redemption options like air miles and hotel bookings."", ""Tier-based benefits provide flexibility and enhanced perks as spending increases."", ""Domestic and international lounge access enhances travel comfort significantly.""]","[""High annual fee may not be justified for low spenders unable to reach Gold or Platinum tiers."", ""Limited rewards outside travel-related categories.""]",4.8,rewardpoints.club,https://rewardpoints.club/library
Axis Bank Horizon Credit Card,Axis Bank,Axis Bank,,"[""Travel"", ""Lounge Access"", ""Online Shopping""]","₹3,000 + GST","₹3,000 + GST",,2 miles on per 100 rs spend,,"Redemption Value: 1 EDGE Mile = ₹1 for Travel EDGE bookings; 1:1 for partner transfers (capped 1.5 lakh EDGE Miles/year total)
Redemption Options: Axis Bank Travel EDGE portal (flights/hotels), transfer to 15+ airline/hotel partners.
","5,000 EDGE Miles Points worth ₹1,000 on first transaction within 30 days of issuance 

","5,000 EDGE Miles Points worth ₹1,000 on first transaction within 30 days of issuance 

","Up to 8 domestic lounge visits per calendar quarter (Visa: 8/quarter, Mastercard: 6/quarter)
2 international lounge visits per quarter (via Priority Pass)","{""age"": ""18 to 70 years"", ""income"": ""≥ ₹6 lakh p.a."", ""location"": """", ""employment"": [""Salaried"", ""Self Employed""], ""income_thresholds"": {""salaried_annual_income_threshold"": 600000, ""self_employed_annual_income_threshold"": 600000, ""business_annual_income_threshold"": 600000}}",,3.50%,,"A flexible mid-premium travel card for moderate flyers offering 5 EDGE Miles/₹100 on travel, solid lounge access, and airline-agnostic redemptions at a reasonable fixed fee.

","[""5 EDGE Miles per ₹100 on Axis Travel EDGE portal/direct airlines (5% value back at 1:1 redemption), 2 EDGE Miles per ₹100 on other spends, Up to 32 domestic + 8 international lounge visits/year, Welcome 5,000 EDGE Miles""]","[""Fixed ₹3,000 annual fee (no waiver), Standard 3.5% forex markup (no low-forex benefit)""]",4.5,rewardpoints.club,https://rewardpoints.club/library
Bank of Baroda Eterna Credit Card,Bank of Baroda,Bank of Baroda,,"[""Travel"", ""Online Shopping"", ""Food & Entertainment"", ""Lifetime Free Card""]","₹2,499 + GST","₹2,499 + GST","Spend Rs 25000 in the first 60 days and get your joining fee waived off. Spend ₹2,50,000 in every card anniversary year and get your annual fee waived off.","15 reward point on dining, online shopping and travel ( capped at 5,000 point per month)",,"Redemption Value: ₹0.25 per Reward Point for direct statement credit (25 paise per point)
Redemption Options: Direct statement credit via BOBCARD Rewards portal.","Earn 10,000 bonus reward points on spending ₹50,000 within the first 60 days.","Earn 10,000 bonus reward points on spending ₹50,000 within the first 60 days.","8 complimentary domestic lounge visits per year (2 per quarter on ₹40,000 quarterly spend).","{""age"": ""25 to 55 years"", ""income"": ""₹12 lakh p.a. (salaried) or ₹12 lakh p.a. (self-employed)"", ""location"": """", ""employment"": [""Salaried"", ""Self Employed""], ""income_thresholds"": {""salaried_annual_income_threshold"": 1200000, ""self_employed_annual_income_threshold"": 1200000, ""business_annual_income_threshold"": null}}",,,1% up to ₹250/month,"Bank of Baroda's most premium card, Lifetime Free for a limited time!

","[""3 Reward Points per ₹100 on all spends (0.75% value on redemption), 8 domestic lounge visits per year (2 per quarter on ₹40,000 quarterly spend), Milestone bonuses (up to 20,000 RP annually)""]","[""No international lounge access, Annual fee ₹2,499 + GST (waivable on ₹2.5 Lakh), Rewards exclusions (fuel, wallet, rent, govt, insurance)""]",4.2,rewardpoints.club,https://rewardpoints.club/library
Airtel Axis Bank Credit Card,Axis Bank,Axis Bank,,"[""Cashback"", ""Co-branded"", ""Dining"", ""Grocery"", ""Lounge Access"", ""Utility Bill""]",₹ 500 + GST,₹ 500 + GST,Fees | Annual Fee | ₹ | 500 | GST extra | Waived off after | ₹ | 2L | spends | Starts from second year | Joining Fee | ₹ | 500 | GST extra | One time payment | Forex Fee | 3.5 | % | Fee Details and Explanation,1 % 25 %,"[{""Category"": ""telecom"", ""Type"": ""accelerated"", ""Qualifying Spend"": ""Airtel Mobile Bill Payments via Airtel Thanks App"", ""Rate"": ""25.00 %"", ""RP Capping"": ""Max. 250 / month"", ""Spend Capping"": """", ""Conditions"": """"}, {""raw"": [""telecom"", ""accelerated"", ""Airtel Broadband Bill Payments via Airtel Thanks App"", ""25.00 %"", """", """"]}, {""raw"": [""telecom"", ""accelerated"", ""Airtel WiFi Bill Payments via Airtel Thanks App"", ""25.00 %"", """", """"]}, {""raw"": [""telecom"", ""accelerated"", ""Airtel DTH Bill Payments via Airtel Thanks App"", ""25.00 %"", """", """"]}, {""Category"": ""utilities"", ""Type"": ""accelerated"", ""Qualifying Spend"": ""Utility Bill Payments via Airtel Thanks App"", ""Rate"": ""10.00 %"", ""RP Capping"": ""Max. 250 / month"", ""Spend Capping"": """", ""Conditions"": """"}, {""Category"": ""groceries"", ""Type"": ""accelerated"", ""Qualifying Spend"": ""BigBasket App Spends"", ""Rate"": ""10.00 %"", ""RP Capping"": ""Max. 500 / month"", ""Spend Capping"": """", ""Conditions"": """"}, {""raw"": [""groceries"", ""accelerated"", ""BBNow Spends"", ""10.00 %"", """", ""Conditions ( 1 )""]}, {""raw"": [""dining"", ""accelerated"", ""Swiggy App Spends"", ""10.00 %"", """", ""Conditions ( 1 )""]}, {""raw"": [""dining"", ""accelerated"", ""Swiggy Food Delivery Spends"", ""10.00 %"", """", ""Conditions ( 1 )""]}, {""raw"": [""dining"", ""accelerated"", ""Swiggy Dineout Spends"", ""10.00 %"", """", ""Conditions ( 1 )""]}, {""raw"": [""dining"", ""accelerated"", ""Zomato App Spends"", ""10.00 %"", """", ""Conditions ( 1 )""]}, {""raw"": [""dining"", ""accelerated"", ""Zomato Delivery Spends"", ""10.00 %"", """", ""Conditions ( 1 )""]}, {""raw"": [""dining"", ""accelerated"", ""Zomato Dining Spends"", ""10.00 %"", """", ""Conditions ( 1 )""]}, {""Category"": ""offline"", ""Type"": ""base"", ""Qualifying Spend"": ""All Other Spends"", ""Rate"": ""1.00 %"", ""RP Capping"": """", ""Spend Capping"": """", ""Conditions"": """"}]","Redemptions | AIRLINE PARTNERS | List of conversion options of airline partners. | Airline Partner | Redemption Rate | Multiplier | Airtel | 1 | cashback | = | 0.25 | Airtel Mobile, Broadband, WiFi and DTH bill payments | points | x | 0.25 | Conditions | ( | 4 | ) | Airtel Thanks App | 1 | cashback | = | 0.1 | Utility bill payments | points | x | 0.10 | Conditions | ( | 6 | ) | Swiggy | 1 | cashback | = | 0.1 | Swiggy spends | points | x | 0.10 | Conditions | ( | 4 | ) | Zomato | 1 | cashback | = | 0.1 | Zomato spends | points | x | 0.10 | Conditions | ( | 4 | ) | BigBasket | 1 | cashback | = | 0.1 | BigBasket spends | points | x | 0.10 | Conditions | ( | 4 | ) | GIFT VOUCHERS | List of conversion options of gift voucher merchants. | Partner Brand | Redemption Rate | Multiplier | Amazon | 500 | cashback | = ₹ | 500 | voucher | x | 1 | Conditions | ( | 3 | ) | STATEMENT BALANCE | Get x | 0.01 | conversion value on redeeming | 1 | cashback | for ₹ | 0.01 | statement balance | Conditions | ( | 2 | )",Intro Offers | Gift Voucher | ₹500 | Valid on | Amazon | On completing | 1 | transactions | in 30 days | On paying joining fee | Understand Intro Offers,Milestones | Annual Fee Waiver | ₹ | 500 | Annual Fee Waiver | On spending | ₹ | 2L | in | 1 | year,"{""raw_text"": ""Lounge Access | Domestic | 4 | visits / | YEAR | Minimum spend of | ₹ | 50K | required in last | 3 | month | International | 0 | visits / | year"", ""domestic_mentions"": [""4""], ""international_mentions"": [""0""]}",Eligibility | Age | 18 - 70 | Citizenship | Indian | Financial Criterias | A minimum credit | score of | 650 | is required | Eligibility Explanation,,3.50%,Discounts | Dining Discount | 15 | % | Max. | ₹ | 500 | discount per transaction | Min. bill ₹ | 2.5K | for availing discount | Limited to | 1 | use per | month | Applicable on | 4000+ partner restaurants via EazyDiner | Payment via | EazyDiner | Fuel Discount | 1 | % | Surcharge waiver | Max. | ₹ | 500 | discount every | 1 | month | Spend | min. ₹ | 400 | to avail discount | More On Discounts,Other Features | No other features available on this card.,"[""Welcome Benefit"", ""You get a welcome benefit of an Amazon gift voucher worth Rs. 500 on your first transaction within 30 days of card issuance."", ""High Cashback on Airtel Spends"", ""Earn 25% cashback on Airtel Mobile, Broadband, WiFi, and DTH recharges via the Airtel Thanks app (capped at Rs. 250 per month)."", ""Cashback on Utility Bills and Partner Merchants"", ""Earn 10% cashback on utility bill payments via the Airtel Thanks app (capped at Rs. 250 per month) and on Swiggy, Zomato, and BigBasket (capped at Rs. 500 per month)."", ""Travel, Fuel, and Dining Benefits"", ""Enjoy 4 complimentary domestic lounge access every year, 1% fuel surcharge waiver, and up to 20% off on dining at partner restaurants."", ""Annual Fee Waiver"", ""The annual fee of Rs. 500 is waived off if you spend Rs. 2 lakhs or more in the previous year.""]","[""No International Lounge Access"", ""You will not get lounge access to international lounges. Only 4 domestic lounge access per year is provided."", ""Limited Benefit for Non-Airtel Users"", ""Users who use platforms like Amazon Pay or Google Pay for bill payments will not benefit as much as those who use the Airtel Thanks app."", ""No Cashback on Certain Transactions"", ""Cashback is not provided for fuel purchases, EMI transactions, cash withdrawals, rent payments, wallet reloads, and payment of credit card fees & charges."", ""Cashback Capping on Airtel Spends"", ""The maximum cashback for Airtel Mobile, Broadband, Wi-Fi, and DTH bill payments via the Airtel Thanks App is capped at Rs. 250 per statement cycle."", ""Cashback Capping on Utility Payments"", ""The maximum cashback on utility bill payments via the Airtel Thanks App is capped at Rs. 250 per statement cycle.""]",4,rewardmatrix.in,https://www.rewardmatrix.in/credit-cards/reviews/airtel-axis
American Express Membership Rewards Credit Card,American Express,American Express,American Express,"[""Fuel"", ""Rent"", ""Shopping""]",₹ 1K + GST,₹ 4.5K + GST,Fees | Annual Fee | ₹ | 4.5K | GST extra | Waived off after | ₹ | 1.5L | spends | Starts from second year | Joining Fee | ₹ | 1K | GST extra | One time payment | Forex Fee | 3.5 | % | GST extra | Fee Details and Explanation,2 % 4 %,"[{""Category"": ""shopping"", ""Type"": ""base"", ""Qualifying Spend"": ""Retail Spends"", ""Rate"": ""2.00 %"", ""RP Capping"": """", ""Spend Capping"": """", ""Conditions"": """"}, {""Category"": ""shopping"", ""Type"": ""accelerated"", ""Qualifying Spend"": ""Reward Multiplier Portal Spends"", ""Rate"": ""4.00 %"", ""RP Capping"": """", ""Spend Capping"": """", ""Conditions"": """"}, {""Category"": ""education"", ""Type"": ""base"", ""Qualifying Spend"": ""Education Payments"", ""Rate"": ""2.00 %"", ""RP Capping"": """", ""Spend Capping"": """", ""Conditions"": """"}, {""Category"": ""dining"", ""Type"": ""base"", ""Qualifying Spend"": ""Dining"", ""Rate"": ""2.00 %"", ""RP Capping"": """", ""Spend Capping"": """", ""Conditions"": ""Conditions ( 1 )""}, {""Category"": ""wallet transactions"", ""Type"": ""base"", ""Qualifying Spend"": ""Wallet Loading"", ""Rate"": ""2.00 %"", ""RP Capping"": """", ""Spend Capping"": """", ""Conditions"": ""Conditions ( 2 )""}]",Redemptions | AIRLINE PARTNERS | List of conversion options of airline partners. | Airline Partner | Redemption Rate | Multiplier | Asia Miles | 800 | Membership Rewards Points | = | 400 | Asia Miles | points | x | 0.50 | Conditions | ( | 13 | ) | British Airways | 1200 | Membership Rewards Points | = | 600 | Avios | points | x | 0.50 | Conditions | ( | 13 | ) | Emirates Skywards | 800 | Membership Rewards Points | = | 400 | Emirates Skywards Miles | points | x | 0.50 | Conditions | ( | 14 | ) | Etihad Guest | 1600 | Membership Rewards Points | = | 800 | Etihad Guest Miles | points | x | 0.50 | Conditions | ( | 13 | ) | Qatar Privilege Club | 500 | Membership Rewards Points | = | 250 | Avios | points | x | 0.50 | Conditions | ( | 13 | ) | Singapore KrisFlyer | 800 | Membership Rewards Points | = | 400 | KrisFlyer Miles | points | x | 0.50 | Conditions | ( | 13 | ) | Virgin Atlantic | 800 | Membership Rewards Points | = | 400 | Virgin Points | points | x | 0.50 | Conditions | ( | 13 | ) | HOTEL PARTNERS | List of conversion options of airline partners. | Airline Partner | Redemption Rate | Multiplier | Hilton Honors | 1000 | Membership Rewards Points | = | 900 | Hilton Honors Points | points | x | 0.90 | Conditions | ( | 13 | ) | Marriott Bonvoy | 100 | Membership Rewards Points | = | 100 | Marriott Bonvoy Points | points | x | 1 | Conditions | ( | 14 | ) | GIFT VOUCHERS | List of conversion options of gift voucher merchants. | Partner Brand | Redemption Rate | Multiplier | Amazon | 24000 | Membership Rewards Points | = ₹ | 8000 | voucher | x | 0.33 | Conditions | ( | 1 | ) | Flipkart | 24000 | Membership Rewards Points | = ₹ | 8000 | voucher | x | 0.33 | Conditions | ( | 1 | ) | Myntra | 18000 | Membership Rewards Points | = ₹ | 7000 | voucher | x | 0.39 | Conditions | ( | 1 | ) | Amazon | 18000 | Membership Rewards Points | = ₹ | 6000 | voucher | x | 0.33 | Conditions | ( | 1 | ) | Flipkart | 18000 | Membership Rewards Points | = ₹ | 6000 | voucher | x | 0.33 | Conditions | ( | 1 | ) | Shoppers Stop | 24000 | Membership Rewards Points | = ₹ | 10000 | voucher | x | 0.42 | Conditions | ( | 1 | ) | Shoppers Stop | 18000 | Membership Rewards Points | = ₹ | 7000 | voucher | x | 0.39 | Conditions | ( | 1 | ) | Tata CLiQ | 24000 | Membership Rewards Points | = ₹ | 9000 | voucher | x | 0.38 | Conditions | ( | 1 | ) | Tata CLiQ | 18000 | Membership Rewards Points | = ₹ | 7000 | voucher | x | 0.39 | Conditions | ( | 1 | ) | Tanishq | 24000 | Membership Rewards Points | = ₹ | 9000 | voucher | x | 0.38 | Conditions | ( | 1 | ) | Reliance Digital | 24000 | Membership Rewards Points | = ₹ | 8000 | voucher | x | 0.33 | Conditions | ( | 1 | ) | Reliance Digital | 18000 | Membership Rewards Points | = ₹ | 6000 | voucher | x | 0.33 | Conditions | ( | 1 | ) | Taj | 24000 | Membership Rewards Points | = ₹ | 14000 | voucher | x | 0.58 | Conditions | ( | 1 | ) | Taj | 18000 | Membership Rewards Points | = ₹ | 9000 | voucher | x | 0.50 | Conditions | ( | 1 | ),Intro Offers | Bonus Points | 4K | Minimum spend of | ₹ | 15K | in | 90 | days | Understand Intro Offers,Milestones | Monthly Milestone 1 | 1K | On spending | ₹ | 6K | in | 1 | month | Monthly Milestone 2 | 1K | On spending | ₹ | 20K | in | 1 | month | Annual Fee Waiver (Full) | ₹ | 4.5K | Annual Fee Waiver | On spending | ₹ | 1.5L | in | 1 | year | Annual Fee Waiver (Partial) | ₹ | 2.25K | Annual Fee Waiver | On spending | ₹ | 90K | in | 1 | year,"{""raw_text"": ""Lounge Access | Domestic | 0 | visits / | year | International | 0 | visits / | year"", ""domestic_mentions"": [""0""], ""international_mentions"": [""0""]}",Eligibility | Age | 18+ | Citizenship | Indian | Financial Criterias | A minimum credit | score of | 750 | is required | Employment | Salaried | Self-Employed | Income | Salaried ₹ | 6L | Business ₹ | 6L | Eligibility Explanation,,3.50%,Discounts | Dining Discount | 20 | % | Max. | 20 | % | discount per transaction | Applicable on | select restaurants | More On Discounts,Other Features | Renewal Benefit | 5K | Membership Rewards Points | Conditioned to annual fee payment,"[""Monthly Milestone Rewards"", ""Earn 1,000 bonus points by making four transactions of ₹1,500 or more each month, and another 1,000 bonus points by spending ₹20,000 in a month."", ""Welcome Bonus"", ""Cardholders receive 4,000 bonus points upon paying the joining fee and spending ₹15,000 within the first 90 days, effectively offsetting the joining fee."", ""Spend-Based Fee Waiver"", ""The annual fee can be fully waived by spending ₹1,50,000 or more annually, or 50% waived by spending between ₹90,000 and ₹1,49,999."", ""Flexible Redemption Options"", ""Points can be redeemed for a variety of options, including the valuable 18K and 24K Gold Collections, offering vouchers for Taj, Amazon, Flipkart, and more."", ""Amex Offers"", ""Cardholders get access to exclusive Amex network offers, including merchant offers, spend-based offers, and points transfer offers.""]","[""No Reward Points on Key Categories"", ""Reward points are not earned on fuel, insurance, and utility transactions, limiting the potential for accumulating rewards on these common expenses."", ""High Renewal Fee"", ""The card charges a high renewal fee of ₹4,500, which might be a deterrent for some users, although it can be waived with significant annual spending."", ""Low Base Reward Rate"", ""The base reward rate is relatively low, with only 1 Membership Reward Point earned for every ₹50 spent, excluding certain categories."", ""No Airport Lounge Access"", ""The card does not offer complimentary airport lounge access, which is a common benefit provided by many other credit cards in the same category."", ""Limited Acceptance"", ""The card has limited acceptance in some non-premium merchant locations, potentially causing inconvenience for users.""]",4.8,rewardmatrix.in,https://www.rewardmatrix.in/credit-cards/reviews/amex-mrcc
American Express Platinum Travel Credit Card,American Express,American Express,American Express,"[""Dining"", ""Fuel"", ""Lounge Access"", ""Premium"", ""Shopping"", ""Travel""]",₹ 3.5K + GST,₹ 5K + GST,Fees | Annual Fee | ₹ | 5K | GST extra | Joining Fee | ₹ | 3.5K | GST extra | One time payment | Forex Fee | 3.5 | % | GST extra | Fee Details and Explanation,2 % 6 %,"[{""Category"": ""others"", ""Type"": ""base"", ""Qualifying Spend"": ""Regular Spends"", ""Rate"": ""2.00 %"", ""RP Capping"": """", ""Spend Capping"": """", ""Conditions"": """"}, {""Category"": ""shopping"", ""Type"": ""base"", ""Qualifying Spend"": ""Retail Spends"", ""Rate"": ""2.00 %"", ""RP Capping"": """", ""Spend Capping"": """", ""Conditions"": """"}, {""Category"": ""shopping"", ""Type"": ""accelerated"", ""Qualifying Spend"": ""Purchases via American Express Reward Multiplier Portal"", ""Rate"": ""6.00 %"", ""RP Capping"": """", ""Spend Capping"": """", ""Conditions"": """"}]",Redemptions | AIRLINE PARTNERS | List of conversion options of airline partners. | Airline Partner | Redemption Rate | Multiplier | Asia Miles | 800 | Membership Rewards Points | = | 400 | Asia Miles | points | x | 0.50 | Conditions | ( | 18 | ) | British Airways Executive Club | 1200 | Membership Rewards Points | = | 600 | Avios | points | x | 0.50 | Conditions | ( | 18 | ) | Emirates Skywards | 800 | Membership Rewards Points | = | 400 | Emirates Skywards Miles | points | x | 0.50 | Conditions | ( | 22 | ) | Etihad Guest | 1600 | Membership Rewards Points | = | 800 | Etihad Guest Miles | points | x | 0.50 | Conditions | ( | 18 | ) | Qatar Privilege Club | 500 | Membership Rewards Points | = | 250 | Avios | points | x | 0.50 | Conditions | ( | 17 | ) | Singapore KrisFlyer | 800 | Membership Rewards Points | = | 400 | KrisFlyer® Miles | points | x | 0.50 | Conditions | ( | 18 | ) | Virgin Atlantic Flying Club | 800 | Membership Rewards Points | = | 400 | Virgin Points | points | x | 0.50 | Conditions | ( | 18 | ) | Club Vistara | 3 | Membership Rewards Points | = | 1 | Club Vistara Points | points | x | 0.33 | Conditions | ( | 5 | ) | HOTEL PARTNERS | List of conversion options of airline partners. | Airline Partner | Redemption Rate | Multiplier | Hilton Honors | 1000 | Membership Rewards Points | = | 900 | Hilton Honors Points | points | x | 0.90 | Conditions | ( | 18 | ) | Marriott Bonvoy® | 100 | Membership Rewards Points | = | 100 | Marriott Bonvoy Points | points | x | 1 | Conditions | ( | 19 | ) | GIFT VOUCHERS | List of conversion options of gift voucher merchants. | Partner Brand | Redemption Rate | Multiplier | Amazon | 24000 | Membership Rewards Points | = ₹ | 8000 | voucher | x | 0.33 | Conditions | ( | 1 | ) | Flipkart | 24000 | Membership Rewards Points | = ₹ | 8000 | voucher | x | 0.33 | Conditions | ( | 1 | ) | Myntra | 18000 | Membership Rewards Points | = ₹ | 7000 | voucher | x | 0.39 | Conditions | ( | 1 | ) | Taj | 18000 | Membership Rewards Points | = ₹ | 9000 | voucher | x | 0.50 | Conditions | ( | 15 | ) | Taj | 1 | Membership Rewards Points | = ₹ | 0.5 | voucher | x | 0.50 | Conditions | ( | 15 | ),Intro Offers | Bonus Points | 10K | Minimum spend of | ₹ | 15K | in | 90 | days | Priority Pass | Membership | $99 | Understand Intro Offers,Milestones | 1.9 Lakhs Milestone | 15K | On spending | ₹ | 1.9L | in | 1 | year | Taj Voucher | ₹ | 10K | Taj Stay voucher | On spending | ₹ | 4L | in | 1 | year | 4 Lakhs Milestone | 25K | On spending | ₹ | 4L | in | 1 | year,"{""raw_text"": ""Lounge Access | Domestic | 8 | visits / | YEAR | International | 0 | visits / | year | Guest visit fee of | $ | 35 | per visit"", ""domestic_mentions"": [""8""], ""international_mentions"": [""0""]}",Eligibility | Age | 18+ | Citizenship | Indian | Financial Criterias | A minimum credit | score of | 750 | is required | An Indian | current or savings account | is required | High spending behavior is a prerequisite | Bank Relationships | A relationship with the bank is required | Employment | Salaried | Self-Employed | Income | Salaried ₹ | 6L | Eligibility Explanation,,3.50%,Discounts | Dining Discount | 20 | % | Max. | 20 | % | discount per transaction | More On Discounts,Other Features | Concierge Services | Travel Arrangement Services | Dining Reservation Services | Emergency Assistance Services | Airport Services,"[""Attractive Milestone Benefits"", ""Earn substantial bonus Membership Rewards Points on reaching annual spending milestones of Rs. 1.9 Lakhs and Rs. 4 Lakhs."", ""Complimentary Lounge Access"", ""Enjoy 8 complimentary domestic airport lounge visits per year (limited to 2 per quarter)."", ""Taj Stay Voucher"", ""Receive a Taj Experiences E-Gift Card worth Rs. 10,000 on achieving the Rs. 4 Lakhs spending milestone."", ""Fuel Surcharge Waiver"", ""Benefit from a 0% convenience fee on fuel purchases at HPCL pumps for transactions below Rs. 5,000."", ""High Reward Value Potential"", ""Membership Rewards Points have a high potential value (up to 8.5% return) when redeemed for Taj Vouchers or transferred to Marriott Bonvoy.""]","[""Limited Reward Categories"", ""No reward points are earned on spends made on fuel, insurance, utilities, cash transactions, and EMI conversions."", ""No Free International Lounge Access"", ""While a complimentary Priority Pass membership is offered, it does not include any free international lounge visits. Usage fees apply."", ""Low Base Reward Rate"", ""The base reward rate is relatively low, with only 1 Membership Reward Point earned for every Rs. 50 spent."", ""High Annual Fee"", ""The annual fee is Rs. 5,000 from the second year onwards, which is relatively high compared to some other travel cards."", ""Manual Bonus Points Credit"", ""Bonus MR points for milestone achievements are not credited automatically. Cardholders need to call/chat with customer support.""]",4,rewardmatrix.in,https://www.rewardmatrix.in/credit-cards/reviews/amex-platinum-travel
Axis Atlas Credit Card,Axis Bank,Axis Bank,,"[""Dining"", ""Education"", ""Lounge Access"", ""Premium"", ""Travel""]",₹ 5K + GST,₹ 5K + GST,Fees | Annual Fee | ₹ | 5K | GST extra | Starts from second year | Joining Fee | ₹ | 5K | GST extra | One time payment | Forex Fee | 3.5 | % | GST extra | Fee Details and Explanation,2 % 5 %,"[{""Category"": ""travel"", ""Type"": ""accelerated"", ""Qualifying Spend"": ""Travel - Axis Bank Travel Edge Portal (Up to 2 Lakh Spend)"", ""Rate"": ""5.00 %"", ""RP Capping"": """", ""Spend Capping"": ""Max. ₹ 2L / month"", ""Conditions"": ""Conditions ( 1 )""}, {""raw"": [""travel"", ""accelerated"", ""Travel - Direct Airlines (Up to 2 Lakh Spend)"", ""5.00 %"", """", ""Conditions ( 2 )""]}, {""raw"": [""travel"", ""accelerated"", ""Travel - Direct Hotels (Up to 2 Lakh Spend)"", ""5.00 %"", """", ""Conditions ( 2 )""]}, {""Category"": ""travel"", ""Type"": ""base"", ""Qualifying Spend"": ""Travel - Axis Bank Travel Edge Portal (Above 2 Lakh Spend)"", ""Rate"": ""2.00 %"", ""RP Capping"": """", ""Spend Capping"": ""Min. ₹ 2L / month"", ""Conditions"": ""Conditions ( 1 )""}, {""raw"": [""travel"", ""base"", ""Travel - Direct Airlines (Above 2 Lakh Spend)"", ""2.00 %"", """", ""Conditions ( 2 )""]}, {""raw"": [""travel"", ""base"", ""Travel - Direct Hotels (Above 2 Lakh Spend)"", ""2.00 %"", """", ""Conditions ( 2 )""]}, {""Category"": ""education"", ""Type"": ""base"", ""Qualifying Spend"": ""Education Payments"", ""Rate"": ""2.00 %"", ""RP Capping"": """", ""Spend Capping"": """", ""Conditions"": """"}, {""Category"": ""others"", ""Type"": ""base"", ""Qualifying Spend"": ""All Other Eligible Spends"", ""Rate"": ""2.00 %"", ""RP Capping"": """", ""Spend Capping"": """", ""Conditions"": ""Conditions ( 2 )""}]",Redemptions | AIRLINE PARTNERS | List of conversion options of airline partners. | Airline Partner | Redemption Rate | Multiplier | Air Canada | 1 | Edge Miles | = | 2 | Aeroplan | points | x | 2 | Conditions | ( | 3 | ) | Ethiopian Airlines | 1 | Edge Miles | = | 2 | Miles | points | x | 2 | Conditions | ( | 3 | ) | Etihad | 1 | Edge Miles | = | 2 | Etihad Guest | points | x | 2 | Conditions | ( | 3 | ) | Japan Airlines | 1 | Edge Miles | = | 2 | JAL Mileage Bank | points | x | 2 | Conditions | ( | 3 | ) | Qatar Airways | 1 | Edge Miles | = | 2 | Qmiles | points | x | 2 | Conditions | ( | 3 | ) | Singapore Airlines | 1 | Edge Miles | = | 2 | Krisflyer | points | x | 2 | Conditions | ( | 3 | ) | Turkish Airlines | 1 | Edge Miles | = | 2 | Miles&Smiles | points | x | 2 | Conditions | ( | 3 | ) | Thai Airways | 1 | Edge Miles | = | 2 | Royal Orchid Plus | points | x | 2 | Conditions | ( | 3 | ) | United Airlines | 1 | Edge Miles | = | 2 | MileagePlus | points | x | 2 | Conditions | ( | 3 | ) | Air France-KLM | 1 | Edge Miles | = | 2 | Flying Blue | points | x | 2 | Conditions | ( | 3 | ) | Air India | 1 | Edge Miles | = | 2 | Flying Returns | points | x | 2 | Conditions | ( | 3 | ) | Air Asia | 1 | Edge Miles | = | 2 | AirAsia points | points | x | 2 | Conditions | ( | 3 | ) | Qantas Airways | 1 | Edge Miles | = | 2 | Qantas Frequent Flyer | points | x | 2 | Conditions | ( | 3 | ) | SpiceJet | 1 | Edge Miles | = | 2 | SpiceClub | points | x | 2 | Conditions | ( | 3 | ) | Vistara | 1 | Edge Miles | = | 2 | Club Vistara | points | x | 2 | Conditions | ( | 3 | ) | HOTEL PARTNERS | List of conversion options of airline partners. | Airline Partner | Redemption Rate | Multiplier | Accor Hotels | 1 | Edge Miles | = | 2 | Accor Live Limitless | points | x | 2 | Conditions | ( | 3 | ) | Marriott International | 2 | Edge Miles | = | 1 | Marriott Bonvoy | points | x | 0.50 | Conditions | ( | 3 | ) | Wyndham Hotels | 1 | Edge Miles | = | 2 | Wyndham Rewards | points | x | 2 | Conditions | ( | 3 | ) | ITC | 1 | Edge Miles | = | 2 | ITC points | points | x | 2 | Conditions | ( | 3 | ) | IHG Hotels & Resorts | 1 | Edge Miles | = | 2 | IHG One Rewards | points | x | 2 | Conditions | ( | 3 | ),Intro Offers | Bonus Points | 2.5K | On making first transaction in | 37 | days | Understand Intro Offers,Milestones | Milestone 1 | 2.5K | On spending | ₹ | 3L | in | 1 | year | Milestone 2 | 2.5K | On spending | ₹ | 7.5L | in | 1 | year | Milestone 3 | 5K | On spending | ₹ | 15L | in | 1 | year,"{""raw_text"": ""Lounge Access | Domestic - Silver Tier | 8 | visits / | YEAR | All sharable with guests | Domestic - Gold Tier | 12 | visits / | YEAR | All sharable with guests | Domestic - Platinum Tier | 18 | visits / | YEAR | All sharable with guests | International - Silver Tier | 4 | visits / | YEAR | All sharable with guests | International - Gold Tier | 6 | visits / | YEAR | All sharable with guests | International - Platinum Tier | 12 | visits / | YEAR | All sharable with guests"", ""domestic_mentions"": [""8"", ""12"", ""18""], ""international_mentions"": [""4"", ""6"", ""12""]}",Eligibility | Age | 18+ | Citizenship | Indian | Financial Criterias | Must have an existing | card limit above ₹ | 3L | A minimum credit | score of | 750 | is required | Applicants must qualify for a high card limit | High spending behavior is a prerequisite | Bank Relationships | Maximum allowed cards per holder: | 3 | Employment | Salaried | Self-Employed | Income | Salaried ₹ | 9L | Business ₹ | 12L | Eligibility Explanation,,3.50%,Discounts | Dining Discount | 25 | % | Max. | ₹ | 800 | discount per transaction | Min. bill ₹ | 2.5K | for availing discount | Limited to | 1 | use per | month | Applicable on | EazyDiner | Fuel Discount | 1 | % | Surcharge waiver | Max. | ₹ | 400 | discount every | 1 | month | Spend | min. ₹ | 400 | to avail discount | More On Discounts,Other Features | Gold Tier Annual Benefit | 2.5K | Edge Miles | Conditioned to annual fee payment | Platinum Tier Annual Benefit | 5K | Edge Miles | Conditioned to annual fee payment,"[""Good Welcome Benefit"", ""The card offers a welcome benefit of 2,500 EDGE Miles upon completing the first transaction, providing initial value."", ""Accelerated Travel Rewards"", ""Cardholders earn 5 EDGE Miles per Rs. 100 on travel spends, which can be redeemed for flights and hotels."", ""Lounge Access"", ""The card provides complimentary access to both domestic and international airport lounges, enhancing the travel experience."", ""Good Redemption Ratio"", ""EDGE Miles can be redeemed at a 1:1 ratio on the Travel Edge platform and 1:2 when transferred to airline and hotel partners, offering good value."", ""Tiered Benefits"", ""The card offers tiered benefits based on annual spending, with higher tiers providing more lounge access and bonus miles.""]","[""High Forex Markup"", ""The card has a high forex markup fee of 3.5%, making international transactions expensive."", ""Complex Tier System"", ""The tier-based system is complex, with benefits varying based on annual spending, making it hard to maximize rewards."", ""Exclusion of Common Spends"", ""Many common spending categories like fuel, utilities, insurance, and gold/jewelry are excluded from earning rewards, limiting the accumulation of EDGE Miles."", ""Devaluation of Benefits"", ""The card has undergone devaluation, reducing the value of milestone benefits and capping the transfer of miles to partners."", ""Capping on Miles Transfer"", ""There are caps on the number of EDGE Miles that can be transferred to partner programs annually, limiting redemption options.""]",4,rewardmatrix.in,https://www.rewardmatrix.in/credit-cards/reviews/axis-atlas
Axis Magnus Credit Card,Axis Bank,Axis Bank,,"[""Dining"", ""Health"", ""Lounge Access"", ""Premium"", ""Rent"", ""Shopping"", ""Travel""]",₹ 12.5K + GST,₹ 12.5K + GST,Fees | Annual Fee | ₹ | 12.5K | GST extra | Waived off after | ₹ | 25L | spends | Starts from second year | Joining Fee | ₹ | 12.5K | GST extra | One time payment | Forex Fee | 2 | % | GST extra | Fee Details and Explanation,6 % 30 %,"[{""Category"": ""offline"", ""Type"": ""base"", ""Qualifying Spend"": ""Regular Offline and Online Spends up to Rs. 1.5 Lakh"", ""Rate"": ""6.00 %"", ""RP Capping"": """", ""Spend Capping"": ""Max. ₹ 1.5L / month"", ""Conditions"": ""Conditions ( 2 )""}, {""Category"": ""offline"", ""Type"": ""accelerated"", ""Qualifying Spend"": ""Regular Offline and Online Spends above Rs. 1.5 Lakh"", ""Rate"": ""17.50 %"", ""RP Capping"": """", ""Spend Capping"": ""Min. ₹ 1.5L / month"", ""Conditions"": ""Conditions ( 2 )""}, {""Category"": ""travel"", ""Type"": ""accelerated"", ""Qualifying Spend"": ""Travel Spends via Travel Edge Portal up to Rs. 2 Lakh"", ""Rate"": ""30.00 %"", ""RP Capping"": """", ""Spend Capping"": ""Max. ₹ 2L / month"", ""Conditions"": ""Conditions ( 1 )""}, {""Category"": ""travel"", ""Type"": ""accelerated"", ""Qualifying Spend"": ""Travel Spends via Travel Edge Portal above Rs. 2 Lakh"", ""Rate"": ""17.50 %"", ""RP Capping"": """", ""Spend Capping"": ""Min. ₹ 2L / month"", ""Conditions"": ""Conditions ( 1 )""}, {""Category"": ""rent"", ""Type"": ""base"", ""Qualifying Spend"": ""Rental Transactions"", ""Rate"": ""6.00 %"", ""RP Capping"": """", ""Spend Capping"": ""Max. ₹ 50K / month"", ""Conditions"": ""Conditions ( 2 )""}, {""Category"": ""shopping"", ""Type"": ""accelerated"", ""Qualifying Spend"": ""Axis Bank Grab Deals"", ""Rate"": ""30.00 %"", ""RP Capping"": ""Max. 5K / month"", ""Spend Capping"": """", ""Conditions"": ""Conditions ( 2 )""}]",Redemptions | AIRLINE PARTNERS | List of conversion options of airline partners. | Airline Partner | Redemption Rate | Multiplier | Air Canada | 5 | Edge Rewards | = | 2 | Aeroplan | points | x | 0.40 | Conditions | ( | 5 | ) | Ethiopian Airlines | 5 | Edge Rewards | = | 2 | Ethiopian Airlines | points | x | 0.40 | Conditions | ( | 5 | ) | Etihad | 5 | Edge Rewards | = | 2 | Etihad Guest | points | x | 0.40 | Conditions | ( | 5 | ) | Japan Airlines | 5 | Edge Rewards | = | 2 | JAL Mileage Bank | points | x | 0.40 | Conditions | ( | 5 | ) | Qatar Airways | 5 | Edge Rewards | = | 2 | Qatar Airways | points | x | 0.40 | Conditions | ( | 5 | ) | Singapore Airlines | 5 | Edge Rewards | = | 2 | Krisflyer | points | x | 0.40 | Conditions | ( | 5 | ) | Turkish Airlines | 5 | Edge Rewards | = | 2 | Turkish Airlines | points | x | 0.40 | Conditions | ( | 5 | ) | Thai Airways | 5 | Edge Rewards | = | 2 | Royal Orchid Plus | points | x | 0.40 | Conditions | ( | 5 | ) | United Airlines | 5 | Edge Rewards | = | 2 | MileagePlus | points | x | 0.40 | Conditions | ( | 5 | ) | Air France-KLM | 5 | Edge Rewards | = | 2 | Flying Blue | points | x | 0.40 | Conditions | ( | 5 | ) | Air India | 5 | Edge Rewards | = | 2 | Flying Returns | points | x | 0.40 | Conditions | ( | 5 | ) | Air Asia | 5 | Edge Rewards | = | 2 | Air Asia | points | x | 0.40 | Conditions | ( | 5 | ) | Qantas Airways | 5 | Edge Rewards | = | 2 | Qantas Frequent Flyer | points | x | 0.40 | Conditions | ( | 5 | ) | SpiceJet | 5 | Edge Rewards | = | 2 | SpiceJet | points | x | 0.40 | Conditions | ( | 5 | ) | Vistara | 5 | Edge Rewards | = | 2 | TATA SIA Airlines Ltd | points | x | 0.40 | Conditions | ( | 5 | ) | HOTEL PARTNERS | List of conversion options of airline partners. | Airline Partner | Redemption Rate | Multiplier | Accor Hotels | 5 | Edge Rewards | = | 2 | Accor Live Limitless | points | x | 0.40 | Conditions | ( | 5 | ) | Marriott International | 5 | Edge Rewards | = | 2 | Marriott Bonvoy | points | x | 0.40 | Conditions | ( | 5 | ) | Wyndham Hotels | 5 | Edge Rewards | = | 2 | Wyndham Rewards | points | x | 0.40 | Conditions | ( | 5 | ) | ITC | 5 | Edge Rewards | = | 2 | Club ITC | points | x | 0.40 | Conditions | ( | 5 | ) | IHG® Hotels & Resort | 5 | Edge Rewards | = | 2 | IHG One Rewards | points | x | 0.40 | Conditions | ( | 5 | ) | GIFT VOUCHERS | List of conversion options of gift voucher merchants. | Partner Brand | Redemption Rate | Multiplier | Myntra | 10000 | Edge Rewards | = ₹ | 2000 | voucher | x | 0.20 | Myntra | 5000 | Edge Rewards | = ₹ | 1000 | voucher | x | 0.20 | Myntra | 25000 | Edge Rewards | = ₹ | 5000 | voucher | x | 0.20 | Amazon | 10000 | Edge Rewards | = ₹ | 2000 | voucher | x | 0.20 | Amazon | 25000 | Edge Rewards | = ₹ | 5000 | voucher | x | 0.20 | Amazon | 50000 | Edge Rewards | = ₹ | 10000 | voucher | x | 0.20,Intro Offers | Luxe | Voucher | ₹12.5K | Valid on | Luxe | On completing | 1 | transactions | in 30 days | Limited to | one voucher | out of all the welcome vouchers | Postcard Hotels | Voucher | ₹12.5K | Valid on | Postcard Hotels | On completing | 1 | transactions | in 30 days | Limited to | one voucher | out of all the welcome vouchers | Yatra | Voucher | ₹12.5K | Valid on | Yatra | On completing | 1 | transactions | in 30 days | Limited to | one voucher | out of all the welcome vouchers | Understand Intro Offers,Milestones | Annual Fee Waiver | Exclusive Benefit | On spending | ₹ | 25L | in | 1 | year,"{""raw_text"": ""Lounge Access | Domestic | visits / | YEAR | Guest visits allowed: | Unlimited | Minimum spend of | ₹ | 50K | required in last | 1 | quarter | International | visits / | YEAR | Guest visits allowed: | 4"", ""domestic_mentions"": [], ""international_mentions"": []}",Eligibility | Age | 18 - 70 | Citizenship | - | Financial Criterias | High spending behavior is a prerequisite | Employment | Salaried | Self-Employed | Income | Salaried ₹ | 24L | Business ₹ | 24L | Eligibility Explanation,,2%,Discounts | Dining Discount | 30 | % | Max. | ₹ | 1K | discount per transaction | Min. bill ₹ | 3K | for availing discount | Limited to | 1 | use per | month | Applicable on | Eazydiner | Fuel Discount | 1 | % | Surcharge waiver | Max. | ₹ | 400 | discount every | 1 | month | Spend | min. ₹ | 400 | to avail discount | More On Discounts,Other Features | Concierge Services | Travel Arrangement Services | Dining Reservation Services | Event Booking Services | Emergency Assistance Services | Gift Delivery Services | Event Planning Services | Health and Wellness Services,"[""High Reward Rate"", ""Earn 12 EDGE reward points per Rs. 200 spent, and 35 EDGE reward points per Rs. 200 spent above Rs. 1.5 lakh monthly."", ""Travel Benefits"", ""Unlimited international lounge access with Priority Pass and 4 complimentary guest visits per year. Also, unlimited domestic lounge access."", ""Reward Redemption"", ""Transfer EDGE Reward Points to multiple airlines and hotel loyalty programs at a 5:2 ratio (5:4 for Burgundy customers)."", ""Dining Discounts"", ""Enjoy up to 40% discount at over 4,000 partner restaurants in India with the Dining Delights Program. Also, 50% off up to Rs.3000 as a birthday benefit."", ""Welcome Benefit"", ""Receive a Luxe gift card, The Postcard Hotels voucher, or a Yatra voucher worth Rs. 12,500 on making the first transaction within 30 days.""]","[""High Annual Fee"", ""The card has a high annual fee of Rs. 12,500, waived off only on spending Rs. 25 lakhs in the preceding year."", ""Exclusions from Rewards"", ""Several categories like utilities, fuel, gold, jewellery, and insurance are excluded from earning EDGE reward points."", ""Reduced Transfer Ratio"", ""The transfer ratio for reward points to partner miles has been reduced from 5:4 to 5:2 for non-Burgundy customers."", ""Limited Redemption Options"", ""Redemption of travel partners is limited to Group A and Group B with a maximum transfer limit of 1 Lakh and 4 Lakh points respectively."", ""Spend-Based Lounge Access"", ""Complimentary domestic lounge access is now subject to spending Rs. 50,000 in the previous quarter.""]",3.9,rewardmatrix.in,https://www.rewardmatrix.in/credit-cards/reviews/axis-magnus-standard
BPCL SBI Octane Credit Card,SBI Card,SBI,,"[""Co-branded"", ""Dining"", ""Entertainment"", ""Fuel"", ""Grocery"", ""Lounge Access""]",₹ 1.5K + GST,₹ 1.5K + GST,Fees | Annual Fee | ₹ | 1.5K | GST extra | Waived off after | ₹ | 2L | spends | Starts from second year | Joining Fee | ₹ | 1.5K | GST extra | One time payment | Forex Fee | 3.5 | % | GST extra | Fee Details and Explanation,1 % 25 %,"[{""Category"": ""fuel"", ""Type"": ""accelerated"", ""Qualifying Spend"": ""BPCL Fuel"", ""Rate"": ""25.00 %"", ""RP Capping"": ""Max. 2.5K / statement cycle"", ""Spend Capping"": ""Max. ₹ 100 / statement cycle"", ""Conditions"": """"}, {""Category"": ""fuel"", ""Type"": ""accelerated"", ""Qualifying Spend"": ""Bharat Gas (Website & App)"", ""Rate"": ""25.00 %"", ""RP Capping"": ""Max. 500 / statement cycle"", ""Spend Capping"": """", ""Conditions"": """"}, {""Category"": ""groceries"", ""Type"": ""accelerated"", ""Qualifying Spend"": ""Groceries"", ""Rate"": ""10.00 %"", ""RP Capping"": ""Max. 7.5K / month"", ""Spend Capping"": """", ""Conditions"": """"}, {""raw"": [""shopping"", ""accelerated"", ""Departmental Stores"", ""10.00 %"", """", """"]}, {""raw"": [""entertainment"", ""accelerated"", ""Movies"", ""10.00 %"", """", """"]}, {""raw"": [""dining"", ""accelerated"", ""Dining"", ""10.00 %"", """", """"]}, {""Category"": ""offline"", ""Type"": ""base"", ""Qualifying Spend"": ""Other Retail Spends"", ""Rate"": ""1.00 %"", ""RP Capping"": """", ""Spend Capping"": """", ""Conditions"": """"}]",Redemptions | GIFT VOUCHERS | List of conversion options of gift voucher merchants. | Partner Brand | Redemption Rate | Multiplier | BPCL | 4 | = ₹ | 1 | voucher | x | 0.25 | Conditions | ( | 3 | ) | Shop n Smile | 4 | = ₹ | 1 | voucher | x | 0.25 | Conditions | ( | 2 | ) | Bata | 12000 | = ₹ | 2000 | voucher | x | 0.17 | Conditions | ( | 4 | ) | Yatra | 12000 | = ₹ | 2000 | voucher | x | 0.17 | Conditions | ( | 4 | ) | Hush Puppies | 12000 | = ₹ | 2000 | voucher | x | 0.17 | Conditions | ( | 4 | ) | Aditya Birla Fashion | 12000 | = ₹ | 2000 | voucher | x | 0.17 | Conditions | ( | 4 | ) | STATEMENT BALANCE | Get x | 0.25 | conversion value on redeeming | 4 | for ₹ | 1 | statement balance | Conditions | ( | 2 | ),Intro Offers | Bonus Points | 6K | Minimum spend of | ₹ | 1.5K | in | 1 | months | Understand Intro Offers,Milestones | Gift Voucher Milestone | ₹ | 2K | Gift Voucher | On spending | ₹ | 3L | in | 1 | year | Annual Fee Waiver | ₹ | 1.5K | Annual Fee Waiver | On spending | ₹ | 2L | in | 1 | year,"{""raw_text"": ""Lounge Access | Domestic | 4 | visits / | YEAR | International | 0 | visits / | year"", ""domestic_mentions"": [""4""], ""international_mentions"": [""0""]}",Eligibility | Age | 21+ | Citizenship | Indian | Financial Criterias | A minimum credit | score of | 750 | is required | Employment | Salaried | Self-employed | Eligibility Explanation,,3.50%,"Discounts | Dining Discount | 2.5 | % | Max. | ₹ | 7.5K | discount per transaction | Min. bill ₹ | 100 | for availing discount | Limited to | 1 | use per | month | Payment via | Visa, RuPay | Movie Discount | 2.5 | % | Max. | ₹ | 7.5K | discount per transaction | Spend minimum ₹100 to avail discount | Limited to 1 use per month | Payment via | Visa, RuPay | Fuel Discount | 7.25 | % | Surcharge waiver | Max. | ₹ | 2.5K | discount every | 1 | month | Spend | min. ₹ | 100 | to avail discount | More On Discounts",Other Features | No other features available on this card.,"[""High Value-back on Fuel"", ""Earn a high value back of 7.25% (6.25% as reward points and 1% surcharge waiver) on fuel purchases at BPCL pumps."", ""Accelerated Reward Points"", ""Get 25X reward points on fuel purchases, 10X on groceries, departmental stores, movies, and dining, maximizing rewards on specific categories."", ""Welcome Bonus"", ""Receive 6,000 bonus reward points worth Rs. 1,500 upon payment of the joining fee, providing a good initial value."", ""Complimentary Lounge Access"", ""Enjoy 4 complimentary domestic VISA lounge visits per year (1 per quarter), adding a travel benefit."", ""Milestone Benefit"", ""Get an e-gift voucher worth Rs. 2,000 on achieving annual spends of Rs. 3 lakh, providing a milestone benefit.""]","[""Limited Fuel Benefits"", ""Fuel benefits are exclusively available at BPCL pumps, limiting options for users who prefer other fuel providers."", ""Capped Fuel Surcharge Waiver"", ""The maximum fuel surcharge waiver is capped at Rs. 100 per month, which may be insufficient for high fuel spenders."", ""Low Rewards on Other Spends"", ""Reward points earned on non-fuel retail spends are low (0.25% value-back), making it less attractive for general spending."", ""Reward Redemption Fee"", ""There is a reward redemption fee of Rs. 99, which slightly reduces the overall value of accumulated reward points."", ""High Annual Fee"", ""The annual fee of Rs. 1,499 is relatively high compared to other fuel credit cards, although it can be waived with sufficient spending.""]",4.8,rewardmatrix.in,https://www.rewardmatrix.in/credit-cards/reviews/bpcl-sbi-octane
Cashback SBI Credit Card,SBI Card,SBI,,"[""Cashback"", ""Shopping""]",₹ 999 + GST,₹ 999 + GST,Fees | Annual Fee | ₹ | 999 | GST extra | Waived off after | ₹ | 2L | spends | Starts from second year | Joining Fee | ₹ | 999 | GST extra | One time payment | Forex Fee | 3.5 | % | GST extra | Fee Details and Explanation,1 % 5 %,"[{""Category"": ""shopping"", ""Type"": ""accelerated"", ""Qualifying Spend"": ""Online Spends up to ₹1 Lakh per statement cycle"", ""Rate"": ""5.00 %"", ""RP Capping"": """", ""Spend Capping"": ""Max. ₹ 1L / statement cycle"", ""Conditions"": ""Conditions ( 1 )""}, {""Category"": ""shopping"", ""Type"": ""base"", ""Qualifying Spend"": ""Online Spends exceeding ₹1 Lakh per statement cycle"", ""Rate"": ""1.00 %"", ""RP Capping"": """", ""Spend Capping"": """", ""Conditions"": ""Conditions ( 2 )""}, {""Category"": ""offline"", ""Type"": ""base"", ""Qualifying Spend"": ""Offline Spends"", ""Rate"": ""1.00 %"", ""RP Capping"": """", ""Spend Capping"": """", ""Conditions"": ""Conditions ( 1 )""}, {""raw"": [""General Reward Points Capping: Max. 5K / statement cycle . Maximum cashback that can be earned in a statement cycle""]}]",Redemptions | STATEMENT BALANCE | Get x | 1 | conversion value on redeeming | 1 | cashback | for ₹ | 1 | statement balance | Conditions | ( | 3 | ),Intro Offers | Understand Intro Offers,Milestones | Annual Fee Waiver | ₹ | 999 | Annual Fee Waiver | On spending | ₹ | 2L | in | 1 | year,"{""raw_text"": ""Lounge Access | Domestic | 0 | visits / | year | International | 0 | visits / | year"", ""domestic_mentions"": [""0""], ""international_mentions"": [""0""]}",Eligibility | Age | 21+ | Financial Criterias | A minimum credit | score of | 750 | is required | Employment | Salaried | Self-employed | Eligibility Explanation,,3.50%,Discounts | Fuel Discount | 1 | % | Surcharge waiver | Max. | ₹ | 100 | discount every | 1 | month | Spend | min. ₹ | 500 | to avail discount | More On Discounts,Other Features | No other features available on this card.,"[""5% Cashback on Online Spends"", ""Offers an impressive 5% cashback on all online spends, with a maximum cap of Rs. 5,000 per statement cycle."", ""1% Cashback on Offline Spends"", ""Provides 1% cashback on all offline transactions, ensuring rewards for all types of purchases."", ""Automatic Cashback Credit"", ""The earned cashback is automatically credited to the card account within two days of the next statement generation."", ""Annual Fee Waiver"", ""The annual fee of Rs. 999 can be waived by spending Rs. 2 lakhs or more in the preceding year."", ""Fuel Surcharge Waiver"", ""Get a 1% fuel surcharge waiver on transactions between Rs. 500 and Rs. 3,000, with a maximum waiver of Rs. 100 per statement.""]","[""Exclusions on Cashback"", ""Cashback is not applicable on categories like rent, fuel, wallet loads, utilities, insurance, and jewelry."", ""No Lounge Access"", ""The card no longer offers complimentary airport lounge access, a feature previously available."", ""High Annual Fee"", ""The annual fee is Rs. 999, higher than some other cashback cards, though it can be waived with Rs. 2 Lakhs annual spending."", ""No Instant Discount on Sales"", ""The card doesn't provide instant discounts during online sales, unlike some co-branded cards."", ""Potential Low Credit Limit"", ""Users with multiple SBI Cards may get a low credit limit, though it can be adjusted by transferring limits from other SBI cards.""]",5,rewardmatrix.in,https://www.rewardmatrix.in/credit-cards/reviews/cashback-sbi
HDFC BizBlack Metal Credit Card,HDFC Bank,HDFC Bank,,"[""Airlines"", ""Business"", ""Dining"", ""Entertainment"", ""Hotel"", ""Insurance"", ""Lounge Access"", ""Premium"", ""Shopping"", ""Travel"", ""Utility Bill""]",₹ 10K + GST,₹ 10K + GST,Fees | Annual Fee | ₹ | 10K | GST extra | Waived off after | ₹ | 7.5L | spends | Joining Fee | ₹ | 10K | GST extra | One time payment | Forex Fee | 2 | % | GST extra | Fee Details and Explanation,3.33 % 33.33 %,"[{""Category"": ""others"", ""Type"": ""base"", ""Qualifying Spend"": ""Regular Spends"", ""Rate"": ""3.33 %"", ""RP Capping"": """", ""Spend Capping"": """", ""Conditions"": """"}, {""Category"": ""insurance"", ""Type"": ""base"", ""Qualifying Spend"": ""Insurance payments"", ""Rate"": ""3.33 %"", ""RP Capping"": ""Max. 5K / day"", ""Spend Capping"": """", ""Conditions"": """"}, {""Category"": ""groceries"", ""Type"": ""base"", ""Qualifying Spend"": ""Grocery purchases"", ""Rate"": ""3.33 %"", ""RP Capping"": ""Max. 2K / month"", ""Spend Capping"": """", ""Conditions"": """"}, {""Category"": ""utilities"", ""Type"": ""accelerated"", ""Qualifying Spend"": ""Telecom & Utility payments via SmartPay"", ""Rate"": ""16.67 %"", ""RP Capping"": ""Max. 7.5K / statement cycle"", ""Spend Capping"": ""Min. ₹ 50K / statement cycle"", ""Conditions"": ""Conditions ( 1 )""}, {""raw"": [""utilities"", ""accelerated"", ""Telecom & Utility payments via PayZapp"", ""16.67 %"", ""Conditions ( 1 )""]}, {""raw"": [""tax"", ""accelerated"", ""Income Tax/ Advance Tax payment"", ""16.67 %"", ""Conditions ( 1 )""]}, {""raw"": [""tax"", ""accelerated"", ""GST payment"", ""16.67 %"", ""Conditions ( 1 )""]}, {""Category"": ""travel"", ""Type"": ""accelerated"", ""Qualifying Spend"": ""Hotel & flight booking on MMT MyBiz"", ""Rate"": ""16.67 %"", ""RP Capping"": ""Max. 10K / month"", ""Spend Capping"": """", ""Conditions"": ""Conditions ( 1 )""}, {""raw"": [""software"", ""accelerated"", ""Business Productivity tools via Nuclei"", ""16.67 %"", """", ""Conditions ( 1 )""]}, {""raw"": [""shopping"", ""accelerated"", ""Spends on IGP.com via SmartBuy"", ""33.33 %"", """", ""Conditions ( 1 )""]}, {""raw"": [""travel"", ""accelerated"", ""Flights via SmartBuy"", ""16.67 %"", """", ""Conditions ( 1 )""]}, {""raw"": [""travel"", ""accelerated"", ""Hotels via SmartBuy"", ""33.33 %"", """", ""Conditions ( 1 )""]}, {""raw"": [""travel"", ""accelerated"", ""IRCTC via SmartBuy"", ""10.00 %"", """", ""Conditions ( 1 )""]}, {""raw"": [""travel"", ""accelerated"", ""RedBus via SmartBuy"", ""16.67 %"", """", ""Conditions ( 1 )""]}, {""raw"": [""vouchers"", ""accelerated"", ""Instant Vouchers via SmartBuy"", ""10.00 %"", """", ""Conditions ( 1 )""]}, {""raw"": [""shopping"", ""accelerated"", ""Spends on Apple Imagine Tresor via SmartBuy"", ""10.00 %"", """", ""Conditions ( 1 )""]}, {""raw"": [""rental services"", ""accelerated"", ""Spends on Zoom Car via SmartBuy"", ""16.67 %"", """", ""Conditions ( 1 )""]}, {""raw"": [""shopping"", ""accelerated"", ""Spends on Nykaa via SmartBuy"", ""16.67 %"", """", ""Conditions ( 1 )""]}, {""raw"": [""shopping"", ""accelerated"", ""Spends on Myntra via SmartBuy"", ""16.67 %"", """", ""Conditions ( 1 )""]}, {""raw"": [""shopping"", ""accelerated"", ""Spends on Jockey via SmartBuy"", ""33.33 %"", """", ""Conditions ( 1 )""]}, {""raw"": [""travel"", ""accelerated"", ""MMT Holiday Packages via SmartBuy"", ""16.67 %"", """", ""Conditions ( 1 )""]}, {""raw"": [""healthcare"", ""accelerated"", ""Spends on Pharmeasy via SmartBuy"", ""33.33 %"", """", ""Conditions ( 1 )""]}, {""raw"": [""General Reward Points Capping: Max. 1.5L / statement cycle . Overall maximum points that can be earned across all categories""]}]",Redemptions | AIRLINE PARTNERS | List of conversion options of airline partners. | Airline Partner | Redemption Rate | Multiplier | Club Vistara | 1 | Reward Points | = | 1 | Airmiles | points | x | 1 | Conditions | ( | 3 | ) | KrisFlyer | 1 | Reward Points | = | 1 | Airmiles | points | x | 1 | Conditions | ( | 3 | ) | STATEMENT BALANCE | Get x | 0.3 | conversion value on redeeming | 1 | Reward Points | for ₹ | 0.3 | statement balance | Conditions | ( | 2 | ),Intro Offers | Stay voucher | ₹5K | Valid on | Taj | Minimum spend of | ₹ | 1.5L | in 90 days | Club Marriott | Membership | ₹5K | Valid for | 1 | years | Understand Intro Offers,Milestones | Joining Fee Waiver | ₹ | 11.8K | Fee Waiver | On spending | ₹ | 1.5L | in | 3 | statement cycle | Welcome Benefit - Taj Voucher | ₹ | 5K | Taj Stay Voucher | On spending | ₹ | 1.5L | in | 3 | statement cycle | Renewal Fee Waiver | ₹ | 11.8K | Fee Waiver | On spending | ₹ | 7.5L | in | 1 | year | Annual Milestone Voucher (₹5 Lakh Spend) | ₹ | 5K | SmartBuy Flight / Taj Stay Voucher | On spending | ₹ | 5L | in | 1 | year | Annual Milestone Voucher (₹10 Lakh Spend) | ₹ | 5K | SmartBuy Flight / Taj Stay Voucher | On spending | ₹ | 10L | in | 1 | year | Annual Milestone Voucher (₹15 Lakh Spend) | ₹ | 5K | SmartBuy Flight / Taj Stay Voucher | On spending | ₹ | 15L | in | 1 | year | Annual Milestone Voucher (₹20 Lakh Spend) | ₹ | 5K | SmartBuy Flight / Taj Stay Voucher | On spending | ₹ | 20L | in | 1 | year,"{""raw_text"": ""Lounge Access | Domestic | visits / | year | International | visits / | year"", ""domestic_mentions"": [], ""international_mentions"": []}",Eligibility | Age | 21 - 65 | Citizenship | Indian | Employment | Self-Employed | Eligibility Explanation,,2%,Discounts | Dining Discount | 10 | % | Applicable on | Swiggy Dineout | Payment via | Swiggy Dineout | More On Discounts,Other Features | Concierge Services | Travel Arrangement Services | Dining Reservation Services | Golf Booking Services | Event Planning Services | Airport Services,"[""Accelerated Rewards on Business Spends"", ""Earn 5X Reward Points (16.5% reward rate) on essential business spends like tax payments, GST payments, bill payments via PayZapp, and other business spends via Nuclei."", ""Unlimited Airport Lounge Access"", ""Cardholders and add-on members get unlimited access to 1000+ domestic and international airport lounges."", ""Complimentary Golf Games"", ""Enjoy 6 complimentary golf games per quarter at domestic and international golf courses."", ""Milestone Benefits"", ""Get milestone benefits like Taj Stay vouchers worth ₹5,000 on every ₹5 lakh spent, up to ₹20,000 in a year."", ""Attractive Welcome Benefits"", ""Avail welcome benefits like Club Marriott Membership and a Taj Stay voucher worth ₹5,000 on spending ₹1.5 lakh within the first 90 days.""]","[""High Joining and Renewal Fee"", ""The card has a high joining and renewal fee of ₹10,000 + GST, making it suitable for larger businesses."", ""Limited Acceptance"", ""The card is on the Diners Club platform, which may have acceptance issues with smaller merchants."", ""Spend-Based Conditions and Capping on Rewards"", ""5X reward points are applicable only on minimum spends of Rs. 50,000 in a statement cycle, with a maximum cap of 7,500 Reward Points per cycle on 5X rewards."", ""Low Redemption Value for Non-Travel Options"", ""The reward redemption value is low if redeemed against non-travel options like cashback (1 RP = ₹0.30)."", ""Restrictions on Rewards for Insurance and Grocery"", ""There are restrictions and capping on reward points earned and redeemed for insurance and grocery transactions.""]",4.9,rewardmatrix.in,https://www.rewardmatrix.in/credit-cards/reviews/hdfc-bizblack-metal
HDFC Diners Club Black Metal Credit Card,HDFC Bank,HDFC Bank,Diners Club,"[""Airlines"", ""Dining"", ""Grocery"", ""Hotel"", ""Insurance"", ""Lounge Access"", ""Premium"", ""Shopping"", ""Travel"", ""Utility Bill""]",₹ 10K + GST,₹ 10K + GST,Fees | Annual Fee | ₹ | 10K | GST extra | Waived off after | ₹ | 8L | spends | Joining Fee | ₹ | 10K | GST extra | One time payment | Forex Fee | 2 | % | GST extra | Fee Details and Explanation,3.33 % 33 %,"[{""Category"": ""offline"", ""Type"": ""base"", ""Qualifying Spend"": ""Base Rewards"", ""Rate"": ""3.33 %"", ""RP Capping"": """", ""Spend Capping"": """", ""Conditions"": """"}, {""Category"": ""travel"", ""Type"": ""accelerated"", ""Qualifying Spend"": ""SmartBuy Hotel Bookings"", ""Rate"": ""33.00 %"", ""RP Capping"": ""Max. 10K / month"", ""Spend Capping"": """", ""Conditions"": ""Conditions ( 1 )""}, {""raw"": [""shopping"", ""accelerated"", ""SmartBuy IGP"", ""33.00 %"", """", ""Conditions ( 1 )""]}, {""raw"": [""shopping"", ""accelerated"", ""SmartBuy Jockey"", ""33.00 %"", """", ""Conditions ( 1 )""]}, {""raw"": [""healthcare"", ""accelerated"", ""SmartBuy PharmEasy"", ""33.00 %"", """", ""Conditions ( 1 )""]}, {""raw"": [""travel"", ""accelerated"", ""SmartBuy Flight Bookings"", ""16.00 %"", """", ""Conditions ( 1 )""]}, {""raw"": [""travel"", ""accelerated"", ""SmartBuy Bus Bookings"", ""16.00 %"", """", ""Conditions ( 1 )""]}, {""raw"": [""shopping"", ""accelerated"", ""SmartBuy Nykaa"", ""16.00 %"", """", ""Conditions ( 1 )""]}, {""raw"": [""transport"", ""accelerated"", ""SmartBuy ZoomCar"", ""16.00 %"", """", ""Conditions ( 1 )""]}, {""raw"": [""travel"", ""accelerated"", ""SmartBuy MMT Holiday Packages"", ""16.00 %"", """", ""Conditions ( 1 )""]}, {""raw"": [""shopping"", ""accelerated"", ""SmartBuy Myntra"", ""16.00 %"", """", ""Conditions ( 1 )""]}, {""raw"": [""transport"", ""accelerated"", ""SmartBuy Redbus"", ""16.00 %"", """", ""Conditions ( 1 )""]}, {""raw"": [""travel"", ""accelerated"", ""SmartBuy Train Bookings"", ""10.00 %"", """", ""Conditions ( 1 )""]}, {""raw"": [""gift card"", ""accelerated"", ""SmartBuy Vouchers"", ""10.00 %"", """", ""Conditions ( 1 )""]}, {""raw"": [""shopping"", ""accelerated"", ""SmartBuy Tresor"", ""10.00 %"", """", ""Conditions ( 1 )""]}, {""raw"": [""transport"", ""accelerated"", ""SmartBuy IRCTC"", ""10.00 %"", """", ""Conditions ( 1 )""]}, {""raw"": [""shopping"", ""accelerated"", ""SmartBuy Apple Imagine Tresor"", ""10.00 %"", """", ""Conditions ( 1 )""]}, {""raw"": [""shopping"", ""accelerated"", ""SmartBuy Flipkart"", ""6.00 %"", """", ""Conditions ( 1 )""]}, {""Category"": ""dining"", ""Type"": ""accelerated"", ""Qualifying Spend"": ""Weekend Dining"", ""Rate"": ""6.67 %"", ""RP Capping"": ""Max. 1K / day"", ""Spend Capping"": """", ""Conditions"": ""Conditions ( 2 )""}, {""Category"": ""insurance"", ""Type"": ""base"", ""Qualifying Spend"": ""Insurance Transactions"", ""Rate"": ""3.33 %"", ""RP Capping"": ""Max. 5K / day"", ""Spend Capping"": """", ""Conditions"": """"}, {""Category"": ""groceries"", ""Type"": ""base"", ""Qualifying Spend"": ""Grocery Transactions"", ""Rate"": ""3.33 %"", ""RP Capping"": ""Max. 2K / month"", ""Spend Capping"": """", ""Conditions"": """"}, {""Category"": ""utilities"", ""Type"": ""base"", ""Qualifying Spend"": ""Utility Bill Payments"", ""Rate"": ""3.33 %"", ""RP Capping"": ""Max. 2K / month"", ""Spend Capping"": """", ""Conditions"": """"}, {""raw"": [""telecom"", ""base"", ""Telecom & Cable Spends"", ""3.33 %"", """", """"]}, {""raw"": [""General Reward Points Capping: Max. 75K / statement cycle . Maximum of 75,000 reward points can be earned per statement cycle.""]}]",Redemptions | AIRLINE PARTNERS | List of conversion options of airline partners. | Airline Partner | Redemption Rate | Multiplier | SpiceJet | 1 | Reward Points | = | 1 | SpiceClub | points | x | 1 | Conditions | ( | 3 | ) | AirAsia | 1 | Reward Points | = | 1 | AirAsia rewards | points | x | 1 | Conditions | ( | 3 | ) | Finnair | 1 | Reward Points | = | 1 | Finnair Plus | points | x | 1 | Conditions | ( | 3 | ) | Flying Blue | 1 | Reward Points | = | 1 | Flying Blue | points | x | 1 | Conditions | ( | 3 | ) | Hainan Airlines | 1 | Reward Points | = | 1 | Fortune Wings Club | points | x | 1 | Conditions | ( | 3 | ) | Vietnam Airlines | 1 | Reward Points | = | 1 | LotusMiles Program | points | x | 1 | Conditions | ( | 3 | ) | Singapore Airlines | 1 | Reward Points | = | 1 | KrisFlyer | points | x | 1 | Conditions | ( | 3 | ) | Vistara Airlines | 1 | Reward Points | = | 1 | Club Vistara | points | x | 1 | Conditions | ( | 3 | ) | InterMiles | 1 | Reward Points | = | 1 | InterMiles | points | x | 1 | Conditions | ( | 3 | ) | Turkish Airlines | 2 | Reward Points | = | 1 | Miles&Smiles | points | x | 0.50 | Conditions | ( | 4 | ) | Avianca | 2 | Reward Points | = | 1 | LifeMiles | points | x | 0.50 | Conditions | ( | 4 | ) | British Airways | 2 | Reward Points | = | 1 | Executive Club | points | x | 0.50 | Conditions | ( | 4 | ) | Etihad Airways | 2 | Reward Points | = | 1 | Etihad Guest | points | x | 0.50 | Conditions | ( | 4 | ) | United Airlines | 2 | Reward Points | = | 1 | MileagePlus | points | x | 0.50 | Conditions | ( | 4 | ) | Air Canada | 2 | Reward Points | = | 1 | Aeroplan | points | x | 0.50 | Conditions | ( | 4 | ) | HOTEL PARTNERS | List of conversion options of airline partners. | Airline Partner | Redemption Rate | Multiplier | IHG | 1 | Reward Points | = | 1 | IHG One Rewards | points | x | 1 | Conditions | ( | 3 | ) | Wyndham | 1 | Reward Points | = | 1 | Wyndham Rewards | points | x | 1 | Conditions | ( | 3 | ) | Accor | 2 | Reward Points | = | 1 | ALL - Accor Live Limitless | points | x | 0.50 | Conditions | ( | 4 | ) | ITC | 2 | Reward Points | = | 1 | Club ITC Green Points | points | x | 0.50 | Conditions | ( | 3 | ) | GIFT VOUCHERS | List of conversion options of gift voucher merchants. | Partner Brand | Redemption Rate | Multiplier | Amazon | 1 | Reward Points | = ₹ | 0.5 | voucher | x | 0.50 | Conditions | ( | 1 | ) | Myntra | 1 | Reward Points | = ₹ | 0.5 | voucher | x | 0.50 | Conditions | ( | 1 | ) | Flipkart | 1 | Reward Points | = ₹ | 0.5 | voucher | x | 0.50 | Conditions | ( | 2 | ) | Nykaa | 1 | Reward Points | = ₹ | 0.5 | voucher | x | 0.50 | Conditions | ( | 1 | ) | STATEMENT BALANCE | Get x | 0.3 | conversion value on redeeming | 1 | Reward Points | for ₹ | 0.3 | statement balance | Conditions | ( | 2 | ),Intro Offers | Club Marriott | Membership | - | Valid for | 1 | years | Amazon Prime | Membership | ₹1.5K | Valid for | 1 | years | Swiggy One | Membership | - | Valid for | 1 | years | Understand Intro Offers,Milestones | Annual Fee Waiver | ₹ | 10K | Annual Fee Waiver | On spending | ₹ | 8L | in | 1 | year | Quarterly Milestone | 10K | On spending | ₹ | 4L | in | 1 | quarter,"{""raw_text"": ""Lounge Access | Domestic | visits / | YEAR | International | visits / | YEAR"", ""domestic_mentions"": [], ""international_mentions"": []}",Eligibility | Age | 21 - 65 | Citizenship | Indian | Financial Criterias | Must have an existing | card limit above ₹ | 5L | Employment | Salaried | Self-employed | Income | Salaried ₹ | 1.75L | Business ₹ | 21L | Eligibility Explanation,,2%,"Discounts | Dining Discount | 40 | % | Max. | 40 | % | discount per transaction | Min. bill ₹ | for availing discount | Applicable on | Swiggy Dineout, Club Marriott, Marriott Bonvoy on Wheels | Payment via | Swiggy Dineout | More On Discounts",Other Features | Concierge Services | Golf Booking Services | Dining Reservation Services | Travel Arrangement Services,"[""Unlimited Lounge Access"", ""Enjoy unlimited complimentary domestic and international lounge access for both primary and add-on cardholders."", ""High Reward Rate"", ""Earn 5 Reward Points for every Rs. 150 spent, and up to 10X Reward Points on spends made through SmartBuy, offering a high reward rate."", ""Valuable Welcome Benefits"", ""Get complimentary annual memberships of Club Marriott, Swiggy One, and Amazon Prime on spending Rs. 1.5 lakh within 90 days of card issuance."", ""Quarterly Milestone Benefit"", ""Receive 10,000 bonus Reward Points on spending Rs. 4 lakh in a calendar quarter, providing a substantial reward boost."", ""Complimentary Golf Games"", ""Enjoy 6 complimentary golf games each quarter, offering a premium lifestyle benefit for golf enthusiasts.""]","[""High Joining and Renewal Fee"", ""The joining and renewal fee is Rs. 10,000 plus taxes, which may be a significant expense for some users."", ""High Spend for Renewal Fee Waiver"", ""The renewal fee waiver requires spending Rs. 8 lakh in a card anniversary year, which might be difficult for some users to achieve."", ""Reward Point Exclusions"", ""Reward points are not earned on fuel, Easy EMI, rent payments, government transactions, cash advances, payment of card fees, and e-wallet reloads."", ""Limited Offline Acceptance"", ""Diners Club cards may have limited acceptance at offline stores compared to other card networks, which can be inconvenient."", ""Reward Points Cap"", ""The maximum reward points that can be earned in a statement cycle is capped at 75,000, limiting the reward potential for very high spenders.""]",4.6,rewardmatrix.in,https://www.rewardmatrix.in/credit-cards/reviews/hdfc-diners-club-black-metal
HDFC Diners Club Privilege Credit Card,HDFC Bank,HDFC Bank,Diners Club,"[""Dining"", ""Insurance"", ""Lounge Access"", ""Movie"", ""Shopping"", ""Travel""]",₹ 1K + GST,₹ 1K + GST,Fees | Annual Fee | ₹ | 1K | GST extra | Waived off after | ₹ | 3L | spends | Starts from second year | Joining Fee | ₹ | 1K | GST extra | One time payment | Forex Fee | 3.5 | % | GST extra | Fee Details and Explanation,2.67 % 26.67 %,"[{""Category"": ""offline"", ""Type"": ""base"", ""Qualifying Spend"": ""Retail Spends"", ""Rate"": ""2.67 %"", ""RP Capping"": """", ""Spend Capping"": """", ""Conditions"": """"}, {""Category"": ""dining"", ""Type"": ""accelerated"", ""Qualifying Spend"": ""Swiggy and Zomato Spends"", ""Rate"": ""13.33 %"", ""RP Capping"": ""Max. 2.5K / month"", ""Spend Capping"": """", ""Conditions"": ""Conditions ( 1 )""}, {""Category"": ""shopping"", ""Type"": ""accelerated"", ""Qualifying Spend"": ""Spends Via Smartbuy"", ""Rate"": ""26.67 %"", ""RP Capping"": """", ""Spend Capping"": """", ""Conditions"": ""Conditions ( 1 )""}, {""Category"": ""insurance"", ""Type"": ""base"", ""Qualifying Spend"": ""Insurance transactions"", ""Rate"": ""2.67 %"", ""RP Capping"": ""Max. 2K / day"", ""Spend Capping"": """", ""Conditions"": ""Conditions ( 1 )""}, {""Category"": ""utilities"", ""Type"": ""base"", ""Qualifying Spend"": ""Utility transactions"", ""Rate"": ""2.67 %"", ""RP Capping"": ""Max. 2K / day"", ""Spend Capping"": """", ""Conditions"": ""Conditions ( 1 )""}, {""Category"": ""telecom"", ""Type"": ""base"", ""Qualifying Spend"": ""Telecom transactions"", ""Rate"": ""2.67 %"", ""RP Capping"": ""Max. 2K / day"", ""Spend Capping"": """", ""Conditions"": ""Conditions ( 1 )""}, {""Category"": ""groceries"", ""Type"": ""base"", ""Qualifying Spend"": ""Grocery transaction"", ""Rate"": ""2.67 %"", ""RP Capping"": ""Max. 2K / month"", ""Spend Capping"": """", ""Conditions"": ""Conditions ( 1 )""}, {""Category"": ""education"", ""Type"": ""base"", ""Qualifying Spend"": ""Direct Education payments"", ""Rate"": ""2.67 %"", ""RP Capping"": """", ""Spend Capping"": """", ""Conditions"": """"}, {""raw"": [""General Reward Points Capping: Max. 50K / statement cycle . The maximum reward points that can be earned in a statement cycle is capped at 50,000 Reward Points.""]}]",Redemptions | AIRLINE PARTNERS | List of conversion options of airline partners. | Airline Partner | Redemption Rate | Multiplier | HDFC Bank SmartBuy | 1 | Reward Points | = | 0.5 | Flight Booking Value | points | x | 0.50 | Conditions | ( | 5 | ) | HOTEL PARTNERS | List of conversion options of airline partners. | Airline Partner | Redemption Rate | Multiplier | HDFC Bank SmartBuy | 1 | Reward Points | = | 0.5 | Hotel Booking Value | points | x | 0.50 | Conditions | ( | 5 | ) | GIFT VOUCHERS | List of conversion options of gift voucher merchants. | Partner Brand | Redemption Rate | Multiplier | HDFC Bank Diners Club Privilege Exclusive Catalogue | 1 | Reward Points | = ₹ | 0.35 | voucher | x | 0.35 | Conditions | ( | 4 | ) | Select Restaurants via SmartBuy Dining Catalogue | 1 | Reward Points | = ₹ | 0.5 | voucher | x | 0.50 | Conditions | ( | 4 | ) | STATEMENT BALANCE | Get x | 0.2 | conversion value on redeeming | 1 | Reward Points | for ₹ | 0.2 | statement balance | Conditions | ( | 3 | ),Intro Offers | Swiggy One | Membership | - | Valid for | 1 | years | Times Prime | Membership | - | Valid for | 1 | years | Understand Intro Offers,Milestones | Quarterly Spend Benefit | ₹ | 1.5K | Quarterly Choice Voucher | On spending | ₹ | 1.5L | in | 1 | quarter | Annual Fee Waiver | ₹ | 1K | Annual Fee Waiver | On spending | ₹ | 3L | in | 1 | year,"{""raw_text"": ""Lounge Access | Domestic | 2 | visits / | QUARTER | Minimum spend of | ₹ | 15K | required in last | 1 | quarter | International | 2 | visits / | QUARTER | Minimum spend of | ₹ | 15K | required in last | 1 | quarter"", ""domestic_mentions"": [""2""], ""international_mentions"": [""2""]}",Eligibility | Age | 21 - 65 | Citizenship | Indian | Employment | Salaried | Self-Employed | Income | Salaried ₹ | 4.2L | Business ₹ | 6L | Eligibility Explanation,,3.50%,Discounts | Dining Discount | 20 | % | Max. | 20 | % | discount per transaction | Applicable on | Swiggy Dineout | Payment via | Swiggy App | Movie Discount | ₹ | 250 | Max. | ₹ | 250 | discount per transaction | Limited to 2 use per month | Applicable on | BookMyShow | Payment via | BookMyShow | More On Discounts,Other Features | Concierge Services | Airport Services | Health and Wellness Services | Business Services | Spa Services,"[""Accelerated Rewards on Dining"", ""Earn 5X Reward Points (20 Reward Points per Rs. 150 spent) on Swiggy and Zomato, with bonus Reward Points capped at 2,500 per calendar month."", ""Complimentary Airport Lounge Access"", ""Receive 2 complimentary airport lounge accesses per calendar quarter worldwide, applicable for both primary and add-on cardholders (total 8 annually)."", ""Quarterly Milestone Benefits"", ""Get a Rs. 1,500 voucher from participating brands like Marriott, Decathlon, Barbeque Nation, O2 Spa, or Lakme Salon on achieving spends of Rs. 1.5 lakh in a calendar quarter."", ""Weekend Movie Ticket Offer"", ""Avail a 'Buy 1 Get 1 Free' offer on movie or non-movie tickets via BookMyShow for weekend shows (Friday, Saturday, Sunday), with a maximum discount of Rs. 250 per ticket, up to 2 free tickets per month."", ""Decent Base Reward Rate"", ""Earn 4 Reward Points for every Rs. 150 spent on retail transactions, providing a consistent reward earning rate on general spends.""]","[""High Spend Requirement for Welcome Benefits"", ""Complimentary Swiggy One and Times Prime memberships require spending Rs. 75,000 within the first 90 days of card issuance, which may be a high threshold for some users."", ""Foreign Currency Markup Fee"", ""A 3.5% foreign currency markup fee is applied to all international transactions, making it potentially costly for frequent overseas spenders."", ""Low Cashback Redemption Value"", ""The value of reward points when redeemed for cashback is relatively low (1 Reward Point = Rs. 0.20) compared to other redemption options like travel or vouchers."", ""Movie Offer Limited to Weekends"", ""The 'Buy One Get One Free' movie ticket offer through BookMyShow is restricted to shows on Fridays, Saturdays, and Sundays only."", ""Capped Rewards on Specific Categories"", ""Reward points earned on insurance, utility, and telecom transactions are capped at 2,000 points per day per category, and grocery transactions are capped at 2,000 points per month.""]",4,rewardmatrix.in,https://www.rewardmatrix.in/credit-cards/reviews/hdfc-diners-club-privilege
HDFC Infinia Metal Credit Card,HDFC Bank,HDFC Bank,,"[""Airlines"", ""Dining"", ""Hotel"", ""Lounge Access"", ""Premium"", ""Shopping"", ""Travel""]",₹ 12.5K + GST,₹ 12.5K + GST,Fees | Annual Fee | ₹ | 12.5K | GST extra | Waived off after | ₹ | 10L | spends | Starts from second year | Joining Fee | ₹ | 12.5K | GST extra | One time payment | Forex Fee | 2 | % | GST extra | Fee Details and Explanation,3.33 % 33.33 %,"[{""Category"": ""shopping"", ""Type"": ""base"", ""Qualifying Spend"": ""General Retail Purchases"", ""Rate"": ""3.33 %"", ""RP Capping"": """", ""Spend Capping"": """", ""Conditions"": """"}, {""Category"": ""insurance"", ""Type"": ""base"", ""Qualifying Spend"": ""Insurance Payments"", ""Rate"": ""3.33 %"", ""RP Capping"": ""Max. 5K / day"", ""Spend Capping"": """", ""Conditions"": """"}, {""Category"": ""utilities"", ""Type"": ""base"", ""Qualifying Spend"": ""Utility Bill Payments"", ""Rate"": ""3.33 %"", ""RP Capping"": ""Max. 2K / month"", ""Spend Capping"": """", ""Conditions"": """"}, {""Category"": ""telecom"", ""Type"": ""base"", ""Qualifying Spend"": ""Telecom & Cable Bill Payments"", ""Rate"": ""3.33 %"", ""RP Capping"": ""Max. 2K / month"", ""Spend Capping"": """", ""Conditions"": """"}, {""Category"": ""education"", ""Type"": ""base"", ""Qualifying Spend"": ""Education Expenses (Direct Payments)"", ""Rate"": ""3.33 %"", ""RP Capping"": """", ""Spend Capping"": """", ""Conditions"": """"}, {""Category"": ""groceries"", ""Type"": ""base"", ""Qualifying Spend"": ""Grocery Purchases"", ""Rate"": ""3.33 %"", ""RP Capping"": ""Max. 2K / month"", ""Spend Capping"": """", ""Conditions"": """"}, {""Category"": ""travel"", ""Type"": ""accelerated"", ""Qualifying Spend"": ""Hotel Bookings via SmartBuy"", ""Rate"": ""33.33 %"", ""RP Capping"": ""Max. 15K / month"", ""Spend Capping"": ""Max. ₹ 50K / month"", ""Conditions"": """"}, {""raw"": [""travel"", ""accelerated"", ""Flight Bookings via SmartBuy"", ""16.67 %"", ""Max. ₹ 1.14L / month"", """"]}, {""raw"": [""vouchers"", ""accelerated"", ""e-Voucher Purchases via SmartBuy"", ""16.67 %"", """"]}, {""Category"": ""international transactions"", ""Type"": ""base"", ""Qualifying Spend"": ""International Spends"", ""Rate"": ""3.33 %"", ""RP Capping"": """", ""Spend Capping"": """", ""Conditions"": """"}, {""raw"": [""General Reward Points Capping: Max. 2L / statement cycle . Maximum reward points that can be earned in a statement cycle""]}]","Redemptions | AIRLINE PARTNERS | List of conversion options of airline partners. | Airline Partner | Redemption Rate | Multiplier | SpiceJet | 1 | Reward Point | = | 1 | SpiceClub | points | x | 1 | Conditions | ( | 3 | ) | AirAsia | 1 | Reward Point | = | 1 | AirAsia Point | points | x | 1 | Conditions | ( | 3 | ) | Finnair | 1 | Reward Point | = | 1 | Finnair Plus | points | x | 1 | Conditions | ( | 3 | ) | Flying Blue | 1 | Reward Point | = | 1 | Flying Blue | points | x | 1 | Conditions | ( | 3 | ) | Hainan Airlines | 1 | Reward Point | = | 1 | Fortune Wings Club | points | x | 1 | Conditions | ( | 3 | ) | Vietnam Airlines | 1 | Reward Point | = | 1 | LotusMiles Program | points | x | 1 | Conditions | ( | 3 | ) | Air Canada | 2 | Reward Point | = | 1 | Aeroplan | points | x | 0.50 | Conditions | ( | 4 | ) | Avianca | 2 | Reward Point | = | 1 | LifeMiles | points | x | 0.50 | Conditions | ( | 4 | ) | British Airways | 2 | Reward Point | = | 1 | Avios | points | x | 0.50 | Conditions | ( | 3 | ) | Etihad Airways | 2 | Reward Point | = | 1 | Etihad Guest | points | x | 0.50 | Conditions | ( | 3 | ) | Turkish Airlines | 2 | Reward Point | = | 1 | Miles&Smiles | points | x | 0.50 | Conditions | ( | 4 | ) | United Airlines | 2 | Reward Point | = | 1 | MileagePlus Mile | points | x | 0.50 | Conditions | ( | 3 | ) | HOTEL PARTNERS | List of conversion options of airline partners. | Airline Partner | Redemption Rate | Multiplier | IHG | 1 | Reward Point | = | 1 | IHG One Rewards | points | x | 1 | Conditions | ( | 3 | ) | Wyndham | 1 | Reward Point | = | 1 | Wyndham Rewards | points | x | 1 | Conditions | ( | 3 | ) | Accor | 2 | Reward Point | = | 1 | ALL - Accor Live Limitless | points | x | 0.50 | Conditions | ( | 4 | ) | ITC | 2 | Reward Point | = | 1 | Club ITC Green Points | points | x | 0.50 | Conditions | ( | 3 | ) | GIFT VOUCHERS | List of conversion options of gift voucher merchants. | Partner Brand | Redemption Rate | Multiplier | Tanishq | 1 | Reward Point | = ₹ | 1 | voucher | x | 1 | Conditions | ( | 4 | ) | Apple | 1 | Reward Point | = ₹ | 1 | voucher | x | 1 | Conditions | ( | 3 | ) | SmartBuy, NetBanking | 1 | Reward Point | = ₹ | 0.5 | voucher | x | 0.50 | Conditions | ( | 1 | ) | STATEMENT BALANCE | Get x | 0.3 | conversion value on redeeming | 1 | Reward Point | for ₹ | 0.3 | statement balance | Conditions | ( | 2 | )",Intro Offers | Bonus Points | 12.5K | Club Marriott | Membership | - | Valid for | 1 | years | Understand Intro Offers,Milestones | Annual Fee Waiver | ₹ | 12.5K | Annual Fee Waiver | On spending | ₹ | 10L | in | 1 | year,"{""raw_text"": ""Lounge Access | Domestic | visits / | year | Guest visits allowed: | Unlimited | International | visits / | year | Guest visits allowed: | Unlimited"", ""domestic_mentions"": [], ""international_mentions"": []}",Eligibility | Age | 21+ | Financial Criterias | Must have an existing | card limit above ₹ | 8L | High spending behavior is a prerequisite | Bank Relationships | Application is by invitation only | A relationship with the bank is required | Minimum Total Relationship Value (TRV): ₹25L | Employment | Salaried | Self-Employed | Income | Salaried ₹ | 5L | Business ₹ | 60L | Eligibility Explanation,,2%,Discounts | Dining Discount | 15 | % | Max. | ₹ | 1K | discount per transaction | Min. bill ₹ | 2.5K | for availing discount | Limited to | 2 | use per | month | Applicable on | Swiggy Dineout | Payment via | Swiggy Dineout | Fuel Discount | 1 | % | Surcharge waiver | Max. | ₹ | 1K | discount every | 1 | month | Spend | min. ₹ | 400 | to avail discount | More On Discounts,Other Features | Concierge Services | Travel Arrangement Services | Dining Reservation Services | Event Booking Services | Golf Booking Services | Gift Delivery Services | Event Planning Services | Airport Services | Renewal Benefit | 12.5K | Reward Point | Conditioned to annual fee payment,"[""High Reward Rate"", ""Earn 5 Reward Points for every Rs. 150 spent, with potential for up to 10X rewards on travel and shopping via HDFC Bank's SmartBuy platform, translating to a base reward rate of 3.33% and up to 33% on specific spends."", ""Premium Travel Benefits"", ""Enjoy unlimited complimentary domestic and international lounge access for both primary and add-on cardholders via Priority Pass, along with exclusive benefits at ITC and Marriott hotels."", ""Flexible Reward Redemption"", ""Points can be redeemed at a 1:1 value for flights, hotel bookings, Apple products, and Tanishq vouchers through SmartBuy, or converted to Air Miles with a variety of airline and hotel partners."", ""Low Forex Markup Fee"", ""Benefit from a low forex markup fee of 2% + GST, further enhanced by a 1% cashback via the Global Value Program, leading to a net gain of about 2% on foreign currency transactions."", ""Exclusive Memberships and Golf Privileges"", ""Cardholders receive a complimentary Club Marriott membership for the first year, unlimited complimentary golf games and lessons at select courses, and access to 24x7 global concierge services.""]","[""Invite-Only Access"", ""HDFC Infinia is exclusively available by invitation, limiting access to a select group of high-net-worth individuals and those with strong existing relationships with HDFC Bank."", ""High Annual Fee"", ""The card carries a substantial annual fee of Rs. 12,500 + GST, which may be a deterrent for some, despite the renewal benefits and potential for a spend-based waiver."", ""Reward Point Caps"", ""Restrictions include a monthly cap on accelerated reward points via SmartBuy (15,000 points), and category-specific limits like grocery (2,000 points per month) and insurance (5,000 points per day)."", ""Lower Redemption Value for Non-Travel Options"", ""Reward points have a lower redemption value for non-travel options, such as product/voucher purchases (1 RP = Rs. 0.50) and cashback (1 RP = Rs. 0.30), compared to travel-related redemptions."", ""Exclusions and Fees on Certain Transactions"", ""Effective from 1st Jan 2023, reward points are not accrued for rental pay, property management services, and government transactions. Rent payments via third-party apps incur a 1% fee.""]",4.9,rewardmatrix.in,https://www.rewardmatrix.in/credit-cards/reviews/hdfc-infinia-metal
Marriott Bonvoy HDFC Bank Credit Card,HDFC Bank,HDFC Bank,,"[""Co-branded"", ""Dining"", ""Entertainment"", ""Grocery"", ""Hotel"", ""Lounge Access"", ""Travel""]",₹ 3K + GST,₹ 3K + GST,Fees | Annual Fee | ₹ | 3K | GST extra | Joining Fee | ₹ | 3K | GST extra | One time payment | Forex Fee | 3.5 | % | Fee Details and Explanation,1.33 % 26.67 %,"[{""Category"": ""travel"", ""Type"": ""accelerated"", ""Qualifying Spend"": ""Spends at Marriott Bonvoy Hotels (Festive Offer)"", ""Rate"": ""26.67 %"", ""RP Capping"": ""Max. 53.34K / month"", ""Spend Capping"": ""Max. ₹ 2L / month"", ""Conditions"": ""Conditions ( 1 )""}, {""Category"": ""travel"", ""Type"": ""accelerated"", ""Qualifying Spend"": ""Spends at Marriott Bonvoy Hotels (Regular)"", ""Rate"": ""5.33 %"", ""RP Capping"": ""Max. 53.34K / month"", ""Spend Capping"": ""Max. ₹ 10L / month"", ""Conditions"": """"}, {""Category"": ""travel"", ""Type"": ""accelerated"", ""Qualifying Spend"": ""Travel Spends (Festive Offer)"", ""Rate"": ""13.33 %"", ""RP Capping"": ""Max. 13.34K / month"", ""Spend Capping"": ""Max. ₹ 1L / month"", ""Conditions"": ""Conditions ( 1 )""}, {""raw"": [""dining"", ""accelerated"", ""Dining Spends (Festive Offer)"", ""13.33 %"", ""Conditions ( 1 )""]}, {""raw"": [""entertainment"", ""accelerated"", ""Entertainment Spends (Festive Offer)"", ""13.33 %"", ""Conditions ( 1 )""]}, {""Category"": ""travel"", ""Type"": ""accelerated"", ""Qualifying Spend"": ""Travel Spends (Regular)"", ""Rate"": ""2.67 %"", ""RP Capping"": ""Max. 13.34K / month"", ""Spend Capping"": ""Max. ₹ 5L / month"", ""Conditions"": """"}, {""raw"": [""dining"", ""accelerated"", ""Dining Spends (Regular)"", ""2.67 %"", """"]}, {""raw"": [""entertainment"", ""accelerated"", ""Entertainment Spends (Regular)"", ""2.67 %"", """"]}, {""Category"": ""groceries"", ""Type"": ""base"", ""Qualifying Spend"": ""Grocery Store Spends"", ""Rate"": ""1.33 %"", ""RP Capping"": ""Max. 2K / month"", ""Spend Capping"": ""Max. ₹ 1.5L / month"", ""Conditions"": """"}, {""Category"": ""shopping"", ""Type"": ""base"", ""Qualifying Spend"": ""All Other Applicable Purchases"", ""Rate"": ""1.33 %"", ""RP Capping"": """", ""Spend Capping"": """", ""Conditions"": """"}]",Redemptions | HOTEL PARTNERS | List of conversion options of airline partners. | Airline Partner | Redemption Rate | Multiplier | Marriott Bonvoy | 150 | Marriott Bonvoy Points | = | 8 | Marriott Bonvoy Points | points | x | 0.05 | Conditions | ( | 8 | ) | Marriott Bonvoy | 150 | Marriott Bonvoy Points | = | 4 | Marriott Bonvoy Points | points | x | 0.03 | Conditions | ( | 6 | ) | Marriott Bonvoy | 150 | Marriott Bonvoy Points | = | 2 | Marriott Bonvoy Points | points | x | 0.01 | Conditions | ( | 6 | ),Intro Offers | Free Night Award | Voucher | ₹15K | Valid on | Marriott Bonvoy | Marriott Bonvoy | Membership | ₹5K | Valid for | 1 | years | Understand Intro Offers,Milestones | Free Night Award | 15K | On spending | ₹ | 6L | in | 1 | year | Free Night Award | 15K | On spending | ₹ | 9L | in | 1 | year | Free Night Award | 15K | On spending | ₹ | 15L | in | 1 | year,"{""raw_text"": ""Lounge Access | Domestic | 12 | visits / | YEAR | International | 12 | visits / | YEAR"", ""domestic_mentions"": [""12""], ""international_mentions"": [""12""]}",Eligibility | Age | 21 - 60 | Citizenship | Indian | Employment | Salaried | Self-Employed | Income | Salaried ₹ | 1L | Business ₹ | 15L | Eligibility Explanation,,3.50%,Discounts | Dining Discount | 2.67 | % | Limited to | 1 | use per | month | Applicable on | Marriott Bonvoy | Movie Discount | 2.67 | % | Limited to 1 use per month | Applicable on | Marriott Bonvoy,Other Features | Concierge Services,"[""Exclusive Marriott Privileges"", ""Cardholders receive exclusive privileges at Marriott hotels, including Free Night Awards and Silver Elite status."", ""Generous Lounge Access"", ""The card offers a generous number of complimentary lounge accesses, both domestically and internationally."", ""Complimentary Silver Elite Status"", ""Cardholders receive complimentary Marriott Bonvoy Silver Elite Status, providing benefits like bonus points and priority late checkout."", ""Free Night Stays"", ""Cardholders receive Free Night Awards as welcome and milestone benefits, enhancing the value proposition."", ""Accelerated Rewards on Marriott Spends"", ""Earn 8 Marriott Bonvoy Points on every Rs.150 spent at hotels participating in Marriott Bonvoy.""]","[""Limited Travel Benefits"", ""The card lacks general travel benefits beyond Marriott stays, such as air miles or travel insurance."", ""Low Base Reward Rate"", ""The base reward rate is relatively low compared to other travel cards, at just 0.8% for general spending."", ""No Priority Pass Membership"", ""The card does not offer a Priority Pass membership, limiting lounge access options."", ""No Renewal Benefits or Fee Waiver"", ""There are no card renewal benefits or options to waive the annual fee, making the card less attractive over time."", ""Co-branded Limitations"", ""The card's features are heavily focused on co-branded hotel bookings, limiting its usefulness for those who prefer other hotel chains.""]",4.4,rewardmatrix.in,https://www.rewardmatrix.in/credit-cards/reviews/hdfc-marriott-bonvoy
HDFC Millennia Credit Card,HDFC Bank,HDFC Bank,,"[""Cashback"", ""Dining"", ""Entertainment"", ""Shopping""]",₹ 1K + GST,₹ 1K + GST,Fees | Annual Fee | ₹ | 1K | GST extra | Waived off after | ₹ | 1L | spends | Starts from second year | Joining Fee | ₹ | 1K | GST extra | One time payment | Forex Fee | 3.5 | % | GST extra | Fee Details and Explanation,1 % 10 %,"[{""Category"": ""shopping"", ""Type"": ""accelerated"", ""Qualifying Spend"": ""5% Cashback on Select Online Merchants"", ""Rate"": ""5.00 %"", ""RP Capping"": ""Max. 1K / statement cycle"", ""Spend Capping"": """", ""Conditions"": ""Conditions ( 1 )""}, {""Category"": ""others"", ""Type"": ""base"", ""Qualifying Spend"": ""1% Cashback on Other Eligible Spends"", ""Rate"": ""1.00 %"", ""RP Capping"": ""Max. 1K / statement cycle"", ""Spend Capping"": """", ""Conditions"": """"}, {""Category"": ""shopping"", ""Type"": ""accelerated"", ""Qualifying Spend"": ""10% Cashback via SmartBuy - IGP.com"", ""Rate"": ""10.00 %"", ""RP Capping"": """", ""Spend Capping"": """", ""Conditions"": ""Conditions ( 1 )""}, {""Category"": ""shopping"", ""Type"": ""accelerated"", ""Qualifying Spend"": ""10% Cashback via SmartBuy - Jockey"", ""Rate"": ""10.00 %"", ""RP Capping"": """", ""Spend Capping"": """", ""Conditions"": ""Conditions ( 1 )""}, {""Category"": ""healthcare"", ""Type"": ""accelerated"", ""Qualifying Spend"": ""10% Cashback via SmartBuy - Pharmeasy"", ""Rate"": ""10.00 %"", ""RP Capping"": """", ""Spend Capping"": """", ""Conditions"": ""Conditions ( 1 )""}, {""Category"": ""travel"", ""Type"": ""accelerated"", ""Qualifying Spend"": ""5% Cashback via SmartBuy - Flights"", ""Rate"": ""5.00 %"", ""RP Capping"": """", ""Spend Capping"": """", ""Conditions"": ""Conditions ( 1 )""}, {""Category"": ""travel"", ""Type"": ""accelerated"", ""Qualifying Spend"": ""5% Cashback via SmartBuy - Hotels"", ""Rate"": ""5.00 %"", ""RP Capping"": """", ""Spend Capping"": """", ""Conditions"": ""Conditions ( 1 )""}, {""Category"": ""transport"", ""Type"": ""accelerated"", ""Qualifying Spend"": ""5% Cashback via SmartBuy - RedBus"", ""Rate"": ""5.00 %"", ""RP Capping"": """", ""Spend Capping"": """", ""Conditions"": ""Conditions ( 1 )""}, {""Category"": ""vouchers"", ""Type"": ""accelerated"", ""Qualifying Spend"": ""5% Cashback via SmartBuy - Instant Vouchers"", ""Rate"": ""5.00 %"", ""RP Capping"": """", ""Spend Capping"": """", ""Conditions"": ""Conditions ( 1 )""}, {""Category"": ""shopping"", ""Type"": ""accelerated"", ""Qualifying Spend"": ""5% Cashback via SmartBuy - Apple Imagine Tresor"", ""Rate"": ""5.00 %"", ""RP Capping"": """", ""Spend Capping"": """", ""Conditions"": ""Conditions ( 1 )""}, {""Category"": ""rental services"", ""Type"": ""accelerated"", ""Qualifying Spend"": ""5% Cashback via SmartBuy - Zoom Car"", ""Rate"": ""5.00 %"", ""RP Capping"": """", ""Spend Capping"": """", ""Conditions"": ""Conditions ( 1 )""}, {""Category"": ""shopping"", ""Type"": ""accelerated"", ""Qualifying Spend"": ""5% Cashback via SmartBuy - Nykaa"", ""Rate"": ""5.00 %"", ""RP Capping"": """", ""Spend Capping"": """", ""Conditions"": ""Conditions ( 1 )""}, {""Category"": ""shopping"", ""Type"": ""accelerated"", ""Qualifying Spend"": ""5% Cashback via SmartBuy - Myntra"", ""Rate"": ""5.00 %"", ""RP Capping"": """", ""Spend Capping"": """", ""Conditions"": ""Conditions ( 1 )""}, {""Category"": ""travel"", ""Type"": ""accelerated"", ""Qualifying Spend"": ""5% Cashback via SmartBuy - MMT Holiday Packages"", ""Rate"": ""5.00 %"", ""RP Capping"": """", ""Spend Capping"": """", ""Conditions"": ""Conditions ( 1 )""}, {""Category"": ""travel"", ""Type"": ""accelerated"", ""Qualifying Spend"": ""1% Cashback via SmartBuy - IRCTC"", ""Rate"": ""1.00 %"", ""RP Capping"": """", ""Spend Capping"": """", ""Conditions"": ""Conditions ( 1 )""}]","Redemptions | AIRLINE PARTNERS | List of conversion options of airline partners. | Airline Partner | Redemption Rate | Multiplier | InterMiles | 1 | CashPoints | = | 0.3 | InterMiles | points | x | 0.30 | Conditions | ( | 4 | ) | GIFT VOUCHERS | List of conversion options of gift voucher merchants. | Partner Brand | Redemption Rate | Multiplier | Amazon | 1 | CashPoints | = ₹ | 0.3 | voucher | x | 0.30 | Conditions | ( | 2 | ) | Flipkart | 1 | CashPoints | = ₹ | 0.3 | voucher | x | 0.30 | Conditions | ( | 2 | ) | Myntra | 1 | CashPoints | = ₹ | 0.3 | voucher | x | 0.30 | Conditions | ( | 2 | ) | Big Basket, BookMyShow, Pizza Hut, PVR, Uber | 100000 | CashPoints | = ₹ | 1000 | voucher | x | 0.01 | Conditions | ( | 13 | ) | STATEMENT BALANCE | Get x | 1 | conversion value on redeeming | 1 | CashPoints | for ₹ | 1 | statement balance | Conditions | ( | 3 | )",Intro Offers | Bonus Points | 1K | Understand Intro Offers,Milestones | Quarterly Milestone Benefit | ₹ | 1K | Gift Voucher | On spending | ₹ | 1L | in | 1 | quarter | Annual Fee Waiver | ₹ | 1K | Annual Fee Waiver | On spending | ₹ | 1L | in | 1 | year,"{""raw_text"": ""Lounge Access | Domestic | 1 | visits / | QUARTER | Minimum spend of | ₹ | 1L | required in last | 1 | quarter | International | 0 | visits / | year"", ""domestic_mentions"": [""1""], ""international_mentions"": [""0""]}",Eligibility | Age | 21 - 40 | Citizenship | Indian | Employment | Salaried | Self-Employed | Income | Salaried ₹ | 35K | Business ₹ | 6L | Eligibility Explanation,,3.50%,Discounts | Dining Discount | 20 | % | Max. | 20 | % | discount per transaction | Applicable on | Swiggy Dineout | Payment via | Swiggy Dineout | Fuel Discount | 1 | % | Surcharge waiver | Max. | ₹ | 250 | discount every | 1 | month | Spend | min. ₹ | 400 | to avail discount | More On Discounts,Other Features | No other features available on this card.,"[""High Cashback on Top Brands"", ""Earn 5% cashback (as CashPoints) on Amazon, BookMyShow, Cult.fit, Flipkart, Myntra, Sony LIV, Swiggy, Tata CLiQ, Uber, and Zomato."", ""Cashback on All Other Spends"", ""Earn 1% cashback on all other spends (except fuel, rental, and government-related transactions)."", ""Welcome and Milestone Benefits"", ""Receive 1,000 CashPoints as a welcome benefit upon joining fee payment and gift vouchers worth ₹1,000 on spending ₹1 lakh or above in a quarter."", ""Fee Waiver and Dining Discounts"", ""The renewal fee of ₹1,000 is waived on spending ₹1 lakh or more in the previous year. Get up to 20% discount at partner restaurants with Swiggy Dineout."", ""Multiple Redemption Options"", ""Redeem CashPoints against the card's statement balance (1 CP = Re. 1), flight/hotel bookings, or product catalog (1 CP = Rs. 0.30).""]","[""Delayed Cashback Credit"", ""Cashback earned is credited as CashPoints at the end of the statement cycle, not in real-time. It can be difficult to track earnings."", ""Low Capping on Cash Points"", ""Maximum 1,000 CashPoints per month at the 5% rate and 1,000 CashPoints per month at the 1% rate, totaling 2,000 Reward Points per cycle."", ""Redemption Fee for Cashback"", ""From August 1, 2024, a ₹50 redemption fee is charged for redeeming rewards for statement credit (CashBack)."", ""Fee on Rent Payments"", ""A 1% fee applies to rent payments via services like CRED, PayTM, capped at ₹3,000 per transaction."", ""No Reward Points on Wallet Loads and EMI"", ""From September 1, 2024, wallet loading and EMI transactions will not earn Reward Points.""]",4,rewardmatrix.in,https://www.rewardmatrix.in/credit-cards/reviews/hdfc-millennia
HDFC Regalia Credit Card,HDFC Bank,HDFC Bank,,"[""Dining"", ""Insurance"", ""Lounge Access"", ""Premium"", ""Travel""]",₹ 2.5K + GST,₹ 2.5K + GST,Fees | Annual Fee | ₹ | 2.5K | GST extra | Waived off after | ₹ | 3L | spends | Starts from second year | Waived off after | ₹ | 3L | spends in | 1 | year | Joining Fee | ₹ | 2.5K | GST extra | One time payment | Forex Fee | 2 | % | GST extra | Fee Details and Explanation,2.67 % 26.67 %,"[{""Category"": ""offline"", ""Type"": ""base"", ""Qualifying Spend"": ""Retail Spends"", ""Rate"": ""2.67 %"", ""RP Capping"": ""Max. 2K / month"", ""Spend Capping"": """", ""Conditions"": """"}, {""Category"": ""travel"", ""Type"": ""accelerated"", ""Qualifying Spend"": ""Hotel Bookings via SmartBuy"", ""Rate"": ""26.67 %"", ""RP Capping"": ""Max. 4K / month"", ""Spend Capping"": """", ""Conditions"": ""Conditions ( 1 )""}, {""raw"": [""transport"", ""accelerated"", ""Bus Ticket Bookings via SmartBuy"", ""26.67 %"", """", ""Conditions ( 1 )""]}, {""raw"": [""shopping"", ""accelerated"", ""Amazon Shopping via SmartBuy"", ""13.33 %"", """", ""Conditions ( 1 )""]}, {""raw"": [""travel"", ""accelerated"", ""Flight Bookings via EaseMyTrip via SmartBuy"", ""13.33 %"", """", ""Conditions ( 2 )""]}, {""raw"": [""travel"", ""accelerated"", ""Flight Bookings via Cleartrip via SmartBuy"", ""13.33 %"", """", ""Conditions ( 2 )""]}, {""raw"": [""travel"", ""accelerated"", ""Flight Bookings via Redbus via SmartBuy"", ""13.33 %"", """", ""Conditions ( 2 )""]}, {""raw"": [""travel"", ""accelerated"", ""Flight Bookings via Apple Imagine via SmartBuy"", ""13.33 %"", """", ""Conditions ( 2 )""]}, {""raw"": [""shopping"", ""accelerated"", ""Flipkart Shopping via SmartBuy"", ""8.00 %"", """", ""Conditions ( 1 )""]}, {""raw"": [""transport"", ""accelerated"", ""Rail Tickets via SmartBuy"", ""8.00 %"", """", ""Conditions ( 1 )""]}, {""Category"": ""upi"", ""Type"": ""base"", ""Qualifying Spend"": ""UPI Spends"", ""Rate"": ""2.67 %"", ""RP Capping"": ""Max. 500 / month"", ""Spend Capping"": """", ""Conditions"": """"}, {""Category"": ""insurance"", ""Type"": ""base"", ""Qualifying Spend"": ""Insurance Payments"", ""Rate"": ""2.67 %"", ""RP Capping"": ""Max. 2K / day"", ""Spend Capping"": """", ""Conditions"": ""Conditions ( 1 )""}]",Redemptions | AIRLINE PARTNERS | List of conversion options of airline partners. | Airline Partner | Redemption Rate | Multiplier | Singapore Airlines | 1 | Reward Points | = | 0.5 | KrisFlyer | points | x | 0.50 | Conditions | ( | 2 | ) | Vistara | 1 | Reward Points | = | 0.5 | CV Points | points | x | 0.50 | Conditions | ( | 2 | ) | Intermiles | 1 | Reward Points | = | 0.5 | Intermiles | points | x | 0.50 | Conditions | ( | 2 | ) | Multiple Airlines | 1 | Reward Points | = | 0.5 | Air Miles | points | x | 0.50 | Conditions | ( | 2 | ) | HOTEL PARTNERS | List of conversion options of airline partners. | Airline Partner | Redemption Rate | Multiplier | Multiple Hotels | 1 | Reward Points | = | 0.5 | Hotel Bookings | points | x | 0.50 | Conditions | ( | 2 | ) | GIFT VOUCHERS | List of conversion options of gift voucher merchants. | Partner Brand | Redemption Rate | Multiplier | Various Partners | 1 | Reward Points | = ₹ | 0.35 | voucher | x | 0.35 | Conditions | ( | 2 | ) | STATEMENT BALANCE | Get x | 0.2 | conversion value on redeeming | 1 | Reward Points | for ₹ | 0.2 | statement balance | Conditions | ( | 1 | ),Intro Offers | Bonus Points | 2.5K | Understand Intro Offers,Milestones | Annual Fee Waiver | ₹ | 2.5K | Annual Fee Waiver | On spending | ₹ | 3L | in | 1 | year | Spend Milestone | 10K | On spending | ₹ | 5L | in | 1 | year | Spend Milestone | 5K | On spending | ₹ | 8L | in | 1 | year,"{""raw_text"": ""Lounge Access | Domestic | 2 | visits / | QUARTER | Minimum spend of | ₹ | 1L | required in last | 1 | quarter | International | 6 | visits / | YEAR | All sharable with guests | Guest visit fee of | $ | 27 | per visit"", ""domestic_mentions"": [""2""], ""international_mentions"": [""6""]}",Eligibility | Age | 21 - 65 | Citizenship | Indian | Financial Criterias | High spending behavior is a prerequisite | Employment | Salaried | Self-Employed | Income | Salaried ₹ | 1L | Business ₹ | 12L | Eligibility Explanation,,2%,Discounts | Dining Discount | 7.5 | % | Max. | 7.5 | % | discount per transaction | Applicable on | Swiggy Dineout | Payment via | Swiggy Dineout | Fuel Discount | 1 | % | Surcharge waiver | Max. | ₹ | 50 | discount every | 1 | month | Spend | min. ₹ | 400 | to avail discount | More On Discounts,Other Features | Concierge Services | Travel Arrangement Services | Dining Reservation Services | Event Booking Services | Emergency Assistance Services,"[""Decent Reward Rate"", ""Earn 4 Reward Points for every Rs. 150 spent, with a reward rate of ~1.3% when redeemed on the Regalia portal."", ""Milestone Benefits"", ""Earn 10,000 Reward Points on spending Rs. 5 Lakhs and an additional 5,000 Reward Points on spending Rs. 8 Lakhs annually."", ""Complimentary Lounge Access"", ""Enjoy 8 complimentary domestic lounge visits per year (2 per quarter, subject to spending Rs. 1 Lakh per quarter) and 6 international lounge visits with Priority Pass (shared with add-on members)."", ""Low Forex Markup Fee"", ""Avail a low foreign currency markup fee of 2% on international transactions."", ""Annual Fee Waiver"", ""The annual fee of Rs. 2,500 is waived off on spending Rs. 3 Lakhs in the preceding year.""]","[""Conditional Domestic Lounge Access"", ""Cardholders can avail up to 2 complimentary lounge access vouchers quarterly on spending Rs.1 Lakh or more in a calendar quarter."", ""High Forex Markup Fee"", ""The forex markup fee is 2% + GST, higher than some other premium cards."", ""Net Loss on International Spends"", ""The reward rate of 1.3% on international spends does not offset the forex markup fee, resulting in a net loss."", ""Devaluation Over Time"", ""The card has gone through a series of devaluations over the years, making it less valuable than before."", ""Low Cap on Reward Promos"", ""HDFC has put low upper caps on most reward promos, making it hard to earn a lot of reward points.""]",3.8,rewardmatrix.in,https://www.rewardmatrix.in/credit-cards/reviews/hdfc-regalia
HDFC Regalia Gold Credit Card,HDFC Bank,HDFC Bank,,"[""Dining"", ""Insurance"", ""Lounge Access"", ""Premium"", ""Shopping"", ""Travel""]",₹ 2.5K + GST,₹ 2.5K + GST,Fees | Annual Fee | ₹ | 2.5K | GST extra | Waived off after | ₹ | 4L | spends | Starts from second year | Joining Fee | ₹ | 2.5K | GST extra | One time payment | Forex Fee | 2 | % | GST extra | Fee Details and Explanation,2.67 % 26.67 %,"[{""Category"": ""others"", ""Type"": ""base"", ""Qualifying Spend"": ""Base Retail Spends"", ""Rate"": ""2.67 %"", ""RP Capping"": """", ""Spend Capping"": """", ""Conditions"": """"}, {""Category"": ""groceries"", ""Type"": ""base"", ""Qualifying Spend"": ""Grocery Spends"", ""Rate"": ""2.67 %"", ""RP Capping"": ""Max. 2K / month"", ""Spend Capping"": ""Max. ₹ 75K / month"", ""Conditions"": """"}, {""Category"": ""insurance"", ""Type"": ""base"", ""Qualifying Spend"": ""Insurance Spends"", ""Rate"": ""2.67 %"", ""RP Capping"": ""Max. 2K / day"", ""Spend Capping"": ""Max. ₹ 75K / day"", ""Conditions"": """"}, {""Category"": ""utilities"", ""Type"": ""base"", ""Qualifying Spend"": ""Utility Spends"", ""Rate"": ""2.67 %"", ""RP Capping"": ""Max. 2K / month"", ""Spend Capping"": """", ""Conditions"": """"}, {""Category"": ""telecom"", ""Type"": ""base"", ""Qualifying Spend"": ""Telecom Spends"", ""Rate"": ""2.67 %"", ""RP Capping"": ""Max. 2K / month"", ""Spend Capping"": """", ""Conditions"": """"}, {""Category"": ""education"", ""Type"": ""base"", ""Qualifying Spend"": ""Education Spends"", ""Rate"": ""2.67 %"", ""RP Capping"": """", ""Spend Capping"": """", ""Conditions"": ""Conditions ( 1 )""}, {""Category"": ""shopping"", ""Type"": ""accelerated"", ""Qualifying Spend"": ""Nykaa Spends"", ""Rate"": ""13.33 %"", ""RP Capping"": ""Max. 5K / month"", ""Spend Capping"": ""Max. ₹ 46K / month"", ""Conditions"": """"}, {""raw"": [""shopping"", ""accelerated"", ""Myntra Spends"", ""13.33 %"", """"]}, {""raw"": [""shopping"", ""accelerated"", ""Marks & Spencer Spends"", ""13.33 %"", """"]}, {""raw"": [""shopping"", ""accelerated"", ""Reliance Digital Spends"", ""13.33 %"", """"]}, {""Category"": ""travel"", ""Type"": ""accelerated"", ""Qualifying Spend"": ""SmartBuy Train Bookings (IRCTC)"", ""Rate"": ""8.00 %"", ""RP Capping"": ""Max. 2K / day"", ""Spend Capping"": """", ""Conditions"": ""Conditions ( 1 )""}, {""raw"": [""travel"", ""accelerated"", ""SmartBuy Flight Bookings"", ""13.33 %"", """", ""Conditions ( 1 )""]}, {""raw"": [""travel"", ""accelerated"", ""SmartBuy Holiday Packages (MMT)"", ""13.33 %"", """", ""Conditions ( 1 )""]}, {""raw"": [""transport"", ""accelerated"", ""SmartBuy Bus Bookings (RedBus)"", ""13.33 %"", """", ""Conditions ( 1 )""]}, {""raw"": [""rental services"", ""accelerated"", ""SmartBuy Car Rentals (Zoom Car)"", ""13.33 %"", """", ""Conditions ( 1 )""]}, {""raw"": [""shopping"", ""accelerated"", ""SmartBuy Imagine Tresor (Apple)"", ""13.33 %"", """", ""Conditions ( 1 )""]}, {""raw"": [""vouchers"", ""accelerated"", ""SmartBuy Instant Vouchers (Gyftr)"", ""13.33 %"", """", ""Conditions ( 1 )""]}, {""raw"": [""shopping"", ""accelerated"", ""SmartBuy Myntra Spends"", ""13.33 %"", """", ""Conditions ( 1 )""]}, {""raw"": [""shopping"", ""accelerated"", ""SmartBuy Nykaa Spends"", ""13.33 %"", """", ""Conditions ( 1 )""]}, {""raw"": [""travel"", ""accelerated"", ""SmartBuy Hotel Bookings"", ""26.67 %"", """", ""Conditions ( 1 )""]}, {""raw"": [""shopping"", ""accelerated"", ""SmartBuy Jockey Spends"", ""26.67 %"", """", ""Conditions ( 1 )""]}, {""raw"": [""shopping"", ""accelerated"", ""SmartBuy IGP.com Spends"", ""26.67 %"", """", ""Conditions ( 1 )""]}, {""raw"": [""healthcare"", ""accelerated"", ""SmartBuy PharmEasy Spends"", ""26.67 %"", """", ""Conditions ( 1 )""]}, {""raw"": [""General Reward Points Capping: Max. 50K / statement cycle . Maximum reward points earned per statement cycle""]}]",Redemptions | AIRLINE PARTNERS | List of conversion options of airline partners. | Airline Partner | Redemption Rate | Multiplier | Air Canada | 1 | Reward Points | = | 0.33 | Aeroplan | points | x | 0.33 | Conditions | ( | 14 | ) | AirAsia | 1 | Reward Points | = | 0.5 | AirAsia rewards | points | x | 0.50 | Conditions | ( | 14 | ) | Air India | 1 | Reward Points | = | 0.33 | Maharaja Club | points | x | 0.33 | Conditions | ( | 14 | ) | Avianca | 1 | Reward Points | = | 0.5 | LifeMiles | points | x | 0.50 | Conditions | ( | 14 | ) | British Airways | 1 | Reward Points | = | 0.33 | Executive Club | points | x | 0.33 | Conditions | ( | 14 | ) | Etihad Airways | 1 | Reward Points | = | 0.33 | Etihad Guest | points | x | 0.33 | Conditions | ( | 14 | ) | Finnair | 1 | Reward Points | = | 0.5 | Finnair Plus | points | x | 0.50 | Conditions | ( | 14 | ) | AirFrance/KLM | 1 | Reward Points | = | 0.5 | Flying Blue | points | x | 0.50 | Conditions | ( | 14 | ) | Hainan Airlines | 1 | Reward Points | = | 0.5 | Fortune Wings Club | points | x | 0.50 | Conditions | ( | 14 | ) | Vietnam Airlines | 1 | Reward Points | = | 0.5 | Lotusmiles | points | x | 0.50 | Conditions | ( | 14 | ) | Turkish Airlines | 1 | Reward Points | = | 0.5 | Miles & Smiles | points | x | 0.50 | Conditions | ( | 14 | ) | United Airlines | 1 | Reward Points | = | 0.33 | MileagePlus | points | x | 0.33 | Conditions | ( | 14 | ) | SpiceJet | 1 | Reward Points | = | 0.5 | SpiceClub | points | x | 0.50 | Conditions | ( | 14 | ) | Singapore Airlines | 1 | Reward Points | = | 0.5 | KrisFlyer | points | x | 0.50 | Conditions | ( | 14 | ) | Vistara | 1 | Reward Points | = | 0.5 | Club Vistara | points | x | 0.50 | Conditions | ( | 15 | ) | Intermiles | 1 | Reward Points | = | 0.5 | Intermiles | points | x | 0.50 | Conditions | ( | 15 | ) | HOTEL PARTNERS | List of conversion options of airline partners. | Airline Partner | Redemption Rate | Multiplier | ALL - Accor Live Limitless | 1 | Reward Points | = | 0.5 | ALL Points | points | x | 0.50 | Conditions | ( | 14 | ) | Club ITC | 1 | Reward Points | = | 0.5 | Green Points | points | x | 0.50 | Conditions | ( | 14 | ) | IHG | 1 | Reward Points | = | 0.5 | IHG One Rewards Points | points | x | 0.50 | Conditions | ( | 14 | ) | Wyndham | 1 | Reward Points | = | 0.5 | Wyndham Rewards Points | points | x | 0.50 | Conditions | ( | 14 | ) | GIFT VOUCHERS | List of conversion options of gift voucher merchants. | Partner Brand | Redemption Rate | Multiplier | Myntra | 1 | Reward Points | = ₹ | 0.65 | voucher | x | 0.65 | Conditions | ( | 6 | ) | Nykaa | 1 | Reward Points | = ₹ | 0.65 | voucher | x | 0.65 | Conditions | ( | 6 | ) | Amazon | 1 | Reward Points | = ₹ | 0.35 | voucher | x | 0.35 | Conditions | ( | 6 | ) | Flipkart | 1 | Reward Points | = ₹ | 0.35 | voucher | x | 0.35 | Conditions | ( | 6 | ) | STATEMENT BALANCE | Get x | 0.2 | conversion value on redeeming | 1 | Reward Points | for ₹ | 0.2 | statement balance | Conditions | ( | 14 | ),Intro Offers | Gift Voucher | ₹2.5K | On paying joining fee | Swiggy One | Membership | - | Valid for | 1 | years | MMTBLACK | Membership | - | Valid for | 1 | years | Understand Intro Offers,Milestones | Quarterly Spend Benefit | ₹ | 1.5K | Quarterly Voucher | On spending | ₹ | 1.5L | in | 1 | quarter | Annual Flight Voucher (Tier 1) | ₹ | 5K | Flight Voucher | On spending | ₹ | 5L | in | 1 | year | Annual Flight Voucher (Tier 2) | ₹ | 5K | Additional Flight Voucher | On spending | ₹ | 7.5L | in | 1 | year | Annual Fee Waiver | ₹ | 2.5K | Annual Fee Waiver | On spending | ₹ | 4L | in | 1 | year,"{""raw_text"": ""Lounge Access | Domestic | 12 | visits / | YEAR | International | 6 | visits / | YEAR | Guest visit fee of | $ | 27 | per visit"", ""domestic_mentions"": [""12""], ""international_mentions"": [""6""]}",Eligibility | Age | 21 - 65 | Employment | Salaried | Self-Employed | Income | Salaried ₹ | 1L | Business ₹ | 18L | Eligibility Explanation,,2%,Discounts | Dining Discount | ₹ | 200 | Max. | ₹ | 200 | discount per transaction | Limited to | 2 | use per | month | Applicable on | Swiggy Dineout | Fuel Discount | 1 | % | Surcharge waiver | Spend | min. ₹ | 400 | to avail discount | More On Discounts,Other Features | Concierge Services,"[""Accelerated Rewards on Partner Brands"", ""Earn accelerated 5X Reward Points (20 points per ₹150) on spending at partner brands like Nykaa, Myntra, Marks & Spencer, and Reliance Digital."", ""Generous Lounge Access Program"", ""Enjoy 12 complimentary domestic lounge visits per year and 6 complimentary international visits using Priority Pass for primary and add-on users."", ""Attractive Milestone Rewards"", ""Receive quarterly vouchers worth ₹1,500 (on ₹1.5 Lakh spend) and annual flight vouchers worth up to ₹10,000 (on spends of ₹5 Lakh and ₹7.5 Lakh)."", ""Solid Base Reward Rate"", ""Get a standard rate of 4 Reward Points per ₹150 on most retail spends, including categories like insurance and utilities (subject to caps)."", ""Valuable Welcome Package"", ""Receive a gift voucher worth ₹2,500 upon fee payment, plus complimentary MMT Black Elite/Gold and Swiggy One memberships (activation spend required).""]","[""High Annual Fee Waiver Condition"", ""The annual fee of ₹2,500 is only waived upon reaching a high spending threshold of ₹4 Lakhs in the preceding year, making it costly for lower spenders."", ""Poor Cashback Redemption Value"", ""Redeeming points for statement credit offers very low value, with 1 Reward Point equaling only ₹0.20, diminishing the flexibility of rewards."", ""Caps on Reward Point Earnings"", ""Reward points accrual is capped monthly on grocery (2000), utility (2000), and telecom (2000) spends, daily on insurance (2000), and overall per statement cycle (25,000 points)."", ""High Spend Needed for Milestones"", ""Achieving the quarterly (₹1.5 Lakh for ₹1500 voucher) and annual (₹5 Lakh / ₹7.5 Lakh for flight vouchers) spending milestones requires significant expenditure."", ""High Finance Charges"", ""Revolving credit balances and cash advances attract a high interest rate of 3.75% per month, equivalent to 45% annually.""]",4,rewardmatrix.in,https://www.rewardmatrix.in/credit-cards/reviews/hdfc-regalia-gold
Amazon Pay ICICI Credit Card,ICICI Bank,ICICI Bank,,"[""Cashback"", ""Co-branded"", ""Entertainment"", ""Entry Level"", ""Grocery"", ""Lifetime Free"", ""Shopping"", ""Travel"", ""Utility Bill""]",₹ 0,₹ 0,Fees | Annual Fee | ₹ | 0 | Joining Fee | ₹ | 0 | Forex Fee | 3.5 | % | Fee Details and Explanation,1 % 5 %,"[{""Category"": ""shopping"", ""Type"": ""accelerated"", ""Qualifying Spend"": ""Amazon Shopping for Prime Members"", ""Rate"": ""5.00 %"", ""RP Capping"": """", ""Spend Capping"": """", ""Conditions"": ""Conditions ( 1 )""}, {""raw"": [""shopping"", ""accelerated"", ""Amazon Shopping for Non-Prime Members"", ""3.00 %"", """", ""Conditions ( 1 )""]}, {""raw"": [""travel"", ""accelerated"", ""Flights and Hotel Bookings on Amazon for Prime Members"", ""5.00 %"", """", ""Conditions ( 1 )""]}, {""raw"": [""travel"", ""accelerated"", ""Flights and Hotel Bookings on Amazon for Non-Prime Members"", ""3.00 %"", """", ""Conditions ( 1 )""]}, {""raw"": [""pay via gateway"", ""accelerated"", ""Amazon Pay Partner Merchant Payments"", ""2.00 %"", """", """"]}, {""raw"": [""telecom"", ""accelerated"", ""Amazon Pay Recharges"", ""2.00 %"", """", """"]}, {""raw"": [""wallet transactions"", ""accelerated"", ""Amazon Pay Wallet Loading"", ""2.00 %"", """", """"]}, {""raw"": [""utilities"", ""accelerated"", ""Utility Bill Payments via Amazon"", ""2.00 %"", """", """"]}, {""raw"": [""gift card"", ""accelerated"", ""Amazon Gift Card Purchases"", ""2.00 %"", """", """"]}, {""raw"": [""shopping"", ""accelerated"", ""Amazon E-book Purchases"", ""2.00 %"", """", """"]}, {""raw"": [""offline"", ""base"", ""Spends Outside Amazon Ecosystem"", ""1.00 %"", """", """"]}, {""raw"": [""international transactions"", ""base"", ""International Spends"", ""1.00 %"", """", """"]}]",Redemptions | STATEMENT BALANCE | Get x | 1 | conversion value on redeeming | 1 | Cashback | for ₹ | 1 | statement balance | Conditions | ( | 5 | ),Intro Offers | shopping | Voucher | ₹200 | Valid on | Amazon | Maximum discount of | 100 | % | electricity bill payment | Voucher | ₹100 | Valid on | Amazon | Maximum discount of | 20 | % | prepaid recharges | Voucher | ₹50 | Valid on | Amazon | Maximum discount of | 50 | % | postpaid bill payment | Voucher | ₹450 | Valid on | Amazon | Maximum discount of | 25 | % | DTH recharge | Voucher | ₹200 | Valid on | Amazon | Maximum discount of | 25 | % | broadband bill payment | Voucher | ₹500 | Valid on | Amazon | Maximum discount of | 50 | % | gas cylinder payment | Voucher | ₹250 | Valid on | Amazon | Maximum discount of | 10 | % | Amazon Prime | Membership | ₹1.5K | Valid for | 3 | months | EazyDiner Prime | Membership | - | Valid for | 1 | months | Understand Intro Offers,Milestones | No milestones available for this card.,"{""raw_text"": ""Lounge Access | Domestic | 0 | visits / | year | International | 0 | visits / | year"", ""domestic_mentions"": [""0""], ""international_mentions"": [""0""]}",Eligibility | Eligibility Explanation,,3.50%,"Discounts | Dining Discount | 2 | % | Applicable on | FreshMenu, Faasos | Payment via | Amazon Pay | Movie Discount | 2 | % | Applicable on | BookMyShow | Payment via | Amazon Pay | Fuel Discount | 1 | % | Surcharge waiver | More On Discounts",Other Features | No other features available on this card.,"[""High Cashback Rate for Prime Members"", ""Amazon Prime members enjoy a substantial 5% cashback on all purchases made on Amazon.in, maximizing savings."", ""Lifetime Free Card"", ""The card comes with no joining or annual fees, making it a cost-effective option for frequent Amazon shoppers."", ""Unlimited Cashback with No Cap"", ""Users can earn unlimited cashback without any restrictions, allowing them to maximize their rewards on all eligible spends."", ""Automatic Cashback Credit"", ""Cashback is automatically credited to the Amazon Pay wallet within 2 days of completion of billing cycle."", ""Cashback on Partner Merchants"", ""Cardholders earn 2% cashback on transactions made with Amazon Pay partner merchants, includes brands like Yatra, BookMyShow, FreshMenu, Faasos, Byju’s, Urban Ladder, etc.""]","[""Limited Benefits Outside Amazon"", ""The card offers a minimal 1% cashback on non-Amazon spends, making it less rewarding for general purchases."", ""High Foreign Currency Markup Fee"", ""With a 3.5% foreign currency markup fee, the card is not ideal for international usage due to high transaction costs."", ""Lower Cashback for Non-Prime Members"", ""Non-Prime members receive only 3% cashback on Amazon purchases, significantly less than the 5% offered to Prime members."", ""No Airport Lounge Access"", ""The card does not provide complimentary airport lounge access, a feature that is offered by some competitor cards."", ""No Statement Credit Option"", ""Rewards are only redeemable as Amazon Pay balance, with no option for statement credit, thus limiting flexibility.""]",4.7,rewardmatrix.in,https://www.rewardmatrix.in/credit-cards/reviews/icici-amazon-pay
ICICI Emeralde Private Metal Credit Card,ICICI Bank,ICICI Bank,,"[""Airlines"", ""Dining"", ""Education"", ""Entertainment"", ""Grocery"", ""Hotel"", ""Insurance"", ""Lounge Access"", ""Movie"", ""Premium"", ""Travel"", ""Utility Bill""]",₹ 12.5K + GST,₹ 12.5K + GST,Fees | Annual Fee | ₹ | 12.5K | GST extra | Waived off after | ₹ | 10L | spends | Starts from second year | Joining Fee | ₹ | 12.5K | GST extra | One time payment | Forex Fee | 2 | % | GST extra | Fee Details and Explanation,3 % 36 %,"[{""Category"": ""groceries"", ""Type"": ""base"", ""Qualifying Spend"": ""Grocery"", ""Rate"": ""3.00 %"", ""RP Capping"": ""Max. 1K / statement cycle"", ""Spend Capping"": """", ""Conditions"": ""Conditions ( 1 )""}, {""raw"": [""education"", ""base"", ""Education"", ""3.00 %"", """", ""Conditions ( 1 )""]}, {""raw"": [""utilities"", ""base"", ""Utilities"", ""3.00 %"", """", ""Conditions ( 1 )""]}, {""Category"": ""insurance"", ""Type"": ""base"", ""Qualifying Spend"": ""Insurance"", ""Rate"": ""3.00 %"", ""RP Capping"": ""Max. 5K / statement cycle"", ""Spend Capping"": """", ""Conditions"": ""Conditions ( 1 )""}, {""Category"": ""others"", ""Type"": ""base"", ""Qualifying Spend"": ""All other eligible retail transactions"", ""Rate"": ""3.00 %"", ""RP Capping"": """", ""Spend Capping"": """", ""Conditions"": """"}, {""Category"": ""travel"", ""Type"": ""accelerated"", ""Qualifying Spend"": ""iShop Flight Booking"", ""Rate"": ""18.00 %"", ""RP Capping"": ""Max. 18K / statement cycle"", ""Spend Capping"": """", ""Conditions"": ""Conditions ( 1 )""}, {""raw"": [""travel"", ""accelerated"", ""iShop Hotel Booking"", ""36.00 %"", """", ""Conditions ( 1 )""]}, {""raw"": [""gift card"", ""accelerated"", ""iShop Shopping Vouchers"", ""18.00 %"", """", ""Conditions ( 1 )""]}]",Redemptions | AIRLINE PARTNERS | List of conversion options of airline partners. | Airline Partner | Redemption Rate | Multiplier | Air India | 1 | ICICI Bank Reward Points | = | 1 | Air India Flying Returns Miles | points | x | 1 | Conditions | ( | 1 | ) | GIFT VOUCHERS | List of conversion options of gift voucher merchants. | Partner Brand | Redemption Rate | Multiplier | Apple | 1 | ICICI Bank Reward Points | = ₹ | 1 | voucher | x | 1 | Conditions | ( | 1 | ) | Tanishq | 1 | ICICI Bank Reward Points | = ₹ | 1 | voucher | x | 1 | Conditions | ( | 1 | ) | Tumi | 1 | ICICI Bank Reward Points | = ₹ | 1 | voucher | x | 1 | Conditions | ( | 1 | ) | Coach | 1 | ICICI Bank Reward Points | = ₹ | 1 | voucher | x | 1 | Conditions | ( | 1 | ) | Brooks Brothers | 1 | ICICI Bank Reward Points | = ₹ | 1 | voucher | x | 1 | Conditions | ( | 1 | ) | Emporio Armani | 1 | ICICI Bank Reward Points | = ₹ | 1 | voucher | x | 1 | Conditions | ( | 1 | ) | Jimmy Choo | 1 | ICICI Bank Reward Points | = ₹ | 1 | voucher | x | 1 | Conditions | ( | 1 | ) | G-Star Raw | 1 | ICICI Bank Reward Points | = ₹ | 1 | voucher | x | 1 | Conditions | ( | 1 | ) | Canali | 1 | ICICI Bank Reward Points | = ₹ | 1 | voucher | x | 1 | Conditions | ( | 1 | ) | Mothercare | 1 | ICICI Bank Reward Points | = ₹ | 1 | voucher | x | 1 | Conditions | ( | 1 | ) | Generic Travel | 1 | ICICI Bank Reward Points | = ₹ | 1 | voucher | x | 1 | Conditions | ( | 1 | ) | STATEMENT BALANCE | Get x | 0.4 | conversion value on redeeming | 1 | ICICI Bank Reward Points | for ₹ | 0.4 | statement balance | Conditions | ( | 1 | ),Intro Offers | Bonus Points | 12.5K | Taj Epicure Membership | Membership | ₹12.5K | Valid for | 1 | years | EazyDiner Prime Membership | Membership | ₹1.5K | Valid for | 12 | months | Understand Intro Offers,Milestones | Milestone Benefit: EaseMyTrip Voucher 1 | ₹ | 3K | EaseMyTrip Voucher | On spending | ₹ | 4L | in | 1 | year | Milestone Benefit: EaseMyTrip Voucher 2 | ₹ | 3K | EaseMyTrip Voucher | On spending | ₹ | 8L | in | 1 | year | Annual Fee Waiver | ₹ | 12.5K | Annual Fee Waiver | On spending | ₹ | 10L | in | 1 | year,"{""raw_text"": ""Lounge Access | Domestic | visits / | year | International | visits / | year | Guest visits allowed: | Unlimited | Guest visit fee of | $ | 29 | per visit"", ""domestic_mentions"": [], ""international_mentions"": []}",Eligibility | Citizenship | Indian | Financial Criterias | Must have an existing | card limit above ₹ | 10L | Applicants must qualify for a high card limit | High spending behavior is a prerequisite | Bank Relationships | Application is by invitation only | A relationship with the bank is required | Must hold an existing premium card from the same bank | Employment | Salaried | Self-Employed | Eligibility Explanation,,2%,"Discounts | Dining Discount | 25 | % | Max. | ₹ | 1K | discount per transaction | Applicable on | EazyDiner, Taj Hotels | Payment via | EazyDiner PayEazy | Movie Discount | ₹ | 750 | Max. | ₹ | 750 | discount per transaction | Limited to 2 use per month | Applicable on | BookMyShow | Payment via | BookMyShow | Fuel Discount | 1 | % | Surcharge waiver | Max. | ₹ | 1K | discount every | month | More On Discounts",Other Features | Concierge Services | Dining Reservation Services | Gift Delivery Services | Travel Arrangement Services | Event Booking Services | Health and Wellness Services | Emergency Assistance Services | Annual Bonus Reward Points | 12.5K | ICICI Bank Reward Points | Conditioned to annual fee payment,"[""Generous Welcome Package"", ""Receive 12,500 bonus points (worth ₹12,500), a complimentary 1-year Taj Epicure membership with a night's stay, and an annually renewed EazyDiner Prime membership upon joining."", ""High Reward Rate"", ""Earn 6 points per ₹200 spent, offering a 3% value back when redeemed 1:1 for travel or select vouchers. Sensible caps apply to categories like grocery, utilities, and insurance."", ""Unlimited Lounge Access"", ""Enjoy unlimited complimentary access to domestic airport lounges via the card and international lounges via Priority Pass for both primary and add-on cardholders."", ""Premium Lifestyle Perks"", ""Includes unlimited complimentary golf games/lessons globally, a valuable BookMyShow Buy-1-Get-1 offer (up to ₹750 off, twice monthly), and concierge services."", ""Comprehensive Travel & Other Benefits"", ""Features a low 2% foreign currency markup fee, flight/hotel cancellation cover (up to ₹12,000 twice yearly), extensive insurance, and milestone travel vouchers.""]","[""High Annual Fee"", ""The card comes with a substantial joining and annual fee of ₹12,499 + GST. A spend waiver is available but requires a high annual spend of ₹10 Lakhs."", ""Restrictive Eligibility"", ""Primarily available via invite or requires a high credit limit (approx. ₹10 Lakhs) on an existing ICICI card for upgrade, limiting accessibility for many."", ""Variable Reward Redemption Value"", ""Best redemption value (1:1) is limited to travel and select premium vouchers. Value drops significantly for statement credit (1 RP = ₹0.40) and points transfer options are currently limited."", ""Taj Epicure Membership Not Renewed"", ""The valuable Taj Epicure membership, including a complimentary night stay, is provided only as a welcome benefit for the first year and is not renewed annually."", ""Reward Points Exclusions & Caps"", ""No reward points are earned on key categories like fuel, rent, government services, and tax payments. Points on grocery, utility, education, and insurance spends are capped per statement cycle.""]",4.8,rewardmatrix.in,https://www.rewardmatrix.in/credit-cards/reviews/icici-emeralde-private
SBI Pulse Credit Card,SBI Card,SBI,,"[""Dining"", ""Entertainment"", ""Health"", ""Lounge Access""]",₹ 1.5K + GST,₹ 1.5K + GST,Fees | Annual Fee | ₹ | 1.5K | GST extra | Waived off after | ₹ | 2L | spends | Starts from second year | Joining Fee | ₹ | 1.5K | GST extra | One time payment | Forex Fee | 3.5 | % | GST extra | Fee Details and Explanation,2 % 10 %,"[{""Category"": ""healthcare"", ""Type"": ""accelerated"", ""Qualifying Spend"": ""Pharmacy and Chemist"", ""Rate"": ""10.00 %"", ""RP Capping"": ""Max. 7.5K / month"", ""Spend Capping"": ""Max. ₹ 5K / day"", ""Conditions"": """"}, {""raw"": [""dining"", ""accelerated"", ""Dining"", ""10.00 %"", """"]}, {""raw"": [""entertainment"", ""accelerated"", ""Movies"", ""10.00 %"", """"]}, {""raw"": [""shopping"", ""accelerated"", ""Sports"", ""10.00 %"", """"]}, {""raw"": [""offline"", ""base"", ""Other Spends"", ""2.00 %"", """", """"]}]",Redemptions | STATEMENT BALANCE | Get x | 0.25 | conversion value on redeeming | 4 | Reward Points | for ₹ | 1 | statement balance | Conditions | ( | 3 | ),Intro Offers | Noise ColorFit Pulse 2 Max Smart Watch | Voucher | ₹6K | Valid on | Noise | On paying joining fee | FITPASS PRO membership | Membership | - | Valid for | 1 | years | Netmeds First membership | Membership | - | Valid for | 1 | years | Understand Intro Offers,Milestones | Netmeds e-gift Voucher | ₹ | 1.5K | Netmeds e-gift Voucher | On spending | ₹ | 4L | in | 1 | year | Annual Fee Waiver | ₹ | 1.5K | Annual Fee Waiver | On spending | ₹ | 2L | in | 1 | year,"{""raw_text"": ""Lounge Access | Domestic | 8 | visits / | YEAR | International | 0 | visits / | year | Guest visit fee of | $ | 27 | per visit"", ""domestic_mentions"": [""8""], ""international_mentions"": [""0""]}",Eligibility | Age | 18 - 65 | Citizenship | Indian | Financial Criterias | A minimum credit | score of | 750 | is required | Employment | Salaried | Self-Employed | Eligibility Explanation,,3.50%,Discounts | Dining Discount | 2.5 | % | Max. | ₹ | 0.25 | discount per transaction | Min. bill ₹ | 100 | for availing discount | Movie Discount | 2.5 | % | Max. | ₹ | 0.25 | discount per transaction | Spend minimum ₹100 to avail discount | Fuel Discount | 1 | % | Surcharge waiver | Max. | ₹ | 250 | discount every | 1 | month | Spend | min. ₹ | 500 | to avail discount | More On Discounts,Other Features | No other features available on this card.,"[""Valuable Welcome Benefit"", ""Cardholders receive a Noise ColorFit Pulse 2 Max Smartwatch worth Rs. 5,999, exceeding the joining fee and providing a tangible, long-term benefit."", ""Complimentary Health Memberships"", ""The card offers complimentary FITPASS PRO and Netmeds First memberships, renewed annually, providing continuous value to health-conscious users."", ""Accelerated Rewards on Key Categories"", ""Cardholders earn 10 reward points per Rs. 100 spent on chemists, pharmacies, dining, and movies, offering accelerated savings in these categories."", ""Low Annual Fee Waiver Criteria"", ""The annual fee can be waived by spending Rs. 2 Lakhs, a relatively achievable target for regular users."", ""Complimentary Lounge Access"", ""Cardholders get 8 complimentary domestic lounge access visits per year (2 per quarter), enhancing the travel experience.""]","[""High Milestone Spending Threshold"", ""While the card offers milestone benefits, the spending threshold of Rs. 4 Lakhs to receive a Rs. 1,500 Netmeds voucher is quite high, diminishing its value."", ""Low Reward Rate on Other Spends"", ""The reward rate on non-health and wellness spending is only 0.5%, making it less attractive for general use compared to other cards offering better rewards."", ""No Medical Insurance Cover"", ""The card lacks comprehensive medical insurance coverage, a significant drawback for a health-focused credit card."", ""Low Redemption Value"", ""The reward point redemption value is low, at Rs. 0.25 per point, reducing the overall savings potential."", ""High Annual Fee"", ""The card charges a relatively high annual fee of Rs. 1,499, which may not be justifiable for users who do not fully utilize the health and wellness benefits.""]",3.9,rewardmatrix.in,https://www.rewardmatrix.in/credit-cards/reviews/sbi-pulse
Swiggy HDFC Bank Credit Card,HDFC Bank,HDFC Bank,,"[""Cashback"", ""Co-branded"", ""Dining"", ""Entertainment"", ""Grocery"", ""Shopping""]",₹ 500 + GST,₹ 500 + GST,Fees | Annual Fee | ₹ | 500 | GST extra | Waived off after | ₹ | 2L | spends | Starts from second year | Joining Fee | ₹ | 500 | GST extra | One time payment | Forex Fee | 3.5 | % | GST extra | Fee Details and Explanation,1 % 10 %,"[{""Category"": ""dining"", ""Type"": ""accelerated"", ""Qualifying Spend"": ""Swiggy App - Food Delivery"", ""Rate"": ""10.00 %"", ""RP Capping"": ""Max. 1.5K / month"", ""Spend Capping"": """", ""Conditions"": """"}, {""raw"": [""groceries"", ""accelerated"", ""Swiggy App - Instamart"", ""10.00 %"", """", """"]}, {""raw"": [""dining"", ""accelerated"", ""Swiggy App - Dineout"", ""10.00 %"", """", """"]}, {""raw"": [""others"", ""accelerated"", ""Swiggy App - Genie"", ""10.00 %"", """", """"]}, {""Category"": ""shopping"", ""Type"": ""accelerated"", ""Qualifying Spend"": ""Online Spends - Apparels"", ""Rate"": ""5.00 %"", ""RP Capping"": ""Max. 1.5K / month"", ""Spend Capping"": """", ""Conditions"": """"}, {""raw"": [""shopping"", ""accelerated"", ""Online Spends - Electronics"", ""5.00 %"", """", """"]}, {""raw"": [""shopping"", ""accelerated"", ""Online Spends - Department Stores"", ""5.00 %"", """", """"]}, {""raw"": [""shopping"", ""accelerated"", ""Online Spends - Pet Stores & Supplies"", ""5.00 %"", """", """"]}, {""raw"": [""shopping"", ""accelerated"", ""Online Spends - Home Decor"", ""5.00 %"", """", """"]}, {""raw"": [""shopping"", ""accelerated"", ""Online Spends - Personal Care"", ""5.00 %"", """", """"]}, {""raw"": [""transport"", ""accelerated"", ""Online Spends - Local Cabs"", ""5.00 %"", """", """"]}, {""raw"": [""entertainment"", ""accelerated"", ""Online Spends - Entertainment"", ""5.00 %"", """", """"]}, {""raw"": [""healthcare"", ""accelerated"", ""Online Spends - Pharmacies"", ""5.00 %"", """", """"]}, {""raw"": [""shopping"", ""accelerated"", ""Online Spends - Discount Stores"", ""5.00 %"", """", """"]}, {""Category"": ""offline"", ""Type"": ""base"", ""Qualifying Spend"": ""Other Spends"", ""Rate"": ""1.00 %"", ""RP Capping"": ""Max. 500 / month"", ""Spend Capping"": """", ""Conditions"": """"}, {""raw"": [""General Reward Points Capping: Max. 3.5K / month . Overall Maximum Monthly Cashback Capping across all categories""]}]",Redemptions | STATEMENT BALANCE | Get x | 1 | conversion value on redeeming | 1 | cashback | for ₹ | 1 | statement balance | Conditions | ( | 3 | ),Intro Offers | Swiggy One | Membership | ₹1.2K | Valid for | 3 | months | Understand Intro Offers,Milestones | Annual Fee Waiver | Exclusive Benefit | On spending | ₹ | 2L | in | 1 | year,"{""raw_text"": ""Lounge Access | Domestic | 0 | visits / | year | International | 0 | visits / | year"", ""domestic_mentions"": [""0""], ""international_mentions"": [""0""]}",Eligibility | Age | 21 - 60 | Citizenship | Indian | Financial Criterias | High spending behavior is a prerequisite | Employment | Salaried | Self-employed | Income | Salaried ₹ | 25K | Business ₹ | 6L | Eligibility Explanation,,3.50%,Discounts | Dining Discount | 10 | % | Max. | ₹ | 1.5K | discount per transaction | Min. bill ₹ | 100 | for availing discount | Limited to | 1 | use per | month | Applicable on | Swiggy Dineout | Payment via | Swiggy Dineout | Movie Discount | 5 | % | Max. | ₹ | 1.5K | discount per transaction | Limited to 1 use per month | Applicable on | BookMyShow | Payment via | Online | More On Discounts,Other Features | Concierge Services | Dining Reservation Services | Golf Booking Services,"[""10% Cashback on Swiggy"", ""Cardholders receive a generous 10% cashback on all Swiggy app spends, including food orders, Instamart, Dineout, and Genie, up to Rs. 1,500 per billing cycle."", ""5% Cashback on Online Spends"", ""Users get 5% cashback on online spends across popular brands like Nykaa, Myntra, and Amazon, capped at Rs. 1,500 per billing cycle."", ""1% Cashback on Other Spends"", ""The card offers 1% cashback on all other spends, with a maximum cap of Rs. 500 per billing cycle, providing value on every transaction."", ""Complimentary Swiggy One Membership"", ""New cardholders receive a complimentary 3-month Swiggy One membership, offering additional benefits and savings on Swiggy services."", ""Annual Fee Waiver"", ""The annual fee of Rs. 500 is waived off if the cardholder spends Rs. 2 lakh in a year, making it cost-effective for high spenders.""]","[""Minimum Transaction Limit for Cashback"", ""Cardholders do not earn cashback on transactions less than Rs. 100, limiting the benefits for smaller purchases."", ""No Airport Lounge Access"", ""The card does not offer complimentary airport lounge access, which is a common perk in many entry-level credit cards."", ""No Fuel Surcharge Waiver"", ""There is no fuel surcharge waiver, making it less attractive for users who frequently spend on fuel."", ""Limited 5% Cashback Merchants"", ""The 5% cashback on online spends is limited to select merchants and specific Merchant Category Codes (MCCs), excluding some e-retailers."", ""Cashback Exclusions"", ""Cashback is not earned on several categories, including fuel, rent, EMIs, jewelry, wallet, and government transactions.""]",3.9,rewardmatrix.in,https://www.rewardmatrix.in/credit-cards/reviews/swiggy-hdfc-bank
Tata Neu Infinity HDFC Bank Credit Card,HDFC Bank,HDFC Bank,,"[""Co-branded"", ""Grocery"", ""Lounge Access"", ""Shopping"", ""Travel"", ""UPI""]",₹ 0 + GST,₹ 1.5K + GST,Fees | Annual Fee | ₹ | 1.5K | GST extra | Waived off after | ₹ | 3L | spends | Starts from second year | Waived off after | ₹ | 3L | spends in | 1 | year | Joining Fee | ₹ | 0 | GST extra | Forex Fee | 2 | % | GST extra | Fee Details and Explanation,0.5 % 5 %,"[{""Category"": ""shopping"", ""Type"": ""accelerated"", ""Qualifying Spend"": ""Spends on Tata Neu Partner Brands"", ""Rate"": ""5.00 %"", ""RP Capping"": """", ""Spend Capping"": """", ""Conditions"": """"}, {""Category"": ""shopping"", ""Type"": ""accelerated"", ""Qualifying Spend"": ""Spends on Croma"", ""Rate"": ""5.00 %"", ""RP Capping"": """", ""Spend Capping"": ""Max. ₹ 6L / month"", ""Conditions"": """"}, {""Category"": ""shopping"", ""Type"": ""accelerated"", ""Qualifying Spend"": ""Spends on Tata CLiQ"", ""Rate"": ""5.00 %"", ""RP Capping"": """", ""Spend Capping"": ""Max. ₹ 3L / month"", ""Conditions"": """"}, {""raw"": [""shopping"", ""accelerated"", ""Spends on Westside"", ""5.00 %"", """", """"]}, {""Category"": ""travel"", ""Type"": ""accelerated"", ""Qualifying Spend"": ""Spends on IHCL"", ""Rate"": ""5.00 %"", ""RP Capping"": """", ""Spend Capping"": ""Max. ₹ 8L / month"", ""Conditions"": """"}, {""raw"": [""travel"", ""accelerated"", ""Spends on Air India Express"", ""5.00 %"", """", """"]}, {""raw"": [""travel"", ""accelerated"", ""Spends on Air India"", ""5.00 %"", """", """"]}, {""Category"": ""healthcare"", ""Type"": ""accelerated"", ""Qualifying Spend"": ""Spends on 1MG"", ""Rate"": ""5.00 %"", ""RP Capping"": """", ""Spend Capping"": ""Max. ₹ 2L / month"", ""Conditions"": """"}, {""raw"": [""health"", ""accelerated"", ""Spends on Cult"", ""5.00 %"", """", """"]}, {""raw"": [""entertainment"", ""accelerated"", ""Spends on Tata Play"", ""5.00 %"", """", """"]}, {""Category"": ""utilities"", ""Type"": ""accelerated"", ""Qualifying Spend"": ""Bill Payments via Tata Pay"", ""Rate"": ""5.00 %"", ""RP Capping"": ""Max. 2K / month"", ""Spend Capping"": ""Max. ₹ 1L / month"", ""Conditions"": """"}, {""Category"": ""groceries"", ""Type"": ""accelerated"", ""Qualifying Spend"": ""Spends on Big Basket"", ""Rate"": ""5.00 %"", ""RP Capping"": ""Max. 2K / month"", ""Spend Capping"": ""Max. ₹ 1L / month"", ""Conditions"": """"}, {""Category"": ""jewellery"", ""Type"": ""accelerated"", ""Qualifying Spend"": ""Spends on Titan"", ""Rate"": ""5.00 %"", ""RP Capping"": """", ""Spend Capping"": ""Max. ₹ 6L / month"", ""Conditions"": """"}, {""raw"": [""jewellery"", ""accelerated"", ""Spends on Tanishq"", ""5.00 %"", """", """"]}, {""Category"": ""dining"", ""Type"": ""accelerated"", ""Qualifying Spend"": ""Spends on Qmin Food Delivery"", ""Rate"": ""5.00 %"", ""RP Capping"": """", ""Spend Capping"": ""Max. ₹ 50K / month"", ""Conditions"": """"}, {""Category"": ""offline"", ""Type"": ""base"", ""Qualifying Spend"": ""Spends on Non-Tata Brands"", ""Rate"": ""1.50 %"", ""RP Capping"": ""Max. 2K / day"", ""Spend Capping"": """", ""Conditions"": """"}, {""Category"": ""emi"", ""Type"": ""base"", ""Qualifying Spend"": ""Merchant EMI Spends"", ""Rate"": ""1.50 %"", ""RP Capping"": """", ""Spend Capping"": """", ""Conditions"": """"}, {""Category"": ""upi"", ""Type"": ""base"", ""Qualifying Spend"": ""UPI Spends via Tata Neu UPI ID"", ""Rate"": ""1.50 %"", ""RP Capping"": ""Max. 500 / month"", ""Spend Capping"": """", ""Conditions"": ""Conditions ( 1 )""}, {""raw"": [""upi"", ""base"", ""UPI Spends via Other UPI Apps"", ""0.50 %"", """", ""Conditions ( 1 )""]}]",Redemptions | AIRLINE PARTNERS | List of conversion options of airline partners. | Airline Partner | Redemption Rate | Multiplier | Air India Express | 1 | NeuCoins | = | 1 | Air India Express | points | x | 1 | Conditions | ( | 2 | ) | Air India | 1 | NeuCoins | = | 1 | Air India | points | x | 1 | Conditions | ( | 2 | ) | HOTEL PARTNERS | List of conversion options of airline partners. | Airline Partner | Redemption Rate | Multiplier | IHCL | 1 | NeuCoins | = | 1 | IHCL Hotels | points | x | 1 | Conditions | ( | 2 | ) | IHCL | 1 | NeuCoins | = | 1 | IHCL Hotels | points | x | 1 | Conditions | ( | 4 | ) | Titan | 1 | NeuCoins | = | 1 | Titan | points | x | 1 | Conditions | ( | 4 | ) | Tanishq | 1 | NeuCoins | = | 1 | Tanishq | points | x | 1 | Conditions | ( | 4 | ) | STATEMENT BALANCE | Get x | 1 | conversion value on redeeming | 1 | NeuCoins | for ₹ | 1 | statement balance | Conditions | ( | 2 | ),Intro Offers | Bonus Points | 1.5K | On making first transaction in | 30 | days | Understand Intro Offers,Milestones | Annual Fee Waiver | ₹ | 1.5K | Annual Fee Waiver | On spending | ₹ | 3L | in | 1 | year,"{""raw_text"": ""Lounge Access | Domestic | 2 | visits / | QUARTER | International | 1 | visits / | QUARTER"", ""domestic_mentions"": [""2""], ""international_mentions"": [""1""]}",Eligibility | Citizenship | Indian | Employment | Salaried | Self-employed | Income | Salaried ₹ | 1L | Business ₹ | 12L | Eligibility Explanation,,2%,"Discounts | Dining Discount | ₹ | 1 | Max. | ₹ | 1 | discount per transaction | Applicable on | Qmin: Food Delivery, IHCL hotels: via Tata Pay, IHCL hotels: At Point of Sale/Cashier Desk, Croma: via Tata Pay, Croma: At Point of Sale/Cashier Desk | Payment via | Tata Pay | Fuel Discount | 1 | % | Surcharge waiver | Max. | ₹ | 500 | discount every | 1 | month | Spend | min. ₹ | 400 | to avail discount | More On Discounts",Other Features | Renewal Benefit | 1.5K | NeuCoins | Conditioned to annual fee payment,"[""High Reward Rate"", ""Earn 5% back as NeuCoins on Tata Neu and partner brands, including Air India, and 1.5% on other retail spends."", ""Complimentary Lounge Access"", ""Cardholders get 2 domestic and 1 international complimentary airport lounge access per quarter without any spending requirements."", ""UPI Spend Rewards"", ""The RuPay variant allows earning NeuCoins on UPI spends, a unique feature among credit cards."", ""Fuel Surcharge Waiver"", ""Enjoy a 1% fuel surcharge waiver on transactions between Rs. 400 and Rs. 5,000, with a maximum waiver of Rs. 500 per statement."", ""Good Redemption Value"", ""NeuCoins earned can be redeemed at a value of 1 NeuCoin = Rs. 1 across various Tata brands, offering good redemption flexibility.""]","[""High Annual Fee"", ""The annual fee of Rs. 1,499 + GST is high for a co-branded credit card, though it can be waived by spending Rs. 3 lakh in a year."", ""Limited Earning Categories"", ""NeuCoins are not earned on fuel spends, wallet loads, cash advances, and certain payments like rent and government transactions."", ""Reward Caps"", ""Reward earnings are capped on grocery, insurance, and UPI spends, limiting the potential for maximum rewards."", ""No SmartBuy Benefits"", ""The card is not eligible for HDFC Bank SmartBuy program, missing out on additional offers and discounts."", ""Complex Reward Structure"", ""The complex system of earning and redeeming NeuCoins, with varying percentages and caps, can be confusing.""]",4.8,rewardmatrix.in,https://www.rewardmatrix.in/credit-cards/reviews/tata-neu-infinity-hdfc
ICICI Rubyx (Mastercard) credit card,ICICI Bank,ICICI,Mastercard,"[""Catalogue Products""]",3000,,,1% to 3%,"[{""child"": ""Earn 2 Reward Points per ₹100 spent"", ""name"": ""Base Rewards""}, {""child"": ""Earn 4 Reward Points per ₹100 spent"", ""name"": ""International""}, {""child"": ""Earn 2 Reward Points per ₹100 spent"", ""name"": ""EMI""}, {""child"": ""Earn 2 Reward Points per ₹100 spent"", ""name"": ""Education""}, {""child"": ""Earn 2 Reward Points per ₹100 spent"", ""name"": ""Grocery""}, {""child"": ""Earn 1 Reward Points per ₹100 spent"", ""name"": ""Utilities""}, {""child"": ""Earn 1 Reward Points per ₹100 spent"", ""name"": ""Insurance""}, {""child"": ""Earn 1 Reward Points per ₹100 spent"", ""name"": ""Government""}, {""child"": "" No Reward Points on this category."", ""name"": ""Skill Based Gaming""}, {""child"": "" No Reward Points on this category."", ""name"": ""Rent""}, {""child"": "" No Reward Points on this category."", ""name"": ""Fuel""}, {""child"": "" No Reward Points on this category."", ""name"": ""Jewellery""}, {""child"": "" No Reward Points on this category."", ""name"": ""Wallets""}]","[{""title"": "" Discover Reward Points Redemption Options"", ""subtitle"": ""To explore the full range of redemption options for this card, download the SaveSage Club app now."", ""barCodeImageUrl"": ""/"", ""appUrl"": ""https://savesage.co/ZH8bLjZqSPb""}]",,"[{""milestoneNumber"": 1, ""spent"": 300000, ""cycleType"": ""STATEMENT"", ""benefits"": ""3,000 RPs."", ""milestoneType"": ""YEAR""}, {""milestoneNumber"": 2, ""spent"": 400000, ""cycleType"": ""STATEMENT"", ""benefits"": ""1,500 RPs."", ""milestoneType"": ""YEAR""}, {""milestoneNumber"": 3, ""spent"": 500000, ""cycleType"": ""STATEMENT"", ""benefits"": ""1,500 RPs."", ""milestoneType"": ""YEAR""}, {""milestoneNumber"": 4, ""spent"": 600000, ""cycleType"": ""STATEMENT"", ""benefits"": ""1,500 RPs."", ""milestoneType"": ""YEAR""}, {""milestoneNumber"": 5, ""spent"": 700000, ""cycleType"": ""STATEMENT"", ""benefits"": ""1,500 RPs."", ""milestoneType"": ""YEAR""}, {""milestoneNumber"": 6, ""spent"": 800000, ""cycleType"": ""STATEMENT"", ""benefits"": ""1,500 RPs."", ""milestoneType"": ""YEAR""}, {""milestoneNumber"": 7, ""spent"": 900000, ""cycleType"": ""STATEMENT"", ""benefits"": ""1,500 RPs."", ""milestoneType"": ""YEAR""}, {""milestoneNumber"": 8, ""spent"": 1000000, ""cycleType"": ""STATEMENT"", ""benefits"": ""1,500 RPs."", ""milestoneType"": ""YEAR""}, {""milestoneNumber"": 9, ""spent"": 1100000, ""cycleType"": ""STATEMENT"", ""benefits"": ""1,500 RPs."", ""milestoneType"": ""YEAR""}]","[{""maintitle"": ""Domestic lounge"", ""limit"": [""2 per quarter""], ""eligibility"": [""Spend ₹75k in previous calendar quarter.""]}, {""maintitle"": ""Railway lounge"", ""limit"": [""2 per quarter""], ""eligibility"": [""Spend ₹75k in previous calendar quarter.""]}]",,,,"[{""mainTitle"": ""BookMyShow"", ""child"": ""25% discount on movie tickets upto ₹150.""}, {""mainTitle"": ""Concierge"", ""child"": ""I-Assist""}, {""mainTitle"": ""Croma"", ""child"": ""Croma Vouchers Worth Rs 1,000.""}, {""mainTitle"": ""EaseMyTrip"", ""child"": ""EaseMyTrip Vouchers Worth Rs 2,000.""}, {""mainTitle"": ""Golf"", ""child"": ""Upto 2 Complimentary Golf Lessons/Rounds.""}, {""mainTitle"": ""INOX"", ""child"": ""25% Discount upto Rs 150 on Movie Tickets.""}, {""mainTitle"": ""Insurance"", ""child"": ""Card Liability Cover.""}, {""mainTitle"": ""Insurance"", ""child"": ""Death due to Air Accidents.""}, {""mainTitle"": ""Tata Cliq"", ""child"": ""Tata Cliq Voucher Worth Rs 2,000.""}, {""mainTitle"": ""Uber"", ""child"": ""Uber Voucher Worth Rs 250.""}]","[""25% discount on movie tickets upto ₹150."", ""I-Assist"", ""Croma Vouchers Worth Rs 1,000."", ""EaseMyTrip Vouchers Worth Rs 2,000."", ""Upto 2 Complimentary Golf Lessons/Rounds."", ""25% Discount upto Rs 150 on Movie Tickets."", ""Card Liability Cover."", ""Death due to Air Accidents."", ""Tata Cliq Voucher Worth Rs 2,000."", ""Uber Voucher Worth Rs 250.""]",,,,savesage.club,https://savesage.club/credit-card/icici-rubyx-mastercard
ICICI Rubyx (Visa) credit card,ICICI Bank,ICICI,Visa,"[""Experience"", ""Travel Booking"", ""Hotel Transfer""]",3000,,,1% to 2%,"[{""child"": ""Earn 2 Reward Points per ₹100 spent"", ""name"": ""Base Rewards""}, {""child"": ""Earn 4 Reward Points per ₹100 spent"", ""name"": ""International""}, {""child"": ""Earn 2 Reward Points per ₹100 spent"", ""name"": ""Education""}, {""child"": ""Earn 2 Reward Points per ₹100 spent"", ""name"": ""EMI""}, {""child"": ""Earn 2 Reward Points per ₹100 spent"", ""name"": ""Grocery""}, {""child"": ""Earn 1 Reward Points per ₹100 spent"", ""name"": ""Utilities""}, {""child"": ""Earn 1 Reward Points per ₹100 spent"", ""name"": ""Government""}, {""child"": ""Earn 1 Reward Points per ₹100 spent"", ""name"": ""Insurance""}, {""child"": "" No Reward Points on this category."", ""name"": ""Fuel""}, {""child"": "" No Reward Points on this category."", ""name"": ""Jewellery""}, {""child"": "" No Reward Points on this category."", ""name"": ""Rent""}, {""child"": "" No Reward Points on this category."", ""name"": ""Skill Based Gaming""}, {""child"": "" No Reward Points on this category."", ""name"": ""Wallets""}]","[{""title"": "" Discover Reward Points Redemption Options"", ""subtitle"": ""To explore the full range of redemption options for this card, download the SaveSage Club app now."", ""barCodeImageUrl"": ""/"", ""appUrl"": ""https://savesage.co/ZH8bLjZqSPb""}]",,"[{""milestoneNumber"": 1, ""spent"": 300000, ""cycleType"": ""STATEMENT"", ""benefits"": ""3,000 RPs."", ""milestoneType"": ""YEAR""}, {""milestoneNumber"": 2, ""spent"": 400000, ""cycleType"": ""STATEMENT"", ""benefits"": ""1,500 RPs."", ""milestoneType"": ""YEAR""}, {""milestoneNumber"": 3, ""spent"": 500000, ""cycleType"": ""STATEMENT"", ""benefits"": ""1,500 RPs."", ""milestoneType"": ""YEAR""}, {""milestoneNumber"": 4, ""spent"": 600000, ""cycleType"": ""STATEMENT"", ""benefits"": ""1,500 RPs."", ""milestoneType"": ""YEAR""}, {""milestoneNumber"": 5, ""spent"": 700000, ""cycleType"": ""STATEMENT"", ""benefits"": ""1,500 RPs."", ""milestoneType"": ""YEAR""}, {""milestoneNumber"": 6, ""spent"": 800000, ""cycleType"": ""STATEMENT"", ""benefits"": ""1,500 RPs."", ""milestoneType"": ""YEAR""}, {""milestoneNumber"": 7, ""spent"": 900000, ""cycleType"": ""STATEMENT"", ""benefits"": ""1,500 RPs."", ""milestoneType"": ""YEAR""}, {""milestoneNumber"": 8, ""spent"": 1000000, ""cycleType"": ""STATEMENT"", ""benefits"": ""1,500 RPs."", ""milestoneType"": ""YEAR""}, {""milestoneNumber"": 9, ""spent"": 1100000, ""cycleType"": ""STATEMENT"", ""benefits"": ""1,500 RPs."", ""milestoneType"": ""YEAR""}]","[{""maintitle"": ""Railway lounge"", ""limit"": [""2 per quarter""], ""eligibility"": [""Spend ₹75k in previous calendar quarter.""]}, {""maintitle"": ""Domestic lounge"", ""limit"": [""2 per quarter""], ""eligibility"": [""Spend ₹75k in previous calendar quarter.""]}]",,,,"[{""mainTitle"": ""BookMyShow"", ""child"": ""25% discount on movie tickets upto ₹150.""}, {""mainTitle"": ""Concierge"", ""child"": ""I-Assist.""}, {""mainTitle"": ""Croma"", ""child"": ""2 Vouchers Worth Rs 500.""}, {""mainTitle"": ""EaseMyTrip"", ""child"": ""EaseMyTrip Vouchers worth Rs 4,000.""}, {""mainTitle"": ""Golf"", ""child"": ""Upto 2 Complimentary Golf Lessons/Rounds.""}, {""mainTitle"": ""INOX"", ""child"": ""25% Discount on Movie Tickets upto Rs 150.""}, {""mainTitle"": ""Insurance"", ""child"": ""Card Liability Cover""}, {""mainTitle"": ""Insurance"", ""child"": ""Death Due to Air Accidents""}, {""mainTitle"": ""Tata Cliq"", ""child"": ""Tata Cliq Vouchers Worth Rs 2,000.""}, {""mainTitle"": ""Uber"", ""child"": ""Voucher Worth Rs 250.""}]","[""25% discount on movie tickets upto ₹150."", ""I-Assist."", ""2 Vouchers Worth Rs 500."", ""EaseMyTrip Vouchers worth Rs 4,000."", ""Upto 2 Complimentary Golf Lessons/Rounds."", ""25% Discount on Movie Tickets upto Rs 150."", ""Card Liability Cover"", ""Death Due to Air Accidents"", ""Tata Cliq Vouchers Worth Rs 2,000."", ""Voucher Worth Rs 250.""]",,,,savesage.club,https://savesage.club/credit-card/icici-rubyx-visa
ICICI Rubyx (Amex) credit card,ICICI Bank,ICICI,Amex,"[""Catalogue Products""]",3000,,,1% to 3%,"[{""child"": ""Earn 2 Reward Points per ₹100 spent"", ""name"": ""Base Rewards""}, {""child"": ""Earn 4 Reward Points per ₹100 spent"", ""name"": ""International""}, {""child"": ""Earn 2 Reward Points per ₹100 spent"", ""name"": ""Grocery""}, {""child"": ""Earn 2 Reward Points per ₹100 spent"", ""name"": ""EMI""}, {""child"": ""Earn 2 Reward Points per ₹100 spent"", ""name"": ""Education""}, {""child"": ""Earn 1 Reward Points per ₹100 spent"", ""name"": ""Utilities""}, {""child"": ""Earn 1 Reward Points per ₹100 spent"", ""name"": ""Government""}, {""child"": ""Earn 1 Reward Points per ₹100 spent"", ""name"": ""Insurance""}, {""child"": "" No Reward Points on this category."", ""name"": ""Skill Based Gaming""}, {""child"": "" No Reward Points on this category."", ""name"": ""Fuel""}, {""child"": "" No Reward Points on this category."", ""name"": ""Jewellery""}, {""child"": "" No Reward Points on this category."", ""name"": ""Wallets""}, {""child"": "" No Reward Points on this category."", ""name"": ""Rent""}]","[{""title"": "" Discover Reward Points Redemption Options"", ""subtitle"": ""To explore the full range of redemption options for this card, download the SaveSage Club app now."", ""barCodeImageUrl"": ""/"", ""appUrl"": ""https://savesage.co/ZH8bLjZqSPb""}]",,"[{""milestoneNumber"": 1, ""spent"": 300000, ""cycleType"": ""STATEMENT"", ""benefits"": ""3,000 RPs."", ""milestoneType"": ""YEAR""}, {""milestoneNumber"": 2, ""spent"": 400000, ""cycleType"": ""STATEMENT"", ""benefits"": ""Earn 1,500 RPs."", ""milestoneType"": ""YEAR""}, {""milestoneNumber"": 3, ""spent"": 500000, ""cycleType"": ""STATEMENT"", ""benefits"": ""Earn 1,500 RPs."", ""milestoneType"": ""YEAR""}, {""milestoneNumber"": 4, ""spent"": 600000, ""cycleType"": ""STATEMENT"", ""benefits"": ""Earn 1,500 RPs."", ""milestoneType"": ""YEAR""}, {""milestoneNumber"": 5, ""spent"": 700000, ""cycleType"": ""STATEMENT"", ""benefits"": ""Earn 1,500 RPs."", ""milestoneType"": ""YEAR""}, {""milestoneNumber"": 6, ""spent"": 800000, ""cycleType"": ""STATEMENT"", ""benefits"": ""Earn 1,500 RPs."", ""milestoneType"": ""YEAR""}, {""milestoneNumber"": 7, ""spent"": 900000, ""cycleType"": ""STATEMENT"", ""benefits"": ""Earn 1,500 RPs."", ""milestoneType"": ""YEAR""}, {""milestoneNumber"": 8, ""spent"": 1000000, ""cycleType"": ""STATEMENT"", ""benefits"": ""Earn 1,500 RPs."", ""milestoneType"": ""YEAR""}, {""milestoneNumber"": 9, ""spent"": 1100000, ""cycleType"": ""STATEMENT"", ""benefits"": ""Earn 1,500 RPs."", ""milestoneType"": ""YEAR""}]","[{""maintitle"": ""Domestic lounge"", ""limit"": [""2 per quarter""], ""eligibility"": [""Spend ₹75k in previous calendar quarter.""]}, {""maintitle"": ""Railway lounge"", ""limit"": [""2 per quarter""], ""eligibility"": [""Spend ₹75k in previous calendar quarter.""]}]",,,,"[{""mainTitle"": ""BookMyShow"", ""child"": ""25% Discount on Movie Tickets upto Rs 150.""}, {""mainTitle"": ""Concierge"", ""child"": ""I-Assist""}, {""mainTitle"": ""Croma"", ""child"": ""2 Vouchers Worth Rs 500.""}, {""mainTitle"": ""EaseMyTrip"", ""child"": ""EaseMyTrip Vouchers worth Rs 4,000""}, {""mainTitle"": ""Golf"", ""child"": ""Upto 2 Complimentary Golf Lessons/Rounds""}, {""mainTitle"": ""INOX"", ""child"": ""25% Discount on Movie Tickets upto Rs 150.""}, {""mainTitle"": ""Insurance"", ""child"": ""Card Liability Cover worth Rs 50k.""}, {""mainTitle"": ""Insurance"", ""child"": ""Death Due to Air Accidents Insurance worth Rs 1 Cr.""}, {""mainTitle"": ""Tata Cliq"", ""child"": ""Tata Cliq Vouchers Worth Rs 2,000.""}, {""mainTitle"": ""Uber"", ""child"": ""Voucher Worth Rs 250.""}]","[""25% Discount on Movie Tickets upto Rs 150."", ""I-Assist"", ""2 Vouchers Worth Rs 500."", ""EaseMyTrip Vouchers worth Rs 4,000"", ""Upto 2 Complimentary Golf Lessons/Rounds"", ""25% Discount on Movie Tickets upto Rs 150."", ""Card Liability Cover worth Rs 50k."", ""Death Due to Air Accidents Insurance worth Rs 1 Cr."", ""Tata Cliq Vouchers Worth Rs 2,000."", ""Voucher Worth Rs 250.""]",,,,savesage.club,https://savesage.club/credit-card/icici-rubyx-amex
ICICI Emeralde Private Metal credit card,ICICI Bank,ICICI,,"[""Airline Transfer"", ""Travel Booking"", ""Hotel Transfer""]",12499,,,0.75% to 1%,"[{""child"": ""Earn 6 Reward Points per ₹200 spent"", ""name"": ""Base Rewards""}, {""child"": ""Earn 72 Reward Points per ₹200 spent"", ""name"": ""Hotels via iShop""}, {""child"": ""Earn 36 Reward Points per ₹200 spent"", ""name"": ""Bus via iShop""}, {""child"": ""Earn 36 Reward Points per ₹200 spent"", ""name"": ""Flights via iShop""}, {""child"": ""Earn 36 Reward Points per ₹200 spent"", ""name"": ""Vouchers via iShop""}, {""child"": ""Earn 6 Reward Points per ₹200 spent"", ""name"": ""Education""}, {""child"": ""Earn 6 Reward Points per ₹200 spent"", ""name"": ""Insurance""}, {""child"": ""Earn 6 Reward Points per ₹200 spent"", ""name"": ""Grocery""}, {""child"": ""Earn 6 Reward Points per ₹200 spent"", ""name"": ""Utilities""}, {""child"": "" No Reward Points on this category."", ""name"": ""Government""}, {""child"": "" No Reward Points on this category."", ""name"": ""Skill Based Gaming""}, {""child"": "" No Reward Points on this category."", ""name"": ""EMI""}, {""child"": "" No Reward Points on this category."", ""name"": ""Fuel""}, {""child"": "" No Reward Points on this category."", ""name"": ""UPI""}, {""child"": "" No Reward Points on this category."", ""name"": ""Wallets""}, {""child"": "" No Reward Points on this category."", ""name"": ""Rent""}]","[{""title"": "" Discover Reward Points Redemption Options"", ""subtitle"": ""To explore the full range of redemption options for this card, download the SaveSage Club app now."", ""barCodeImageUrl"": ""/"", ""appUrl"": ""https://savesage.co/ZH8bLjZqSPb""}]",,"[{""milestoneNumber"": 1, ""spent"": 0, ""cycleType"": ""STATEMENT"", ""benefits"": ""1-year Taj Epicure membership as joining benefit,12,500 bonus reward points and 1 year membership of EazyDiner."", ""milestoneType"": ""YEAR""}, {""milestoneNumber"": 2, ""spent"": 1, ""cycleType"": ""STATEMENT"", ""benefits"": ""12,500 bonus reward points and 1 year membership of EazyDiner."", ""milestoneType"": ""YEAR""}, {""milestoneNumber"": 3, ""spent"": 400000, ""cycleType"": ""STATEMENT"", ""benefits"": ""EaseMyTrip Flight Voucher worth ₹3,000."", ""milestoneType"": ""YEAR""}, {""milestoneNumber"": 4, ""spent"": 800000, ""cycleType"": ""STATEMENT"", ""benefits"": ""EaseMyTrip Flight Voucher worth ₹3,000."", ""milestoneType"": ""YEAR""}, {""milestoneNumber"": 5, ""spent"": 1000000, ""cycleType"": ""STATEMENT"", ""benefits"": ""The renewal fee will be waived."", ""milestoneType"": ""YEAR""}]","[{""maintitle"": ""Domestic lounge"", ""limit"": [""Unlimited""], ""eligibility"": [""No explicit spend condition""]}, {""maintitle"": ""International lounge"", ""limit"": [""Unlimited""], ""eligibility"": [""Unlimited through Priority Pass membership""]}, {""maintitle"": ""Add on card domestic lounge"", ""limit"": [""Unlimited""], ""eligibility"": [""As per primary card.""]}, {""maintitle"": ""Add on card international lounge"", ""limit"": [""Unlimited""], ""eligibility"": [""As per primary card.""]}]",,,,"[{""mainTitle"": ""BookMyShow"", ""child"": ""Upto Rs 750 off on Tickets""}, {""mainTitle"": ""Concierge"", ""child"": ""I-Assist, 24x7 Free Concierge Support.""}, {""mainTitle"": ""EaseMyTrip"", ""child"": ""Air Travel Voucher""}, {""mainTitle"": ""EazyDiner"", ""child"": ""EazyDiner Prime membership.""}, {""mainTitle"": ""Golf"", ""child"": ""Unlimited Golf Lessons.""}, {""mainTitle"": ""Insurance"", ""child"": ""Card Liability Cover worth Rs 50k.""}, {""mainTitle"": ""Taj Epicure"", ""child"": ""Taj Epicure membership.""}]","[""Upto Rs 750 off on Tickets"", ""I-Assist, 24x7 Free Concierge Support."", ""Air Travel Voucher"", ""EazyDiner Prime membership."", ""Unlimited Golf Lessons."", ""Card Liability Cover worth Rs 50k."", ""Taj Epicure membership.""]",,,,savesage.club,https://savesage.club/credit-card/icici-emeralde-private-metal
ICICI Emeralde credit card,ICICI Bank,ICICI,,"[""Airline Transfer"", ""Travel Booking"", ""Hotel Transfer""]",12000,,,0.75% to 1%,"[{""child"": ""Earn 4 Reward Points per ₹100 spent"", ""name"": ""Base Rewards""}, {""child"": ""Earn 48 Reward Points per ₹200 spent"", ""name"": ""Hotels via iShop""}, {""child"": ""Earn 24 Reward Points per ₹200 spent"", ""name"": ""Bus via iShop""}, {""child"": ""Earn 24 Reward Points per ₹200 spent"", ""name"": ""Vouchers via iShop""}, {""child"": ""Earn 24 Reward Points per ₹200 spent"", ""name"": ""Flights via iShop""}, {""child"": ""Earn 1 Reward Points per ₹100 spent"", ""name"": ""Rent""}, {""child"": ""Earn 1 Reward Points per ₹100 spent"", ""name"": ""Insurance""}, {""child"": ""Earn 1 Reward Points per ₹100 spent"", ""name"": ""Fuel""}, {""child"": ""Earn 1 Reward Points per ₹100 spent"", ""name"": ""Grocery""}, {""child"": ""Earn 1 Reward Points per ₹100 spent"", ""name"": ""Utilities""}, {""child"": "" No Reward Points on this category."", ""name"": ""Skill Based Gaming""}, {""child"": "" No Reward Points on this category."", ""name"": ""Wallets""}, {""child"": "" No Reward Points on this category."", ""name"": ""EMI""}, {""child"": "" No Reward Points on this category."", ""name"": ""Government""}, {""child"": "" No Reward Points on this category."", ""name"": ""Jewellery""}]","[{""title"": "" Discover Reward Points Redemption Options"", ""subtitle"": ""To explore the full range of redemption options for this card, download the SaveSage Club app now."", ""barCodeImageUrl"": ""/"", ""appUrl"": ""https://savesage.co/ZH8bLjZqSPb""}]",,"[{""milestoneNumber"": 1, ""spent"": 1000000, ""cycleType"": ""STATEMENT"", ""benefits"": ""The renewal fee will be waived."", ""milestoneType"": ""YEAR""}]","[{""maintitle"": ""International lounge"", ""limit"": [""Unlimited""], ""eligibility"": [""Complimentary unlimited international airport lounge access under the Dreamfolks program membership""]}, {""maintitle"": ""Domestic lounge"", ""limit"": [""Unlimited""], ""eligibility"": [""No explicit spend condition""]}, {""maintitle"": ""Add on card domestic lounge"", ""limit"": [""Not available""], ""eligibility"": [""As per primary card.""]}, {""maintitle"": ""Add on card international lounge"", ""limit"": [""Unlimited""], ""eligibility"": [""As per primary card.""]}, {""maintitle"": ""Airport spa"", ""limit"": [""Unlimited""], ""eligibility"": [""No explicit spend condition""]}]",,,,"[{""mainTitle"": ""BookMyShow"", ""child"": ""Buy 1 Ticket and Get Upto Rs 750 Off on the 2nd Ticket.""}, {""mainTitle"": ""Concierge"", ""child"": ""I-Assist""}, {""mainTitle"": ""Gold's Gym"", ""child"": ""50% Discount.""}, {""mainTitle"": ""Golf"", ""child"": ""Golf Rounds/Lessons.""}, {""mainTitle"": ""Insurance"", ""child"": ""Card Liability Cover worth Rs 50k.""}, {""mainTitle"": ""Insurance"", ""child"": ""Air Accidents Insurance""}, {""mainTitle"": ""Kaya Skin Clinic"", ""child"": ""Rs 1,000 off.""}, {""mainTitle"": ""Richfeel"", ""child"": ""Hair and Scalp Services.""}, {""mainTitle"": ""Tata Cliq"", ""child"": ""Birthday Benefit""}, {""mainTitle"": ""VLCC"", ""child"": ""1+1 Offer at VLCC.""}]","[""Buy 1 Ticket and Get Upto Rs 750 Off on the 2nd Ticket."", ""I-Assist"", ""50% Discount."", ""Golf Rounds/Lessons."", ""Card Liability Cover worth Rs 50k."", ""Air Accidents Insurance"", ""Rs 1,000 off."", ""Hair and Scalp Services."", ""Birthday Benefit"", ""1+1 Offer at VLCC.""]",,,,savesage.club,https://savesage.club/credit-card/icici-emeralde
ICICI Amazon Pay credit card,ICICI Bank,ICICI,,"[""Airline Transfer"", ""Travel Booking"", ""Hotel Transfer""]",0,,,0.75% to 1.5%,"[{""child"": ""Earn 1 Reward Points per ₹100 spent"", ""name"": ""Base Rewards""}, {""child"": ""Earn 5 Reward Points per ₹100 spent"", ""name"": ""Amazon Hotels (Prime)""}, {""child"": ""Earn 5 Reward Points per ₹100 spent"", ""name"": ""Amazon Shopping (Prime)""}, {""child"": ""Earn 5 Reward Points per ₹100 spent"", ""name"": ""Amazon Flights (Prime)""}, {""child"": ""Earn 3 Reward Points per ₹100 spent"", ""name"": ""Amazon Shopping (Non-Prime)""}, {""child"": ""Earn 3 Reward Points per ₹100 spent"", ""name"": ""Amazon Hotels (Non-Prime)""}, {""child"": ""Earn 3 Reward Points per ₹100 spent"", ""name"": ""Grocery via Amazon""}, {""child"": ""Earn 3 Reward Points per ₹100 spent"", ""name"": ""Amazon Flights (Non-Prime)""}, {""child"": ""Earn 2 Reward Points per ₹100 spent"", ""name"": ""Amazon Pay (Other merchants)""}, {""child"": ""Earn 2 Reward Points per ₹100 spent"", ""name"": ""Amazon Pay Wallet""}, {""child"": ""Earn 2 Reward Points per ₹100 spent"", ""name"": ""Amazon (Utilities, Digital products & Gift Cards)""}, {""child"": ""Earn 1 Reward Points per ₹100 spent"", ""name"": ""Transportation""}, {""child"": ""Earn 1 Reward Points per ₹100 spent"", ""name"": ""Wallets""}, {""child"": "" No Reward Points on this category."", ""name"": ""International""}, {""child"": "" No Reward Points on this category."", ""name"": ""EMI""}, {""child"": "" No Reward Points on this category."", ""name"": ""Utilities""}, {""child"": "" No Reward Points on this category."", ""name"": ""Fuel""}, {""child"": "" No Reward Points on this category."", ""name"": ""UPI""}, {""child"": "" No Reward Points on this category."", ""name"": ""Skill Based Gaming""}, {""child"": "" No Reward Points on this category."", ""name"": ""Tax""}, {""child"": "" No Reward Points on this category."", ""name"": ""Education""}, {""child"": "" No Reward Points on this category."", ""name"": ""Rent""}]","[{""title"": "" Discover Reward Points Redemption Options"", ""subtitle"": ""To explore the full range of redemption options for this card, download the SaveSage Club app now."", ""barCodeImageUrl"": ""/"", ""appUrl"": ""https://savesage.co/ZH8bLjZqSPb""}]",,[],[],,,,"[{""mainTitle"": ""EazyDiner"", ""child"": ""EazyDiner Prime membership.""}]","[""EazyDiner Prime membership.""]",,,,savesage.club,https://savesage.club/credit-card/icici-amazon-pay
ICICI HPCL Super Saver credit card,ICICI Bank,ICICI,,"[""Travel Booking"", ""Hotel Transfer""]",500,,,1% to 2%,"[{""child"": ""Earn 2 Reward Points per ₹100 spent"", ""name"": ""Base Rewards""}, {""child"": ""Earn 20 Reward Points per ₹100 spent"", ""name"": ""Departmental Stores""}, {""child"": ""Earn 20 Reward Points per ₹100 spent"", ""name"": ""Utilities""}, {""child"": ""Earn 16 Reward Points per ₹100 spent"", ""name"": ""HPCL""}, {""child"": "" No Reward Points on this category."", ""name"": ""Jewellery""}, {""child"": "" No Reward Points on this category."", ""name"": ""Rent""}, {""child"": "" No Reward Points on this category."", ""name"": ""UPI""}, {""child"": "" No Reward Points on this category."", ""name"": ""Wallets""}, {""child"": "" No Reward Points on this category."", ""name"": ""Fuel (Other than HPCL)""}, {""child"": "" No Reward Points on this category."", ""name"": ""Skill Based Gaming""}]","[{""title"": "" Discover Reward Points Redemption Options"", ""subtitle"": ""To explore the full range of redemption options for this card, download the SaveSage Club app now."", ""barCodeImageUrl"": ""/"", ""appUrl"": ""https://savesage.co/ZH8bLjZqSPb""}]",,"[{""milestoneNumber"": 1, ""spent"": 150000, ""cycleType"": ""STATEMENT"", ""benefits"": ""The renewal fee will be waived."", ""milestoneType"": ""YEAR""}]","[{""maintitle"": ""Domestic lounge"", ""limit"": [""1 per quarter""], ""eligibility"": [""Spend ₹75k in previous calendar quarter.""]}]",,,,"[{""mainTitle"": ""BookMyShow"", ""child"": ""25% discount""}, {""mainTitle"": ""INOX"", ""child"": ""25% discount""}]","[""25% discount"", ""25% discount""]",,,,savesage.club,https://savesage.club/credit-card/icici-hpcl-super-saver
ICICI Platinum Chip credit card,ICICI Bank,ICICI,,"[""Catalogue Products""]",0,,,1% to 3%,"[{""child"": ""Earn 2 Reward Points per ₹100 spent"", ""name"": ""Base Rewards""}, {""child"": ""Earn 1 Reward Points per ₹100 spent"", ""name"": ""Insurance""}, {""child"": ""Earn 1 Reward Points per ₹100 spent"", ""name"": ""Government""}, {""child"": ""Earn 1 Reward Points per ₹100 spent"", ""name"": ""Utilities""}, {""child"": ""Earn 1 Reward Points per ₹100 spent"", ""name"": ""Education""}, {""child"": "" No Reward Points on this category."", ""name"": ""Fuel""}, {""child"": "" No Reward Points on this category."", ""name"": ""Skill Based Gaming""}, {""child"": "" No Reward Points on this category."", ""name"": ""Wallets""}, {""child"": "" No Reward Points on this category."", ""name"": ""Rent""}, {""child"": "" No Reward Points on this category."", ""name"": ""Jewellery""}]","[{""title"": "" Discover Reward Points Redemption Options"", ""subtitle"": ""To explore the full range of redemption options for this card, download the SaveSage Club app now."", ""barCodeImageUrl"": ""/"", ""appUrl"": ""https://savesage.co/ZH8bLjZqSPb""}]",,[],[],,,,[],[],,,,savesage.club,https://savesage.club/credit-card/icici-platinum-chip
ICICI Emirates Skywards Sapphiro credit card,ICICI Bank,ICICI,,"[""Travel Booking"", ""Hotel Transfer""]",5000,,,0.5% to 1%,"[{""child"": ""Earn 1.5 Reward Points per ₹100 spent"", ""name"": ""Base Rewards""}, {""child"": ""Earn 18 Reward Points per ₹100 spent"", ""name"": ""Hotels via iShop""}, {""child"": ""Earn 9 Reward Points per ₹100 spent"", ""name"": ""Flights via iShop""}, {""child"": ""Earn 9 Reward Points per ₹100 spent"", ""name"": ""Vouchers via iShop""}, {""child"": ""Earn 9 Reward Points per ₹100 spent"", ""name"": ""Bus via iShop""}, {""child"": "" No Reward Points on this category."", ""name"": ""Education""}, {""child"": "" No Reward Points on this category."", ""name"": ""Skill Based Gaming""}, {""child"": "" No Reward Points on this category."", ""name"": ""Government""}, {""child"": "" No Reward Points on this category."", ""name"": ""Insurance""}, {""child"": "" No Reward Points on this category."", ""name"": ""Fuel""}, {""child"": "" No Reward Points on this category."", ""name"": ""Utilities""}, {""child"": "" No Reward Points on this category."", ""name"": ""EMI""}]","[{""title"": "" Discover Reward Points Redemption Options"", ""subtitle"": ""To explore the full range of redemption options for this card, download the SaveSage Club app now."", ""barCodeImageUrl"": ""/"", ""appUrl"": ""https://savesage.co/ZH8bLjZqSPb""}]",,"[{""milestoneNumber"": 1, ""spent"": 0, ""cycleType"": ""STATEMENT"", ""benefits"": ""Get 5,000 Skywards Miles and Emirates Skywards Silver Tier Membership"", ""milestoneType"": ""YEAR""}, {""milestoneNumber"": 2, ""spent"": 1, ""cycleType"": ""STATEMENT"", ""benefits"": ""Get 5000 Skywards Miles on annual renewal"", ""milestoneType"": ""YEAR""}, {""milestoneNumber"": 3, ""spent"": 500000, ""cycleType"": ""STATEMENT"", ""benefits"": ""Emirates Skywards Gold Tier membership."", ""milestoneType"": ""YEAR""}]","[{""maintitle"": ""Domestic lounge"", ""limit"": [""2 per quarter""], ""eligibility"": [""Spend ₹75k in previous calendar quarter.""]}, {""maintitle"": ""International lounge"", ""limit"": [""2 per year""], ""eligibility"": [""No explicit spend condition""]}, {""maintitle"": ""Airport spa"", ""limit"": [""2 per year""], ""eligibility"": [""Spend ₹75k in previous calendar quarter.""]}]",,,,"[{""mainTitle"": ""BookMyShow"", ""child"": ""Buy One Get One""}]","[""Buy One Get One""]",,,,savesage.club,https://savesage.club/credit-card/icici-emirates-skywards-sapphiro
ICICI Emirates Skywards Rubyx credit card,ICICI Bank,ICICI,,"[""Airline Transfer"", ""Travel Booking"", ""Hotel Transfer""]",1000,,,1% to 1.5%,"[{""child"": ""Earn 1 Reward Points per ₹100 spent"", ""name"": ""Base Rewards""}, {""child"": ""Earn 12 Reward Points per ₹100 spent"", ""name"": ""Hotels via iShop""}, {""child"": ""Earn 6 Reward Points per ₹100 spent"", ""name"": ""Vouchers via iShop""}, {""child"": ""Earn 6 Reward Points per ₹100 spent"", ""name"": ""Flights via iShop""}, {""child"": ""Earn 6 Reward Points per ₹100 spent"", ""name"": ""Bus via iShop""}, {""child"": "" No Reward Points on this category."", ""name"": ""Skill Based Gaming""}, {""child"": "" No Reward Points on this category."", ""name"": ""Utilities""}, {""child"": "" No Reward Points on this category."", ""name"": ""EMI""}, {""child"": "" No Reward Points on this category."", ""name"": ""Fuel""}, {""child"": "" No Reward Points on this category."", ""name"": ""Insurance""}, {""child"": "" No Reward Points on this category."", ""name"": ""Government""}, {""child"": "" No Reward Points on this category."", ""name"": ""Education""}]","[{""title"": "" Discover Reward Points Redemption Options"", ""subtitle"": ""To explore the full range of redemption options for this card, download the SaveSage Club app now."", ""barCodeImageUrl"": ""/"", ""appUrl"": ""https://savesage.co/ZH8bLjZqSPb""}]",,[],"[{""maintitle"": ""Domestic lounge"", ""limit"": [""1 per quarter""], ""eligibility"": [""Spend ₹75k in previous calendar quarter.""]}]",,,,"[{""mainTitle"": ""BookMyShow"", ""child"": ""25% Discount Upto Rs 100""}]","[""25% Discount Upto Rs 100""]",,,,savesage.club,https://savesage.club/credit-card/icici-emirates-skywards-rubyx
ICICI Chennai Super Kings credit card,ICICI Bank,ICICI,,"[""Brand Wallet""]",500,,,0.5% to 1%,"[{""child"": ""Earn 2 Reward Points per ₹100 spent"", ""name"": ""Base Rewards""}, {""child"": ""Earn 10 Reward Points per ₹100 spent"", ""name"": ""CSK Match Day""}, {""child"": ""Earn 1 Reward Points per ₹100 spent"", ""name"": ""Utilities""}, {""child"": ""Earn 1 Reward Points per ₹100 spent"", ""name"": ""Insurance""}, {""child"": "" No Reward Points on this category."", ""name"": ""Wallets""}, {""child"": "" No Reward Points on this category."", ""name"": ""Skill Based Gaming""}, {""child"": "" No Reward Points on this category."", ""name"": ""Jewellery""}, {""child"": "" No Reward Points on this category."", ""name"": ""Fuel""}, {""child"": "" No Reward Points on this category."", ""name"": ""Rent""}]","[{""title"": "" Discover Reward Points Redemption Options"", ""subtitle"": ""To explore the full range of redemption options for this card, download the SaveSage Club app now."", ""barCodeImageUrl"": ""/"", ""appUrl"": ""https://savesage.co/ZH8bLjZqSPb""}]",,"[{""milestoneNumber"": 1, ""spent"": 150000, ""cycleType"": ""STATEMENT"", ""benefits"": ""The renewal fee will be waived."", ""milestoneType"": ""YEAR""}]","[{""maintitle"": ""Domestic lounge"", ""limit"": [""4 per quarter""], ""eligibility"": [""Spend ₹75k in previous calendar quarter.""]}]",,,,"[{""mainTitle"": ""BookMyShow"", ""child"": ""25% Discount Upto Rs 100 on Movie Tickets.""}, {""mainTitle"": ""Chennai Super Kings"", ""child"": ""Memorabilia Autographed by the Team.""}]","[""25% Discount Upto Rs 100 on Movie Tickets."", ""Memorabilia Autographed by the Team.""]",,,,savesage.club,https://savesage.club/credit-card/icici-chennai-super-kings
ICICI HPCL Coral credit card,ICICI Bank,ICICI,,"[""Travel Booking"", ""Hotel Transfer""]",199,,,1% to 2%,"[{""child"": ""Earn 2 Reward Points per ₹100 spent"", ""name"": ""Base Rewards""}, {""child"": ""Earn 6 Reward Points per ₹100 spent"", ""name"": ""HPCL""}, {""child"": "" No Reward Points on this category."", ""name"": ""Wallets""}, {""child"": "" No Reward Points on this category."", ""name"": ""Fuel (Other than HPCL)""}, {""child"": "" No Reward Points on this category."", ""name"": ""Skill Based Gaming""}, {""child"": "" No Reward Points on this category."", ""name"": ""Jewellery""}, {""child"": "" No Reward Points on this category."", ""name"": ""Rent""}, {""child"": "" No Reward Points on this category."", ""name"": ""Utilities""}]","[{""title"": "" Discover Reward Points Redemption Options"", ""subtitle"": ""To explore the full range of redemption options for this card, download the SaveSage Club app now."", ""barCodeImageUrl"": ""/"", ""appUrl"": ""https://savesage.co/ZH8bLjZqSPb""}]",,"[{""milestoneNumber"": 1, ""spent"": 50000, ""cycleType"": ""STATEMENT"", ""benefits"": ""The renewal fee will be waived."", ""milestoneType"": ""YEAR""}]",[],,,,"[{""mainTitle"": ""BookMyShow"", ""child"": ""25% Discount Upto Rs 100""}]","[""25% Discount Upto Rs 100""]",,,,savesage.club,https://savesage.club/credit-card/icici-hpcl-coral
ICICI Parakram Select credit card,ICICI Bank,ICICI,,[],0,,,NA,"[{""child"": ""Earn 2 Reward Points per ₹100 spent"", ""name"": ""Base Rewards""}, {""child"": ""Earn 10 Reward Points per ₹100 spent"", ""name"": ""Canteen Stores""}, {""child"": ""Earn 10 Reward Points per ₹100 spent"", ""name"": ""Grocery""}, {""child"": ""Earn 2 Reward Points per ₹100 spent"", ""name"": ""EMI""}, {""child"": ""Earn 1 Reward Points per ₹100 spent"", ""name"": ""Utilities""}, {""child"": ""Earn 1 Reward Points per ₹100 spent"", ""name"": ""Insurance""}, {""child"": "" No Reward Points on this category."", ""name"": ""Skill Based Gaming""}, {""child"": "" No Reward Points on this category."", ""name"": ""Fuel""}, {""child"": "" No Reward Points on this category."", ""name"": ""Education""}, {""child"": "" No Reward Points on this category."", ""name"": ""Rent""}, {""child"": "" No Reward Points on this category."", ""name"": ""Jewellery""}, {""child"": "" No Reward Points on this category."", ""name"": ""Wallets""}]","[{""title"": "" Discover Reward Points Redemption Options"", ""subtitle"": ""To explore the full range of redemption options for this card, download the SaveSage Club app now."", ""barCodeImageUrl"": ""/"", ""appUrl"": ""https://savesage.co/ZH8bLjZqSPb""}]",,[],"[{""maintitle"": ""Railway lounge"", ""limit"": [""2 per quarter""], ""eligibility"": [""Spend ₹75k in previous calendar quarter.""]}, {""maintitle"": ""Domestic lounge"", ""limit"": [""2 per quarter""], ""eligibility"": [""Spend ₹75k in previous calendar quarter.""]}]",,,,"[{""mainTitle"": ""Golf"", ""child"": ""4 Golf Rounds""}, {""mainTitle"": ""Insurance"", ""child"": ""Personal Accident Insurance""}, {""mainTitle"": ""Insurance"", ""child"": ""Air Accident Cover of Rs 20 Lakh.""}]","[""4 Golf Rounds"", ""Personal Accident Insurance"", ""Air Accident Cover of Rs 20 Lakh.""]",,,,savesage.club,https://savesage.club/credit-card/icici-parakram-select
ICICI Parakram credit card,ICICI Bank,ICICI,,[],0,,,NA,"[{""child"": ""Earn 1 Reward Points per ₹100 spent"", ""name"": ""Base Rewards""}, {""child"": ""Earn 5 Reward Points per ₹100 spent"", ""name"": ""Grocery""}, {""child"": ""Earn 5 Reward Points per ₹100 spent"", ""name"": ""Canteen Stores""}, {""child"": ""Earn 1 Reward Points per ₹100 spent"", ""name"": ""Insurance""}, {""child"": ""Earn 1 Reward Points per ₹100 spent"", ""name"": ""Utilities""}, {""child"": ""Earn 1 Reward Points per ₹100 spent"", ""name"": ""EMI""}, {""child"": "" No Reward Points on this category."", ""name"": ""Skill Based Gaming""}, {""child"": "" No Reward Points on this category."", ""name"": ""Jewellery""}, {""child"": "" No Reward Points on this category."", ""name"": ""Wallets""}, {""child"": "" No Reward Points on this category."", ""name"": ""Education""}, {""child"": "" No Reward Points on this category."", ""name"": ""Rent""}, {""child"": "" No Reward Points on this category."", ""name"": ""Fuel""}]","[{""title"": "" Discover Reward Points Redemption Options"", ""subtitle"": ""To explore the full range of redemption options for this card, download the SaveSage Club app now."", ""barCodeImageUrl"": ""/"", ""appUrl"": ""https://savesage.co/ZH8bLjZqSPb""}]",,[],"[{""maintitle"": ""Railway lounge"", ""limit"": [""2 per quarter""], ""eligibility"": [""Complimentary Lounges can be availed upon spending at least ₹5000 per quarter""]}]",,,,"[{""mainTitle"": ""Insurance"", ""child"": ""Personal Accident Insurance""}, {""mainTitle"": ""Insurance"", ""child"": ""Air Accident Cover of Rs 20 Lakhs.""}]","[""Personal Accident Insurance"", ""Air Accident Cover of Rs 20 Lakhs.""]",,,,savesage.club,https://savesage.club/credit-card/icici-parakram
ICICI Intermiles Sapphiro (Visa) credit card,ICICI Bank,ICICI,Visa,"[""Catalogue Products"", ""Experience"", ""Travel Booking"", ""Hotel Transfer""]",5000,,,0.5% to 1%,"[{""child"": ""Earn 4 Reward Points per ₹100 spent"", ""name"": ""Base Rewards""}, {""child"": ""Earn 8 Reward Points per ₹100 spent"", ""name"": ""Intermiles""}, {""child"": ""Earn 5 Reward Points per ₹100 spent"", ""name"": ""International""}, {""child"": ""Earn 4 Reward Points per ₹100 spent"", ""name"": ""EMI""}, {""child"": ""Earn 1 Reward Points per ₹100 spent"", ""name"": ""Utilities""}, {""child"": ""Earn 1 Reward Points per ₹100 spent"", ""name"": ""Insurance""}, {""child"": "" No Reward Points on this category."", ""name"": ""Rent""}, {""child"": "" No Reward Points on this category."", ""name"": ""Skill Based Gaming""}, {""child"": "" No Reward Points on this category."", ""name"": ""Fuel""}, {""child"": "" No Reward Points on this category."", ""name"": ""Jewellery""}, {""child"": "" No Reward Points on this category."", ""name"": ""Wallets""}]","[{""title"": "" Discover Reward Points Redemption Options"", ""subtitle"": ""To explore the full range of redemption options for this card, download the SaveSage Club app now."", ""barCodeImageUrl"": ""/"", ""appUrl"": ""https://savesage.co/ZH8bLjZqSPb""}]",,"[{""milestoneNumber"": 1, ""spent"": 60000, ""cycleType"": ""STATEMENT"", ""benefits"": ""Flight Discount voucher worth ₹500.Hotel Discount voucher worth ₹1000."", ""milestoneType"": ""QUARTER""}]","[{""maintitle"": ""International lounge"", ""limit"": [""2 per quarter""], ""eligibility"": [""Spend ₹5k in the previous calendar quarter.""]}, {""maintitle"": ""Domestic lounge"", ""limit"": [""2 per quarter""], ""eligibility"": [""Spend ₹75k in previous calendar quarter.""]}, {""maintitle"": ""Airport spa"", ""limit"": [""2 per year""], ""eligibility"": [""Spend ₹5k in the previous calendar quarter.""]}]",,,,"[{""mainTitle"": ""BookMyShow"", ""child"": ""Buy 1 Ticket and Get Upto Rs 500 Off on the 2nd Ticket.""}, {""mainTitle"": ""Concierge"", ""child"": ""I-Assist.""}, {""mainTitle"": ""Golf"", ""child"": ""1 Golf Round""}, {""mainTitle"": ""Intermiles"", ""child"": ""Hotel Discount Voucher""}]","[""Buy 1 Ticket and Get Upto Rs 500 Off on the 2nd Ticket."", ""I-Assist."", ""1 Golf Round"", ""Hotel Discount Voucher""]",,,,savesage.club,https://savesage.club/credit-card/icici-intermiles-sapphiro-visa
ICICI Intermiles Sapphiro (Amex) credit card,ICICI Bank,ICICI,Amex,[],5000,,,NA,"[{""child"": ""Earn 5 Reward Points per ₹100 spent"", ""name"": ""Base Rewards""}, {""child"": ""Earn 10 Reward Points per ₹100 spent"", ""name"": ""Intermiles""}, {""child"": ""Earn 7 Reward Points per ₹100 spent"", ""name"": ""International""}, {""child"": ""Earn 5 Reward Points per ₹100 spent"", ""name"": ""EMI""}, {""child"": ""Earn 1 Reward Points per ₹100 spent"", ""name"": ""Utilities""}, {""child"": ""Earn 1 Reward Points per ₹100 spent"", ""name"": ""Insurance""}, {""child"": "" No Reward Points on this category."", ""name"": ""Rent""}, {""child"": "" No Reward Points on this category."", ""name"": ""Wallets""}, {""child"": "" No Reward Points on this category."", ""name"": ""Fuel""}, {""child"": "" No Reward Points on this category."", ""name"": ""Jewellery""}, {""child"": "" No Reward Points on this category."", ""name"": ""Skill Based Gaming""}]","[{""title"": "" Discover Reward Points Redemption Options"", ""subtitle"": ""To explore the full range of redemption options for this card, download the SaveSage Club app now."", ""barCodeImageUrl"": ""/"", ""appUrl"": ""https://savesage.co/ZH8bLjZqSPb""}]",,"[{""milestoneNumber"": 1, ""spent"": 60000, ""cycleType"": ""STATEMENT"", ""benefits"": ""Flight Discount voucher worth ₹500.Hotel Discount voucher worth ₹1000."", ""milestoneType"": ""QUARTER""}]","[{""maintitle"": ""International lounge"", ""limit"": [""2 per quarter""], ""eligibility"": [""Spend ₹5k in the previous calendar quarter""]}, {""maintitle"": ""Domestic lounge"", ""limit"": [""2 per quarter""], ""eligibility"": [""Spend ₹75k in previous calendar quarter.""]}, {""maintitle"": ""Airport spa"", ""limit"": [""2 per year""], ""eligibility"": [""N/A""]}]",,,,"[{""mainTitle"": ""BookMyShow"", ""child"": ""Buy 1 Ticket and Get Upto Rs 500 Off on the 2nd Ticket.""}, {""mainTitle"": ""Concierge"", ""child"": ""I-Assist.""}, {""mainTitle"": ""Golf"", ""child"": ""1 Golf Round""}, {""mainTitle"": ""Intermiles"", ""child"": ""Flight Discount Voucher worth Rs 750.""}, {""mainTitle"": ""Intermiles"", ""child"": ""Hotel Discount Voucher Worth Rs 1500.""}, {""mainTitle"": ""Intermiles"", ""child"": ""Flight Discount Voucher""}]","[""Buy 1 Ticket and Get Upto Rs 500 Off on the 2nd Ticket."", ""I-Assist."", ""1 Golf Round"", ""Flight Discount Voucher worth Rs 750."", ""Hotel Discount Voucher Worth Rs 1500."", ""Flight Discount Voucher""]",,,,savesage.club,https://savesage.club/credit-card/icici-intermiles-sapphiro-amex
ICICI Intermiles Rubyx (Visa) credit card,ICICI Bank,ICICI,Visa,"[""Catalogue Products""]",2500,,,0.25% to 0.5%,"[{""child"": ""Earn 3 Reward Points per ₹100 spent"", ""name"": ""Base Rewards""}, {""child"": ""Earn 6 Reward Points per ₹100 spent"", ""name"": ""Intermiles""}, {""child"": ""Earn 4 Reward Points per ₹100 spent"", ""name"": ""International""}, {""child"": ""Earn 3 Reward Points per ₹100 spent"", ""name"": ""EMI""}, {""child"": ""Earn 1 Reward Points per ₹100 spent"", ""name"": ""Utilities""}, {""child"": ""Earn 1 Reward Points per ₹100 spent"", ""name"": ""Insurance""}, {""child"": "" No Reward Points on this category."", ""name"": ""Skill Based Gaming""}, {""child"": "" No Reward Points on this category."", ""name"": ""Fuel""}, {""child"": "" No Reward Points on this category."", ""name"": ""Jewellery""}, {""child"": "" No Reward Points on this category."", ""name"": ""Rent""}, {""child"": "" No Reward Points on this category."", ""name"": ""Wallets""}]","[{""title"": "" Discover Reward Points Redemption Options"", ""subtitle"": ""To explore the full range of redemption options for this card, download the SaveSage Club app now."", ""barCodeImageUrl"": ""/"", ""appUrl"": ""https://savesage.co/ZH8bLjZqSPb""}]",,[],"[{""maintitle"": ""Domestic lounge"", ""limit"": [""1 per quarter""], ""eligibility"": [""Spend ₹5k in the previous calendar quarter.""]}]",,,,"[{""mainTitle"": ""BookMyShow"", ""child"": ""25% discount""}, {""mainTitle"": ""Concierge"", ""child"": ""I-Assist""}, {""mainTitle"": ""Intermiles"", ""child"": ""Hotel Discount Voucher Worth Rs 1,000.""}, {""mainTitle"": ""Intermiles"", ""child"": ""5% Discount on Flight Bookings.""}]","[""25% discount"", ""I-Assist"", ""Hotel Discount Voucher Worth Rs 1,000."", ""5% Discount on Flight Bookings.""]",,,,savesage.club,https://savesage.club/credit-card/icici-intermiles-rubyx-visa
ICICI Intermiles Rubyx (Amex) credit card,ICICI Bank,ICICI,Amex,"[""Catalogue Products"", ""Cashback""]",2500,,,0.25% to 0.5%,"[{""child"": ""Earn 4 Reward Points per ₹100 spent"", ""name"": ""Base Rewards""}, {""child"": ""Earn 10 Reward Points per ₹100 spent"", ""name"": ""Intermiles (Etihad)""}, {""child"": ""Earn 8 Reward Points per ₹100 spent"", ""name"": ""Intermiles""}, {""child"": ""Earn 5 Reward Points per ₹100 spent"", ""name"": ""International""}, {""child"": ""Earn 4 Reward Points per ₹100 spent"", ""name"": ""EMI""}, {""child"": ""Earn 1 Reward Points per ₹100 spent"", ""name"": ""Utilities""}, {""child"": ""Earn 1 Reward Points per ₹100 spent"", ""name"": ""Insurance""}, {""child"": "" No Reward Points on this category."", ""name"": ""Rent""}, {""child"": "" No Reward Points on this category."", ""name"": ""Fuel""}, {""child"": "" No Reward Points on this category."", ""name"": ""Jewellery""}, {""child"": "" No Reward Points on this category."", ""name"": ""Wallets""}, {""child"": "" No Reward Points on this category."", ""name"": ""Skill Based Gaming""}]","[{""title"": "" Discover Reward Points Redemption Options"", ""subtitle"": ""To explore the full range of redemption options for this card, download the SaveSage Club app now."", ""barCodeImageUrl"": ""/"", ""appUrl"": ""https://savesage.co/ZH8bLjZqSPb""}]",,[],"[{""maintitle"": ""Domestic lounge"", ""limit"": [""1 per quarter""], ""eligibility"": [""Spend ₹75k in previous calendar quarter.""]}]",,,,"[{""mainTitle"": ""BookMyShow"", ""child"": ""25% discount on the purchase of 2 tickets per transaction""}, {""mainTitle"": ""Concierge"", ""child"": ""I-Assist""}, {""mainTitle"": ""Intermiles"", ""child"": ""Hotel Discount Voucher""}, {""mainTitle"": ""Intermiles"", ""child"": ""5% Discount on Flight Bookings""}]","[""25% discount on the purchase of 2 tickets per transaction"", ""I-Assist"", ""Hotel Discount Voucher"", ""5% Discount on Flight Bookings""]",,,,savesage.club,https://savesage.club/credit-card/icici-intermiles-rubyx-amex
ICICI Intermiles Coral (Amex) credit card,ICICI Bank,ICICI,Amex,"[""Brand Wallet""]",1250,,,0.25% to 0.5%,"[{""child"": ""Earn 3 Reward Points per ₹100 spent"", ""name"": ""Base Rewards""}, {""child"": ""Earn 7.5 Reward Points per ₹100 spent"", ""name"": ""Intermiles (Etihad)""}, {""child"": ""Earn 6 Reward Points per ₹100 spent"", ""name"": ""Online""}, {""child"": ""Earn 3 Reward Points per ₹100 spent"", ""name"": ""EMI""}, {""child"": ""Earn 1 Reward Points per ₹100 spent"", ""name"": ""Utilities""}, {""child"": "" No Reward Points on this category."", ""name"": ""Fuel""}, {""child"": "" No Reward Points on this category."", ""name"": ""Jewellery""}, {""child"": "" No Reward Points on this category."", ""name"": ""Wallets""}, {""child"": "" No Reward Points on this category."", ""name"": ""Rent""}, {""child"": "" No Reward Points on this category."", ""name"": ""Skill Based Gaming""}]","[{""title"": "" Discover Reward Points Redemption Options"", ""subtitle"": ""To explore the full range of redemption options for this card, download the SaveSage Club app now."", ""barCodeImageUrl"": ""/"", ""appUrl"": ""https://savesage.co/ZH8bLjZqSPb""}]",,[],"[{""maintitle"": ""Domestic lounge"", ""limit"": [""1 per quarter""], ""eligibility"": [""Spend ₹75k in previous calendar quarter.""]}]",,,,"[{""mainTitle"": ""BookMyShow"", ""child"": ""25% Discount""}, {""mainTitle"": ""Intermiles"", ""child"": ""Flight Discount Voucher""}, {""mainTitle"": ""Intermiles"", ""child"": ""Hotel Discount Voucher""}]","[""25% Discount"", ""Flight Discount Voucher"", ""Hotel Discount Voucher""]",,,,savesage.club,https://savesage.club/credit-card/icici-intermiles-coral-amex
ICICI Intermiles Coral (Visa) credit card,ICICI Bank,ICICI,Visa,"[""Brand Wallet""]",1250,,,0.5% to 1%,"[{""child"": ""Earn 2 Reward Points per ₹100 spent"", ""name"": ""Base Rewards""}, {""child"": ""Earn 7.5 Reward Points per ₹100 spent"", ""name"": ""Intermiles (Etihad)""}, {""child"": ""Earn 4 Reward Points per ₹100 spent"", ""name"": ""Online""}, {""child"": ""Earn 2 Reward Points per ₹100 spent"", ""name"": ""EMI""}, {""child"": ""Earn 1 Reward Points per ₹100 spent"", ""name"": ""Utilities""}, {""child"": "" No Reward Points on this category."", ""name"": ""Rent""}, {""child"": "" No Reward Points on this category."", ""name"": ""Skill Based Gaming""}, {""child"": "" No Reward Points on this category."", ""name"": ""Fuel""}, {""child"": "" No Reward Points on this category."", ""name"": ""Jewellery""}, {""child"": "" No Reward Points on this category."", ""name"": ""Wallets""}]","[{""title"": "" Discover Reward Points Redemption Options"", ""subtitle"": ""To explore the full range of redemption options for this card, download the SaveSage Club app now."", ""barCodeImageUrl"": ""/"", ""appUrl"": ""https://savesage.co/ZH8bLjZqSPb""}]",,[],"[{""maintitle"": ""Domestic lounge"", ""limit"": [""1 per quarter""], ""eligibility"": [""Spend ₹75k in previous calendar quarter.""]}]",,,,"[{""mainTitle"": ""BookMyShow"", ""child"": ""25% Discount upto Rs 150""}, {""mainTitle"": ""Intermiles"", ""child"": ""Flight Discount Voucher""}, {""mainTitle"": ""Intermiles"", ""child"": ""Hotel Discount Voucher""}]","[""25% Discount upto Rs 150"", ""Flight Discount Voucher"", ""Hotel Discount Voucher""]",,,,savesage.club,https://savesage.club/credit-card/icici-intermiles-coral-visa
ICICI Ferrari Signature credit card,ICICI Bank,ICICI,,"[""Travel Booking"", ""Hotel Transfer""]",3999,,,0.5% to 1%,"[{""child"": ""Earn 2 Reward Points per ₹100 spent"", ""name"": ""Base Rewards""}, {""child"": "" No Reward Points on this category."", ""name"": ""Jewellery""}, {""child"": "" No Reward Points on this category."", ""name"": ""Skill Based Gaming""}, {""child"": "" No Reward Points on this category."", ""name"": ""Rent""}, {""child"": "" No Reward Points on this category."", ""name"": ""Utilities""}, {""child"": "" No Reward Points on this category."", ""name"": ""Wallets""}, {""child"": "" No Reward Points on this category."", ""name"": ""Fuel""}]","[{""title"": "" Discover Reward Points Redemption Options"", ""subtitle"": ""To explore the full range of redemption options for this card, download the SaveSage Club app now."", ""barCodeImageUrl"": ""/"", ""appUrl"": ""https://savesage.co/ZH8bLjZqSPb""}]",,"[{""milestoneNumber"": 1, ""spent"": 250000, ""cycleType"": ""STATEMENT"", ""benefits"": ""The renewal fee will be waived."", ""milestoneType"": ""YEAR""}]","[{""maintitle"": ""Domestic lounge"", ""limit"": [""2 per quarter""], ""eligibility"": [""spend ₹5,000 in the previous calendar quarter""]}]",,,,"[{""mainTitle"": ""BookMyShow"", ""child"": ""Upto 2 Complimentary Movie Tickets""}, {""mainTitle"": ""Ferrari Home"", ""child"": ""Trip to the Ferrari Home""}, {""mainTitle"": ""Ferrari Home"", ""child"": ""Official Ferrari Challenge Race""}, {""mainTitle"": ""Ferrari Home"", ""child"": ""Gala Event with Vip Guests in Maranello, Italy""}, {""mainTitle"": ""Ferrari Store"", ""child"": ""Upto 15% Discount on Ferrari Merchandise""}, {""mainTitle"": ""Ferrari Store"", ""child"": ""Upto 20% Discount on Ferrari Merchandise""}]","[""Upto 2 Complimentary Movie Tickets"", ""Trip to the Ferrari Home"", ""Official Ferrari Challenge Race"", ""Gala Event with Vip Guests in Maranello, Italy"", ""Upto 15% Discount on Ferrari Merchandise"", ""Upto 20% Discount on Ferrari Merchandise""]",,,,savesage.club,https://savesage.club/credit-card/icici-ferrari-signature
ICICI Manchester United Signature credit card,ICICI Bank,ICICI,,"[""Catalogue Brand Vouchers"", ""Experience"", ""Travel Booking"", ""Hotel Transfer""]",2499,,,2% to 2.5%,"[{""child"": ""Earn 3 Reward Points per ₹100 spent"", ""name"": ""Base Rewards""}, {""child"": ""Earn 5 Reward Points per ₹100 spent"", ""name"": ""Manchester United Match Days""}, {""child"": ""Earn 4 Reward Points per ₹100 spent"", ""name"": ""International""}, {""child"": ""Earn 3 Reward Points per ₹100 spent"", ""name"": ""Education""}, {""child"": "" No Reward Points on this category."", ""name"": ""Utilities""}, {""child"": "" No Reward Points on this category."", ""name"": ""Fuel""}, {""child"": "" No Reward Points on this category."", ""name"": ""Skill Based Gaming""}, {""child"": "" No Reward Points on this category."", ""name"": ""Jewellery""}, {""child"": "" No Reward Points on this category."", ""name"": ""Wallets""}, {""child"": "" No Reward Points on this category."", ""name"": ""Rent""}]","[{""title"": "" Discover Reward Points Redemption Options"", ""subtitle"": ""To explore the full range of redemption options for this card, download the SaveSage Club app now."", ""barCodeImageUrl"": ""/"", ""appUrl"": ""https://savesage.co/ZH8bLjZqSPb""}]",,"[{""milestoneNumber"": 1, ""spent"": 250000, ""cycleType"": ""STATEMENT"", ""benefits"": ""The renewal fee will be waived."", ""milestoneType"": ""YEAR""}]","[{""maintitle"": ""Domestic lounge"", ""limit"": [""2 per quarter""], ""eligibility"": [""Spend ₹75k in previous calendar quarter.""]}]",,,,"[{""mainTitle"": ""BookMyShow"", ""child"": ""Get upto 25% Discount""}, {""mainTitle"": ""INOX"", ""child"": ""Get upto 25% Discount""}, {""mainTitle"": ""Manchestor United"", ""child"": ""Get upto 20% Discount""}, {""mainTitle"": ""Manchestor United"", ""child"": ""Free Manchestor United Branded Football and Duffle Bag""}, {""mainTitle"": ""Manchestor United Megastore"", ""child"": ""Upto 10% off""}, {""mainTitle"": ""Old Trafford Stadium"", ""child"": ""Upto 10% off""}, {""mainTitle"": ""Red Cafe"", ""child"": ""Upto 10% off""}]","[""Get upto 25% Discount"", ""Get upto 25% Discount"", ""Get upto 20% Discount"", ""Free Manchestor United Branded Football and Duffle Bag"", ""Upto 10% off"", ""Upto 10% off"", ""Upto 10% off""]",,,,savesage.club,https://savesage.club/credit-card/icici-manchester-united-signature
ICICI Manchester United Platinum credit card,ICICI Bank,ICICI,,"[""Catalogue Products"", ""Experience"", ""Travel Booking"", ""Hotel Transfer"", ""Pay by Points""]",499,,,0.5% to 1%,"[{""child"": ""Earn 2 Reward Points per ₹100 spent"", ""name"": ""Base Rewards""}, {""child"": ""Earn 2 Reward Points per ₹100 spent"", ""name"": ""Education""}, {""child"": "" No Reward Points on this category."", ""name"": ""Utilities""}, {""child"": "" No Reward Points on this category."", ""name"": ""Skill Based Gaming""}, {""child"": "" No Reward Points on this category."", ""name"": ""Rent""}, {""child"": "" No Reward Points on this category."", ""name"": ""Wallets""}, {""child"": "" No Reward Points on this category."", ""name"": ""Fuel""}, {""child"": "" No Reward Points on this category."", ""name"": ""Jewellery""}]","[{""title"": "" Discover Reward Points Redemption Options"", ""subtitle"": ""To explore the full range of redemption options for this card, download the SaveSage Club app now."", ""barCodeImageUrl"": ""/"", ""appUrl"": ""https://savesage.co/ZH8bLjZqSPb""}]",,"[{""milestoneNumber"": 1, ""spent"": 125000, ""cycleType"": ""STATEMENT"", ""benefits"": ""The renewal fee will be waived."", ""milestoneType"": ""YEAR""}]","[{""maintitle"": ""Domestic lounge"", ""limit"": [""2 per quarter""], ""eligibility"": [""Spend ₹75k in previous calendar quarter.""]}]",,,,"[{""mainTitle"": ""BookMyShow"", ""child"": ""B1G1""}, {""mainTitle"": ""INOX"", ""child"": ""B1G1""}]","[""B1G1"", ""B1G1""]",,,,savesage.club,https://savesage.club/credit-card/icici-manchester-united-platinum
ICICI MakeMyTrip Signature (Visa) credit card,ICICI Bank,ICICI,Visa,[],2500,,,NA,"[{""child"": ""Earn 1.3 Reward Points per ₹200 spent"", ""name"": ""Base Rewards""}, {""child"": ""Earn 4 Reward Points per ₹200 spent"", ""name"": ""MakeMyTrip Hotels""}, {""child"": ""Earn 2 Reward Points per ₹200 spent"", ""name"": ""Flights""}, {""child"": ""Earn 1.5 Reward Points per ₹200 spent"", ""name"": ""International""}, {""child"": ""Earn 1 Reward Points per ₹200 spent"", ""name"": ""Insurance""}, {""child"": ""Earn 1 Reward Points per ₹200 spent"", ""name"": ""Education""}, {""child"": "" No Reward Points on this category."", ""name"": ""UPI""}, {""child"": "" No Reward Points on this category."", ""name"": ""Jewellery""}, {""child"": "" No Reward Points on this category."", ""name"": ""Rent""}, {""child"": "" No Reward Points on this category."", ""name"": ""Utilities""}, {""child"": "" No Reward Points on this category."", ""name"": ""Wallets""}, {""child"": "" No Reward Points on this category."", ""name"": ""Skill Based Gaming""}, {""child"": "" No Reward Points on this category."", ""name"": ""Fuel""}]","[{""title"": "" Discover Reward Points Redemption Options"", ""subtitle"": ""To explore the full range of redemption options for this card, download the SaveSage Club app now."", ""barCodeImageUrl"": ""/"", ""appUrl"": ""https://savesage.co/ZH8bLjZqSPb""}]",,"[{""milestoneNumber"": 1, ""spent"": 250000, ""cycleType"": ""STATEMENT"", ""benefits"": ""1,100 MyCash Points."", ""milestoneType"": ""YEAR""}, {""milestoneNumber"": 2, ""spent"": 500000, ""cycleType"": ""STATEMENT"", ""benefits"": ""4,000 MyCash Points."", ""milestoneType"": ""YEAR""}]","[{""maintitle"": ""Domestic lounge"", ""limit"": [""2 per quarter""], ""eligibility"": [""No explicit spend condition""]}, {""maintitle"": ""Railway lounge"", ""limit"": [""1 per quarter""], ""eligibility"": [""No explicit spend condition""]}, {""maintitle"": ""International lounge"", ""limit"": [""1 per year""], ""eligibility"": [""No explicit spend condition""]}]",,,,"[{""mainTitle"": ""BookMyShow"", ""child"": ""Get upto 25% Discount""}, {""mainTitle"": ""INOX"", ""child"": ""Get upto 25% Discount""}, {""mainTitle"": ""MakeMyTrip"", ""child"": ""MakeMyTrip Black membership""}]","[""Get upto 25% Discount"", ""Get upto 25% Discount"", ""MakeMyTrip Black membership""]",,,,savesage.club,https://savesage.club/credit-card/icici-makemytrip-signature-visa
ICICI MakeMyTrip Platinum (Visa) credit card,ICICI Bank,ICICI,Visa,"[""Catalogue Products"", ""Experience"", ""Travel Booking"", ""Hotel Transfer""]",500,,,0.5% to 1%,"[{""child"": ""Earn 1 Reward Points per ₹200 spent"", ""name"": ""Base Rewards""}, {""child"": ""Earn 3 Reward Points per ₹200 spent"", ""name"": ""MakeMyTrip Hotels""}, {""child"": ""Earn 2 Reward Points per ₹200 spent"", ""name"": ""Flights""}, {""child"": ""Earn 1.3 Reward Points per ₹200 spent"", ""name"": ""International""}, {""child"": ""Earn 1 Reward Points per ₹200 spent"", ""name"": ""Education""}, {""child"": "" No Reward Points on this category."", ""name"": ""Wallets""}, {""child"": "" No Reward Points on this category."", ""name"": ""Fuel""}, {""child"": "" No Reward Points on this category."", ""name"": ""Skill Based Gaming""}, {""child"": "" No Reward Points on this category."", ""name"": ""Jewellery""}, {""child"": "" No Reward Points on this category."", ""name"": ""UPI""}, {""child"": "" No Reward Points on this category."", ""name"": ""Rent""}, {""child"": "" No Reward Points on this category."", ""name"": ""Utilities""}]","[{""title"": "" Discover Reward Points Redemption Options"", ""subtitle"": ""To explore the full range of redemption options for this card, download the SaveSage Club app now."", ""barCodeImageUrl"": ""/"", ""appUrl"": ""https://savesage.co/ZH8bLjZqSPb""}]",,"[{""milestoneNumber"": 1, ""spent"": 50000, ""cycleType"": ""STATEMENT"", ""benefits"": ""1,000 MyCash Points."", ""milestoneType"": ""YEAR""}, {""milestoneNumber"": 2, ""spent"": 250000, ""cycleType"": ""STATEMENT"", ""benefits"": ""1,000 MyCash Points."", ""milestoneType"": ""YEAR""}]","[{""maintitle"": ""Domestic lounge"", ""limit"": [""1 per quarter""], ""eligibility"": [""No explicit spend condition""]}, {""maintitle"": ""Railway lounge"", ""limit"": [""4 per year""], ""eligibility"": [""No explicit spend condition""]}]",,,,"[{""mainTitle"": ""BookMyShow"", ""child"": ""25% Discount""}, {""mainTitle"": ""INOX"", ""child"": ""25% Discount""}, {""mainTitle"": ""MakeMyTrip"", ""child"": ""1000 MyCash""}, {""mainTitle"": ""MakeMyTrip"", ""child"": ""Get Holiday Voucher""}]","[""25% Discount"", ""25% Discount"", ""1000 MyCash"", ""Get Holiday Voucher""]",,,,savesage.club,https://savesage.club/credit-card/icici-makemytrip-platinum-visa
ICICI Accelero credit card,ICICI Bank,ICICI,,"[""Experience"", ""Travel Booking"", ""Hotel Transfer"", ""Pay by Points""]",499,,,0.25% to 1%,"[{""child"": ""Earn 2 Reward Points per ₹100 spent"", ""name"": ""Base Rewards""}, {""child"": "" No Reward Points on this category."", ""name"": ""Jewellery""}, {""child"": "" No Reward Points on this category."", ""name"": ""Fuel""}, {""child"": "" No Reward Points on this category."", ""name"": ""Utilities""}, {""child"": "" No Reward Points on this category."", ""name"": ""Wallets""}, {""child"": "" No Reward Points on this category."", ""name"": ""Skill Based Gaming""}, {""child"": "" No Reward Points on this category."", ""name"": ""Rent""}]","[{""title"": "" Discover Reward Points Redemption Options"", ""subtitle"": ""To explore the full range of redemption options for this card, download the SaveSage Club app now."", ""barCodeImageUrl"": ""/"", ""appUrl"": ""https://savesage.co/ZH8bLjZqSPb""}]",,"[{""milestoneNumber"": 1, ""spent"": 125000, ""cycleType"": ""STATEMENT"", ""benefits"": ""The renewal fee will be waived."", ""milestoneType"": ""YEAR""}]","[{""maintitle"": ""Domestic lounge"", ""limit"": [""1 per quarter""], ""eligibility"": [""Spend ₹75,000 in the previous calendar quarter""]}]",,,,"[{""mainTitle"": ""BookMyShow"", ""child"": ""25% Discount""}, {""mainTitle"": ""Concierge"", ""child"": ""I-Assist""}, {""mainTitle"": ""INOX"", ""child"": ""25% Discount on Movie Tickets""}]","[""25% Discount"", ""I-Assist"", ""25% Discount on Movie Tickets""]",,,,savesage.club,https://savesage.club/credit-card/icici-accelero
ICICI Instant Platinum credit card,ICICI Bank,ICICI,,"[""Travel Booking"", ""Hotel Transfer""]",0,,,1% to 2%,"[{""child"": ""Earn 2 Reward Points per ₹100 spent"", ""name"": ""Base Rewards""}, {""child"": ""Earn 1 Reward Points per ₹100 spent"", ""name"": ""Insurance""}, {""child"": ""Earn 1 Reward Points per ₹100 spent"", ""name"": ""Utilities""}, {""child"": "" No Reward Points on this category."", ""name"": ""Fuel""}, {""child"": "" No Reward Points on this category."", ""name"": ""Wallets""}, {""child"": "" No Reward Points on this category."", ""name"": ""Skill Based Gaming""}, {""child"": "" No Reward Points on this category."", ""name"": ""Jewellery""}, {""child"": "" No Reward Points on this category."", ""name"": ""Rent""}]","[{""title"": "" Discover Reward Points Redemption Options"", ""subtitle"": ""To explore the full range of redemption options for this card, download the SaveSage Club app now."", ""barCodeImageUrl"": ""/"", ""appUrl"": ""https://savesage.co/ZH8bLjZqSPb""}]",,[],[],,,,"[{""mainTitle"": ""BookMyShow"", ""child"": ""25% Discount on Movie Tickets""}, {""mainTitle"": ""EazyDiner"", ""child"": ""EazyDiner Prime With Premium Plan""}, {""mainTitle"": ""INOX"", ""child"": ""25% Discount on Movie Tickets""}]","[""25% Discount on Movie Tickets"", ""EazyDiner Prime With Premium Plan"", ""25% Discount on Movie Tickets""]",,,,savesage.club,https://savesage.club/credit-card/icici-instant-platinum
ICICI Adani One Signature credit card,ICICI Bank,ICICI,,"[""Airline Transfer"", ""Travel Booking"", ""Hotel Transfer""]",5000,,,0.5% to 1%,"[{""child"": ""Earn 1.5 Reward Points per ₹100 spent"", ""name"": ""Base Rewards""}, {""child"": ""Earn 7 Reward Points per ₹100 spent"", ""name"": ""Adani Ecosystem""}, {""child"": ""Earn 4 Reward Points per ₹100 spent"", ""name"": ""iShop""}, {""child"": ""Earn 2 Reward Points per ₹100 spent"", ""name"": ""International""}, {""child"": ""Earn 1 Reward Points per ₹100 spent"", ""name"": ""Education""}, {""child"": ""Earn 0.5 Reward Points per ₹100 spent"", ""name"": ""Insurance""}, {""child"": ""Earn 0.5 Reward Points per ₹100 spent"", ""name"": ""Utilities""}, {""child"": "" No Reward Points on this category."", ""name"": ""Skill Based Gaming""}, {""child"": "" No Reward Points on this category."", ""name"": ""Jewellery""}, {""child"": "" No Reward Points on this category."", ""name"": ""Rent""}, {""child"": "" No Reward Points on this category."", ""name"": ""Wallets""}, {""child"": "" No Reward Points on this category."", ""name"": ""Fuel""}, {""child"": "" No Reward Points on this category."", ""name"": ""UPI""}]","[{""title"": "" Discover Reward Points Redemption Options"", ""subtitle"": ""To explore the full range of redemption options for this card, download the SaveSage Club app now."", ""barCodeImageUrl"": ""/"", ""appUrl"": ""https://savesage.co/ZH8bLjZqSPb""}]",,"[{""milestoneNumber"": 1, ""spent"": 0, ""cycleType"": ""STATEMENT"", ""benefits"": ""For Prime Members: Get a welcome offer worth INR 2,500 along with 1-month Eazy Diner membership when you make a payment through Amazon. Simply pay the specified amount, and you’ll receive exclusive gift vouchers as part of this offer.For Non-Prime Members: Enjoy a welcome offer worth INR 2,000 and 1-month Eazy Diner membership by making a payment through Amazon.Pay the required amount, and unlock special gift vouchers with this offer."", ""milestoneType"": ""YEAR""}, {""milestoneNumber"": 2, ""spent"": 600000, ""cycleType"": ""STATEMENT"", ""benefits"": ""The renewal fee will be waived."", ""milestoneType"": ""YEAR""}]","[{""maintitle"": ""International lounge"", ""limit"": [""2 per year""], ""eligibility"": [""No explicit spend condition""]}, {""maintitle"": ""Domestic lounge"", ""limit"": [""4 per quarter""], ""eligibility"": [""No explicit spend condition""]}]",,,,"[{""mainTitle"": ""Adani Ecosystem"", ""child"": ""Rs 5,000 Flight Ticket Voucher""}, {""mainTitle"": ""Adani Ecosystem"", ""child"": ""8 Premium/Valet Car Parking Vouchers""}, {""mainTitle"": ""Adani Ecosystem"", ""child"": ""Rs 2,000 Hotel Voucher""}, {""mainTitle"": ""Adani Ecosystem"", ""child"": ""Rs 2,000 Holidays Voucher""}, {""mainTitle"": ""BookMyShow"", ""child"": ""Get 50% off upto Rs 500""}, {""mainTitle"": ""BookMyShow"", ""child"": ""Get 25% off upto Rs 500""}, {""mainTitle"": ""Nasher Miles"", ""child"": ""Rs 2,000 Nasher Miles Gift Voucher""}]","[""Rs 5,000 Flight Ticket Voucher"", ""8 Premium/Valet Car Parking Vouchers"", ""Rs 2,000 Hotel Voucher"", ""Rs 2,000 Holidays Voucher"", ""Get 50% off upto Rs 500"", ""Get 25% off upto Rs 500"", ""Rs 2,000 Nasher Miles Gift Voucher""]",,,,savesage.club,https://savesage.club/credit-card/icici-adani-one-signature
ICICI Adani One Platinum credit card,ICICI Bank,ICICI,,"[""Airline Transfer"", ""Travel Booking"", ""Hotel Transfer""]",750,,,1% to 2%,"[{""child"": ""Earn 1 Reward Points per ₹100 spent"", ""name"": ""Base Rewards""}, {""child"": ""Earn 4 Reward Points per ₹100 spent"", ""name"": ""iShop""}, {""child"": ""Earn 3 Reward Points per ₹100 spent"", ""name"": ""Adani Ecosystem""}, {""child"": ""Earn 1.5 Reward Points per ₹100 spent"", ""name"": ""International""}, {""child"": ""Earn 1 Reward Points per ₹100 spent"", ""name"": ""Education""}, {""child"": ""Earn 0.5 Reward Points per ₹100 spent"", ""name"": ""Utilities""}, {""child"": ""Earn 0.5 Reward Points per ₹100 spent"", ""name"": ""Insurance""}, {""child"": "" No Reward Points on this category."", ""name"": ""Skill Based Gaming""}, {""child"": "" No Reward Points on this category."", ""name"": ""Wallets""}, {""child"": "" No Reward Points on this category."", ""name"": ""Fuel""}, {""child"": "" No Reward Points on this category."", ""name"": ""UPI""}, {""child"": "" No Reward Points on this category."", ""name"": ""Jewellery""}, {""child"": "" No Reward Points on this category."", ""name"": ""Rent""}]","[{""title"": "" Discover Reward Points Redemption Options"", ""subtitle"": ""To explore the full range of redemption options for this card, download the SaveSage Club app now."", ""barCodeImageUrl"": ""/"", ""appUrl"": ""https://savesage.co/ZH8bLjZqSPb""}]",,"[{""milestoneNumber"": 1, ""spent"": 300000, ""cycleType"": ""STATEMENT"", ""benefits"": ""The renewal fee will be waived."", ""milestoneType"": ""YEAR""}]","[{""maintitle"": ""Domestic lounge"", ""limit"": [""2 per quarter""], ""eligibility"": [""No explicit spend condition""]}]",,,,"[{""mainTitle"": ""Adani Ecosystem"", ""child"": ""Rs 2,000 Holidays Voucher""}, {""mainTitle"": ""Adani One"", ""child"": ""Rs 2,000 Flight Ticket Voucher""}, {""mainTitle"": ""BookMyShow"", ""child"": ""25% off on Movie Tickets""}, {""mainTitle"": ""Nasher Miles"", ""child"": ""Rs 2,000 Nasher Miles Gift Voucher""}]","[""Rs 2,000 Holidays Voucher"", ""Rs 2,000 Flight Ticket Voucher"", ""25% off on Movie Tickets"", ""Rs 2,000 Nasher Miles Gift Voucher""]",,,,savesage.club,https://savesage.club/credit-card/icici-adani-one-platinum
Axis Magnus credit card,Axis Bank,Axis,,[],12500,,,NA,"[{""child"": ""Earn 12 Reward Points per ₹200 spent"", ""name"": ""Base Rewards""}, {""child"": ""Earn 60 Reward Points per ₹200 spent"", ""name"": ""Travel Edge <= ₹2L monthly""}, {""child"": ""Earn 35 Reward Points per ₹200 spent"", ""name"": ""Travel Edge > ₹2L monthly""}, {""child"": ""Earn 35 Reward Points per ₹200 spent"", ""name"": ""Spends > ₹1.5L monthly""}, {""child"": ""Earn 12 Reward Points per ₹200 spent"", ""name"": ""Rent""}, {""child"": ""Earn 12 Reward Points per ₹200 spent"", ""name"": ""Education (Third-Party)""}, {""child"": ""Earn 12 Reward Points per ₹200 spent"", ""name"": ""Education""}, {""child"": "" No Reward Points on this category."", ""name"": ""UPI""}, {""child"": "" No Reward Points on this category."", ""name"": ""Jewellery""}, {""child"": "" No Reward Points on this category."", ""name"": ""EMI""}, {""child"": "" No Reward Points on this category."", ""name"": ""Fuel""}, {""child"": "" No Reward Points on this category."", ""name"": ""Insurance""}, {""child"": "" No Reward Points on this category."", ""name"": ""Government""}, {""child"": "" No Reward Points on this category."", ""name"": ""Rent (> ₹50k monthly)""}, {""child"": "" No Reward Points on this category."", ""name"": ""Utilities""}, {""child"": "" No Reward Points on this category."", ""name"": ""Wallets""}]","[{""title"": "" Discover Reward Points Redemption Options"", ""subtitle"": ""To explore the full range of redemption options for this card, download the SaveSage Club app now."", ""barCodeImageUrl"": ""/"", ""appUrl"": ""https://savesage.co/ZH8bLjZqSPb""}]",,"[{""milestoneNumber"": 1, ""spent"": 0, ""cycleType"": ""STATEMENT"", ""benefits"": ""Choose any voucher worth INR 12,500 from Luxe gift card or The Postcard Hotels gift voucher or Yatra gift voucher"", ""milestoneType"": ""DAYS""}, {""milestoneNumber"": 2, ""spent"": 2500000, ""cycleType"": ""STATEMENT"", ""benefits"": ""The renewal fee will be waived."", ""milestoneType"": ""YEAR""}]","[{""maintitle"": ""International lounge"", ""limit"": [""Unlimited""], ""eligibility"": [""Unlimited through Priority Pass membership""]}, {""maintitle"": ""Domestic lounge"", ""limit"": [""Unlimited""], ""eligibility"": [""Minimum eligible spend of ₹50,000 in the previous three calendar months.\nHowever, if your card has been newly issued, this spend requirement is waived for the month of issuance and the following three months.\nYou can easily check your eligible spends from your billed transactions over the past three calendar months through Axis Bank Net Banking or the Mobile Banking App.""]}, {""maintitle"": ""Guest lounge"", ""limit"": [""4 per year for international lounges via priority pass""], ""eligibility"": [""No explicit spend condition""]}]",,,,"[{""mainTitle"": ""EazyDiner"", ""child"": ""30% off up to INR 1000""}]","[""30% off up to INR 1000""]",,,,savesage.club,https://savesage.club/credit-card/axis-magnus
Axis Burgundy Private credit card,Axis Bank,Axis,,"[""Cashback""]",50000,,,1% to 2%,"[{""child"": ""Earn 15 Reward Points per ₹200 spent"", ""name"": ""Base Rewards""}, {""child"": ""Earn 15 Reward Points per ₹200 spent"", ""name"": ""Insurance""}, {""child"": ""Earn 15 Reward Points per ₹200 spent"", ""name"": ""Education (Third-Party)""}, {""child"": ""Earn 15 Reward Points per ₹200 spent"", ""name"": ""Rent""}, {""child"": "" No Reward Points on this category."", ""name"": ""Jewellery""}, {""child"": "" No Reward Points on this category."", ""name"": ""Utilities""}, {""child"": "" No Reward Points on this category."", ""name"": ""UPI""}, {""child"": "" No Reward Points on this category."", ""name"": ""Wallets""}, {""child"": "" No Reward Points on this category."", ""name"": ""Fuel""}, {""child"": "" No Reward Points on this category."", ""name"": ""EMI""}, {""child"": "" No Reward Points on this category."", ""name"": ""Government""}]","[{""title"": "" Discover Reward Points Redemption Options"", ""subtitle"": ""To explore the full range of redemption options for this card, download the SaveSage Club app now."", ""barCodeImageUrl"": ""/"", ""appUrl"": ""https://savesage.co/ZH8bLjZqSPb""}]",,"[{""milestoneNumber"": 1, ""spent"": 3500000, ""cycleType"": ""STATEMENT"", ""benefits"": ""The renewal fee will be waived."", ""milestoneType"": ""YEAR""}]","[{""maintitle"": ""International lounge"", ""limit"": [""Unlimited""], ""eligibility"": [""Unlimited through Priority Pass membership""]}, {""maintitle"": ""Domestic lounge"", ""limit"": [""Unlimited""], ""eligibility"": [""No explicit spend condition""]}, {""maintitle"": ""Add on card domestic lounge"", ""limit"": [""12 per year""], ""eligibility"": [""As per primary card.""]}, {""maintitle"": ""Add on card international lounge"", ""limit"": [""12 per year""], ""eligibility"": [""As per primary card.""]}]",,,,"[{""mainTitle"": ""Accor Plus"", ""child"": ""Accor Plus membership""}, {""mainTitle"": ""Axis Dining Delight"", ""child"": ""Discount on Axis Dining Delight""}, {""mainTitle"": ""BookMyShow"", ""child"": ""Buy 1 and Get 1 Free Movie Ticket""}, {""mainTitle"": ""Club Marriott"", ""child"": ""Club Marriott membership""}, {""mainTitle"": ""Concierge"", ""child"": ""24x7 Concierge Services""}, {""mainTitle"": ""EazyDiner"", ""child"": ""30% off up to INR 1000""}, {""mainTitle"": ""EazyDiner"", ""child"": ""50% off up to INR 3000""}, {""mainTitle"": ""EazyDiner"", ""child"": ""EazyDiner Prime Membership""}, {""mainTitle"": ""Golf"", ""child"": ""50 Complimentary Golf Rounds""}, {""mainTitle"": ""Insurance"", ""child"": ""Insurance Cover""}, {""mainTitle"": ""Meet and Greet"", ""child"": ""Meet and Greet""}, {""mainTitle"": ""Oberoi Hotels"", ""child"": ""Get upto 50% savings""}, {""mainTitle"": ""Postcard Hotels"", ""child"": ""Get Discount Upto 15%""}, {""mainTitle"": ""Taj Epicure"", ""child"": ""Taj Epicure membership""}]","[""Accor Plus membership"", ""Discount on Axis Dining Delight"", ""Buy 1 and Get 1 Free Movie Ticket"", ""Club Marriott membership"", ""24x7 Concierge Services"", ""30% off up to INR 1000"", ""50% off up to INR 3000"", ""EazyDiner Prime Membership"", ""50 Complimentary Golf Rounds"", ""Insurance Cover"", ""Meet and Greet"", ""Get upto 50% savings"", ""Get Discount Upto 15%"", ""Taj Epicure membership""]",,,,savesage.club,https://savesage.club/credit-card/axis-burgundy-private
Axis My Zone credit card,Axis Bank,Axis,,[],500,,,NA,"[{""child"": ""Earn 4 Reward Points per ₹200 spent"", ""name"": ""Base Rewards""}, {""child"": "" No Reward Points on this category."", ""name"": ""Movies""}, {""child"": "" No Reward Points on this category."", ""name"": ""Rent""}, {""child"": "" No Reward Points on this category."", ""name"": ""Utilities""}, {""child"": "" No Reward Points on this category."", ""name"": ""Education""}, {""child"": "" No Reward Points on this category."", ""name"": ""Fuel""}, {""child"": "" No Reward Points on this category."", ""name"": ""EMI""}, {""child"": "" No Reward Points on this category."", ""name"": ""Government""}, {""child"": "" No Reward Points on this category."", ""name"": ""Jewellery""}, {""child"": "" No Reward Points on this category."", ""name"": ""Wallets""}, {""child"": "" No Reward Points on this category."", ""name"": ""Insurance""}, {""child"": "" No Reward Points on this category."", ""name"": ""UPI""}]","[{""title"": "" Discover Reward Points Redemption Options"", ""subtitle"": ""To explore the full range of redemption options for this card, download the SaveSage Club app now."", ""barCodeImageUrl"": ""/"", ""appUrl"": ""https://savesage.co/ZH8bLjZqSPb""}]",,"[{""milestoneNumber"": 1, ""spent"": 0, ""cycleType"": ""STATEMENT"", ""benefits"": ""Get SonyLIV membership"", ""milestoneType"": ""DAYS""}, {""milestoneNumber"": 2, ""spent"": 150000, ""cycleType"": ""STATEMENT"", ""benefits"": ""Get 1000 Edge Reward Point and Renewal of SonyLiv membership."", ""milestoneType"": ""YEAR""}]","[{""maintitle"": ""Domestic lounge"", ""limit"": [""1 per quarter""], ""eligibility"": [""Minimum spends of ₹50k in previous 3 calendar months.""]}]",,,,"[{""mainTitle"": ""Ajio"", ""child"": ""Get upto Rs 1000 Off""}, {""mainTitle"": ""District"", ""child"": ""Buy 1 Movie Ticket and Get 1""}, {""mainTitle"": ""EazyDiner"", ""child"": ""15% off via Dining Delights Program""}, {""mainTitle"": ""SonyLIV"", ""child"": ""Premium Annual membership""}, {""mainTitle"": ""Swiggy"", ""child"": ""Rs 120 off on Swiggy""}]","[""Get upto Rs 1000 Off"", ""Buy 1 Movie Ticket and Get 1"", ""15% off via Dining Delights Program"", ""Premium Annual membership"", ""Rs 120 off on Swiggy""]",,,,savesage.club,https://savesage.club/credit-card/axis-my-zone
Axis Burgundy Magnus credit card,Axis Bank,Axis,,"[""Experience"", ""Travel Booking"", ""Hotel Transfer"", ""Pay by Points""]",30000,,,2% to 10%,"[{""child"": ""Earn 12 Reward Points per ₹200 spent"", ""name"": ""Base Rewards""}, {""child"": ""Earn 60 Reward Points per ₹200 spent"", ""name"": ""Travel Edge <= ₹2L monthly""}, {""child"": ""Earn 35 Reward Points per ₹200 spent"", ""name"": ""Travel Edge > ₹2L monthly""}, {""child"": ""Earn 35 Reward Points per ₹200 spent"", ""name"": "">₹1.5L monthly""}, {""child"": ""Earn 12 Reward Points per ₹200 spent"", ""name"": ""Education (Third-Party)""}, {""child"": ""Earn 12 Reward Points per ₹200 spent"", ""name"": ""Rent""}, {""child"": "" No Reward Points on this category."", ""name"": ""UPI""}, {""child"": "" No Reward Points on this category."", ""name"": ""Fuel""}, {""child"": "" No Reward Points on this category."", ""name"": ""Jewellery""}, {""child"": "" No Reward Points on this category."", ""name"": ""Rent > ₹50K""}, {""child"": "" No Reward Points on this category."", ""name"": ""Wallets""}, {""child"": "" No Reward Points on this category."", ""name"": ""Government""}, {""child"": "" No Reward Points on this category."", ""name"": ""Utilities""}, {""child"": "" No Reward Points on this category."", ""name"": ""Insurance""}, {""child"": "" No Reward Points on this category."", ""name"": ""EMI""}]","[{""title"": "" Discover Reward Points Redemption Options"", ""subtitle"": ""To explore the full range of redemption options for this card, download the SaveSage Club app now."", ""barCodeImageUrl"": ""/"", ""appUrl"": ""https://savesage.co/ZH8bLjZqSPb""}]",,"[{""milestoneNumber"": 1, ""spent"": 0, ""cycleType"": ""STATEMENT"", ""benefits"": ""Choose any voucher worth INR 5000 from Luxe gift card or The Postcard Hotels gift voucher or Yatra gift voucher"", ""milestoneType"": ""YEAR""}, {""milestoneNumber"": 2, ""spent"": 3000000, ""cycleType"": ""STATEMENT"", ""benefits"": ""The renewal fee will be waived."", ""milestoneType"": ""YEAR""}]","[{""maintitle"": ""International lounge"", ""limit"": [""Unlimited""], ""eligibility"": [""Unlimited through Priority Pass membership""]}, {""maintitle"": ""Domestic lounge"", ""limit"": [""Unlimited""], ""eligibility"": [""Spend ₹50k in the previous calendar quarter""]}, {""maintitle"": ""Add on card domestic lounge"", ""limit"": [""Unlimited""], ""eligibility"": [""As per primary card.""]}, {""maintitle"": ""Guest lounge"", ""limit"": [""4 per year for international lounges via priority pass""], ""eligibility"": [""As per primary card.""]}]",,,,"[{""mainTitle"": ""EazyDiner"", ""child"": ""30% off up to INR 1000""}, {""mainTitle"": ""EazyDiner"", ""child"": ""50% off up to INR 3000""}, {""mainTitle"": ""EazyDiner"", ""child"": ""EazyDiner Prime Membership""}, {""mainTitle"": ""Golf"", ""child"": ""50 Complimentary Golf Rounds""}, {""mainTitle"": ""Insurance"", ""child"": ""Insurance Cover""}, {""mainTitle"": ""Meet and Greet"", ""child"": ""Meet and Greet""}, {""mainTitle"": ""Oberoi Hotels"", ""child"": ""Get upto 50% savings""}, {""mainTitle"": ""Priority Pass"", ""child"": ""Priority Pass membership""}]","[""30% off up to INR 1000"", ""50% off up to INR 3000"", ""EazyDiner Prime Membership"", ""50 Complimentary Golf Rounds"", ""Insurance Cover"", ""Meet and Greet"", ""Get upto 50% savings"", ""Priority Pass membership""]",,,,savesage.club,https://savesage.club/credit-card/axis-burgundy-magnus
Axis Flipkart credit card,Axis Bank,Axis,,"[""Brand Wallet"", ""Cashback""]",500,,,5% to 8%,"[{""child"": ""Earn 1 Reward Points per ₹100 spent"", ""name"": ""Base Rewards""}, {""child"": ""Earn 7.5 Reward Points per ₹100 spent"", ""name"": ""Myntra""}, {""child"": ""Earn 5 Reward Points per ₹100 spent"", ""name"": ""Cleartrip""}, {""child"": ""Earn 5 Reward Points per ₹100 spent"", ""name"": ""Flipkart""}, {""child"": ""Earn 4 Reward Points per ₹100 spent"", ""name"": ""Swiggy""}, {""child"": ""Earn 4 Reward Points per ₹100 spent"", ""name"": ""Cult.fit""}, {""child"": ""Earn 4 Reward Points per ₹100 spent"", ""name"": ""Uber""}, {""child"": ""Earn 4 Reward Points per ₹100 spent"", ""name"": ""PVR""}, {""child"": "" No Reward Points on this category."", ""name"": ""Jewellery""}, {""child"": "" No Reward Points on this category."", ""name"": ""Wallets""}, {""child"": "" No Reward Points on this category."", ""name"": ""Education""}, {""child"": "" No Reward Points on this category."", ""name"": ""Rent""}, {""child"": "" No Reward Points on this category."", ""name"": ""Fuel""}, {""child"": "" No Reward Points on this category."", ""name"": ""Utilities""}, {""child"": "" No Reward Points on this category."", ""name"": ""Insurance""}, {""child"": "" No Reward Points on this category."", ""name"": ""UPI""}, {""child"": "" No Reward Points on this category."", ""name"": ""EMI""}, {""child"": "" No Reward Points on this category."", ""name"": ""Government""}]","[{""title"": "" Discover Reward Points Redemption Options"", ""subtitle"": ""To explore the full range of redemption options for this card, download the SaveSage Club app now."", ""barCodeImageUrl"": ""/"", ""appUrl"": ""https://savesage.co/ZH8bLjZqSPb""}]",,"[{""milestoneNumber"": 1, ""spent"": 0, ""cycleType"": ""STATEMENT"", ""benefits"": ""Rs. 250 worth flipkart vouchersNot Applicable on first  year free card."", ""milestoneType"": ""DAYS""}, {""milestoneNumber"": 2, ""spent"": 350000, ""cycleType"": ""STATEMENT"", ""benefits"": ""The renewal fee will be waived."", ""milestoneType"": ""YEAR""}]",[],,,,"[{""mainTitle"": ""EazyDiner"", ""child"": ""15% off via Dining Delights Program""}, {""mainTitle"": ""Flipkart"", ""child"": ""₹250 Flipkart Vouchers.""}, {""mainTitle"": ""Swiggy"", ""child"": ""Rs 100 off on Swiggy on first Order Using Code \""AXISFKNEW\""""}]","[""15% off via Dining Delights Program"", ""₹250 Flipkart Vouchers."", ""Rs 100 off on Swiggy on first Order Using Code \""AXISFKNEW\""""]",,,,savesage.club,https://savesage.club/credit-card/axis-flipkart
Axis Atlas credit card,Axis Bank,Axis,,"[""Catalogue Products"", ""Experience""]",5000,,,1% to 2%,"[{""child"": ""Earn 2 Reward Points per ₹100 spent"", ""name"": ""Base Rewards""}, {""child"": ""Earn 5 Reward Points per ₹100 spent"", ""name"": ""Travel Edge""}, {""child"": ""Earn 5 Reward Points per ₹100 spent"", ""name"": ""Airlines""}, {""child"": ""Earn 5 Reward Points per ₹100 spent"", ""name"": ""Hotels""}, {""child"": ""Earn 2 Reward Points per ₹100 spent"", ""name"": ""Education (Third-Party)""}, {""child"": "" No Reward Points on this category."", ""name"": ""Jewellery""}, {""child"": "" No Reward Points on this category."", ""name"": ""Rent""}, {""child"": "" No Reward Points on this category."", ""name"": ""Utilities & Telecom""}, {""child"": "" No Reward Points on this category."", ""name"": ""Government""}, {""child"": "" No Reward Points on this category."", ""name"": ""UPI""}, {""child"": "" No Reward Points on this category."", ""name"": ""Wallets""}, {""child"": "" No Reward Points on this category."", ""name"": ""Insurance""}, {""child"": "" No Reward Points on this category."", ""name"": ""EMI""}, {""child"": "" No Reward Points on this category."", ""name"": ""Fuel""}]","[{""title"": "" Discover Reward Points Redemption Options"", ""subtitle"": ""To explore the full range of redemption options for this card, download the SaveSage Club app now."", ""barCodeImageUrl"": ""/"", ""appUrl"": ""https://savesage.co/ZH8bLjZqSPb""}]",,"[{""milestoneNumber"": 1, ""spent"": 0, ""cycleType"": ""STATEMENT"", ""benefits"": ""2,500 EdgeMiles."", ""milestoneType"": ""DAYS""}, {""milestoneNumber"": 2, ""spent"": 300000, ""cycleType"": ""STATEMENT"", ""benefits"": ""2,500 EdgeMiles.No Renewal Benefit"", ""milestoneType"": ""YEAR""}, {""milestoneNumber"": 3, ""spent"": 750000, ""cycleType"": ""STATEMENT"", ""benefits"": ""Additional 2,500 EdgeMiles as milestone benefits for hitting 7.5L Spends.2,500 EdgeMiles as a renewal benefit for gold tier members after paying the renewal fees."", ""milestoneType"": ""YEAR""}, {""milestoneNumber"": 4, ""spent"": 1500000, ""cycleType"": ""STATEMENT"", ""benefits"": ""Additional 5,000 EdgeMiles as milestone benefits for hitting 15L Spends.5,000 EdgeMiles as a renewal benefit for platinum tier members after paying the renewal fees."", ""milestoneType"": ""YEAR""}]","[{""maintitle"": ""International lounge"", ""limit"": [""4 per year (silver tier)\n6 per year (gold tier)\n12 per year (platinum tier)""], ""eligibility"": [""New Atlas credit cardholder will be in Silver tier.\nCardholder will be upgraded to Gold tier, upon achieving card spends of 7.5 lacs in an anniversary year.\nCardholder will be upgraded to Platinum tier, upon achieving card spends of 15 lacs in an anniversary year.""]}, {""maintitle"": ""Domestic lounge"", ""limit"": [""8 per year (silver tier)\n12 per year (gold tier)\n18 per year (platinum tier)""], ""eligibility"": [""New Atlas credit cardholder will be in Silver tier.\nCardholder will be upgraded to Gold tier, upon achieving card spends of 7.5 lacs in an anniversary year.\nCardholder will be upgraded to Platinum tier, upon achieving card spends of 15 lacs in an anniversary year.""]}, {""maintitle"": ""Guest lounge"", ""limit"": [""As per primary card tier""], ""eligibility"": [""Your total lounge visits cover both you and any guests. You can use them, either all for yourself or shared with guests - up to the total number of visits allowed in your tier.""]}]",,,,"[{""mainTitle"": ""EazyDiner"", ""child"": ""15% off via Dining Delights Program""}]","[""15% off via Dining Delights Program""]",,,,savesage.club,https://savesage.club/credit-card/axis-atlas
Axis Flipkart Super Elite credit card,Axis Bank,Axis,,"[""Brand Wallet"", ""Cashback""]",500,,,0.5% to 1%,"[{""child"": ""Earn 2 Reward Points per ₹100 spent"", ""name"": ""Base Rewards""}, {""child"": ""Earn 12 Reward Points per ₹100 spent"", ""name"": ""Flipkart (Plus)""}, {""child"": ""Earn 6 Reward Points per ₹100 spent"", ""name"": ""Flipkart""}, {""child"": "" No Reward Points on this category."", ""name"": ""Insurance""}, {""child"": "" No Reward Points on this category."", ""name"": ""EMI""}, {""child"": "" No Reward Points on this category."", ""name"": ""Government""}, {""child"": "" No Reward Points on this category."", ""name"": ""Jewellery""}, {""child"": "" No Reward Points on this category."", ""name"": ""Rent""}, {""child"": "" No Reward Points on this category."", ""name"": ""Utilities""}, {""child"": "" No Reward Points on this category."", ""name"": ""Wallets""}, {""child"": "" No Reward Points on this category."", ""name"": ""Education""}, {""child"": "" No Reward Points on this category."", ""name"": ""Fuel""}]","[{""title"": "" Discover Reward Points Redemption Options"", ""subtitle"": ""To explore the full range of redemption options for this card, download the SaveSage Club app now."", ""barCodeImageUrl"": ""/"", ""appUrl"": ""https://savesage.co/ZH8bLjZqSPb""}]",,"[{""milestoneNumber"": 1, ""spent"": 200000, ""cycleType"": ""STATEMENT"", ""benefits"": ""The renewal fee will be waived."", ""milestoneType"": ""YEAR""}]",[],,,,"[{""mainTitle"": ""Cleartrip Flights"", ""child"": ""10% off on International Flights.""}, {""mainTitle"": ""EazyDiner"", ""child"": ""15% off via Dining Delights Program""}, {""mainTitle"": ""Flipkart Flights"", ""child"": ""15% off on Domestic Flights.""}, {""mainTitle"": ""Gaana Plus"", ""child"": ""3 Months Trial Subsciprtion""}, {""mainTitle"": ""Lenskart Gold"", ""child"": ""1 Year membership""}, {""mainTitle"": ""Myntra"", ""child"": ""30% Off on Your first Order.""}, {""mainTitle"": ""Youtube Premium"", ""child"": ""2 Months Trial membership""}]","[""10% off on International Flights."", ""15% off via Dining Delights Program"", ""15% off on Domestic Flights."", ""3 Months Trial Subsciprtion"", ""1 Year membership"", ""30% Off on Your first Order."", ""2 Months Trial membership""]",,,,savesage.club,https://savesage.club/credit-card/axis-flipkart-super-elite
Axis Ace credit card,Axis Bank,Axis,,"[""Brand Wallet"", ""Cashback""]",499,,,1% to 25%,"[{""child"": ""Earn 1.5 Reward Points per ₹100 spent"", ""name"": ""Base Rewards""}, {""child"": ""Earn 5 Reward Points per ₹100 spent"", ""name"": ""Utilities via Google Pay""}, {""child"": ""Earn 4 Reward Points per ₹100 spent"", ""name"": ""Swiggy""}, {""child"": ""Earn 4 Reward Points per ₹100 spent"", ""name"": ""Ola""}, {""child"": ""Earn 4 Reward Points per ₹100 spent"", ""name"": ""Zomato""}, {""child"": "" No Reward Points on this category."", ""name"": ""Jewellery""}, {""child"": "" No Reward Points on this category."", ""name"": ""Rent""}, {""child"": "" No Reward Points on this category."", ""name"": ""Utilities & Telecom""}, {""child"": "" No Reward Points on this category."", ""name"": ""Wallets""}, {""child"": "" No Reward Points on this category."", ""name"": ""Education""}, {""child"": "" No Reward Points on this category."", ""name"": ""Insurance""}, {""child"": "" No Reward Points on this category."", ""name"": ""EMI""}, {""child"": "" No Reward Points on this category."", ""name"": ""Fuel""}, {""child"": "" No Reward Points on this category."", ""name"": ""UPI""}, {""child"": "" No Reward Points on this category."", ""name"": ""Government""}]","[{""title"": "" Discover Reward Points Redemption Options"", ""subtitle"": ""To explore the full range of redemption options for this card, download the SaveSage Club app now."", ""barCodeImageUrl"": ""/"", ""appUrl"": ""https://savesage.co/ZH8bLjZqSPb""}]",,"[{""milestoneNumber"": 1, ""spent"": 0, ""cycleType"": ""STATEMENT"", ""benefits"": ""The joining fee will be waived."", ""milestoneType"": ""YEAR""}, {""milestoneNumber"": 2, ""spent"": 200000, ""cycleType"": ""STATEMENT"", ""benefits"": ""The renewal fee will be waived."", ""milestoneType"": ""YEAR""}]","[{""maintitle"": ""Domestic lounge"", ""limit"": [""4 per year""], ""eligibility"": [""Spend ₹50k in the previous 3 Calendar months.""]}]",,,,"[{""mainTitle"": ""EazyDiner"", ""child"": ""15% off via Dining Delights Program""}, {""mainTitle"": ""Insurance"", ""child"": ""Credit Shield cover of 3 Lac, Lost Card liability of 3 Lac.""}]","[""15% off via Dining Delights Program"", ""Credit Shield cover of 3 Lac, Lost Card liability of 3 Lac.""]",,,,savesage.club,https://savesage.club/credit-card/axis-ace
Axis Airtel credit card,Axis Bank,Axis,,[],500,,,NA,"[{""child"": ""Earn 1 Reward Points per ₹100 spent"", ""name"": ""Base Rewards""}, {""child"": ""Earn 25 Reward Points per ₹100 spent"", ""name"": ""Airtel Thanks (DTH, Wifi, Mobile)""}, {""child"": ""Earn 10 Reward Points per ₹100 spent"", ""name"": ""Blinkit""}, {""child"": ""Earn 10 Reward Points per ₹100 spent"", ""name"": ""Airtel Thanks (Utilities)""}, {""child"": ""Earn 10 Reward Points per ₹100 spent"", ""name"": ""Zomato""}, {""child"": ""Earn 10 Reward Points per ₹100 spent"", ""name"": ""District""}, {""child"": "" No Reward Points on this category."", ""name"": ""Wallets""}, {""child"": "" No Reward Points on this category."", ""name"": ""Fuel""}, {""child"": "" No Reward Points on this category."", ""name"": ""Insurance""}, {""child"": "" No Reward Points on this category."", ""name"": ""International""}, {""child"": "" No Reward Points on this category."", ""name"": ""Rent""}, {""child"": "" No Reward Points on this category."", ""name"": ""UPI""}, {""child"": "" No Reward Points on this category."", ""name"": ""Education""}, {""child"": "" No Reward Points on this category."", ""name"": ""EMI""}, {""child"": "" No Reward Points on this category."", ""name"": ""Jewellery""}, {""child"": "" No Reward Points on this category."", ""name"": ""Government""}, {""child"": "" No Reward Points on this category."", ""name"": ""Utilities""}]","[{""title"": "" Discover Reward Points Redemption Options"", ""subtitle"": ""To explore the full range of redemption options for this card, download the SaveSage Club app now."", ""barCodeImageUrl"": ""/"", ""appUrl"": ""https://savesage.co/ZH8bLjZqSPb""}]",,"[{""milestoneNumber"": 1, ""spent"": 0, ""cycleType"": ""STATEMENT"", ""benefits"": ""Amazon e-Voucher worth Rs. 500"", ""milestoneType"": ""DAYS""}, {""milestoneNumber"": 2, ""spent"": 200000, ""cycleType"": ""STATEMENT"", ""benefits"": ""The renewal fee will be waived."", ""milestoneType"": ""YEAR""}]",[],,,,"[{""mainTitle"": ""EazyDiner"", ""child"": ""15% off via Dining Delights Program""}]","[""15% off via Dining Delights Program""]",,,,savesage.club,https://savesage.club/credit-card/axis-airtel
Axis Samsung Infinite credit card,Axis Bank,Axis,,"[""Brand Wallet"", ""Experience""]",5000,,,2% to 4%,"[{""child"": ""Earn 5 Reward Points per ₹100 spent"", ""name"": ""Base Rewards""}, {""child"": ""Earn 15 Reward Points per ₹100 spent"", ""name"": ""Zomato""}, {""child"": ""Earn 15 Reward Points per ₹100 spent"", ""name"": ""International""}, {""child"": ""Earn 15 Reward Points per ₹100 spent"", ""name"": ""BigBasket""}, {""child"": ""Earn 15 Reward Points per ₹100 spent"", ""name"": ""Myntra""}, {""child"": ""Earn 15 Reward Points per ₹100 spent"", ""name"": ""Tata 1MG""}, {""child"": ""Earn 15 Reward Points per ₹100 spent"", ""name"": ""Urban Company""}, {""child"": ""Earn 10 Reward Points per ₹100 spent"", ""name"": ""Samsung""}, {""child"": "" No Reward Points on this category."", ""name"": ""Government""}, {""child"": "" No Reward Points on this category."", ""name"": ""UPI""}, {""child"": "" No Reward Points on this category."", ""name"": ""Insurance""}, {""child"": "" No Reward Points on this category."", ""name"": ""Jewellery""}, {""child"": "" No Reward Points on this category."", ""name"": ""Fuel""}, {""child"": "" No Reward Points on this category."", ""name"": ""EMI""}, {""child"": "" No Reward Points on this category."", ""name"": ""Rent""}, {""child"": "" No Reward Points on this category."", ""name"": ""Utilities""}, {""child"": "" No Reward Points on this category."", ""name"": ""Wallets""}]","[{""title"": "" Discover Reward Points Redemption Options"", ""subtitle"": ""To explore the full range of redemption options for this card, download the SaveSage Club app now."", ""barCodeImageUrl"": ""/"", ""appUrl"": ""https://savesage.co/ZH8bLjZqSPb""}]",,"[{""milestoneNumber"": 1, ""spent"": 700000, ""cycleType"": ""STATEMENT"", ""benefits"": ""The renewal fee will be waived."", ""milestoneType"": ""YEAR""}]","[{""maintitle"": ""Domestic lounge"", ""limit"": [""8 per year""], ""eligibility"": [""Minimum spends of ₹50k in previous 3 calendar months.""]}]",,,,"[{""mainTitle"": ""Priority Pass"", ""child"": ""Priority Pass membership""}]","[""Priority Pass membership""]",,,,savesage.club,https://savesage.club/credit-card/axis-samsung-infinite
Axis Samsung Signature credit card,Axis Bank,Axis,,"[""Experience"", ""Travel Booking"", ""Hotel Transfer"", ""Pay by Points""]",500,,,1% to 3%,"[{""child"": ""Earn 5 Reward Points per ₹100 spent"", ""name"": ""Base Rewards""}, {""child"": ""Earn 10 Reward Points per ₹100 spent"", ""name"": ""Myntra""}, {""child"": ""Earn 10 Reward Points per ₹100 spent"", ""name"": ""Zomato""}, {""child"": ""Earn 10 Reward Points per ₹100 spent"", ""name"": ""Samsung""}, {""child"": ""Earn 10 Reward Points per ₹100 spent"", ""name"": ""Urban Company""}, {""child"": ""Earn 10 Reward Points per ₹100 spent"", ""name"": ""BigBasket""}, {""child"": ""Earn 10 Reward Points per ₹100 spent"", ""name"": ""Tata 1MG""}, {""child"": "" No Reward Points on this category."", ""name"": ""Jewellery""}, {""child"": "" No Reward Points on this category."", ""name"": ""Government""}, {""child"": "" No Reward Points on this category."", ""name"": ""Rent""}, {""child"": "" No Reward Points on this category."", ""name"": ""EMI""}, {""child"": "" No Reward Points on this category."", ""name"": ""Insurance""}, {""child"": "" No Reward Points on this category."", ""name"": ""Utilities""}, {""child"": "" No Reward Points on this category."", ""name"": ""Wallets""}, {""child"": "" No Reward Points on this category."", ""name"": ""Fuel""}]","[{""title"": "" Discover Reward Points Redemption Options"", ""subtitle"": ""To explore the full range of redemption options for this card, download the SaveSage Club app now."", ""barCodeImageUrl"": ""/"", ""appUrl"": ""https://savesage.co/ZH8bLjZqSPb""}]",,[],"[{""maintitle"": ""Domestic lounge"", ""limit"": [""4 per year""], ""eligibility"": [""Minimum spends of ₹50k in previous 3 calendar months.""]}]",,,,[],[],,,,savesage.club,https://savesage.club/credit-card/axis-samsung-signature
Axis Vistara Infinite credit card,Axis Bank,Axis,,"[""Airline Transfer"", ""Travel Booking""]",0,,,1.5% to 3%,"[{""child"": ""Earn 6 Reward Points per ₹200 spent"", ""name"": ""Base Rewards""}, {""child"": "" No Reward Points on this category."", ""name"": ""Government""}, {""child"": "" No Reward Points on this category."", ""name"": ""Fuel""}, {""child"": "" No Reward Points on this category."", ""name"": ""Insurance""}, {""child"": "" No Reward Points on this category."", ""name"": ""Jewellery""}, {""child"": "" No Reward Points on this category."", ""name"": ""Rent""}, {""child"": "" No Reward Points on this category."", ""name"": ""Utilities""}, {""child"": "" No Reward Points on this category."", ""name"": ""EMI""}, {""child"": "" No Reward Points on this category."", ""name"": ""Wallets""}]","[{""title"": "" Discover Reward Points Redemption Options"", ""subtitle"": ""To explore the full range of redemption options for this card, download the SaveSage Club app now."", ""barCodeImageUrl"": ""/"", ""appUrl"": ""https://savesage.co/ZH8bLjZqSPb""}]",,"[{""milestoneNumber"": 1, ""spent"": 0, ""cycleType"": ""STATEMENT"", ""benefits"": ""Get a complimentary Economy Class ticket voucher"", ""milestoneType"": ""YEAR""}, {""milestoneNumber"": 2, ""spent"": 100000, ""cycleType"": ""STATEMENT"", ""benefits"": ""10,000 bonus Maharaja Points."", ""milestoneType"": ""YEAR""}]","[{""maintitle"": ""Domestic lounge"", ""limit"": [""2 per quarter""], ""eligibility"": [""Minimum spends of ₹50k in previous 3 calendar months.""]}]",,,,"[{""mainTitle"": ""Concierge"", ""child"": ""24x7 Concierge Services""}, {""mainTitle"": ""EazyDiner"", ""child"": ""15% off via Dining Delights Program""}, {""mainTitle"": ""Golf"", ""child"": ""6 Complimentary Rounds of Golf Annually""}, {""mainTitle"": ""Insurance"", ""child"": ""Purchase Protection""}, {""mainTitle"": ""Trident Hotels"", ""child"": ""Upto 15% Off""}]","[""24x7 Concierge Services"", ""15% off via Dining Delights Program"", ""6 Complimentary Rounds of Golf Annually"", ""Purchase Protection"", ""Upto 15% Off""]",,,,savesage.club,https://savesage.club/credit-card/axis-vistara-infinite
Axis Vistara Signature credit card,Axis Bank,Axis,,[],0,,,NA,"[{""child"": ""Earn 4 Reward Points per ₹200 spent"", ""name"": ""Base Rewards""}, {""child"": "" No Reward Points on this category."", ""name"": ""Fuel""}, {""child"": "" No Reward Points on this category."", ""name"": ""Insurance""}, {""child"": "" No Reward Points on this category."", ""name"": ""EMI""}, {""child"": "" No Reward Points on this category."", ""name"": ""Government""}, {""child"": "" No Reward Points on this category."", ""name"": ""Rent""}, {""child"": "" No Reward Points on this category."", ""name"": ""Utilities""}, {""child"": "" No Reward Points on this category."", ""name"": ""Jewellery""}, {""child"": "" No Reward Points on this category."", ""name"": ""Wallets""}]","[{""title"": "" Discover Reward Points Redemption Options"", ""subtitle"": ""To explore the full range of redemption options for this card, download the SaveSage Club app now."", ""barCodeImageUrl"": ""/"", ""appUrl"": ""https://savesage.co/ZH8bLjZqSPb""}]",,"[{""milestoneNumber"": 1, ""spent"": 0, ""cycleType"": ""STATEMENT"", ""benefits"": ""Get a complimentary Premium Economy Class ticket voucher"", ""milestoneType"": ""YEAR""}]","[{""maintitle"": ""Domestic lounge"", ""limit"": [""2 per quarter""], ""eligibility"": [""Minimum spends of ₹50k in previous 3 calendar months.""]}]",,,,"[{""mainTitle"": ""Concierge"", ""child"": ""24x7 Concierge Services""}, {""mainTitle"": ""EazyDiner"", ""child"": ""15% off via Dining Delights Program""}, {""mainTitle"": ""Golf"", ""child"": ""3 Complimentary Rounds""}, {""mainTitle"": ""Insurance"", ""child"": ""Purchase Protection Worth 1 Lakh""}]","[""24x7 Concierge Services"", ""15% off via Dining Delights Program"", ""3 Complimentary Rounds"", ""Purchase Protection Worth 1 Lakh""]",,,,savesage.club,https://savesage.club/credit-card/axis-vistara-signature
Axis Vistara credit card,Axis Bank,Axis,,"[""Airline Transfer"", ""Travel Booking""]",0,,,1.5% to 5%,"[{""child"": ""Earn 2 Reward Points per ₹200 spent"", ""name"": ""Base Rewards""}, {""child"": "" No Reward Points on this category."", ""name"": ""Insurance""}, {""child"": "" No Reward Points on this category."", ""name"": ""Government""}, {""child"": "" No Reward Points on this category."", ""name"": ""Jewellery""}, {""child"": "" No Reward Points on this category."", ""name"": ""Rent""}, {""child"": "" No Reward Points on this category."", ""name"": ""Utilities""}, {""child"": "" No Reward Points on this category."", ""name"": ""Fuel""}, {""child"": "" No Reward Points on this category."", ""name"": ""Wallets""}]","[{""title"": "" Discover Reward Points Redemption Options"", ""subtitle"": ""To explore the full range of redemption options for this card, download the SaveSage Club app now."", ""barCodeImageUrl"": ""/"", ""appUrl"": ""https://savesage.co/ZH8bLjZqSPb""}]",,"[{""milestoneNumber"": 1, ""spent"": 0, ""cycleType"": ""STATEMENT"", ""benefits"": ""Get a complimentary Economy Class ticket voucher"", ""milestoneType"": ""YEAR""}, {""milestoneNumber"": 2, ""spent"": 50000, ""cycleType"": ""STATEMENT"", ""benefits"": ""1,000 Maharaja Points."", ""milestoneType"": ""YEAR""}]","[{""maintitle"": ""Domestic lounge"", ""limit"": [""2 per quarter""], ""eligibility"": [""Minimum spends of ₹50k in previous 3 calendar months.""]}]",,,,"[{""mainTitle"": ""EazyDiner"", ""child"": ""15% off via Dining Delights Program""}, {""mainTitle"": ""Insurance"", ""child"": ""Purchase Protection Worth 1 Lakh""}, {""mainTitle"": ""Vouchers"", ""child"": ""1 Complimentary Economy Class Ticket voucher.""}]","[""15% off via Dining Delights Program"", ""Purchase Protection Worth 1 Lakh"", ""1 Complimentary Economy Class Ticket voucher.""]",,,,savesage.club,https://savesage.club/credit-card/axis-vistara
Axis SpiceJet Voyage Black credit card,Axis Bank,Axis,,[],2000,,,NA,"[{""child"": ""Earn 6 Reward Points per ₹200 spent"", ""name"": ""Base Rewards""}, {""child"": ""Earn 28 Reward Points per ₹200 spent"", ""name"": ""Spicejet""}, {""child"": ""Earn 12 Reward Points per ₹200 spent"", ""name"": ""Online (Bill Payments, Entertainment and Food Orders)""}, {""child"": "" No Reward Points on this category."", ""name"": ""EMI""}, {""child"": "" No Reward Points on this category."", ""name"": ""Government""}, {""child"": "" No Reward Points on this category."", ""name"": ""Jewellery""}, {""child"": "" No Reward Points on this category."", ""name"": ""Rent""}, {""child"": "" No Reward Points on this category."", ""name"": ""Education""}, {""child"": "" No Reward Points on this category."", ""name"": ""Wallets""}, {""child"": "" No Reward Points on this category."", ""name"": ""Fuel""}, {""child"": "" No Reward Points on this category."", ""name"": ""Insurance""}]","[{""title"": "" Discover Reward Points Redemption Options"", ""subtitle"": ""To explore the full range of redemption options for this card, download the SaveSage Club app now."", ""barCodeImageUrl"": ""/"", ""appUrl"": ""https://savesage.co/ZH8bLjZqSPb""}]",,"[{""milestoneNumber"": 1, ""spent"": 0, ""cycleType"": ""STATEMENT"", ""benefits"": ""SpiceJet voucher worth Rs. 4000."", ""milestoneType"": ""DAYS""}, {""milestoneNumber"": 2, ""spent"": 200000, ""cycleType"": ""STATEMENT"", ""benefits"": ""4,000 SpiceClub points."", ""milestoneType"": ""YEAR""}, {""milestoneNumber"": 3, ""spent"": 400000, ""cycleType"": ""STATEMENT"", ""benefits"": ""4,000 SpiceClub points."", ""milestoneType"": ""YEAR""}]","[{""maintitle"": ""Domestic lounge"", ""limit"": [""8 per year""], ""eligibility"": [""Minimum spends of ₹50k in previous 3 calendar months.""]}]",,,,"[{""mainTitle"": ""EazyDiner"", ""child"": ""15% off via Dining Delights Program""}, {""mainTitle"": ""Spicejet"", ""child"": ""Flight Ticket Voucher Worth Rs 4000""}]","[""15% off via Dining Delights Program"", ""Flight Ticket Voucher Worth Rs 4000""]",,,,savesage.club,https://savesage.club/credit-card/axis-spicejet-voyage-black
Axis SpiceJet Voyage credit card,Axis Bank,Axis,,"[""Airline Transfer"", ""Travel Booking""]",750,,,3% to 5%,"[{""child"": ""Earn 3 Reward Points per ₹200 spent"", ""name"": ""Base Rewards""}, {""child"": ""Earn 18 Reward Points per ₹200 spent"", ""name"": ""Spicejet""}, {""child"": ""Earn 6 Reward Points per ₹200 spent"", ""name"": ""Online (Bill Payments, Entertainment and Food Orders)""}, {""child"": "" No Reward Points on this category."", ""name"": ""EMI""}, {""child"": "" No Reward Points on this category."", ""name"": ""Government""}, {""child"": "" No Reward Points on this category."", ""name"": ""Jewellery""}, {""child"": "" No Reward Points on this category."", ""name"": ""Rent""}, {""child"": "" No Reward Points on this category."", ""name"": ""Insurance""}, {""child"": "" No Reward Points on this category."", ""name"": ""Wallets""}, {""child"": "" No Reward Points on this category."", ""name"": ""Education""}, {""child"": "" No Reward Points on this category."", ""name"": ""Fuel""}]","[{""title"": "" Discover Reward Points Redemption Options"", ""subtitle"": ""To explore the full range of redemption options for this card, download the SaveSage Club app now."", ""barCodeImageUrl"": ""/"", ""appUrl"": ""https://savesage.co/ZH8bLjZqSPb""}]",,"[{""milestoneNumber"": 1, ""spent"": 0, ""cycleType"": ""STATEMENT"", ""benefits"": ""SpiceJet voucher worth Rs. 1500."", ""milestoneType"": ""DAYS""}, {""milestoneNumber"": 2, ""spent"": 100000, ""cycleType"": ""STATEMENT"", ""benefits"": ""4,000 SpiceClub points."", ""milestoneType"": ""YEAR""}, {""milestoneNumber"": 3, ""spent"": 200000, ""cycleType"": ""STATEMENT"", ""benefits"": ""4,000 SpiceClub points."", ""milestoneType"": ""YEAR""}]","[{""maintitle"": ""Domestic lounge"", ""limit"": [""1 per quarter""], ""eligibility"": [""Minimum spends of ₹50k in previous 3 calendar months.""]}]",,,,"[{""mainTitle"": ""EazyDiner"", ""child"": ""15% off via Dining Delights Program""}, {""mainTitle"": ""Spicejet"", ""child"": ""Rs 1500 Vouchers.""}]","[""15% off via Dining Delights Program"", ""Rs 1500 Vouchers.""]",,,,savesage.club,https://savesage.club/credit-card/axis-spicejet-voyage
Axis Privilege credit card,Axis Bank,Axis,,"[""Catalogue Products"", ""Experience"", ""Travel Booking"", ""Hotel Transfer""]",1500,,,1% to 2%,"[{""child"": ""Earn 10 Reward Points per ₹200 spent"", ""name"": ""Base Rewards""}, {""child"": "" No Reward Points on this category."", ""name"": ""Education""}, {""child"": "" No Reward Points on this category."", ""name"": ""Fuel""}, {""child"": "" No Reward Points on this category."", ""name"": ""EMI""}, {""child"": "" No Reward Points on this category."", ""name"": ""Insurance""}, {""child"": "" No Reward Points on this category."", ""name"": ""Government""}, {""child"": "" No Reward Points on this category."", ""name"": ""Jewellery""}, {""child"": "" No Reward Points on this category."", ""name"": ""Rent""}, {""child"": "" No Reward Points on this category."", ""name"": ""Utilities""}, {""child"": "" No Reward Points on this category."", ""name"": ""UPI""}, {""child"": "" No Reward Points on this category."", ""name"": ""Wallets""}]","[{""title"": "" Discover Reward Points Redemption Options"", ""subtitle"": ""To explore the full range of redemption options for this card, download the SaveSage Club app now."", ""barCodeImageUrl"": ""/"", ""appUrl"": ""https://savesage.co/ZH8bLjZqSPb""}]",,"[{""milestoneNumber"": 1, ""spent"": 250000, ""cycleType"": ""STATEMENT"", ""benefits"": ""10,000 EDGE RPs."", ""milestoneType"": ""YEAR""}, {""milestoneNumber"": 2, ""spent"": 500000, ""cycleType"": ""STATEMENT"", ""benefits"": ""The renewal fee will be waived."", ""milestoneType"": ""YEAR""}]","[{""maintitle"": ""Domestic lounge"", ""limit"": [""2 per quarter""], ""eligibility"": [""Minimum spends of ₹50k in previous 3 calendar months.""]}]",,,,"[{""mainTitle"": ""District"", ""child"": ""Buy One Get One Free""}, {""mainTitle"": ""EazyDiner"", ""child"": ""15% off via Dining Delights Program""}, {""mainTitle"": ""Insurance"", ""child"": ""Purchase Protection Worth 1 Lakh""}]","[""Buy One Get One Free"", ""15% off via Dining Delights Program"", ""Purchase Protection Worth 1 Lakh""]",,,,savesage.club,https://savesage.club/credit-card/axis-privilege
Axis Neo credit card,Axis Bank,Axis,,"[""Catalogue Products"", ""Cashback""]",250,,,0.05% to 0.1%,"[{""child"": ""Earn 1 Reward Points per ₹200 spent"", ""name"": ""Base Rewards""}, {""child"": "" No Reward Points on this category."", ""name"": ""Government""}, {""child"": "" No Reward Points on this category."", ""name"": ""Jewellery""}, {""child"": "" No Reward Points on this category."", ""name"": ""Utilities""}, {""child"": "" No Reward Points on this category."", ""name"": ""Wallets""}, {""child"": "" No Reward Points on this category."", ""name"": ""Education""}, {""child"": "" No Reward Points on this category."", ""name"": ""Rent""}, {""child"": "" No Reward Points on this category."", ""name"": ""Fuel""}, {""child"": "" No Reward Points on this category."", ""name"": ""Insurance""}, {""child"": "" No Reward Points on this category."", ""name"": ""UPI""}, {""child"": "" No Reward Points on this category."", ""name"": ""EMI""}]","[{""title"": "" Discover Reward Points Redemption Options"", ""subtitle"": ""To explore the full range of redemption options for this card, download the SaveSage Club app now."", ""barCodeImageUrl"": ""/"", ""appUrl"": ""https://savesage.co/ZH8bLjZqSPb""}]",,[],[],,,,"[{""mainTitle"": ""10% off on Blinkit"", ""child"": ""10% off on Blinkit""}, {""mainTitle"": ""BookMyShow"", ""child"": ""10% off on Booking Movie Tickets on BookMyShow""}, {""mainTitle"": ""EazyDiner"", ""child"": ""15% off via Dining Delights Program""}, {""mainTitle"": ""Myntra"", ""child"": ""Extra Rs. 150 off on Myntra""}, {""mainTitle"": ""Paytm"", ""child"": ""5% off on utility bill payments via Paytm""}, {""mainTitle"": ""Zomato"", ""child"": ""Flat ₹120 off on Zomato""}]","[""10% off on Blinkit"", ""10% off on Booking Movie Tickets on BookMyShow"", ""15% off via Dining Delights Program"", ""Extra Rs. 150 off on Myntra"", ""5% off on utility bill payments via Paytm"", ""Flat ₹120 off on Zomato""]",,,,savesage.club,https://savesage.club/credit-card/axis-neo
Axis Aura credit card,Axis Bank,Axis,,"[""Experience"", ""Travel Booking"", ""Hotel Transfer"", ""Pay by Points""]",749,,,6% to 17.5%,"[{""child"": ""Earn 2 Reward Points per ₹200 spent"", ""name"": ""Base Rewards""}, {""child"": "" No Reward Points on this category."", ""name"": ""Rent""}, {""child"": "" No Reward Points on this category."", ""name"": ""Fuel""}, {""child"": "" No Reward Points on this category."", ""name"": ""Government""}, {""child"": "" No Reward Points on this category."", ""name"": ""Utilities""}, {""child"": "" No Reward Points on this category."", ""name"": ""Wallets""}, {""child"": "" No Reward Points on this category."", ""name"": ""Education""}]","[{""title"": "" Discover Reward Points Redemption Options"", ""subtitle"": ""To explore the full range of redemption options for this card, download the SaveSage Club app now."", ""barCodeImageUrl"": ""/"", ""appUrl"": ""https://savesage.co/ZH8bLjZqSPb""}]",,"[{""milestoneNumber"": 1, ""spent"": 0, ""cycleType"": ""STATEMENT"", ""benefits"": ""Get welcome Decathlon OMNI Gift Card worth INR 750/-."", ""milestoneType"": ""YEAR""}]",[],,,,"[{""mainTitle"": ""Decathon"", ""child"": ""Vouchers Worth Rs 750.""}, {""mainTitle"": ""EazyDiner"", ""child"": ""15% off via Dining Delights Program""}, {""mainTitle"": ""Fitternity"", ""child"": ""Complimentary fitness sessions.""}, {""mainTitle"": ""Fitternity"", ""child"": ""Fitness Sessions.""}, {""mainTitle"": ""Practo"", ""child"": ""4 Complimentary Doctor Consultation.""}]","[""Vouchers Worth Rs 750."", ""15% off via Dining Delights Program"", ""Complimentary fitness sessions."", ""Fitness Sessions."", ""4 Complimentary Doctor Consultation.""]",,,,savesage.club,https://savesage.club/credit-card/axis-aura
Axis Freecharge Plus credit card,Axis Bank,Axis,,"[""Experience"", ""Travel Booking"", ""Hotel Transfer""]",350,,,1% to 2%,"[{""child"": ""Earn 1 Reward Points per ₹100 spent"", ""name"": ""Base Rewards""}, {""child"": ""Earn 2 Reward Points per ₹100 spent"", ""name"": ""Uber""}, {""child"": ""Earn 2 Reward Points per ₹100 spent"", ""name"": ""Ola""}, {""child"": "" No Reward Points on this category."", ""name"": ""Government""}, {""child"": "" No Reward Points on this category."", ""name"": ""EMI""}, {""child"": "" No Reward Points on this category."", ""name"": ""Jewellery""}, {""child"": "" No Reward Points on this category."", ""name"": ""Rent""}, {""child"": "" No Reward Points on this category."", ""name"": ""Insurance""}, {""child"": "" No Reward Points on this category."", ""name"": ""Utilities""}, {""child"": "" No Reward Points on this category."", ""name"": ""Fuel""}, {""child"": "" No Reward Points on this category."", ""name"": ""Wallets""}]","[{""title"": "" Discover Reward Points Redemption Options"", ""subtitle"": ""To explore the full range of redemption options for this card, download the SaveSage Club app now."", ""barCodeImageUrl"": ""/"", ""appUrl"": ""https://savesage.co/ZH8bLjZqSPb""}]",,"[{""milestoneNumber"": 1, ""spent"": 50000, ""cycleType"": ""STATEMENT"", ""benefits"": ""The renewal fee will be waived."", ""milestoneType"": ""YEAR""}]",[],,,,"[{""mainTitle"": ""EazyDiner"", ""child"": ""15% off via Dining Delights Program""}]","[""15% off via Dining Delights Program""]",,,,savesage.club,https://savesage.club/credit-card/axis-freecharge-plus
Axis Freecharge credit card,Axis Bank,Axis,,"[""Brand Wallet"", ""Cashback""]",250,,,1% to 2%,"[{""child"": ""Earn 1 Reward Points per ₹100 spent"", ""name"": ""Base Rewards""}, {""child"": "" No Reward Points on this category."", ""name"": ""Rent""}, {""child"": "" No Reward Points on this category."", ""name"": ""Utilities""}, {""child"": "" No Reward Points on this category."", ""name"": ""Insurance""}, {""child"": "" No Reward Points on this category."", ""name"": ""EMI""}, {""child"": "" No Reward Points on this category."", ""name"": ""Wallets""}, {""child"": "" No Reward Points on this category."", ""name"": ""Government""}, {""child"": "" No Reward Points on this category."", ""name"": ""Fuel""}, {""child"": "" No Reward Points on this category."", ""name"": ""Jewellery""}]","[{""title"": "" Discover Reward Points Redemption Options"", ""subtitle"": ""To explore the full range of redemption options for this card, download the SaveSage Club app now."", ""barCodeImageUrl"": ""/"", ""appUrl"": ""https://savesage.co/ZH8bLjZqSPb""}]",,"[{""milestoneNumber"": 1, ""spent"": 2000, ""cycleType"": ""STATEMENT"", ""benefits"": ""100 Edge Rewards."", ""milestoneType"": ""YEAR""}, {""milestoneNumber"": 2, ""spent"": 5000, ""cycleType"": ""STATEMENT"", ""benefits"": ""350 Edge Rewards."", ""milestoneType"": ""YEAR""}, {""milestoneNumber"": 3, ""spent"": 50000, ""cycleType"": ""STATEMENT"", ""benefits"": ""The renewal fee will be waived."", ""milestoneType"": ""YEAR""}]",[],,,,"[{""mainTitle"": ""EazyDiner"", ""child"": ""15% off via Dining Delights Program""}, {""mainTitle"": ""Eros Now"", ""child"": ""50% off""}, {""mainTitle"": ""Fresh Menu"", ""child"": ""Upto Rs 100 Credit.""}, {""mainTitle"": ""Myntra"", ""child"": ""Upto 10% Discount.""}]","[""15% off via Dining Delights Program"", ""50% off"", ""Upto Rs 100 Credit."", ""Upto 10% Discount.""]",,,,savesage.club,https://savesage.club/credit-card/axis-freecharge
Axis Miles & More Select credit card,Axis Bank,Axis,,"[""Airline Transfer"", ""Travel Booking""]",10000,,,2% to 4%,"[{""child"": ""Earn 6 Reward Points per ₹200 spent"", ""name"": ""Base Rewards""}, {""child"": "" No Reward Points on this category."", ""name"": ""Insurance""}, {""child"": "" No Reward Points on this category."", ""name"": ""UPI""}, {""child"": "" No Reward Points on this category."", ""name"": ""Fuel""}, {""child"": "" No Reward Points on this category."", ""name"": ""EMI""}, {""child"": "" No Reward Points on this category."", ""name"": ""Government""}, {""child"": "" No Reward Points on this category."", ""name"": ""Jewellery""}, {""child"": "" No Reward Points on this category."", ""name"": ""Rent""}, {""child"": "" No Reward Points on this category."", ""name"": ""Utilities""}, {""child"": "" No Reward Points on this category."", ""name"": ""Wallets""}]","[{""title"": "" Discover Reward Points Redemption Options"", ""subtitle"": ""To explore the full range of redemption options for this card, download the SaveSage Club app now."", ""barCodeImageUrl"": ""/"", ""appUrl"": ""https://savesage.co/ZH8bLjZqSPb""}]",,[],"[{""maintitle"": ""International lounge"", ""limit"": [""4 per membership year""], ""eligibility"": [""4 Complimentary Lounge Access using Priority Pass.""]}, {""maintitle"": ""Domestic lounge"", ""limit"": [""8 per quarter""], ""eligibility"": [""Minimum spends of ₹50k in previous 3 calendar months.""]}]",,,,"[{""mainTitle"": ""EazyDiner"", ""child"": ""15% off via Dining Delights Program""}]","[""15% off via Dining Delights Program""]",,,,savesage.club,https://savesage.club/credit-card/axis-miles-more-select
Axis Miles & More World credit card,Axis Bank,Axis,,"[""Travel Booking"", ""Experience""]",3500,,,1% to 3%,"[{""child"": ""Earn 4 Reward Points per ₹200 spent"", ""name"": ""Base Rewards""}, {""child"": "" No Reward Points on this category."", ""name"": ""Wallets""}, {""child"": "" No Reward Points on this category."", ""name"": ""Fuel""}, {""child"": "" No Reward Points on this category."", ""name"": ""EMI""}, {""child"": "" No Reward Points on this category."", ""name"": ""Government""}, {""child"": "" No Reward Points on this category."", ""name"": ""Jewellery""}, {""child"": "" No Reward Points on this category."", ""name"": ""Rent""}, {""child"": "" No Reward Points on this category."", ""name"": ""Utilities""}, {""child"": "" No Reward Points on this category."", ""name"": ""UPI""}, {""child"": "" No Reward Points on this category."", ""name"": ""Insurance""}]","[{""title"": "" Discover Reward Points Redemption Options"", ""subtitle"": ""To explore the full range of redemption options for this card, download the SaveSage Club app now."", ""barCodeImageUrl"": ""/"", ""appUrl"": ""https://savesage.co/ZH8bLjZqSPb""}]",,[],"[{""maintitle"": ""International lounge"", ""limit"": [""2 per membership year""], ""eligibility"": [""2 Complimentary Lounge Access using Priority Pass.""]}, {""maintitle"": ""Domestic lounge"", ""limit"": [""4 per quarter""], ""eligibility"": [""Minimum spends of ₹50k in previous 3 calendar months.""]}]",,,,"[{""mainTitle"": ""Concierge"", ""child"": ""24x7 Concierge Services""}, {""mainTitle"": ""EazyDiner"", ""child"": ""15% off via Dining Delights Program""}, {""mainTitle"": ""Insurance"", ""child"": ""Air Accident Cover""}]","[""24x7 Concierge Services"", ""15% off via Dining Delights Program"", ""Air Accident Cover""]",,,,savesage.club,https://savesage.club/credit-card/axis-miles-more-world
Axis Fibe credit card,Axis Bank,Axis,,[],0,,,NA,"[{""child"": ""Earn 1 Reward Points per ₹100 spent"", ""name"": ""Base Rewards""}, {""child"": ""Earn 3 Reward Points per ₹100 spent"", ""name"": ""Entertainment""}, {""child"": ""Earn 3 Reward Points per ₹100 spent"", ""name"": ""Transportation & Tolls""}, {""child"": ""Earn 3 Reward Points per ₹100 spent"", ""name"": ""Food Delivery""}, {""child"": "" No Reward Points on this category."", ""name"": ""Government""}, {""child"": "" No Reward Points on this category."", ""name"": ""Jewellery""}, {""child"": "" No Reward Points on this category."", ""name"": ""Rent""}, {""child"": "" No Reward Points on this category."", ""name"": ""Fuel""}, {""child"": "" No Reward Points on this category."", ""name"": ""Education""}, {""child"": "" No Reward Points on this category."", ""name"": ""Utilities""}, {""child"": "" No Reward Points on this category."", ""name"": ""Wallets""}, {""child"": "" No Reward Points on this category."", ""name"": ""Insurance""}, {""child"": "" No Reward Points on this category."", ""name"": ""CC on UPI < ₹2k""}, {""child"": "" No Reward Points on this category."", ""name"": ""EMI""}]","[{""title"": "" Discover Reward Points Redemption Options"", ""subtitle"": ""To explore the full range of redemption options for this card, download the SaveSage Club app now."", ""barCodeImageUrl"": ""/"", ""appUrl"": ""https://savesage.co/ZH8bLjZqSPb""}]",,[],"[{""maintitle"": ""Domestic lounge"", ""limit"": [""4 per quarter""], ""eligibility"": [""Spend ₹50k in the previous 3 Calendar months.""]}]",,,,[],[],,,,savesage.club,https://savesage.club/credit-card/axis-fibe
Axis Pride Signature credit card,Axis Bank,Axis,,"[""Airline Transfer"", ""Hotel Transfer""]",0,,,1% to 2%,"[{""child"": ""Earn 8 Reward Points per ₹200 spent"", ""name"": ""Base Rewards""}, {""child"": "" No Reward Points on this category."", ""name"": ""Insurance""}, {""child"": "" No Reward Points on this category."", ""name"": ""EMI""}, {""child"": "" No Reward Points on this category."", ""name"": ""Government""}, {""child"": "" No Reward Points on this category."", ""name"": ""Jewellery""}, {""child"": "" No Reward Points on this category."", ""name"": ""Rent""}, {""child"": "" No Reward Points on this category."", ""name"": ""Utilities""}, {""child"": "" No Reward Points on this category."", ""name"": ""Fuel""}, {""child"": "" No Reward Points on this category."", ""name"": ""Wallets""}]","[{""title"": "" Discover Reward Points Redemption Options"", ""subtitle"": ""To explore the full range of redemption options for this card, download the SaveSage Club app now."", ""barCodeImageUrl"": ""/"", ""appUrl"": ""https://savesage.co/ZH8bLjZqSPb""}]",,"[{""milestoneNumber"": 1, ""spent"": 40000, ""cycleType"": ""STATEMENT"", ""benefits"": ""The renewal fee will be waived."", ""milestoneType"": ""YEAR""}]","[{""maintitle"": ""Domestic lounge"", ""limit"": [""2 per quarter""], ""eligibility"": [""Minimum spends of ₹50k in previous 3 calendar months.""]}]",,,,"[{""mainTitle"": ""EazyDiner"", ""child"": ""15% off via Dining Delights Program""}]","[""15% off via Dining Delights Program""]",,,,savesage.club,https://savesage.club/credit-card/axis-pride-signature
Axis Pride Platinum credit card,Axis Bank,Axis,,"[""Catalogue Products"", ""Experience""]",0,,,1% to 3%,"[{""child"": ""Earn 4 Reward Points per ₹200 spent"", ""name"": ""Base Rewards""}, {""child"": "" No Reward Points on this category."", ""name"": ""Utilities""}, {""child"": "" No Reward Points on this category."", ""name"": ""Fuel""}, {""child"": "" No Reward Points on this category."", ""name"": ""Insurance""}, {""child"": "" No Reward Points on this category."", ""name"": ""EMI""}, {""child"": "" No Reward Points on this category."", ""name"": ""Jewellery""}, {""child"": "" No Reward Points on this category."", ""name"": ""Rent""}, {""child"": "" No Reward Points on this category."", ""name"": ""Government""}, {""child"": "" No Reward Points on this category."", ""name"": ""Wallets""}]","[{""title"": "" Discover Reward Points Redemption Options"", ""subtitle"": ""To explore the full range of redemption options for this card, download the SaveSage Club app now."", ""barCodeImageUrl"": ""/"", ""appUrl"": ""https://savesage.co/ZH8bLjZqSPb""}]",,"[{""milestoneNumber"": 1, ""spent"": 5000, ""cycleType"": ""STATEMENT"", ""benefits"": ""100 Edge RPs."", ""milestoneType"": ""MONTH""}, {""milestoneNumber"": 2, ""spent"": 20000, ""cycleType"": ""STATEMENT"", ""benefits"": ""The renewal fee will be waived."", ""milestoneType"": ""YEAR""}]",[],,,,"[{""mainTitle"": ""EazyDiner"", ""child"": ""15% off via Dining Delights Program""}]","[""15% off via Dining Delights Program""]",,,,savesage.club,https://savesage.club/credit-card/axis-pride-platinum
Axis My Wings credit card,Axis Bank,Axis,,"[""Catalogue Products"", ""Cashback"", ""Experience""]",1200,,,1% to 5%,"[{""child"": ""Earn 4 Reward Points per ₹200 spent"", ""name"": ""Base Rewards""}, {""child"": "" No Reward Points on this category."", ""name"": ""Wallets""}, {""child"": "" No Reward Points on this category."", ""name"": ""Insurance""}, {""child"": "" No Reward Points on this category."", ""name"": ""Utilities""}, {""child"": "" No Reward Points on this category."", ""name"": ""Fuel""}, {""child"": "" No Reward Points on this category."", ""name"": ""EMI""}, {""child"": "" No Reward Points on this category."", ""name"": ""Government""}, {""child"": "" No Reward Points on this category."", ""name"": ""Rent""}, {""child"": "" No Reward Points on this category."", ""name"": ""Jewellery""}]","[{""title"": "" Discover Reward Points Redemption Options"", ""subtitle"": ""To explore the full range of redemption options for this card, download the SaveSage Club app now."", ""barCodeImageUrl"": ""/"", ""appUrl"": ""https://savesage.co/ZH8bLjZqSPb""}]",,[],"[{""maintitle"": ""Domestic lounge"", ""limit"": [""1 per quarter""], ""eligibility"": [""Minimum spends of ₹50k in previous 3 calendar months.""]}]",,,,"[{""mainTitle"": ""Eazeego"", ""child"": ""Flight Tickets""}, {""mainTitle"": ""Eazeego"", ""child"": ""Upto 20% Cashbacks on Domestic Flights""}, {""mainTitle"": ""Eazeego"", ""child"": ""Rs 100 Cashback""}, {""mainTitle"": ""EazyDiner"", ""child"": ""15% off via Dining Delights Program""}, {""mainTitle"": ""IRCTC"", ""child"": ""25% off upto Rs 200""}]","[""Flight Tickets"", ""Upto 20% Cashbacks on Domestic Flights"", ""Rs 100 Cashback"", ""15% off via Dining Delights Program"", ""25% off upto Rs 200""]",,,,savesage.club,https://savesage.club/credit-card/axis-my-wings
Axis Indian Oil credit card,Axis Bank,Axis,,[],500,,,NA,"[{""child"": ""Earn 1 Reward Points per ₹100 spent"", ""name"": ""Base Rewards""}, {""child"": ""Earn 20 Reward Points per ₹100 spent"", ""name"": ""IOCL""}, {""child"": ""Earn 5 Reward Points per ₹100 spent"", ""name"": ""Online""}, {""child"": ""Earn 1 Reward Points per ₹100 spent"", ""name"": ""Education""}, {""child"": "" No Reward Points on this category."", ""name"": ""Fuel (Other than IOCL)""}, {""child"": "" No Reward Points on this category."", ""name"": ""Government""}, {""child"": "" No Reward Points on this category."", ""name"": ""Jewellery""}, {""child"": "" No Reward Points on this category."", ""name"": ""Rent""}, {""child"": "" No Reward Points on this category."", ""name"": ""Utilities""}, {""child"": "" No Reward Points on this category."", ""name"": ""Wallets""}, {""child"": "" No Reward Points on this category."", ""name"": ""Insurance""}]","[{""title"": "" Discover Reward Points Redemption Options"", ""subtitle"": ""To explore the full range of redemption options for this card, download the SaveSage Club app now."", ""barCodeImageUrl"": ""/"", ""appUrl"": ""https://savesage.co/ZH8bLjZqSPb""}]",,"[{""milestoneNumber"": 1, ""spent"": 0, ""cycleType"": ""STATEMENT"", ""benefits"": ""1250 Edge RPs"", ""milestoneType"": ""DAYS""}, {""milestoneNumber"": 2, ""spent"": 350000, ""cycleType"": ""STATEMENT"", ""benefits"": ""The renewal fee will be waived."", ""milestoneType"": ""YEAR""}]",[],,,,"[{""mainTitle"": ""Amazon"", ""child"": ""Rs 500 Amazon Vouchers""}, {""mainTitle"": ""BookMyShow"", ""child"": ""10% off on All Movie Tickets""}, {""mainTitle"": ""EazyDiner"", ""child"": ""15% off via Dining Delights Program""}]","[""Rs 500 Amazon Vouchers"", ""10% off on All Movie Tickets"", ""15% off via Dining Delights Program""]",,,,savesage.club,https://savesage.club/credit-card/axis-indian-oil
HDFC Millennia (Visa) credit card,HDFC Bank,HDFC,Visa,"[""Cashback""]",1000,,,1% to 10%,"[{""child"": ""Earn 1 Reward Points per ₹100 spent"", ""name"": ""Base Rewards""}, {""child"": ""Earn 5 Reward Points per ₹100 spent"", ""name"": ""Cult.fit""}, {""child"": ""Earn 5 Reward Points per ₹100 spent"", ""name"": ""Amazon""}, {""child"": ""Earn 5 Reward Points per ₹100 spent"", ""name"": ""Flipkart""}, {""child"": ""Earn 5 Reward Points per ₹100 spent"", ""name"": ""Swiggy""}, {""child"": ""Earn 5 Reward Points per ₹100 spent"", ""name"": ""Zomato""}, {""child"": ""Earn 5 Reward Points per ₹100 spent"", ""name"": ""BookMyShow""}, {""child"": ""Earn 5 Reward Points per ₹100 spent"", ""name"": ""Sony LIV""}, {""child"": ""Earn 5 Reward Points per ₹100 spent"", ""name"": ""Tata CLiQ""}, {""child"": ""Earn 5 Reward Points per ₹100 spent"", ""name"": ""Myntra""}, {""child"": ""Earn 5 Reward Points per ₹100 spent"", ""name"": ""Uber""}, {""child"": ""Earn 1 Reward Points per ₹100 spent"", ""name"": ""Utilities""}, {""child"": ""Earn 1 Reward Points per ₹100 spent"", ""name"": ""Insurance""}, {""child"": ""Earn 1 Reward Points per ₹100 spent"", ""name"": ""Education""}, {""child"": "" No Reward Points on this category."", ""name"": ""Government""}, {""child"": "" No Reward Points on this category."", ""name"": ""Rent""}, {""child"": "" No Reward Points on this category."", ""name"": ""Fuel""}, {""child"": "" No Reward Points on this category."", ""name"": ""Education (Third-Party)""}, {""child"": "" No Reward Points on this category."", ""name"": ""UPI""}, {""child"": "" No Reward Points on this category."", ""name"": ""Jewellery""}, {""child"": "" No Reward Points on this category."", ""name"": ""Wallets""}, {""child"": "" No Reward Points on this category."", ""name"": ""EMI""}]","[{""title"": "" Discover Reward Points Redemption Options"", ""subtitle"": ""To explore the full range of redemption options for this card, download the SaveSage Club app now."", ""barCodeImageUrl"": ""/"", ""appUrl"": ""https://savesage.co/ZH8bLjZqSPb""}]",,"[{""milestoneNumber"": 1, ""spent"": 0, ""cycleType"": ""CALENDAR"", ""benefits"": ""1000 CashPoints"", ""milestoneType"": ""YEAR""}, {""milestoneNumber"": 2, ""spent"": 100000, ""cycleType"": ""STATEMENT"", ""benefits"": ""The renewal fee will be waived."", ""milestoneType"": ""YEAR""}, {""milestoneNumber"": 3, ""spent"": 100000, ""cycleType"": ""CALENDAR"", ""benefits"": ""Gift vouchers worth ₹1,000."", ""milestoneType"": ""QUARTER""}]","[{""maintitle"": ""Domestic lounge"", ""limit"": [""1 per quarter""], ""eligibility"": [""""]}]",,,,"[{""mainTitle"": ""Swiggy"", ""child"": ""Upto 20% Discount""}]","[""Upto 20% Discount""]",,,,savesage.club,https://savesage.club/credit-card/hdfc-millennia-visa
HDFC Swiggy credit card,HDFC Bank,HDFC,,[],500,,,NA,"[{""child"": ""Earn 1 Reward Points per ₹100 spent"", ""name"": ""Base Rewards""}, {""child"": ""Earn 10 Reward Points per ₹100 spent"", ""name"": ""Swiggy""}, {""child"": ""Earn 5 Reward Points per ₹100 spent"", ""name"": ""Flipkart (Minutes)""}, {""child"": ""Earn 5 Reward Points per ₹100 spent"", ""name"": ""Flipkart""}, {""child"": ""Earn 5 Reward Points per ₹100 spent"", ""name"": ""Online""}, {""child"": ""Earn 5 Reward Points per ₹100 spent"", ""name"": ""Amazon Fresh""}, {""child"": ""Earn 5 Reward Points per ₹100 spent"", ""name"": ""Nykaa""}, {""child"": ""Earn 5 Reward Points per ₹100 spent"", ""name"": ""Cleartrip""}, {""child"": ""Earn 5 Reward Points per ₹100 spent"", ""name"": ""Ola""}, {""child"": ""Earn 5 Reward Points per ₹100 spent"", ""name"": ""Uber""}, {""child"": ""Earn 5 Reward Points per ₹100 spent"", ""name"": ""Amazon""}, {""child"": ""Earn 5 Reward Points per ₹100 spent"", ""name"": ""Meesho""}, {""child"": ""Earn 5 Reward Points per ₹100 spent"", ""name"": ""Ajio""}, {""child"": ""Earn 1 Reward Points per ₹100 spent"", ""name"": ""Insurance""}, {""child"": ""Earn 1 Reward Points per ₹100 spent"", ""name"": ""Education""}, {""child"": "" No Reward Points on this category."", ""name"": ""EMI""}, {""child"": "" No Reward Points on this category."", ""name"": ""Government""}, {""child"": "" No Reward Points on this category."", ""name"": ""Jewellery""}, {""child"": "" No Reward Points on this category."", ""name"": ""UPI""}, {""child"": "" No Reward Points on this category."", ""name"": ""Utilities""}, {""child"": "" No Reward Points on this category."", ""name"": ""Rent""}, {""child"": "" No Reward Points on this category."", ""name"": ""Wallets""}, {""child"": "" No Reward Points on this category."", ""name"": ""Fuel""}]","[{""title"": "" Discover Reward Points Redemption Options"", ""subtitle"": ""To explore the full range of redemption options for this card, download the SaveSage Club app now."", ""barCodeImageUrl"": ""/"", ""appUrl"": ""https://savesage.co/ZH8bLjZqSPb""}]",,"[{""milestoneNumber"": 1, ""spent"": 0, ""cycleType"": ""STATEMENT"", ""benefits"": ""Complimentary 3 Months Swiggy One Membership and For existing Swiggy One Membership holders, the benefit will be extended by 3 months."", ""milestoneType"": ""DAYS""}, {""milestoneNumber"": 2, ""spent"": 200000, ""cycleType"": ""STATEMENT"", ""benefits"": ""The renewal fee will be waived."", ""milestoneType"": ""YEAR""}]",[],,,,"[{""mainTitle"": ""Golf"", ""child"": ""12 Free Lessons""}, {""mainTitle"": ""Swiggy"", ""child"": ""Swiggy Dineout (Birthday Week)""}]","[""12 Free Lessons"", ""Swiggy Dineout (Birthday Week)""]",,,,savesage.club,https://savesage.club/credit-card/hdfc-swiggy
HDFC Regalia Gold credit card,HDFC Bank,HDFC,,"[""Brand Wallet"", ""Catalogue Products"", ""Cashback""]",2500,,,2% to 5%,"[{""child"": ""Earn 5 Reward Points per ₹200 spent"", ""name"": ""Base Rewards""}, {""child"": ""Earn 50 Reward Points per ₹200 spent"", ""name"": ""IGP via SmartBuy""}, {""child"": ""Earn 50 Reward Points per ₹200 spent"", ""name"": ""Jockey via SmartBuy""}, {""child"": ""Earn 50 Reward Points per ₹200 spent"", ""name"": ""PharmEasy via SmartBuy""}, {""child"": ""Earn 50 Reward Points per ₹200 spent"", ""name"": ""Hotels via SmartBuy""}, {""child"": ""Earn 25 Reward Points per ₹200 spent"", ""name"": ""Reliance Digital""}, {""child"": ""Earn 25 Reward Points per ₹200 spent"", ""name"": ""Marks & Spencer""}, {""child"": ""Earn 25 Reward Points per ₹200 spent"", ""name"": ""Apple via SmartBuy""}, {""child"": ""Earn 25 Reward Points per ₹200 spent"", ""name"": ""Gift Cards via SmartBuy""}, {""child"": ""Earn 25 Reward Points per ₹200 spent"", ""name"": ""Myntra via SmartBuy""}, {""child"": ""Earn 25 Reward Points per ₹200 spent"", ""name"": ""Duty Free (Adani One) via Smartbuy""}, {""child"": ""Earn 25 Reward Points per ₹200 spent"", ""name"": ""Myntra""}, {""child"": ""Earn 25 Reward Points per ₹200 spent"", ""name"": ""RedBus via SmartBuy""}, {""child"": ""Earn 25 Reward Points per ₹200 spent"", ""name"": ""Flights via SmartBuy""}, {""child"": ""Earn 25 Reward Points per ₹200 spent"", ""name"": ""Nykaa""}, {""child"": ""Earn 25 Reward Points per ₹200 spent"", ""name"": ""Holidays via SmartBuy""}, {""child"": ""Earn 15 Reward Points per ₹200 spent"", ""name"": ""Trains via SmartBuy""}, {""child"": ""Earn 5 Reward Points per ₹200 spent"", ""name"": ""Insurance""}, {""child"": ""Earn 5 Reward Points per ₹200 spent"", ""name"": ""Utilities""}, {""child"": ""Earn 5 Reward Points per ₹200 spent"", ""name"": ""Education""}, {""child"": "" No Reward Points on this category."", ""name"": ""Rent""}, {""child"": "" No Reward Points on this category."", ""name"": ""Government""}, {""child"": "" No Reward Points on this category."", ""name"": ""Education (Third-Party)""}, {""child"": "" No Reward Points on this category."", ""name"": ""Fuel""}, {""child"": "" No Reward Points on this category."", ""name"": ""UPI""}, {""child"": "" No Reward Points on this category."", ""name"": ""Wallets""}]","[{""title"": "" Discover Reward Points Redemption Options"", ""subtitle"": ""To explore the full range of redemption options for this card, download the SaveSage Club app now."", ""barCodeImageUrl"": ""/"", ""appUrl"": ""https://savesage.co/ZH8bLjZqSPb""}]",,"[{""milestoneNumber"": 1, ""spent"": 0, ""cycleType"": ""STATEMENT"", ""benefits"": ""₹2,500 gift voucher"", ""milestoneType"": ""YEAR""}, {""milestoneNumber"": 2, ""spent"": 150000, ""cycleType"": ""CALENDAR"", ""benefits"": ""₹1,500 worth of brand vouchers(Marriott Experience or Myntra or MMT Hotels or Marks & Spencer or Reliance Digital )"", ""milestoneType"": ""QUARTER""}, {""milestoneNumber"": 3, ""spent"": 400000, ""cycleType"": ""STATEMENT"", ""benefits"": ""The renewal fee will be waived."", ""milestoneType"": ""YEAR""}, {""milestoneNumber"": 4, ""spent"": 500000, ""cycleType"": ""STATEMENT"", ""benefits"": ""Flight vouchers worth ₹5,000."", ""milestoneType"": ""YEAR""}, {""milestoneNumber"": 5, ""spent"": 750000, ""cycleType"": ""STATEMENT"", ""benefits"": ""Flight vouchers worth ₹5,000."", ""milestoneType"": ""YEAR""}]","[{""maintitle"": ""Domestic lounge"", ""limit"": [""3 per quarter""], ""eligibility"": [""Spend Rs.1 Lakh or more in a calendar quarter (Jan-Mar, Apr-June, Jul-Sept, Oct-Dec).""]}, {""maintitle"": ""Add on card domestic lounge"", ""limit"": [""3 per quarter""], ""eligibility"": [""""]}, {""maintitle"": ""International lounge"", ""limit"": [""6 per calendar year""], ""eligibility"": [""6 Complimentary Lounge Access using Priority Pass.""]}, {""maintitle"": ""Add on card international lounge"", ""limit"": [""6 per calendar year""], ""eligibility"": [""6 Complimentary Lounge Access using Priority Pass.""]}]",,,,"[{""mainTitle"": ""Insurance"", ""child"": ""Accidental Air, Credit Liability Cover""}, {""mainTitle"": ""Swiggy"", ""child"": ""Swiggy One and MMT Black Gold membership""}, {""mainTitle"": ""Travel Edge Program"", ""child"": ""Complimentary room upgrades at participating hotels.""}, {""mainTitle"": ""Travel Edge Program"", ""child"": ""Complimentary buffet at participating hotels / restaurants""}, {""mainTitle"": ""Travel Edge Program"", ""child"": ""Complimentary Spa at participating wellness centers""}, {""mainTitle"": ""Uber (Travel Edge Program)"", ""child"": ""Complimentary Airport Transfer""}]","[""Accidental Air, Credit Liability Cover"", ""Swiggy One and MMT Black Gold membership"", ""Complimentary room upgrades at participating hotels."", ""Complimentary buffet at participating hotels / restaurants"", ""Complimentary Spa at participating wellness centers"", ""Complimentary Airport Transfer""]",,,,savesage.club,https://savesage.club/credit-card/hdfc-regalia-gold
HDFC Tata Neu Infinity credit card,HDFC Bank,HDFC,,"[""Experience"", ""Travel Booking"", ""Hotel Transfer""]",1499,,,2% to 5%,"[{""child"": ""Earn 1.5 Reward Points per ₹100 spent"", ""name"": ""Base Rewards""}, {""child"": ""Earn 5 Reward Points per ₹100 spent"", ""name"": ""Tata Play""}, {""child"": ""Earn 5 Reward Points per ₹100 spent"", ""name"": ""Qmin""}, {""child"": ""Earn 5 Reward Points per ₹100 spent"", ""name"": ""Tata Pay""}, {""child"": ""Earn 5 Reward Points per ₹100 spent"", ""name"": ""Tanishq""}, {""child"": ""Earn 5 Reward Points per ₹100 spent"", ""name"": ""Tata 1MG""}, {""child"": ""Earn 5 Reward Points per ₹100 spent"", ""name"": ""Tata CLiQ""}, {""child"": ""Earn 5 Reward Points per ₹100 spent"", ""name"": ""Tata Neu""}, {""child"": ""Earn 5 Reward Points per ₹100 spent"", ""name"": ""IHCL""}, {""child"": ""Earn 5 Reward Points per ₹100 spent"", ""name"": ""Insurance via Tata Pay""}, {""child"": ""Earn 5 Reward Points per ₹100 spent"", ""name"": ""Titan""}, {""child"": ""Earn 5 Reward Points per ₹100 spent"", ""name"": ""Air India""}, {""child"": ""Earn 5 Reward Points per ₹100 spent"", ""name"": ""Air India Express""}, {""child"": ""Earn 5 Reward Points per ₹100 spent"", ""name"": ""Westside""}, {""child"": ""Earn 5 Reward Points per ₹100 spent"", ""name"": ""BigBasket""}, {""child"": ""Earn 5 Reward Points per ₹100 spent"", ""name"": ""Croma""}, {""child"": ""Earn 5 Reward Points per ₹100 spent"", ""name"": ""Cult.fit""}, {""child"": ""Earn 1.5 Reward Points per ₹100 spent"", ""name"": ""Gift Cards via SmartBuy""}, {""child"": ""Earn 1.5 Reward Points per ₹100 spent"", ""name"": ""Insurance""}, {""child"": ""Earn 1.5 Reward Points per ₹100 spent"", ""name"": ""EMI""}, {""child"": ""Earn 1.5 Reward Points per ₹100 spent"", ""name"": ""Grocery""}, {""child"": ""Earn 1.5 Reward Points per ₹100 spent"", ""name"": ""Telecom & Cable""}, {""child"": ""Earn 1.5 Reward Points per ₹100 spent"", ""name"": ""Utilities""}, {""child"": ""Earn 1.5 Reward Points per ₹100 spent"", ""name"": ""Education""}, {""child"": "" No Reward Points on this category."", ""name"": ""Education (Third-Party)""}, {""child"": "" No Reward Points on this category."", ""name"": ""Fuel""}, {""child"": "" No Reward Points on this category."", ""name"": ""Wallets""}, {""child"": "" No Reward Points on this category."", ""name"": ""Government""}, {""child"": "" No Reward Points on this category."", ""name"": ""Gift Cards""}, {""child"": "" No Reward Points on this category."", ""name"": ""Gaming""}, {""child"": "" No Reward Points on this category."", ""name"": ""Rent""}]","[{""title"": "" Discover Reward Points Redemption Options"", ""subtitle"": ""To explore the full range of redemption options for this card, download the SaveSage Club app now."", ""barCodeImageUrl"": ""/"", ""appUrl"": ""https://savesage.co/ZH8bLjZqSPb""}]",,"[{""milestoneNumber"": 1, ""spent"": 0, ""cycleType"": ""STATEMENT"", ""benefits"": ""Get 1499 NeuCoins on Tata Neu App (as reversal of 1st Year Membership Fees)"", ""milestoneType"": ""DAYS""}, {""milestoneNumber"": 2, ""spent"": 300000, ""cycleType"": ""STATEMENT"", ""benefits"": ""The renewal fee will be waived."", ""milestoneType"": ""YEAR""}]","[{""maintitle"": ""Domestic lounge"", ""limit"": [""2 per quarter""], ""eligibility"": [""spend ₹50,000 or more in the previous calendar quarter""]}, {""maintitle"": ""International lounge"", ""limit"": [""4 per calendar year""], ""eligibility"": [""4 Complimentary Lounge Access using Priority Pass.|If you exceed the 4 Complimentary (1 per Quarter) visits, you will be charged at US $27 + GST per visit""]}, {""maintitle"": ""Add on card international lounge"", ""limit"": [""4 per calendar year""], ""eligibility"": [""4 Complimentary Lounge Access using Priority Pass.""]}]",,,,"[{""mainTitle"": ""Insurance"", ""child"": ""Insurance""}]","[""Insurance""]",,,,savesage.club,https://savesage.club/credit-card/hdfc-tata-neu-infinity
HDFC Tata Neu Plus credit card,HDFC Bank,HDFC,,"[""Cashback""]",499,,,1% to 10%,"[{""child"": ""Earn 1 Reward Points per ₹100 spent"", ""name"": ""Base Rewards""}, {""child"": ""Earn 5 Reward Points per ₹100 spent"", ""name"": ""Tata Neu""}, {""child"": ""Earn 2 Reward Points per ₹100 spent"", ""name"": ""Air India""}, {""child"": ""Earn 2 Reward Points per ₹100 spent"", ""name"": ""Air India Express""}, {""child"": ""Earn 2 Reward Points per ₹100 spent"", ""name"": ""Tanishq""}, {""child"": ""Earn 2 Reward Points per ₹100 spent"", ""name"": ""Tata 1MG""}, {""child"": ""Earn 2 Reward Points per ₹100 spent"", ""name"": ""Tata CLiQ""}, {""child"": ""Earn 2 Reward Points per ₹100 spent"", ""name"": ""Tata Pay""}, {""child"": ""Earn 2 Reward Points per ₹100 spent"", ""name"": ""Croma""}, {""child"": ""Earn 2 Reward Points per ₹100 spent"", ""name"": ""BigBasket""}, {""child"": ""Earn 2 Reward Points per ₹100 spent"", ""name"": ""Cult.fit""}, {""child"": ""Earn 2 Reward Points per ₹100 spent"", ""name"": ""Qmin""}, {""child"": ""Earn 2 Reward Points per ₹100 spent"", ""name"": ""IHCL""}, {""child"": ""Earn 2 Reward Points per ₹100 spent"", ""name"": ""Insurance via Tata Pay""}, {""child"": ""Earn 2 Reward Points per ₹100 spent"", ""name"": ""Tata Play""}, {""child"": ""Earn 2 Reward Points per ₹100 spent"", ""name"": ""Titan""}, {""child"": ""Earn 2 Reward Points per ₹100 spent"", ""name"": ""Westside""}, {""child"": ""Earn 1 Reward Points per ₹100 spent"", ""name"": ""EMI""}, {""child"": ""Earn 1 Reward Points per ₹100 spent"", ""name"": ""Insurance""}, {""child"": ""Earn 1 Reward Points per ₹100 spent"", ""name"": ""Grocery""}, {""child"": ""Earn 1 Reward Points per ₹100 spent"", ""name"": ""Telecom & Cable""}, {""child"": ""Earn 1 Reward Points per ₹100 spent"", ""name"": ""Gift Cards via SmartBuy""}, {""child"": ""Earn 1 Reward Points per ₹100 spent"", ""name"": ""Utilities & Telecom""}, {""child"": ""Earn 1 Reward Points per ₹100 spent"", ""name"": ""Education""}, {""child"": "" No Reward Points on this category."", ""name"": ""Fuel""}, {""child"": "" No Reward Points on this category."", ""name"": ""Gift Cards""}, {""child"": "" No Reward Points on this category."", ""name"": ""Gaming""}, {""child"": "" No Reward Points on this category."", ""name"": ""Education (Third-Party)""}, {""child"": "" No Reward Points on this category."", ""name"": ""Government""}, {""child"": "" No Reward Points on this category."", ""name"": ""Jewellery""}, {""child"": "" No Reward Points on this category."", ""name"": ""Wallets""}, {""child"": "" No Reward Points on this category."", ""name"": ""Rent""}, {""child"": "" No Reward Points on this category."", ""name"": ""UPI via Tata Neu App""}]","[{""title"": "" Discover Reward Points Redemption Options"", ""subtitle"": ""To explore the full range of redemption options for this card, download the SaveSage Club app now."", ""barCodeImageUrl"": ""/"", ""appUrl"": ""https://savesage.co/ZH8bLjZqSPb""}]",,"[{""milestoneNumber"": 1, ""spent"": 0, ""cycleType"": ""STATEMENT"", ""benefits"": ""Get 499 NeuCoins on Tata Neu App (as reversal of 1st Year Membership Fees).Welcome Benefit will be available to claim inside Tata Neu App within 60 days of such transaction."", ""milestoneType"": ""DAYS""}, {""milestoneNumber"": 2, ""spent"": 100000, ""cycleType"": ""STATEMENT"", ""benefits"": ""The renewal fee will be waived."", ""milestoneType"": ""YEAR""}]","[{""maintitle"": ""Domestic lounge"", ""limit"": [""4 per calendar year""], ""eligibility"": [""spend ₹50,000 or more in the previous calendar quarter""]}]",,,,[],[],,,,savesage.club,https://savesage.club/credit-card/hdfc-tata-neu-plus
HDFC IRCTC credit card,HDFC Bank,HDFC,,"[""Brand Wallet"", ""Cashback""]",500,,,1% to 5%,"[{""child"": ""Earn 1 Reward Points per ₹100 spent"", ""name"": ""Base Rewards""}, {""child"": ""Earn 5 Reward Points per ₹100 spent"", ""name"": ""IRCTC via SmartBuy""}, {""child"": ""Earn 5 Reward Points per ₹100 spent"", ""name"": ""IRCTC""}, {""child"": ""Earn 1 Reward Points per ₹100 spent"", ""name"": ""Grocery""}, {""child"": "" No Reward Points on this category."", ""name"": ""Rent""}, {""child"": "" No Reward Points on this category."", ""name"": ""Jewellery""}, {""child"": "" No Reward Points on this category."", ""name"": ""EMI""}, {""child"": "" No Reward Points on this category."", ""name"": ""Utilities""}, {""child"": "" No Reward Points on this category."", ""name"": ""Wallets""}, {""child"": "" No Reward Points on this category."", ""name"": ""Education""}, {""child"": "" No Reward Points on this category."", ""name"": ""Government""}, {""child"": "" No Reward Points on this category."", ""name"": ""Fuel""}]","[{""title"": "" Discover Reward Points Redemption Options"", ""subtitle"": ""To explore the full range of redemption options for this card, download the SaveSage Club app now."", ""barCodeImageUrl"": ""/"", ""appUrl"": ""https://savesage.co/ZH8bLjZqSPb""}]",,"[{""milestoneNumber"": 1, ""spent"": 30000, ""cycleType"": ""STATEMENT"", ""benefits"": ""Gift voucher worth ₹500."", ""milestoneType"": ""QUARTER""}, {""milestoneNumber"": 2, ""spent"": 150000, ""cycleType"": ""STATEMENT"", ""benefits"": ""The renewal fee will be waived."", ""milestoneType"": ""YEAR""}]","[{""maintitle"": ""Railway lounge"", ""limit"": [""2 per quarter""], ""eligibility"": [""8 complimentary IRCTC Executive Lounge access per year (max 2 per quarter).""]}]",,,,"[{""mainTitle"": ""SmartBuy"", ""child"": ""5% cashback on booking IRCTC train tickets.""}]","[""5% cashback on booking IRCTC train tickets.""]",,,,savesage.club,https://savesage.club/credit-card/hdfc-irctc
HDFC Shoppers Stop credit card,HDFC Bank,HDFC,,"[""Experience""]",299,,,1% to 2%,"[{""child"": ""Earn 1 Reward Points per ₹100 spent"", ""name"": ""Base Rewards""}, {""child"": ""Earn 3 Reward Points per ₹100 spent"", ""name"": ""Shoppers Stop""}, {""child"": ""Earn 1 Reward Points per ₹100 spent"", ""name"": ""Grocery""}, {""child"": "" No Reward Points on this category."", ""name"": ""Jewellery""}, {""child"": "" No Reward Points on this category."", ""name"": ""Rent""}, {""child"": "" No Reward Points on this category."", ""name"": ""Utilities""}, {""child"": "" No Reward Points on this category."", ""name"": ""EMI""}, {""child"": "" No Reward Points on this category."", ""name"": ""Wallets""}, {""child"": "" No Reward Points on this category."", ""name"": ""Government""}, {""child"": "" No Reward Points on this category."", ""name"": ""Fuel""}]","[{""title"": "" Discover Reward Points Redemption Options"", ""subtitle"": ""To explore the full range of redemption options for this card, download the SaveSage Club app now."", ""barCodeImageUrl"": ""/"", ""appUrl"": ""https://savesage.co/ZH8bLjZqSPb""}]",,"[{""milestoneNumber"": 1, ""spent"": 0, ""cycleType"": ""STATEMENT"", ""benefits"": ""First Citizen Reward Points worth INR 300."", ""milestoneType"": ""YEAR""}, {""milestoneNumber"": 2, ""spent"": 5000, ""cycleType"": ""STATEMENT"", ""benefits"": ""3 Shoppers Stop vouchers of INR 500 each redeemable at Shoppers Stop & Homestop will be awarded and redeemable on a minimum target spend of INR 5,000 at Shoppers Stop and/or Homestop stores."", ""milestoneType"": ""MONTH""}]",[],,,,[],[],,,,savesage.club,https://savesage.club/credit-card/hdfc-shoppers-stop
HDFC MoneyBack Plus credit card,HDFC Bank,HDFC,,"[""Cashback""]",500,,,1% to 2%,"[{""child"": ""Earn 2 Reward Points per ₹200 spent"", ""name"": ""Base Rewards""}, {""child"": ""Earn 20 Reward Points per ₹200 spent"", ""name"": ""BigBasket""}, {""child"": ""Earn 20 Reward Points per ₹200 spent"", ""name"": ""Flipkart""}, {""child"": ""Earn 20 Reward Points per ₹200 spent"", ""name"": ""Reliance Smart""}, {""child"": ""Earn 20 Reward Points per ₹200 spent"", ""name"": ""Swiggy""}, {""child"": ""Earn 20 Reward Points per ₹200 spent"", ""name"": ""Amazon""}, {""child"": ""Earn 2 Reward Points per ₹200 spent"", ""name"": ""Education""}, {""child"": ""Earn 2 Reward Points per ₹200 spent"", ""name"": ""Grocery""}, {""child"": ""Earn 2 Reward Points per ₹200 spent"", ""name"": ""UPI""}, {""child"": "" No Reward Points on this category."", ""name"": ""Government""}, {""child"": "" No Reward Points on this category."", ""name"": ""Wallets""}, {""child"": "" No Reward Points on this category."", ""name"": ""Gift Cards""}, {""child"": "" No Reward Points on this category."", ""name"": ""Fuel""}, {""child"": "" No Reward Points on this category."", ""name"": ""Education (Third-Party)""}, {""child"": "" No Reward Points on this category."", ""name"": ""Rent""}, {""child"": "" No Reward Points on this category."", ""name"": ""EMI""}]","[{""title"": "" Discover Reward Points Redemption Options"", ""subtitle"": ""To explore the full range of redemption options for this card, download the SaveSage Club app now."", ""barCodeImageUrl"": ""/"", ""appUrl"": ""https://savesage.co/ZH8bLjZqSPb""}]",,"[{""milestoneNumber"": 1, ""spent"": 0, ""cycleType"": ""CALENDAR"", ""benefits"": ""500 RPs"", ""milestoneType"": ""YEAR""}, {""milestoneNumber"": 2, ""spent"": 50000, ""cycleType"": ""STATEMENT"", ""benefits"": ""The renewal fee will be waived."", ""milestoneType"": ""YEAR""}, {""milestoneNumber"": 3, ""spent"": 50000, ""cycleType"": ""CALENDAR"", ""benefits"": ""Gift vouchers worth ₹500."", ""milestoneType"": ""QUARTER""}]",[],,,,"[{""mainTitle"": ""Dining"", ""child"": ""Upto 10% Off""}]","[""Upto 10% Off""]",,,,savesage.club,https://savesage.club/credit-card/hdfc-moneyback-plus
HDFC Diners Club Black Metal credit card,HDFC Bank,HDFC,,"[""Experience""]",10000,,,1.5% to 3%,"[{""child"": ""Earn 5 Reward Points per ₹150 spent"", ""name"": ""Base Rewards""}, {""child"": ""Earn 50 Reward Points per ₹150 spent"", ""name"": ""Jockey via SmartBuy""}, {""child"": ""Earn 50 Reward Points per ₹150 spent"", ""name"": ""IGP via SmartBuy""}, {""child"": ""Earn 50 Reward Points per ₹150 spent"", ""name"": ""PharmEasy via SmartBuy""}, {""child"": ""Earn 50 Reward Points per ₹150 spent"", ""name"": ""Hotels via SmartBuy""}, {""child"": ""Earn 25 Reward Points per ₹150 spent"", ""name"": ""RedBus via SmartBuy""}, {""child"": ""Earn 25 Reward Points per ₹150 spent"", ""name"": ""Flights via SmartBuy""}, {""child"": ""Earn 25 Reward Points per ₹150 spent"", ""name"": ""Myntra via SmartBuy""}, {""child"": ""Earn 25 Reward Points per ₹150 spent"", ""name"": ""Holidays via SmartBuy""}, {""child"": ""Earn 25 Reward Points per ₹150 spent"", ""name"": ""Apple via SmartBuy""}, {""child"": ""Earn 25 Reward Points per ₹150 spent"", ""name"": ""Duty Free (Adani One) via Smartbuy""}, {""child"": ""Earn 15 Reward Points per ₹150 spent"", ""name"": ""Gift Cards via SmartBuy""}, {""child"": ""Earn 15 Reward Points per ₹150 spent"", ""name"": ""Trains via SmartBuy""}, {""child"": ""Earn 10 Reward Points per ₹150 spent"", ""name"": ""Dining (Weekends)""}, {""child"": ""Earn 5 Reward Points per ₹150 spent"", ""name"": ""Utilities""}, {""child"": ""Earn 5 Reward Points per ₹150 spent"", ""name"": ""Grocery""}, {""child"": ""Earn 5 Reward Points per ₹150 spent"", ""name"": ""International""}, {""child"": ""Earn 5 Reward Points per ₹150 spent"", ""name"": ""Education""}, {""child"": ""Earn 5 Reward Points per ₹150 spent"", ""name"": ""Telecom & Cables""}, {""child"": ""Earn 5 Reward Points per ₹150 spent"", ""name"": ""Insurance""}, {""child"": "" No Reward Points on this category."", ""name"": ""UPI""}, {""child"": "" No Reward Points on this category."", ""name"": ""Education (Third-Party)""}, {""child"": "" No Reward Points on this category."", ""name"": ""Government""}, {""child"": "" No Reward Points on this category."", ""name"": ""Rent""}, {""child"": "" No Reward Points on this category."", ""name"": ""Wallets""}, {""child"": "" No Reward Points on this category."", ""name"": ""EMI""}, {""child"": "" No Reward Points on this category."", ""name"": ""Fuel""}]","[{""title"": "" Discover Reward Points Redemption Options"", ""subtitle"": ""To explore the full range of redemption options for this card, download the SaveSage Club app now."", ""barCodeImageUrl"": ""/"", ""appUrl"": ""https://savesage.co/ZH8bLjZqSPb""}]",,"[{""milestoneNumber"": 1, ""spent"": 0, ""cycleType"": ""STATEMENT"", ""benefits"": ""Annual memberships of Club Marriott, Amazon Prime and Swiggy One on 1.5 Lakh spends in first 90 days"", ""milestoneType"": ""YEAR""}, {""milestoneNumber"": 2, ""spent"": 400000, ""cycleType"": ""CALENDAR"", ""benefits"": ""10,000 RPs."", ""milestoneType"": ""QUARTER""}, {""milestoneNumber"": 3, ""spent"": 800000, ""cycleType"": ""STATEMENT"", ""benefits"": ""The renewal fee will be waived.Annual memberships of Club Marriott, Amazon Prime and Swiggy One"", ""milestoneType"": ""YEAR""}]","[{""maintitle"": ""Domestic lounge"", ""limit"": [""Unlimited""], ""eligibility"": [""No explicit spend condition""]}, {""maintitle"": ""International lounge"", ""limit"": [""Unlimited""], ""eligibility"": [""Unlimited through Priority Pass membership""]}, {""maintitle"": ""Add on card domestic lounge"", ""limit"": [""Unlimited""], ""eligibility"": [""As per primary card.""]}, {""maintitle"": ""Add on card international lounge"", ""limit"": [""Unlimited""], ""eligibility"": [""Unlimited through Priority Pass membership""]}]",,,,"[{""mainTitle"": ""Amazon Prime"", ""child"": ""Amazon Prime membership""}, {""mainTitle"": ""Club Marriott"", ""child"": ""Club Marriott membership""}, {""mainTitle"": ""Concierge"", ""child"": ""24x7 Concierge Services""}, {""mainTitle"": ""Golf"", ""child"": ""6 Complimentary Golf Rounds""}, {""mainTitle"": ""Insurance"", ""child"": ""Air Accident Insurance""}, {""mainTitle"": ""Insurance"", ""child"": ""Emergency overseas Hospitalisation""}, {""mainTitle"": ""Insurance"", ""child"": ""Travel Insurance cover""}, {""mainTitle"": ""Swiggy One"", ""child"": ""Swiggy One membership""}]","[""Amazon Prime membership"", ""Club Marriott membership"", ""24x7 Concierge Services"", ""6 Complimentary Golf Rounds"", ""Air Accident Insurance"", ""Emergency overseas Hospitalisation"", ""Travel Insurance cover"", ""Swiggy One membership""]",,,,savesage.club,https://savesage.club/credit-card/hdfc-diners-club-black-metal
HDFC Infinia Metal credit card,HDFC Bank,HDFC,,"[""Brand Wallet"", ""Cashback""]",12500,,,1% to 3%,"[{""child"": ""Earn 5 Reward Points per ₹150 spent"", ""name"": ""Base Rewards""}, {""child"": ""Earn 50 Reward Points per ₹150 spent"", ""name"": ""Hotels via SmartBuy""}, {""child"": ""Earn 50 Reward Points per ₹150 spent"", ""name"": ""Jockey via SmartBuy""}, {""child"": ""Earn 50 Reward Points per ₹150 spent"", ""name"": ""PharmEasy via SmartBuy""}, {""child"": ""Earn 50 Reward Points per ₹150 spent"", ""name"": ""IGP via SmartBuy""}, {""child"": ""Earn 25 Reward Points per ₹150 spent"", ""name"": ""RedBus via SmartBuy""}, {""child"": ""Earn 25 Reward Points per ₹150 spent"", ""name"": ""Myntra via SmartBuy""}, {""child"": ""Earn 25 Reward Points per ₹150 spent"", ""name"": ""Flights via SmartBuy""}, {""child"": ""Earn 25 Reward Points per ₹150 spent"", ""name"": ""Holidays via SmartBuy""}, {""child"": ""Earn 25 Reward Points per ₹150 spent"", ""name"": ""Drivado via SmartBuy""}, {""child"": ""Earn 25 Reward Points per ₹150 spent"", ""name"": ""Gift Cards via SmartBuy""}, {""child"": ""Earn 25 Reward Points per ₹150 spent"", ""name"": ""Duty Free (Adani One) via Smartbuy""}, {""child"": ""Earn 25 Reward Points per ₹150 spent"", ""name"": ""Apple via SmartBuy""}, {""child"": ""Earn 15 Reward Points per ₹150 spent"", ""name"": ""Trains via SmartBuy""}, {""child"": ""Earn 5 Reward Points per ₹150 spent"", ""name"": ""International""}, {""child"": ""Earn 5 Reward Points per ₹150 spent"", ""name"": ""Telecom & Cables""}, {""child"": ""Earn 5 Reward Points per ₹150 spent"", ""name"": ""Insurance""}, {""child"": ""Earn 5 Reward Points per ₹150 spent"", ""name"": ""Education""}, {""child"": ""Earn 5 Reward Points per ₹150 spent"", ""name"": ""Utilities""}, {""child"": ""Earn 5 Reward Points per ₹150 spent"", ""name"": ""Grocery""}, {""child"": "" No Reward Points on this category."", ""name"": ""Wallets""}, {""child"": "" No Reward Points on this category."", ""name"": ""EMI""}, {""child"": "" No Reward Points on this category."", ""name"": ""Government""}, {""child"": "" No Reward Points on this category."", ""name"": ""Fuel""}, {""child"": "" No Reward Points on this category."", ""name"": ""UPI""}, {""child"": "" No Reward Points on this category."", ""name"": ""Rent""}]","[{""title"": "" Discover Reward Points Redemption Options"", ""subtitle"": ""To explore the full range of redemption options for this card, download the SaveSage Club app now."", ""barCodeImageUrl"": ""/"", ""appUrl"": ""https://savesage.co/ZH8bLjZqSPb""}]",,"[{""milestoneNumber"": 1, ""spent"": 0, ""cycleType"": ""STATEMENT"", ""benefits"": ""12,500 reward points."", ""milestoneType"": ""YEAR""}, {""milestoneNumber"": 2, ""spent"": 1000000, ""cycleType"": ""STATEMENT"", ""benefits"": ""The renewal fee will be waived.Renewal Benefit of 12500 points in case spend based waiver is not met."", ""milestoneType"": ""YEAR""}]","[{""maintitle"": ""Domestic lounge"", ""limit"": [""Unlimited""], ""eligibility"": [""No explicit spend condition""]}, {""maintitle"": ""International lounge"", ""limit"": [""Unlimited""], ""eligibility"": [""Unlimited through Priority Pass membership""]}, {""maintitle"": ""Add on card domestic lounge"", ""limit"": [""Unlimited""], ""eligibility"": [""As per primary card.""]}, {""maintitle"": ""Add on card international lounge"", ""limit"": [""Unlimited""], ""eligibility"": [""Unlimited through Priority Pass membership""]}]",,,,"[{""mainTitle"": ""CLUB ITC"", ""child"": ""1+1 complimentary buffet at participating ITC Hotels""}, {""mainTitle"": ""CLUB ITC"", ""child"": ""2+1 complimentary night @ ITC Hotels""}, {""mainTitle"": ""Club Marriott"", ""child"": ""Club Marriott membership""}, {""mainTitle"": ""Concierge"", ""child"": ""Global personal Concierge""}, {""mainTitle"": ""Golf"", ""child"": ""Unlimited Golf Games and Coaching""}, {""mainTitle"": ""Insurance"", ""child"": ""Accidental Air Death Cover""}]","[""1+1 complimentary buffet at participating ITC Hotels"", ""2+1 complimentary night @ ITC Hotels"", ""Club Marriott membership"", ""Global personal Concierge"", ""Unlimited Golf Games and Coaching"", ""Accidental Air Death Cover""]",,,,savesage.club,https://savesage.club/credit-card/hdfc-infinia-metal
HDFC Diners Club Privilege credit card,HDFC Bank,HDFC,,"[""Experience"", ""Travel Booking"", ""Hotel Transfer"", ""Pay by Points""]",1000,,,3% to 33%,"[{""child"": ""Earn 4 Reward Points per ₹200 spent"", ""name"": ""Base Rewards""}, {""child"": ""Earn 40 Reward Points per ₹200 spent"", ""name"": ""Hotels via SmartBuy""}, {""child"": ""Earn 40 Reward Points per ₹200 spent"", ""name"": ""PharmEasy via SmartBuy""}, {""child"": ""Earn 40 Reward Points per ₹200 spent"", ""name"": ""Jockey via SmartBuy""}, {""child"": ""Earn 40 Reward Points per ₹200 spent"", ""name"": ""IGP via SmartBuy""}, {""child"": ""Earn 20 Reward Points per ₹200 spent"", ""name"": ""Duty Free (Adani One) via Smartbuy""}, {""child"": ""Earn 20 Reward Points per ₹200 spent"", ""name"": ""Myntra via SmartBuy""}, {""child"": ""Earn 20 Reward Points per ₹200 spent"", ""name"": ""Flights via SmartBuy""}, {""child"": ""Earn 20 Reward Points per ₹200 spent"", ""name"": ""Holidays via SmartBuy""}, {""child"": ""Earn 20 Reward Points per ₹200 spent"", ""name"": ""Zomato""}, {""child"": ""Earn 20 Reward Points per ₹200 spent"", ""name"": ""Apple via SmartBuy""}, {""child"": ""Earn 20 Reward Points per ₹200 spent"", ""name"": ""RedBus via SmartBuy""}, {""child"": ""Earn 20 Reward Points per ₹200 spent"", ""name"": ""Swiggy""}, {""child"": ""Earn 20 Reward Points per ₹200 spent"", ""name"": ""Gift Cards via SmartBuy""}, {""child"": ""Earn 12 Reward Points per ₹200 spent"", ""name"": ""Trains via SmartBuy""}, {""child"": ""Earn 4 Reward Points per ₹200 spent"", ""name"": ""Insurance""}, {""child"": ""Earn 4 Reward Points per ₹200 spent"", ""name"": ""Education""}, {""child"": ""Earn 4 Reward Points per ₹200 spent"", ""name"": ""Utilities & Telecom""}, {""child"": "" No Reward Points on this category."", ""name"": ""Rent""}, {""child"": "" No Reward Points on this category."", ""name"": ""UPI""}, {""child"": "" No Reward Points on this category."", ""name"": ""Fuel""}, {""child"": "" No Reward Points on this category."", ""name"": ""Government""}, {""child"": "" No Reward Points on this category."", ""name"": ""Wallets""}, {""child"": "" No Reward Points on this category."", ""name"": ""Education (Third-Party)""}, {""child"": "" No Reward Points on this category."", ""name"": ""EMI""}]","[{""title"": "" Discover Reward Points Redemption Options"", ""subtitle"": ""To explore the full range of redemption options for this card, download the SaveSage Club app now."", ""barCodeImageUrl"": ""/"", ""appUrl"": ""https://savesage.co/ZH8bLjZqSPb""}]",,"[{""milestoneNumber"": 1, ""spent"": 75000, ""cycleType"": ""STATEMENT"", ""benefits"": ""Avail Complimentary Annual memberships of Swiggy One and Times Prime"", ""milestoneType"": ""YEAR""}, {""milestoneNumber"": 2, ""spent"": 150000, ""cycleType"": ""STATEMENT"", ""benefits"": ""₹1,500 worth of voucher from Marriott, Decathlon, Barbeque Nation, O2 Spa or Lakme Salon."", ""milestoneType"": ""QUARTER""}, {""milestoneNumber"": 3, ""spent"": 300000, ""cycleType"": ""STATEMENT"", ""benefits"": ""The renewal fee will be waived."", ""milestoneType"": ""YEAR""}]","[{""maintitle"": ""Domestic lounge"", ""limit"": [""2 per quarter""], ""eligibility"": [""Complimentary on spends of Rs. 15000 in\nprevious calendar quarter.""]}, {""maintitle"": ""International lounge"", ""limit"": [""1 per quarter""], ""eligibility"": [""Complimentary on spends of Rs. 15000 in\nprevious calendar quarter.""]}, {""maintitle"": ""Add on card domestic lounge"", ""limit"": [""Available - limit as per primary card""], ""eligibility"": [""As per primary card.""]}, {""maintitle"": ""Add on card international lounge"", ""limit"": [""Available - limit as per primary card""], ""eligibility"": [""As per primary card.""]}]",,,,"[{""mainTitle"": ""BookMyShow"", ""child"": ""Buy 1 Get 1 Free on Movie/ Non-movie Weekend Tickets""}, {""mainTitle"": ""Insurance"", ""child"": ""Accidental Air Death Cover, Hospitalization, Baggage Delay, Credit Liability Cover""}, {""mainTitle"": ""Swiggy Dineout"", ""child"": ""Upto 10% Off""}]","[""Buy 1 Get 1 Free on Movie/ Non-movie Weekend Tickets"", ""Accidental Air Death Cover, Hospitalization, Baggage Delay, Credit Liability Cover"", ""Upto 10% Off""]",,,,savesage.club,https://savesage.club/credit-card/hdfc-diners-club-privilege
HDFC Diners Club Black credit card,HDFC Bank,HDFC,,"[""Catalogue Products""]",10000,,,1% to 2%,"[{""child"": ""Earn 5 Reward Points per ₹150 spent"", ""name"": ""Base Rewards""}, {""child"": ""Earn 50 Reward Points per ₹150 spent"", ""name"": ""IGP via SmartBuy""}, {""child"": ""Earn 50 Reward Points per ₹150 spent"", ""name"": ""Hotels via SmartBuy""}, {""child"": ""Earn 50 Reward Points per ₹150 spent"", ""name"": ""Jockey via SmartBuy""}, {""child"": ""Earn 50 Reward Points per ₹150 spent"", ""name"": ""PharmEasy via SmartBuy""}, {""child"": ""Earn 25 Reward Points per ₹150 spent"", ""name"": ""RedBus via SmartBuy""}, {""child"": ""Earn 25 Reward Points per ₹150 spent"", ""name"": ""Holidays via SmartBuy""}, {""child"": ""Earn 25 Reward Points per ₹150 spent"", ""name"": ""Apple via SmartBuy""}, {""child"": ""Earn 25 Reward Points per ₹150 spent"", ""name"": ""Myntra via SmartBuy""}, {""child"": ""Earn 25 Reward Points per ₹150 spent"", ""name"": ""Duty Free (Adani One) via Smartbuy""}, {""child"": ""Earn 25 Reward Points per ₹150 spent"", ""name"": ""Flights via SmartBuy""}, {""child"": ""Earn 15 Reward Points per ₹150 spent"", ""name"": ""Trains via SmartBuy""}, {""child"": ""Earn 15 Reward Points per ₹150 spent"", ""name"": ""Gift Cards via SmartBuy""}, {""child"": ""Earn 10 Reward Points per ₹150 spent"", ""name"": ""Restaurants (Weekends)""}, {""child"": ""Earn 5 Reward Points per ₹150 spent"", ""name"": ""Grocery""}, {""child"": ""Earn 5 Reward Points per ₹150 spent"", ""name"": ""Utilities""}, {""child"": ""Earn 5 Reward Points per ₹150 spent"", ""name"": ""Education""}, {""child"": ""Earn 5 Reward Points per ₹150 spent"", ""name"": ""Insurance""}, {""child"": "" No Reward Points on this category."", ""name"": ""UPI""}, {""child"": "" No Reward Points on this category."", ""name"": ""Education (Third-Party)""}, {""child"": "" No Reward Points on this category."", ""name"": ""Rent""}, {""child"": "" No Reward Points on this category."", ""name"": ""Wallets""}, {""child"": "" No Reward Points on this category."", ""name"": ""EMI""}, {""child"": "" No Reward Points on this category."", ""name"": ""Fuel""}, {""child"": "" No Reward Points on this category."", ""name"": ""Government""}]","[{""title"": "" Discover Reward Points Redemption Options"", ""subtitle"": ""To explore the full range of redemption options for this card, download the SaveSage Club app now."", ""barCodeImageUrl"": ""/"", ""appUrl"": ""https://savesage.co/ZH8bLjZqSPb""}]",,"[{""milestoneNumber"": 1, ""spent"": 0, ""cycleType"": ""STATEMENT"", ""benefits"": ""Renewal of subscriptions under welcome benefit (Amazon Prime, Zomato Gold, Times Prime. etc.)"", ""milestoneType"": ""YEAR""}, {""milestoneNumber"": 2, ""spent"": 80000, ""cycleType"": ""CALENDAR"", ""benefits"": ""2 vouchers worth ₹500 each from Uber, Cult Fit Live, BookMyShow, and Tata CLiQ."", ""milestoneType"": ""MONTH""}, {""milestoneNumber"": 3, ""spent"": 500000, ""cycleType"": ""STATEMENT"", ""benefits"": ""The renewal fee will be waived."", ""milestoneType"": ""YEAR""}]","[{""maintitle"": ""Domestic lounge"", ""limit"": [""Unlimited""], ""eligibility"": [""No explicit spend condition""]}, {""maintitle"": ""International lounge"", ""limit"": [""Unlimited""], ""eligibility"": [""Unlimited through Priority Pass membership""]}, {""maintitle"": ""Add on card domestic lounge"", ""limit"": [""Unlimited""], ""eligibility"": [""As per primary card.""]}, {""maintitle"": ""Add on card international lounge"", ""limit"": [""Unlimited""], ""eligibility"": [""Unlimited through Priority Pass membership""]}]",,,,"[{""mainTitle"": ""Amazon Prime"", ""child"": ""Amazon Prime""}, {""mainTitle"": ""BookMyShow"", ""child"": ""BookMyShow""}, {""mainTitle"": ""Club Marriott"", ""child"": ""Club Marriott""}, {""mainTitle"": ""Concierge"", ""child"": ""24x7 Concierge Services""}, {""mainTitle"": ""Cult Fit Live"", ""child"": ""Cult Fit Live""}, {""mainTitle"": ""Golf"", ""child"": ""Complimentary Golf Games""}, {""mainTitle"": ""Good Food Trail"", ""child"": ""HDFC Bank X Swiggy Dineout""}, {""mainTitle"": ""Insurance"", ""child"": ""Air Accident Insurance Cover""}, {""mainTitle"": ""MMT Black"", ""child"": ""MMT Black""}, {""mainTitle"": ""Ola Cabs"", ""child"": ""Ola Cabs""}, {""mainTitle"": ""Swiggy One"", ""child"": ""Swiggy One""}, {""mainTitle"": ""Tata Cliq"", ""child"": ""TataCliq""}, {""mainTitle"": ""Times Prime"", ""child"": ""Times Prime""}]","[""Amazon Prime"", ""BookMyShow"", ""Club Marriott"", ""24x7 Concierge Services"", ""Cult Fit Live"", ""Complimentary Golf Games"", ""HDFC Bank X Swiggy Dineout"", ""Air Accident Insurance Cover"", ""MMT Black"", ""Ola Cabs"", ""Swiggy One"", ""TataCliq"", ""Times Prime""]",,,,savesage.club,https://savesage.club/credit-card/hdfc-diners-club-black