card_name,issuing_bank,issuing_bank_raw,card_network,categories,joining_fee,annual_fee,fee_waiver_condition,reward_rate,reward_structure,redemption_options,welcome_benefits,milestone_benefits,lounge_access,eligibility,interest_rate_apr,forex_markup,other_charges,key_features,pros,cons,rating,source_site,source_url
IndusInd Bank Jio-bp Mobility+ Credit Card,IndusInd Bank,Best IndusInd Bank,RuPay,"[""Best Fuel Credit Cards in India"", ""Best IndusInd Bank"", ""Best IndusInd Bank Credit Cards""]",₹499 + GST,Nil,"Joining Fee Waiver on Spends of ₹10,000 or More in the First 30 Days",,Reward Points,1 Smile = ₹0.25,,"The IndusInd Bank Jio-bp Mobility+ Credit Card comes with monthly and annual milestone benefits, making it a great option for cardholders who have high spending needs and want extra value on their regular spends.","{""domestic"": ""N/A"", ""international"": ""N/A""}",,Monthly – 3.95% | Annual – 47.40%,3.50%,1% Waiver Only at Jio-bp Stations | 2.5% (Minimum ₹300) | N/A,"This is a fuel-dedicated credit card. This card carries a joining charge of ₹499 + GST which can be waived by spending ₹10,000 in the first 30 days of card issuance. 1% Fuel surcharge waiver on Jio-bp spends.",[],"["""", """"]",,cardinsider.com,https://cardinsider.com/indusind-bank/jio-bp-mobility-plus-credit-card/
KVB Corporate Credit Card,Karur Vysya Bank,Karur Vysya Bank,Visa,"[""Karur Vysya Bank"", ""Karur Vysya Bank Credit Cards""]",Nil,Nil,NA,,,You can redeem your reward points by calling the customer care number at 1800 419 6500/022-404 260 31. The customers can log in to your internet banking or mobile banking,,,"{""domestic"": ""2 complimentary domestic lounge access"", ""international"": ""NA""}",,2.95% per month ( 35.40 p.a.),NA,2% fuel surcharge waiver on fuel transactions per month 300 for transactions of Rs 400 to Rs 4000. | 2% on the withdrawal amount or Rs 100 whichever is higher | Nil,No Joining Fee Charged 2 Complimentary Lounge Access in India 2 Reward Points on every Rs 100 spent 1% fuel surcharge waiver on transactions per month 300 for transactions of Rs 400 to Rs 4000.,[],[],,cardinsider.com,https://cardinsider.com/karur-vysya-bank/kvb-corporate-credit-card/
KVB Honour Credit Card,Karur Vysya Bank,Karur Vysya Bank,,"[""Karur Vysya Bank"", ""Karur Vysya Bank Credit Cards""]",Nil,"Rs. 1,299 + GST",Waiver of annual fee on spending Rs. 5 lakhs in the previous year.,,,NA,,"No, you do not get any milestone benefits on the KVB Honour Credit Card.","{""domestic"": ""4 complimentary domestic lounge access"", ""international"": ""NA""}",,3.25% p.m. (39% p. a.),3.50% on the conversion amount,"Avail a 1% fuel surcharge waiver on fuel transactions between Rs. 500 – Rs. 4,000. The maximum waiver benefit is capped at Rs. 200 for one billing cycle. | 2% or a minimum of Rs. 100. | Rs. 99","KVB Honour Credit Card comes with zero fees. Get 700 bonus points on card activation 4x points on domestic and international travels, hotels, and air tickets. 3 reward points for every Rs. 150 spent on this card. 2x reward points on restaurants, medical, books, insurance, rail tickets, movie tickets, and car rental 4 complimentary lounge access within India Waiver of annual fee on spending Rs. 5 lakhs in the previous year.",[],[],,cardinsider.com,https://cardinsider.com/karur-vysya-bank/kvb-honour-credit-card/
KVB Platinum Credit Card,Karur Vysya Bank,Karur Vysya Bank,,"[""Karur Vysya Bank"", ""Karur Vysya Bank Credit Cards""]",Nil,Rs. 599 + GST,Waiver of annual fee on spends of Rs. 1 lakh,,,Rs 100 per redemption request,You get 500 bonus reward points with the KVB Platinum credit card as a sign-up bonus on payment of membership fees.,,"{""domestic"": ""N/A"", ""international"": ""N/A""}",,3.25 % per month (39% p.a),3.5% on the conversion amount,1% fuel surcharge waiver on transactions between Rs 500 and Rs 4000 at petrol stations in India. Maximum discount of Rs 200 per billing cycle. | 2% on the withdrawal amount subject to minimum charge of Rs 100 | Rs 99,"500 bonus reward points as sign-up bonus 2 reward points on every Rs 150 spent on domestic travels, international travel, and air tickets 1.5X reward points on every Rs 150 spent on restaurants, medical bills, insurance, rail tickets, movie ticket booking, and car rentals No joining fee charges 1% fuel surcharge waiver at petrol stations in India Convert your purchases into EMI",[],[],,cardinsider.com,https://cardinsider.com/karur-vysya-bank/kvb-platinum-credit-card/
6E Rewards – Indigo Kotak Bank Credit Card,Kotak Mahindra Bank,Kotak Mahindra Bank,,"[""Kotak Mahindra Bank"", ""Kotak Mahindra Bank Credit Cards""]",Rs. 700 + GST,Rs. 700 + GST,N/A,,Reward Points,The earned 6E Rewards can be redeemed against Indigo flight bookings at a value of 1 6E Reward = Re. 1.,,,"{""domestic"": ""N/A"", ""international"": ""N/A""}",,3.5% per month,3.5% on all foreign currency spends,"N/A | 2.5% on Advance Amount, Subject to a Minimum of ₹500 | Rs. 99 on every redemption request","Get complimentary flight tickets, a 6E add-on, and several other exciting welcome benefits. Up to 3 6E Rewards on your spends. Reward points are easily redeemable against Indigo Airlines.",[],[],,cardinsider.com,https://cardinsider.com/kotak/6e-rewards-indigo-kotak-credit-card/
6E Rewards XL – Indigo Kotak Bank Credit Card,Kotak Mahindra Bank,Kotak Mahindra Bank,,"[""Kotak Mahindra Bank"", ""Kotak Mahindra Bank Credit Cards""]","₹1,500 + GST","₹1,500 + GST",N/A,,,The earned 6E Rewards can be redeemed against Indigo bookings at a value of 1 6E Reward = Re. 1.,,,"{""domestic"": ""8 complimentary domestic lounge access every year."", ""international"": ""N/A""}",,3.50% per month (42% per annum),3.5% on all foreign currency spends.,"N/A | 2.5% on Advance Amount, Subject to a Minimum of ₹500 | Rs. 99 on every redemption request","Get welcome benefits worth more than Rs. 10,000. Earn 6% 6E Rewards on your spends on goindigo.in. 3% 6E rewards on selected categories and 2% 6E rewards on all other spends. 6E Rewards can be redeemed against bookings on Indigo. Up to 20% 6E Rewards on feature partners of Indigo. Discounted convenience fee on Indigo flights. Complimentary domestic lounge access.",[],[],,cardinsider.com,https://cardinsider.com/kotak/6e-rewards-xl-indigo-kotak-credit-card/
IndianOil Kotak Credit Card,Kotak Mahindra Bank,Kotak Mahindra Bank,,"[""Kotak Mahindra Bank"", ""Kotak Mahindra Bank Credit Cards""]",Rs. 449 + GST,Rs. 449 + GST,"Annual fee is waived on spends of Rs. 50,000 or above",,Reward Points,"Reward Points can be redeemed as cashback or to buy merchandise, products, and vouchers on kotakrewards.com. You can redeem your Reward Points for IndianOil XTRAREWARDS as well.",,,"{""domestic"": ""N/A"", ""international"": ""N/A""}",You have to pass certain eligibility requirements in order to get approved for the credit card– Individuals must be a resident of India. Individuals must be between 18 and 65 years of age. Individuals must have a stable source of income and other necessary documents.,3.75% Per Month or 45% Per Annum,3.50%,"1% Waiver on Fuel Spends Between ₹100 and ₹5,000 Only at IndianOil Pumps (Maximum ₹100 Each Statement Cycle) | 2.5% of the Cash Withdrawn (Minimum Charge of ₹500) | Nil","Welcome Benefit of 1000 Reward Points on spending Rs. 500 inside 30 days 24 Reward Points on spending Rs. 150 on fuel at IndianOil outlets 12 Reward Points on spending Rs. 150 on dining and grocery 3 Reward Points on spending Rs. 150 on everything else Annual fee waiver on spends of Rs. 50,000 or more in the previous year 1% fuel surcharge waiver with a maximum of Rs. 100 per month Insurance cover of Rs. 2 Lakhs for personal accident Rupay Contactless payment up to transactions of Rs. 5000",[],[],,cardinsider.com,https://cardinsider.com/kotak/indianoil-kotak-credit-card/
IndiGo Kotak Credit Card,Kotak Mahindra Bank,Kotak Mahindra Bank,,"[""Best Co-Branded Airline Credit Cards"", ""Best Credit Cards for IndiGo BluChips"", ""Kotak Mahindra Bank"", ""Kotak Mahindra Bank Credit Cards""]","₹1,500 + GST","₹1,500 + GST",N/A,,Air Miles,Redeem for Flights & Select IndiGo Services,,"To reward high-spending users, the card offers milestone benefits, allowing them to earn vouchers of up to 7,500 IndiGo BluChips each year. Here is how: Earn a voucher worth 2,500 IndiGo BluChips on spending ₹1,25,000 within the anniversary year Get another voucher worth 2,500 IndiGo BluChips on spending ₹2,50,000 within the anniversary year Receive your 3rd voucher worth 2,500 IndiGo BluChips on spending ₹6,00,000 within the anniversary year","{""domestic"": ""N/A"", ""international"": ""N/A""}",,3.75% Monthly (45% Annually),3.50%,N/A | 2.5% Subject to a Minimum of ₹500 | N/A,"Earn IndiGo BluChips on all spends, with accelerated rewards on IndiGo flight bookings and milestone spend benefits. BluChips can be earned on everyday spends and redeemed for flights, seat selection, and other IndiGo services, with points validity extending based on activity.","[""Offers accelerated rewards for IndiGo flight bookings."", ""Accelerated reward earning for dining and entertainment categories""]","[""The card does not offer any complimentary airport lounge access."", ""There are no travel insurance perks."", ""Users cannot get a spend-based annual fee waiver.""]",,cardinsider.com,https://cardinsider.com/kotak/indigo-kotak-credit-card/
IndiGo Kotak XL Credit Card,Kotak Mahindra Bank,Kotak Mahindra Bank,"Visa, RuPay","[""Best Co-Branded Airline Credit Cards"", ""Best Credit Cards for IndiGo BluChips"", ""Kotak Mahindra Bank"", ""Kotak Mahindra Bank Credit Cards""]","₹3,000 + GST","₹3,000 + GST",N/A,,Air Miles,BluChips Can Be Redeemed for Flight Bookings and More with IndiGo,,"The IndiGo Kotak XL Credit Card offers BluChips vouchers on achieving spend-based milestones. First Voucher Worth 4,000 IndiGo BluChips on Spending ₹1.5 Lakh Second Voucher Worth 4,000 IndiGo BluChips on Spending ₹4 Lakh Third Voucher Worth 4,000 IndiGo BluChips on Spending ₹7.5 Lakh Fourth Voucher Worth 4,000 IndiGo BluChips on Spending ₹12 Lakh This card also provides renewal benefits, including a 4,000 BluChip voucher and a 6E Eats voucher.","{""domestic"": ""2 Free Visits Each Quarter"", ""international"": ""N/A""}",,3.75% Monthly/45% Annually,3.50%,N/A | 2.5% Subject to a Minimum of ₹500 | N/A,"This is a co-branded offering by Kotak Mahindra Bank and IndiGo. Frequent flyers can earn accelerated BluChips for spending made on IndiGo flight bookings. This card even offers free domestic airport lounge access for the comfort of travellers. BluChips earned with the IndiGo Kotak XL Credit Card do not expire. Receive a renewal benefit voucher of 4,000 IndiGo BluChips and a 6E Eats voucher upon payment of the renewal charges each year.","[""The BluChips earned with this credit card will not expire, offering peace of mind to the cardholder who can easily accumulate them over time.""]","[""For a co-branded airline credit card, the reward rate offered by this card is pretty basic.""]",,cardinsider.com,https://cardinsider.com/kotak/indigo-kotak-xl-credit-card/
Kotak 811 Credit Card,Kotak Mahindra Bank,Kotak Mahindra Bank,,"[""Kotak Mahindra Bank"", ""Kotak Mahindra Bank Credit Cards""]",Rs. 500 + GST,Rs. 500 + GST,"Annual fee waived off on spending a minimum of Rs. 50,000 in the preceding year.",,Reward Points,"Reward Points redeemable for mobile recharges, shopping vouchers, gift cards, movie and travel vouchers at Kotak Rewards portal.","You get 500 Bonus Reward Points on spending a minimum of Rs. 5,000 within the first 45 days of card issuance.","If you spend a minimum of Rs. 75,000 with the card in a given membership year, you can choose from any of the following two milestone benefits- 4 complimentary PVR tickets. A cashback of Rs. 750.","{""domestic"": ""N/A"", ""international"": ""N/A""}","To be eligible for Kotak 811 Credit Card, an applicant must satisfy the following eligibility criteria- the primary cardholder must be in the age bracket of 18 years and 65 years, and the add-on cardholder must be above 18 years of age. the primary and add-on cardholder(s) must be resident(s) of India.",3.75% Per Month (45% Annually),3.5% of the transaction amount,"1% fuel surcharge waived off on transactions between Rs. 500 and Rs. 3,000 (max waiver capped at Rs. 3,500 per annum). | 2.5% of the Cash Withdrawn (Minimum Charge of ₹500) | Nil","500 Bonus Reward Points as a welcome benefit on spending Rs. 5,000 with 45 days of card issuance. 2 Reward Points for every Rs. 100 spent online and 1 Reward Point for every Rs. 100 spent offline. 4 PVR tickets of a cashback of Rs. 750 on spending a minimum of Rs. 75,000 in a year. 1.8% surcharge waived off on online transactions at IRCTC and 2.5% surcharge waived off on rail ticket bookings at counters. 1% fuel surcharge waived off on transactions between Rs. 500 and Rs. 3,000 (max waiver capped at Rs. 3,500/year). Lost card insurance cover worth Rs. 50,000 against fraudulent usage of the card applicable 7 days pre-reporting the loss of card to the bank. Annual fee of Rs. 500 waived off on spending a minimum of Rs. 50,000 in the preceding anniversary year.",[],[],,cardinsider.com,https://cardinsider.com/kotak/kotak-811-credit-card/
Kotak 811 #DreamDifferent Credit Card,Kotak Mahindra Bank,Kotak Mahindra Bank,,"[""Kotak Mahindra Bank"", ""Kotak Mahindra Bank Credit Cards""]",Nil,Nil,N/A,,Reward Points,1 Reward Point = ₹0.20,,"On spending Rs. 72,000 or more in an anniversary year using your Kotak Dream Different Credit Card, you get an Amazon voucher worth ₹1,000.","{""domestic"": ""N/A"", ""international"": ""N/A""}","There are no strict eligibility criteria for the Kotak Dream Different Credit Card as it is a secured card. The basic requirements that you need to fulfill are as follows: The primary and the add-on credit card applicants should be more than 18 years of age. He should be an Indian resident. A minimum FD amount of Rs. 10,000 is required.",3.75% Per Month (45% Annually),3.5% on all international transactions.,"1% Fuel Surcharge Waiver for All Transactions Between ₹500 & ₹3,000 | Rs. 300 per Rs. 10,000 withdrawn. | Nil",No joining/renewal fee. Get 1 Reward for every Rs. 100 you spend. 4 Reward Points for every Rs. 100 spent on online purchases. A welcome gift of 500 bonus Reward Points. Spend-based bonus vouchers every year. A 1 % fuel surcharge waiver. Railway surcharge waiver.,[],[],,cardinsider.com,https://cardinsider.com/kotak/kotak-811-dreamdifferent-credit-card/
Kotak Air Credit Card,Kotak Mahindra Bank,Kotak Mahindra Bank,,"[""Kotak Mahindra Bank"", ""Kotak Mahindra Bank Credit Cards""]",Nil (LIMITED TIME OFFER),₹999 + GST,Annual Fee Waiver on Spends of ₹2.5 Lakh in a Year,,Air Miles,Redeem on Kotak Unbox at 1 Air Mile = ₹1 or Transfer to Partner Airline or Hotel,,"Kotak Air Credit Card shall earn a ₹5,000 travel voucher or equivalent Air Miles on every ₹2.5 lakh spent, up to two times in an anniversary year. That means cardholders can unlock flight benefits worth up to ₹10,000 annually just through regular spending.","{""domestic"": ""One Free Visit Per Quarter on Spending ₹60,000 or More in the Previous Quarter"", ""international"": ""N/A""}",,3.75% Monthly | 45% Yearly,3.50%,"1% Waiver for Fuel Transactions Between ₹500 and ₹5,000 | 2.5% | N/A","The Kotak Air Credit Card is an affordable and simple travel offering. This card can be opted for by paying a joining charge of ₹999 + GST. Cardholders shall be eligible for a joining bonus of 1,000 Air Miles on successful payment of joining charges. Kotak Air Credit Cardholders shall be eligible for complimentary domestic airport lounge access. This shall be based on spending requirements Earn 3 Air Miles per ₹100 on flight and hotel bookings via Kotak Unbox, and 1 Air Mile per ₹100 on all other purchases.","[""Those looking for a simple Air Miles credit card with an affordable fee structure can consider this card, as it is easy to understand and budget-friendly.""]","[""The conversion ratio to partner airlines and hotels could have been better. For example, when transferring to Air India or Marriott Bonvoy, you need 3 Kotak Air Miles to get 1 partner point, which lowers the overall value.""]",,cardinsider.com,https://cardinsider.com/kotak/kotak-air-credit-card/
Kotak Bank Fortune Gold Card,Kotak Mahindra Bank,Kotak Mahindra Bank,Visa,"[""Kotak Mahindra Bank"", ""Kotak Mahindra Bank Credit Cards""]",Nil,Nil,N/A,,N/A,N/A,,"You get 4 free PVR movie tickets or a cashback of Rs 750 on annual spending of Rs 1,50,000 using Kotak Bank Fortune Gold credit card","{""domestic"": ""N/A"", ""international"": ""N/A""}","The applicant should be of an age bracket of 21 years to 65 years. The add-on cardholder should be of an age of 18 years Applicant should reside in the following locations Ahmedabad, Mumbai, Navi Mumbai, and Pune. Bangalore, Chandigarh, Chennai, Delhi (including Gurgaon and Noida), Hyderabad, Kolkata. Self-employed income criteria are 3 lakhs whereas income criteria for salaried employees are provided at the bank’s discretion The applicant should be a resident of India.",3.5% per month,3.5% per foreign conversion,1% fuel surcharge waiver on transactions between Rs. 500 and Rs. 3000 | Rs 199 | Nil,"Zero Membership Fee Charged 4 free PVR movie tickets or a cashback of Rs 750 on spends of Rs 1,50,000 1% fuel surcharge waiver on transactions between Rs. 500 and Rs. 3000 Zero liability cover up to Rs 50,000 is provided with this credit card in case of any fraudulent transactions",[],[],,cardinsider.com,https://cardinsider.com/kotak/kotak-bank-fortune-gold-card/
Kotak Cashback+ Credit Card,Kotak Mahindra Bank,Kotak Mahindra Bank,,"[""Best Cashback Credit Cards in India"", ""Kotak Mahindra Bank"", ""Kotak Mahindra Bank Credit Cards""]",Nil (LIMITED TIME OFFER),₹750 + GST,On Spends of ₹2 Lakh Each Year,,Cashback,Redeem Points as Cashback. 1 Reward Point = ₹1,,,"{""domestic"": ""N/A"", ""international"": ""N/A""}",,3.75%/Monthly and 45% Yearly,3.50%,1% Waiver on Transactions Between ₹500 and ₹4000 | N/A | N/A,"The Kotak Cashback+ Credit Card, as the name suggests, is a dedicated card for cashback. This card offers 5% cashback for online food delivery, entertainment, and groceries. Cardholders will also earn 3% cash back on fuel spends and unlimited 0.5% cash back on all other eligible purchases.","[""The Kotak Cashback+ Credit Card is an entry-level credit card and would be most suited for those with mediocre spends.""]","[""There are no renewal or welcome benefits associated with this card.""]",,cardinsider.com,https://cardinsider.com/kotak/kotak-cashback-credit-card/
Kotak Essentia Platinum Credit Card,Kotak Mahindra Bank,Kotak Mahindra Bank,Visa,"[""Kotak Mahindra Bank"", ""Kotak Mahindra Bank Credit Cards""]","₹1,499 + GST",₹749 + GST,Nil,,Reward Points,"Saving Points redeemable on Kotak Rewards portal for travel-related spends, shopping, mobile recharge,  shopping vouchers and movie tickets. The Saving Points can also be used as cash (1 Point = Re. 1) at partner merchants.",,"You get 6 movie tickets by PVR Cinemas or 1200 Reward Points on achieving the milestone of spending Rs. 1,250,00 in 6 months. The PVR tickets will expire 3 months after the program period gets over. You can use the PVR tickets to watch any show any day. The tickets are also transferable. If you choose to get Reward Points instead, the same are credited to your card account in the next billing cycle. There are many options for the redemption of the Reward Points like air tickets, movie tickets, mobile recharge and branded merchandise. The Reward Points must be claimed within 3 months after the program gets over.","{""domestic"": ""NA"", ""international"": ""NA""}","The age of the applicant must be between 21 and 65 years. The card is available only at select locations – Ahmedabad, Bangalore, Chandigarh, Chennai, Delhi (including Gurgaon and Noida), Hyderabad, Kolkata, Mumbai, Navi Mumbai and Pune.",3.75% Per Month or 42% Annually,3.5% + GST,"Applicable, subject to a minimum surcharge of Rs. 10 | 2.5% or a Minimum of ₹500 | Nil","Reward Points earned as Saving Points for all transactions. 10 Saving Points for every Rs. 100 spent on departmental and grocery stores (min transaction of Rs.1,500 and max transaction of Rs. 4,000). Saving Points earned on purchases from grocery and departmental stores capped at 500 Points/month. 1 Saving Point for every Rs. 250 on all other spends (no cap in this case). 1 Saving Point = Re. 1 redeemable on Kotak Rewards Portal or for payments at partner merchants. 6 movie tickets or 1200 Reward Points on expenditure of Rs. 1,25,000 in 6 months. Support for contactless payment with Visa payWave. No PIN required for transactions up to Rs. 5,000. Priority assistance with KASSIST.",[],[],,cardinsider.com,https://cardinsider.com/kotak/kotak-essentia-platinum-credit-card/
Kotak League Platinum Credit Card,Kotak Mahindra Bank,Kotak Mahindra Bank,,"[""Kotak Mahindra Bank"", ""Kotak Mahindra Bank Credit Cards""]",Lifetime Free,Lifetime Free,"Get spend based waiver on the annual fee of Rs 500 on annual spending of Rs 50,000.",,Reward Points,You can redeem the reward point accumulated at the Kotak rewards portal. You can use the Pay with Points facility provided by the bank at the partner merchant store.,,"The Kotak League Premium Credit Card offers users four free PVR tickets or 10,000 reward points on spending ₹1,25,000 every six months, as a part of its milestone spending benefit. Cardholders can select either of the redemption options, whichever they prefer the most.","{""domestic"": ""N/A"", ""international"": ""N/A""}",,3.75% Per Month (45% Per Annum),3.5% on the conversion amount,"1% Waiver on Fuel Transactions Between ₹500 and ₹4,000 | 2.5% or a Minimum of ₹500 | Nil","8x reward points on annual spending up to ₹2 lacs on special categories and 4x reward points on other categories. 8x reward points on annual spending of ₹2 lacs or above on special categories, as well as other categories. Get four free PVR tickets or 10,000 Reward Points on spending Rs 1,25,000 every 6 months Protection liability up to Rs 1,25,000 in case of theft or loss of the card. Spend-based waiver on annual spending of ₹50,000. 1% fuel surcharge waiver on your fuel transactions between ₹500 and ₹3000.",[],[],,cardinsider.com,https://cardinsider.com/kotak/kotak-league-platinum-credit-card/
Kotak Mahindra Bank UPI RuPay Credit Card,Kotak Mahindra Bank,Kotak Mahindra Bank,RuPay,"[""Kotak Mahindra Bank"", ""Kotak Mahindra Bank Credit Cards""]",Nil,Nil,N/A,,Reward Points,1000 Reward Points = Rs. 100,,,"{""domestic"": ""N/A"", ""international"": ""N/A""}","You would need to fulfil the following criteria to successfully apply for a Kotak Bank UPI RuPay Credit Card- Applicant must be a citizen of India, Applicant must be between the ages of 18 and 65, Applicant must be an existing Kotak Bank customer.",3.5% (Annual Rate – 42%),3.5% Per Transaction  + GST,N/A | N/A | N/A,You can earn reward points on your UPI spends with this card. This is a virtual credit card. This is a lifetime free credit card. Earn 3 Reward Points per spend of Rs. 100 made with this card.,"[""You can earn reward points on your UPI spends with this card."", ""Earn 3 Reward Points per spend of Rs. 100 made with this card.""]","[""There are no welcome benefits associated with this card."", ""Apart from reward points, there aren’t many benefits with this card.""]",,cardinsider.com,https://cardinsider.com/kotak/kotak-mahindra-bank-upi-rupay-credit-card/
Kotak Mojo Platinum Credit Card,Kotak Mahindra Bank,Kotak Mahindra Bank,,"[""Kotak Mahindra Bank"", ""Kotak Mahindra Bank Credit Cards""]","₹1,000 + GST","₹1,000 + GST","The joining fee is waived off on spending Rs. 30,000 or more within the first 90 days and the renewal fee is waived off on spending Rs. 1 lakh or more in the previous year.",,Reward Points,Mojo Points Can be Redeemed Against Various Categories at a Rate of 1 Mojo Point = ₹0.20,,"You get gift vouchers worth Rs. 2,500 on spending Rs. 75,000 or more in a quarter. This benefit is applicable for the first year only.","{""domestic"": ""2 Complimentary Domestic Lounge Access Every Quarter on Spends of ₹75,000 in the Previous Quarter"", ""international"": ""N/A""}",There are certain eligibility requirements that need to be fulfilled by your if you want to get approved for this card. Some basic eligibility criteria for the Mojo Kotak Credit Card are given below: The age of the applicant (primary cardholder) should be between 21 years and 65 years. The applicant should be a resident of India. The net annual income of the applicant should be 4 lakhs or more.,3.75% Per Month (45% Annually),3.50%,"You get a 1% fuel surcharge waiver across all fuel stations for all fuel transactions between Rs. 500 & Rs. 3,000 | 2.5% or a Minimum of ₹500 (Whichever is Higher) | Nil","Get 1 Mojo Point on every Rs. 100 you spend. Get 2.5x Mojo Points on online spends and 5x Mojo Points on KayMall spends. Mojo Points redeemable against the outstanding statement. Get complimentary domestic lounge access every year. Gift vouchers worth Rs. 1,000 on achieving the milestone spend. Spend-based joining and renewal fee waiver. Insurance cover against a lost/stolen card. Save more through fuel surcharge waiver & railway surcharge waiver.",[],[],,cardinsider.com,https://cardinsider.com/kotak/kotak-mojo-platinum-credit-card/
Kotak Privy League Signature Credit Card,Kotak Mahindra Bank,Kotak Mahindra Bank,Visa,"[""Kotak Mahindra Bank"", ""Kotak Mahindra Bank Credit Cards""]",Nil (For Both Variants),"Rs. 2,500 + GST (for the Paid Variant), Nil (for Free Variant)",The annual membership fee will be waived off if the cardholder spends Rs. 5 lakh in the preceding year or by maintaining Insignia or True Optima Banking Relationship,,Reward Points,Reward Points redeemable on Kotak reward redemption portal.,,You get spend-based milestone benefits on the credit card based on the spendings in an anniversary year. The benefits are earned as per the tables below- For the Paid Variant For the Free Variant,"{""domestic"": ""2 Complimentary visits to the Dream Folks Lounges in India"", ""international"": ""Complimentary Priority Pass membership (with both variants), 4 complimentary lounge visits every year visits with Priority Pass (paid variant only)""}","To be eligible for the credit card, you must be A Privy League banking customer, In the age bracket of 21 years and 65 years, Resident of India, The minimum age for an add-on credit card holder is 18 years, This card is available to customers located in Chandigarh, Ahmedabad, Bangalore, Chennai, Delhi, Gurgaon, Noida, Hyderabad, Kolkata, Mumbai and Pune.",2.49% per month (29.88% annually),2% for paid variant and 3.5% for the free variant (exclusive of GST),"Waived | Rs. 300 per Rs. 10,000 withdrawn or part thereof | Nil","The card is exclusive to Privy customers of the bank and is offered in two variants- the paid variant and the free variant. Under the shopper’s plan, you get 5X reward points on select shopping categories (the categories slightly differ for the two variants) and 2X reward points on all other spends. Traveller’s plan earns you 5X reward points on select travel categories (categories different for the two variants) and 2X points on all other spends. 6,400 bonus reward points every quarter on expenditure of Rs. 1,000 in all three months of the previous quarter (applicable only for paid variant). Bonus reward points for achieving incremental spending milestones. Complimentary domestic airport lounge access and Priority Pass membership (4 complimentary visits with Priority Pass on the paid variant). A lower interest rate of 2.49% per month. Fuel and railway surcharge waiver. Premium concierge service regarding hotel/flight bookings, spa/fitness centre information, referral assistance, etc.",[],[],,cardinsider.com,https://cardinsider.com/kotak/kotak-privy-league-signature-credit-card/
Kotak Royale Signature Credit Card,Kotak Mahindra Bank,Kotak Mahindra Bank,,"[""Kotak Mahindra Bank"", ""Kotak Mahindra Bank Credit Cards""]",Nil,Rs. 999 + GST,"The renewal fee can be waived if you spend Rs. 1,00,000 or more in the preceeding year.",,,The Reward points are redeemable on kotakrewards against various categories. 1 RP = 18.75 paise.,,"You get 10,000 Reward Points on achieving a spend of Rs. 4 lakhs in a year. You get 30,000 Reward Points if you spend Rs. 8 lakhs or more in a year. You get these bonus Reward Points at the end of the term.","{""domestic"": ""2 complimentary access to domestic lounges per quarter"", ""international"": ""NA""}",The following table shows the eligibility criteria for the Kotak Royal Signature Card:,3.4% per month,3.5% on all foreign currency spends,"1% fuel surcharge is waived at all fuel stations. | Rs. 300 per Rs. 10,000 withdrawn | Nil","No joining fee. Get 2 Reward Points per Rs. 150 you spend with your Kotak Royale Signature Credit Card. Get 4 Reward Points for every Rs. 150 spent on restaurants, hotels, airlines, travel agencies, international spends, etc. Get complimentary airport lounge access. A 1% fuel surcharge waiver. Railway surcharge waiver. Spend-based renewal fee waiver. Earn up to 30,000 bonus RPs every year based on your spends.",[],[],,cardinsider.com,https://cardinsider.com/kotak/kotak-royale-signature-credit-card/
Kotak Urbane Gold Credit Card,Kotak Mahindra Bank,Kotak Mahindra Bank,,"[""Kotak Mahindra Bank"", ""Kotak Mahindra Bank Credit Cards""]",Nil,Rs. 199 + GST,"Get the annual fee waived on spending Rs. 15,000 in the previous year.",,Reward Points,"Redeem the earned points for various categories like Movie Tickets, Mobile Recharge, etc. Rewards Points can used to pay your shopping bills through PayByPoints Program",,"With Kotak Urbane Gold Credit Card, upon reaching the spending limit of Rs. 1,00,000 ; you have the option to avail any 1 of the following milestone benefits : Free PVR Tickets – 4 Bonus Reward Points – 10,000 If you opt for PVR Tickets, you can use them for any day, any show and can even transfer them. These can be redeemed against movie tickets booked through pvrcinemas . These can be claimed within 3 months of the expiry of the program period. Further, the tickets have to be priced under Rs. 400. If you book a ticket that costs you more than Rs. 400, you will have to pay the amount over and above Rs. 400. If you opt for Rewards Points, they will be credited in your account in the next billing cycle and can be redeemed against AirTickets, Movie Tickets, Mobile Recharge or Branded Merchandise. The reward points can be claimed within three months of the expiry of the program period.","{""domestic"": ""N/A"", ""international"": ""N/A""}","Following are the Eligibility criteria applicable for the Urbane Gold card by Kotak Bank which need to be fulfilled by the applicant: This card is applicable only in a few locations as of now which are- Ahmedabad, Chennai, Bangalore, Delhi (including Gurgaon and Noida), Kolkata, Mumbai, Hyderabad, Navi Mumbai & Pune",3.5% per month (or 42% annually),3.5% on all foreign transactions,"N/A | Rs. 300 per Rs. 10,000 withdrawn | Nil","3x Reward Points per Rs. 100 spent Either 4 PVR Tickets or 10,000 Reward Points as Milestone benefit Insurance coverage for a lost card Get add-on card and enjoy added benefits",[],[],,cardinsider.com,https://cardinsider.com/kotak/kotak-urbane-gold-credit-card/
Kotak Veer Platinum Credit Card,Kotak Mahindra Bank,Kotak Mahindra Bank,,"[""Kotak Mahindra Bank"", ""Kotak Mahindra Bank Credit Cards""]",Nil,Rs. 299 + GST,"Annual fee waiver on spending Rs. 50,000 or more in a year.",,Reward Points,"The reward points are redeemable for various categories like Movie Tickets, Mobile Recharge, etc. 1 Reward Point = Re.0.25.",Get a welcome benefit of 500 Reward Points which will be credited to your account upon spending of Rs. 500 through your Kotak Veer Platinum Credit Card in the first 30 days of card issuance.,,"{""domestic"": ""NA"", ""international"": ""NA""}","Only Indian residents are eligible for the card. The officials of the armed forces are eligible to apply for this card. The primary applicant should be between 18 years and 65 years of age. The add-on applicant should be above 18 years. This card is available in a few location like Ahmedabad, Chandigarh, Chennai, Bangalore, Delhi (including Gurgaon and Noida), Kolkata, Hyderabad, Mumbai & Pune",3.5% per month (or 42% annually),3.5% on all foreign transactions,"1% at all fuel stations in India | Rs. 300 is charged for every Rs. 10,000 withdrawn | Nil","3x Reward Points per Rs. 200 spent towards dining, grocery etc 2 Reward Points per Rs. 200 spent on other categories Insurance coverage if the card is lost. Welcome offer on the basis of your spend in the first 30 days Get add-on card & enjoy added benefits",[],[],,cardinsider.com,https://cardinsider.com/kotak/kotak-veer-platinum-credit-card/
Kotak Veer Select Credit Card,Kotak Mahindra Bank,Kotak Mahindra Bank,,"[""Kotak Mahindra Bank"", ""Kotak Mahindra Bank Credit Cards""]",Nil,Rs. 599 + GST,"On spending Rs. 1,00,000 on retail purchases, the annual fee for the next year is waived.",,Reward Points,"Redeem points against a host of categories such as Movies, Mobile Recharges, and e-vouchers. 1 Kotak Reward Point = Re. 0.25.","As a welcome benefit, you get complimentary IHO membership worth Rs. 8,500 on spending Rs. 500 within the first 30 days of card issuance.",,"{""domestic"": ""2 complimentary domestic airport lounge access every quarter"", ""international"": ""NA""}","The applicant should be an Indian armed force official. The applicant should be a resident of India. The age of the primary cardholder should be between 18-65 years. The age of the add-on cardholder should be 18 years or above. You can avail of this credit card at the following locations: Ahmedabad, Bangalore, Chandigarh, Chennai, Delhi (including Gurgaon and Noida), Hyderabad, Kolkata, Mumbai, and Pune.",3.5% per month (42% annually),3.50%,"1% fuel surcharge waiver across all petrol pumps (capped at Rs. 3500 annually) | Rs. 300 per withdrawal of Rs. 10,000. | NA","Get complimentary IHO membership worth Rs. 8,500 as a welcome benefit on spending Rs. 500 in the first 30 days Earn 9 reward points on every Rs. 200 spent on movies, dining, grocery, and departmental stores Get 3 reward points on every Rs. 200 spent in all other categories 8 complimentary domestic airport lounge access per year (capped at 2 per quarter) Enjoy an annual fee waiver on the spending of Rs. 1,00,000 1% fuel surcharge waiver across all fuel stations (capped at Rs. 3500 per annum) 1.8% railway surcharge waiver on the IRCTC website; 2.5% for transactions on Indian Railway Booking Counters",[],[],,cardinsider.com,https://cardinsider.com/kotak/kotak-veer-select-credit-card/
Kotak White Credit Card,Kotak Mahindra Bank,Kotak Mahindra Bank,,"[""Kotak Mahindra Bank"", ""Kotak Mahindra Bank Credit Cards""]","Rs. 3,000 + GST","Rs. 3,000 + GST",Annual fee waived on expenditure of Rs. 5 lakh in the preceeding year,,Reward Points,White Pass value redeemable for vouchers from partner brands,,,"{""domestic"": ""8 complimentary domestic lounge access every year (2/quarter)"", ""international"": ""4 complimentary international lounge access annually with Priority Pass""}","The eligibility criteria that need to be fulfilled by the applicants in order to get the Kotak White Credit Card are as mentioned below: The primary cardmember must be between 28 and 65 years of age. The add-on cardholder should be 18 years or above. The annual income of the applicant must be Rs. 25 lakh or above. The card can be issued only at select locations in India – Delhi/Noida/Gurgoan, Mumbai, Ahmedabad, Bangalore, Chandigarh, Chennai, Hyderabad, Kolkata, and Pune.",3.1% per month (37.2% annually),3.5% + GST,"Waived for transactions between Rs. 500 and Rs. 3,000 (max waiver of Rs. 3,500/year) | Rs. 300 per Rs. 10,000 (or part thereof) withdrawn. | Nil","Rewards as White Pass value. Earn White Pass value on achieving spends-based milestones. Voucher worth Rs. 1,500 on the expenditure of Rs. 30,000 within 60 days of card issuance. 4 complimentary international lounge access with Priority Pass membership. 8 complimentary domestic lounge access every year (2 per quarter). Fuel and railway surcharge waiver. Protection against unauthorized transactions worth Rs. 2.5 lakh from 7 days prior to reporting the loss of card.",[],[],,cardinsider.com,https://cardinsider.com/kotak/kotak-white-credit-card/
Kotak White Reserve Credit Card,Kotak Mahindra Bank,Kotak Mahindra Bank,,"[""Kotak Mahindra Bank"", ""Kotak Mahindra Bank Credit Cards""]","₹12,500 + GST","₹12,500 + GST","The renewal fee can be waived off on spending Rs. 10,00,000 or more in the previous year.",,Reward Points,"The White Pass Value can be redeemed against various vouchers, flights, and hotels, etc available at kotakbankwhite. The White Pass Value can also be redeemed for cash.",,,"{""domestic"": ""Unlimited Access for Both Primary and Add-On Cardholders"", ""international"": ""Unlimited International Lounge Access for Both Primary and Add-On Cardholders""}",The applicant should be a resident of India. The applicant should be between 21 and 65 years of age. The applicant should have a stable source of income. The applicant’s CIBIL Score should be more than 750.,3.5% per month (or 42% annually),2% on all international transactions,"1% for Fuel Transactions Between ₹400 to ₹7,500 | 2.5% of the Cash Withdrawn (Minimum Charge of ₹500) | Nil",Rewards are given in the form of White Pass value White Pass Value can be earned by achieving the spends-based milestone Complimentary Club Marriott Membership 20% off on F&B bills across the Asia Pacific 20% off on the best available room rates in India and in the Asia Pacific on weekends Low foreign currency markup fee of 2% on all international transactions Complimentary lounge access to primary and add-on cardholders Free golf rounds across the world for the primary cardholders,[],[],,cardinsider.com,https://cardinsider.com/kotak/kotak-white-reserve-credit-card/
Kotak Zen Signature Credit Card,Kotak Mahindra Bank,Kotak Mahindra Bank,,"[""Kotak Mahindra Bank"", ""Kotak Mahindra Bank Credit Cards""]","₹1,500 + GST","₹1,500 + GST","You can get an annual fee waiver of Rs 1500 on the spending of Rs 1,50,000",,Reward Points,"1 Zen Point = Rs 0.25  redemption with the Kotak Reward program, you can redeem these reward points for exclusive vouchers and special discounts on partner deals and offers. You also can redeem these reward points and convert them into cash to pay for your shopping spends at partner merchant outlets",,"You can earn 7500 bonus Zen Points on annual spending of Rs 3,00,000 and up to 15000 bonus Zen Points on annual spending of Rs 6,00,000 in the previous year.","{""domestic"": ""8 Complimentary Domestic Lounge Access Every Year (Spend-Based)"", ""international"": ""3 Complimentary International Lounge Visits""}","The eligibility requirements that need to be fulfilled in order to get this credit card are as follows: The applicant should be a resident of India. The applicant should be of age between 21 years to 65 years Net Income of Self-Employed or Salaried person should be Rs 4.8 Lakhs or above You can avail of this credit card at the following mentioned locations Chandigarh, Chennai, Delhi (including Gurgaon and Noida), Hyderabad, Kolkata, Mumbai, Pune, Ahmedabad, and Bangalore,",3.75% Per Month (45% Per Annum),3.50%,1% fuel surcharge waiver on transactions between Rs 500 and Rs 3000 | 2.5% or Minimum of ₹500 | Nil,"1500 Zen Points on Payment of Joining fees 8 Complimentary Domestic Lounge Access every year 3 Complimentary International Lounges 7500 bonus Zen Points on annual spending of Rs 3,00,000 15000 bonus Zen Points on annual spending of Rs 6,00,000 Annual fee waiver on the annual spending of Rs 1,50,000 or above 1% fuel surcharge waiver on transactions between Rs 500 and Rs 3000",[],[],,cardinsider.com,https://cardinsider.com/kotak/kotak-zen-signature-credit-card/
Kotak811 Super Money Credit Card,Kotak Mahindra Bank,Kotak Mahindra Bank,RuPay,"[""Best Fintech Credit Cards in India"", ""Kotak Mahindra Bank"", ""Kotak Mahindra Bank Credit Cards""]",Lifetime Free,Lifetime Free,N/A,,Cashback,Cashback Can Be Redeemed Via super.money,,,"{""domestic"": ""N/A"", ""international"": ""N/A""}",,3.50% Monthly (42% Yearly),2%,N/A | N/A | N/A,The Kotak811 Super Money Credit Card is a co-branded card. This is most suited for those looking to earn cashback on their UPI spends.,"[""Those who often make UPI spends can use this card to earn cashback.""]","[""The cashback cap could have been higher.""]",,cardinsider.com,https://cardinsider.com/kotak/kotak811-super-money-credit-card/
Metro Kotak Credit Card,Kotak Mahindra Bank,Kotak Mahindra Bank,,"[""Kotak Mahindra Bank""]",Nil,Nil,N/A,,,The cashback is directly credited to the cardholder’s accounts.,,,"{""domestic"": ""N/A"", ""international"": ""N/A""}","You will have to fulfill a few eligibility requirements in order to get approved for this credit card. Some important eligibility criteria for the Metro Kotak Credit Card are given below: The age of the primary card applicants should be between 18 years and 65 years. The applicant must be a resident of India. The applicant should hold a valid Metro wholesale membership. Only self-employed, Proprietors, and Partners of Partnership firms are eligible to apply for this card. The income of the applicant/business and their credit score might also be important factors.",3.5% per month,N/A,"N/A (fuel transactions are not applicable to this card) | Rs. 300 for every withdrawal of Rs. 10,000 | Nil",Lifetime free credit card. Exclusively for Metro Wholesale members. An opportunity to earn Rs. 500 cashback as an introductory benefit. 1% cashback on monthly spends above Rs. 5 lakhs. 0.25% to 0.50% cashback on monthly spends below Rs. 5 lakhs.,[],[],,cardinsider.com,https://cardinsider.com/kotak/metro-kotak-credit-card/
Myntra Kotak Credit Card,Kotak Mahindra Bank,Kotak Mahindra Bank,,"[""Kotak Mahindra Bank"", ""Kotak Mahindra Bank Credit Cards""]",₹500 + GST,₹500 + GST,Rs. 2 Lakhs in the previous year,,Cashback,Cashback is automatically credited to the card statement,You get a Myntra voucher worth Rs. 500 on activating your card and making 1 transaction above Rs. 500 within 30 days of getting the card. The voucher is sent to the cardholder via SMS or email within 30 days and can be used to get the discount.,"Get 2 complimentary PVR movie tickets, each worth Rs. 250, on spends of Rs. 50,000 or more in the calendar quarter. Wallet reloads, rent, and fuel spends are not considered towards the benefit.","{""domestic"": ""1 complimentary lounge access per quarter"", ""international"": ""N/A""}",,3.7% per month or 44.4% per annum,3.50%,1% fuel surcharge waiver | 2.5% of the Cash Withdrawn (Minimum Charge of ₹500) | Nil,"Myntra voucher worth Rs. 500 on making 1 transaction above Rs. 500 within 30 days of card issuance 7.5% discount on Myntra spends, capped at Rs. 750 per transaction 5% cashback on partner brands like Swiggy, PVR, Urban Company, etc., capped at Rs. 1000 per cycle Unlimited 1.25% cash back on other online and offline spends, with a few exclusions Complimentary Myntra Insider program membership 1 complimentary domestic lounge access per quarter 2 complimentary PVR tickets worth Rs. 250 on spends of Rs. 50,000 per quarter Renewal fee waiver on spends of Rs. 2 Lakhs in the anniversary year 1% fuel surcharge waiver on transactions between Rs. 500 to Rs. 3000",[],[],,cardinsider.com,https://cardinsider.com/kotak/myntra-kotak-credit-card/
PVR INOX Kotak Credit Card,Kotak Mahindra Bank,Kotak Mahindra Bank,,"[""Best Credit Cards for Movie Tickets in India"", ""Kotak Mahindra Bank"", ""Kotak Mahindra Bank Credit Cards""]",Nil,₹499 + GST,N/A,,Movie Tickets,N/A,,,"{""domestic"": ""N/A"", ""international"": ""N/A""}",You can apply for this credit card if you fulfill the following criteria. The applicant must be between the ages of 18 and 65 years. Must be a citizen of India. The minimum age for the add-on credit card is 18. The applicant must have a stable income and a good credit score.,3.5% Monthly (Annualized 42%),3.50%,N/A | 2.5% of Amount or Rs. 500 | N/A,"This card is specially designed for moviegoers. You would get one movie ticket on each spend of Rs. 10,000 in a monthly cycle. Get a 20% discount on F & B options at the theatre. You would also get a 5% discount on movie ticket booking with PVR/INOX.","[""This credit card comes with zero joining fees.""]","[""Unfortunately, there are no waivers available based on spending to waive the renewal charges""]",,cardinsider.com,https://cardinsider.com/kotak/pvr-inox-kotak-credit-card/
PVR Kotak Gold Credit Card,Kotak Mahindra Bank,Kotak Mahindra Bank,,"[""Kotak Mahindra Bank"", ""Kotak Mahindra Bank Credit Cards""]",Nil,Rs. 499 + GST,N/A,,,The movie tickets can be redeemed by logging in to kotak.com or by sending an SMS,,,"{""domestic"": ""N/A"", ""international"": ""N/A""}","The eligibility criteria that you need to fulfill in order to get approved for the PVR Kotak Gold Credit Card are as follows: Your age should be a minimum of 21 years. You should have a stable source of income, i.e, you should either be salaried or self-employed. You should have a decent credit history.",3.5% per month,3.5% on all foreign currency spends,1% fuel surcharge fee will be applicable. | Rs. 300 | Nil,"Get 1 free PVR Movie ticket each month on spending Rs. 10,000 in a month. Enjoy 2 free PVR Movie tickets each month on spending Rs. 15,000 in a month. Comes with a Zero Joining Fee You get a cashback of 15% on Food and Beverages at PVR. 5% cashback on Movie tickets at PVR Box Office.",[],[],,cardinsider.com,https://cardinsider.com/kotak/pvr-kotak-gold-credit-card/
PVR Kotak Platinum Credit Card,Kotak Mahindra Bank,Kotak Mahindra Bank,,"[""Kotak Mahindra Bank"", ""Kotak Mahindra Bank Credit Cards""]",Nil,Rs. 999 + GST,NA,,,The free PVR movie tickets you get can be redeemed either by sending an SMS to the bank’s customer care or by the net banking option available on the bank’s website.,,,"{""domestic"": ""NA"", ""international"": ""NA""}",,3.5% per month,3.5% on all foreign currency spends,"1% fuel surcharge is applicable at all fuel stations | Rs. 300 per withdrawal of Rs. 10,000 | Nil","Zero joining fee. You get 2 free PVR movie tickets every month on spending Rs. 10,000 or more. Insurance coverage in case the card is lost. Zero liability protection in case the card is lost/stolen.",[],[],,cardinsider.com,https://cardinsider.com/kotak/pvr-kotak-platinum-credit-card/
Kotak Solitaire Credit Card,Kotak Mahindra Bank,Kotak Mahindra Bank,Visa,"[""Kotak Mahindra Bank"", ""Kotak Mahindra Bank Credit Cards""]",Nil,"₹25,000 + GST (Waived for Solitaire Customers)",N/A,,Air Miles,Transfer Air Miles to Preferred Hotel/Airline Partner (1 Air Mile = ₹1),,,"{""domestic"": ""Unlimited Access for Primary and Add-on Cardholders"", ""international"": ""Unlimited Global Access for Primary and Add-on Cardholders""}",,3.5% (42% Annually),Zero Charges,"1% Waiver on Transactions Between ₹400 – ₹7,500. Maximum Waiver of ₹10,000 Each Year | 1% of the Amount Withdrawn | Nil","The Solitaire Credit Card is a super premium offering by Kotak Mahindra Bank. Kotak Solitaire customers do not have to pay any joining or annual fees for this card. Cardholders can earn accelerated 10 Air Miles for travel spends with Kotak Unbox. Air Miles earned with this card shall be valid for a period of three years. Air Miles can be transferred to over 10 partner hotels and airlines. Free global airport lounge access is offered with this card. 1% fuel surcharge waiver up to ₹10,000 each year.","[""The Kotak Solitaire Credit Card is essential for Solitaire account holders, as they enjoy all the benefits of this card without any joining or annual fees."", ""In addition to unlimited global airport lounge access, the card also includes complimentary visits for guests.""]","[""While this card has no Forex markup fee, it lacks rewards for international transactions, making it more of a Forex card than a practical credit card for spending abroad."", ""For a credit card that is positioned as a premium offering, this card lacks crucial benefits and privileges, such as golfing and movie discounts.""]",,cardinsider.com,https://cardinsider.com/kotak/solitaire-credit-card/
LIC Eclat Credit Card by IDBI Bank,LIC,LIC,,"[""LIC"", ""LIC Credit Cards""]",Nil,Nil,N/A,,Reward Points,1 Delight Point = ₹0.25,,,"{""domestic"": ""2 airport lounge visits per quarter"", ""international"": ""N/A""}","Minimum age: 21 years (18 for add-on cards). Maximum age: 60 for salaried, 65 for self-employed or retired. Salaried: At least 1 year of job experience. Self-employed: At least 2 years of business experience. Salaried: Must have a net income of at least ₹75,000 per month. Self-employed: Minimum annual income of ₹12 lakhs as per income tax returns. Must be employees, agents, or policyholders of LIC and its associated companies. Must be a resident of India. Those with only commission, rental, or interest income (except LIC agents) cannot apply. Salaried employees from sole proprietorships, partnerships, or contracts are not eligible. Can’t already have a credit card from IDBI Bank.",3.4% per month/ 40.8 per annum,3.50%,"A 1% fuel surcharge waiver on fuel transactions of at least ₹400 and no more than ₹5,000. | 2.5% of transaction fee or ₹500 | ₹99 + GST",Lifetime-free credit card with no joining and renewal fee. Includes personal accident cover and shield protection for added security. Enjoy BOGO movie ticket offers through BookMyShow. 2 complimentary domestic airport lounge visits per quarter.,"[""Earn 1,500 Delight Points as welcome benefits."", ""A 1% waiver on fuel transactions between ₹400 and ₹5,000 is also offered.""]","[""Forex markup fee is quite high."", ""No benefits are offered on dining and golf.""]",,cardinsider.com,https://cardinsider.com/lic-cards/lic-eclat-credit-card-idbi-bank/
LIC Gold EMV Credit Card,LIC,LIC,Visa,"[""LIC"", ""LIC Credit Cards""]",Nil,Nil,N/A,,Reward Points,1 RP = ₹0.25,,,"{""domestic"": ""N/A"", ""international"": ""N/A""}","The applicant must check the eligibility requirements and the documents before applying for a LIC Gold EMV Credit Card. He/She should be a citizen of India. The age requirement lies between 18-60 years. He/she should be either salaried or self-employed. He/she must have maintained a good credit score between 700-750. The applicant must attach address proof (any one – Aadhaar card, Voter ID, and Passport) He/she is also required to submit proof of income (any one – bank statement or salary slip from the last 3 months, the last 2 years’ audited financial report, etc.) The applicant is also required to submit any one  Identity Proof (Aadhaar Card, Driving License, Voter ID)",2.75% p.m. (33% p.a.),3.50%,Avail a 2.5% fuel surcharge waiver at all petrol pumps in India | 2.5% or a minimum of ₹250. | ₹30 + GST,"The LIC Gold EMV Credit Card comes with no joining fee. This card is valid for 5 years. Earn 1 Reward Point on every ₹150 spent on this credit card. Get personal accident cover of up to ₹1 lakh. Get a credit shield of upto ₹50,000 in case of permanent disability. Get purchase protection of ₹50,000. Get an interest-free credit period of 15 to 45 days.","[""Provides personal accident cover of up to ₹1 lakh and a credit shield of up to ₹50,000 for permanent disability."", ""Offers a revolving credit facility with various payment options, making it easier to manage finances.""]","[""The Forex Markup fee of this card is high."", ""There are no benefits with this card, such as movies, dining, travel, etc.""]",,cardinsider.com,https://cardinsider.com/lic-cards/lic-gold-emv-credit-card/
LIC IDFC Classic Credit Card,LIC,LIC,,"[""LIC"", ""LIC Credit Cards""]",Nil,Nil,N/A,,Reward Points,“Pay With Points” or Redeem With IDFC FIRST Rewards,,,"{""domestic"": ""1 Each Quarter"", ""international"": ""N/A""}",,Monthly – 0.75% to 3.5% (Annually 9% to 42%),3.50%,1% Waiver on Fuel Up to Rs. 200 | Rs. 199 | Rs. 99,"6X Reward Points on LIC spends. 3X Reward Points on select categories like utilities, education, and government payments. Free railway lounge access is provided. One domestic lounge access each quarter (4 each year)","[""You get one free domestic lounge access with this card.""]","[""This card rewards higher points for spends made at LIC compared to other categories.""]",,cardinsider.com,https://cardinsider.com/lic-cards/lic-idfc-classic-credit-card/
LIC IDFC Select Credit Card,LIC,LIC,,"[""LIC"", ""LIC Credit Cards""]",Nil,Nil,N/A,,Reward Points,“Pay With Points” or Redeem With IDFC FIRST Rewards,,,"{""domestic"": ""2 Free Airport Lounge Access Each Quarter"", ""international"": ""N/A""}",,Monthly – 0.75% – 3.5% (Annually 9% – 42%),3.5% for All International Transactions,1% Waiver on Fuel Up to Rs. 300 | Rs. 199 | Rs. 99,Earn accelerated Reward Points for LIC spends. Free railway lounge access. Free domestic lounge access across airports in India. Multiple insurance covers are offered with this card.,"[""This card rewards your LIC insurance spending, which is highly beneficial because LIC is a very popular insurance provider, and many of us pay high premiums each year with them."", ""There are multiple insurance coverages like Purchase Protection, Credit Shield, and Card Liability Cover provided along with this card, which makes it extremely safe.""]","[""This card is mainly focused on LIC spends and offers no benefits in areas like movies and dining."", ""If you make non-LIC insurance payments, you will not earn any reward points.""]",,cardinsider.com,https://cardinsider.com/lic-cards/lic-idfc-select-credit-card/
LIC Lumine Credit Card by IDBI,LIC,LIC,,"[""LIC"", ""LIC Credit Cards""]",Nil,Nil,N/A,,Reward Points,1 Delight Point = ₹0.25,,,"{""domestic"": ""N/A"", ""international"": ""N/A""}",,3.4% per month/ 40.8% per annum,3.50%,"A 1% fuel surcharge waiver on fuel transactions of at least ₹400 and no more than ₹4,000. | 2.5% of transaction fee or ₹500 | ₹99 + GST","The LIC Lumine Credit Card by IDBI has no joining or renewal fees, making it a lifetime-free card. New users receive 1,000 Delight Points when they spend ₹10,000 within the first 60 days. There is a 1% waiver on fuel surcharge for fuel transactions between ₹400 and ₹4,000.","[""The card provides insurance benefits, including personal accident cover of ₹2 lakhs for added security.""]","[""The interest rates are relatively high at 3.4% per month, which can be costly if you carry a balance on the card."", ""There is a ₹99 fee to redeem rewards and a 3.5% charge for purchases in foreign currency.""]",,cardinsider.com,https://cardinsider.com/lic-cards/lic-lumine-credit-card-idbi/
LIC Platinum Credit Card,LIC,LIC,Visa,"[""LIC"", ""LIC Credit Cards""]",Nil,Nil,N/A,,Reward Points,Redeem the reward points accumulated on your LIC Platinum credit card against the reward catalog as per the conversion rates applicable.,,,"{""domestic"": ""N/A"", ""international"": ""N/A""}",,3.6% per month ( 52.86% per annum),3.5% on the conversion amount.,1% fuel surcharge waiver on all transactions across all fuel stations | 2.5% on the withdrawal amount subject to the minimum amount of Rs 500. | Rs 30 per redemption request,No Annual fee charged on LIC Platinum Credit Cards. 2 Reward Point every Rs 100 spent on LIC Premium Payment and International spends 1 Reward Point every Rs 100 spent on all categories Lost Card Liability cover up to the credit limit Personal accidental insurance cover worth Rs 3 lakh Air accidental insurance cover worth Rs 1 crore 1% fuel surcharge waiver on fuel transactions between Rs 400 and Rs 4000,[],[],,cardinsider.com,https://cardinsider.com/lic-cards/lic-platinum-credit-card/
LIC Platinum EMV Credit Card,LIC,LIC,Visa,"[""LIC"", ""LIC Credit Cards""]",Nil,Nil,N/A,,Reward Points,1 RP = ₹0.50,,,"{""domestic"": ""N/A"", ""international"": ""N/A""}","Applicant should be an Indian Resident Applicant should be of an age between 18 years to 60 years Applicant can be either a self-employed or salaried employee The applicant shall have a credit score of 700 or above Address Proof (Aadhaar card, Voter ID, and Passport) Income Proof (Bank Statement or salary slip of last 3 months, last 2 years audited financial report, etc) Identity Proof (Aadhaar Card, Driving License, Voter ID)",3% per month; 36% per annum,N/A,2.5% fuel surcharge waiver on all fuel transactions across all petrol pumps | 2.5% on the withdrawal amount subject to the minimum amount of ₹200. | ₹30 per redemption request,"This card has no joining or renewal fee, making it a lifetime-free card. Insurance benefits are included with this card. A balance transfer facility is provided to cardholders with this card. EMI conversion options for purchases over ₹2,500. 2.5% surcharge waiver on fuel transactions at fuel stations across India.","[""Temporary credit limit enhancement up to 30%."", ""VISA Bill Pay for utility payments""]","[""No additional perks for shopping or travel."", ""There are no Forex Markup fees with this card.""]",,cardinsider.com,https://cardinsider.com/lic-cards/lic-platinum-emv-credit-card/
LIC Signature Credit Card,LIC,LIC,Visa,"[""LIC"", ""LIC Credit Cards""]",Nil,Nil,N/A,,Reward Points,"Reward points can be redeemed using the LIC rewards catalog. You can redeem your reward points from a plethora of products, e-vouchers, and gifts cards",,"No, you do not get any milestone benefits on this credit card.","{""domestic"": ""2 complimentary domestic lounge access per quarter."", ""international"": ""N/A""}",The applicant must check the eligibility requirement before applying for the LIC VISA Signature Credit Card. The applicant must: Be between the age of 18-60 years. Have a minimum net income of Rs. 15 lakhs. Be a citizen of India or NRI.,3.6% p.m. (52.86% p. a.),3.50%,"Avail 1% fuel surcharge waiver at all petrol pumps in India on transactions between Rs. 400 – Rs. 4,000). Maximum fuel surcharge benefit is capped at Rs. 400 per month. | 2.5% or a minimum of Rs. 500. | Rs. 30 + GST","The LIC VISA Signature Credit Card comes with a joining fee of NIL. Earn 2 reward points on every Rs. 100 spent on international transactions and LIC Premium payments. Earn 1 reward point on every Rs. 100 spent on all other categories except on fuel, wallet load, and EMI transactions. Get personal accident insurance cover upto Rs. 5 lakhs and air accident insurance cover upto 1 crore. Get a complimentary insurance cover of upto Rs. 5 lakhs for lost cards and Rs. 1 lakh for purchase protection.",[],[],,cardinsider.com,https://cardinsider.com/lic-cards/lic-signature-credit-card/
LIC Titanium Credit Card,LIC,LIC,,"[""LIC"", ""LIC Credit Cards""]",Nil,Nil,N/A,,Reward Points,You can redeem your reward point accumulated on your LIC Titanium credit card against the LIC reward catalog .,,,"{""domestic"": ""N/A"", ""international"": ""N/A""}","Applicant should be an Indian Resident Applicant should be of an age between 18 years to 70 years Applicant can be either a self-employed or salaried employee The applicant shall have a credit score of 700 or above Address Proof ( Aadhar card, Voter ID, and Passport) Income Proof ( Bank Statement or salary slip of last 3 months, last 2 years’ audited financial report, etc) Identity Proof (Aadhar Card, Driving License, Voter ID)",52.86 per annum,3.5% on the conversion amount,1% surcharge waiver on fuel transactions between Rs 400 to Rs 4000 at all fuel stations across India | 2.5% on the withdrawal amount subject to minimum of Rs 500 | Nil,No Annual fee charged 2 Reward Point every Rs 100 spent on LIC Premium Payment and International spends 1 Reward Point every Rs 100 spent on all categories Lost Card Liability cover up to the credit limit 1% fuel surcharge waiver on fuel transactions between Rs 400 and Rs 4000,[],[],,cardinsider.com,https://cardinsider.com/lic-cards/lic-titanium-credit-card/
PNB EMT RuPay Platinum Credit Card,Punjab National Bank,Punjab National Bank,RuPay,"[""Punjab National Bank"", ""Punjab National Bank Credit Cards""]","Rs. 2,000 + GST","Rs. 2,000 + GST",Annual fee waived on spends of Rs. 1 lakh,,Reward Points,N/A,,,"{""domestic"": ""Complimentary eight annual visits (2 per quarter)"", ""international"": ""2 Complimentary airport lounge access per year""}",The eligibility criteria to apply for the PNB EMT RuPay Platinum Credit Card are as follows: You should be a citizen of India or a non-resident Indian. You should be 18 years of age. You should have a steady source of income. You should have a good credit score .,2.95%,3.50%,1% fuel surcharge waiver from transactions between ₹500 and ₹4000 | 2% | N/A,Get 300 reward points on your first transaction. 1% fuel surcharge waiver on all transactions. Complimentary international and domestic lounge access.,"[""Insurance benefits up to ₹2 lakhs can be availed by customers."", ""The card offers cashback and discounts on travel.""]","[""Does not offer any discounts on movies and dining."", ""The card has limited international benefits.""]",,cardinsider.com,https://cardinsider.com/punjab-national-bank/pnb-emt-rupay-platinum-credit-card/
PNB Global Gold Credit Card,Punjab National Bank,Punjab National Bank,,"[""Punjab National Bank"", ""Punjab National Bank Credit Cards""]",Nil,Rs. 300 + GST,N/A,,Reward Points,Reward Points are redeemable on the PNB Rewardz website. 1 RP = Rs. 0.25.,,,"{""domestic"": ""N/A"", ""international"": ""N/A""}",,2.95% per month,3.5% on all international transactions,"1% fuel surcharge waiver on fuel transactions between Rs. 400 and Rs. 3,000. | 2% of the amount withdrawn or Rs. 100 (whichever is higher).2% of the amount withdrawn or Rs. 300 at international ATMs | Nil",1 Reward Point per retail transaction of Rs. 100. No joining fee. Easily redeemable Reward Points. Additional Reward Points on successful E-bill registration. 20% off on a ZEE5 subscription. 1% waiver on fuel surcharge. Zero liability protection. 24X7 concierge services.,[],[],,cardinsider.com,https://cardinsider.com/punjab-national-bank/pnb-global-gold-credit-card/
PNB Global Platinum Credit Card,Punjab National Bank,Punjab National Bank,,"[""Punjab National Bank"", ""Punjab National Bank Credit Cards""]",Nil,Rs. 500 + GST,The renewal fee is waived off if the total usage of the card is more than the credit limit in the previous year.,,,The Reward Points can be redeemed by logging in to the PNB Rewardz website. 1 Reward Point = Rs. 0.25.,,,"{""domestic"": ""NA"", ""international"": ""NA""}","The primary cardholder should be between 21 and 65 years of age. The add-on cardholder should be above 18 years of ge. The applicant should have an annual income of Rs. 5,00,000 or more.",2.95% per month,3.5% on all foreign currency transactions,"1% fuel surcharge is waived off for all fuel transactions between Rs. 400 and Rs. 3,000. | 2% of the amount withdrawn or a minimum of Rs. 100 (PNB ATMs). 2% of the amount withdrawn or a minimum of Rs. 150 (Other ATMs). 2% of the amount withdrawn or a minimum of 300 (Overseas) | Nil",No joining fee. Get 2 Reward Points on every retail transaction of Rs. 150 using your PNB Global Platinum Credit Card. Get 50 extra Reward Points on registering for the E-bill facility. 1% fuel surcharge waiver. The renewal fee can be waived off. 20% instant discount on ZEE5 subscription.,[],[],,cardinsider.com,https://cardinsider.com/punjab-national-bank/pnb-global-platinum-credit-card/
PNB Kiwi Credit Card,Punjab National Bank,Punjab National Bank,RuPay,"[""Punjab National Bank"", ""Punjab National Bank Credit Cards""]",Lifetime Free,Lifetime Free,N/A,,Cashback,1 Kiwi = ₹0.25,,,"{""domestic"": ""N/A"", ""international"": ""N/A""}",,3.75% Per Month (45% Per Annum),3.50%,1% Fuel Surcharge Waiver | 2.5% | N/A,"A lifetime free credit card with no joining or annual fees, making it ideal for beginners. Earn 0.5% cashback on online transactions and 1.5% cashback on UPI scan & pay payments. Get a 1% fuel surcharge waiver. The card is available in both physical and virtual form.","[""The PNB Kiwi Credit Card is a lifetime free credit card, and it comes in both virtual and physical forms.""]","[""The card does not offer high-end benefits such as complimentary airport lounge access, travel insurance, and welcome benefits."", ""Cashback is earned on every ₹100 spent on the card and is calculated on a multiplier of ₹100.""]",,cardinsider.com,https://cardinsider.com/punjab-national-bank/pnb-kiwi-credit-card/
PNB LUXURA RuPay Metal Credit Card,Punjab National Bank,Punjab National Bank,"Visa, RuPay","[""Punjab National Bank"", ""Punjab National Bank Credit Cards""]","₹9,000 + GST","₹7,500 + GST",Joining Fee Waiver on Spends of ₹2.5 Lakh or More Within Three Billing Cycles. Annual Fee Waiver on Spends of ₹6 Lakh or More,,Reward Points,1 Reward Point = ₹0.25,,,"{""domestic"": ""2 Free Visits Each Quarter"", ""international"": ""4 Free Visits Each Year""}","Eligibility for the PNB LUXURA Credit Card is clearly aimed at high-income individuals. Salaried applicants must have a minimum gross monthly income of ₹2.5 lakh or more , while self-employed or non-salaried individuals are required to report an annual income of at least ₹30 lakh . These income criteria ensure that the card is issued to customers with strong financial profiles who can fully utilise the premium travel, lifestyle, and reward benefits that come with this top-tier metal credit card.",Monthly – 2.95% | Yearly – 35.89%,2.50%,"1% Waiver on Fuel Spends Between ₹500 and ₹4,000 | 2% | N/A",The PNB LUXURA is a metal credit card. This card comes in the RuPay Ekaa variant and hence carries several premium benefits like free movie tickets and complimentary hotel memberships. Those who make foreign trips can take advantage of the low Forex charge of 2.5% offered by this card. Both international and domestic airport lounge access are available with this card.,"[""This card is best suited for high spenders, as higher usage not only unlocks more benefits but also helps waive both the joining and annual fees by meeting the spend thresholds.""]","[""For a premium metal offering, this card lacks renewal benefits.""]",,cardinsider.com,https://cardinsider.com/punjab-national-bank/pnb-luxura-rupay-metal-credit-card/
PNB RuPay Millennial Credit Card,Punjab National Bank,Punjab National Bank,RuPay,"[""Punjab National Bank"", ""Punjab National Bank Credit Cards""]",Rs. 399 + GST,Rs. 999 + GST,Renewal Fee will be waived off on spending Rs. 1 Lakh in the previous year.,,Reward Points,"Redeem reward points for movie tickets, hotel bookings, mobile/DTH recharge, merchandise transaction and more. Minimum of 500 reward points required for redemption. 1 RP = Rs. 0.25.",,,"{""domestic"": ""2 Complimentary domestic lounge access per quarter"", ""international"": ""2 Complimentary international lounge access per year""}",,2.95% p.m. (35.89% p. a.),3.50% on the conversion amount,Avail 1% fuel surcharge waiver at all petrol pumps in India on transactions between Rs. 500 – Rs. 3000. The maximum surcharge waiver in a calendar year is capped at Rs. 350. | 2% of the advance amount (minimum of Rs. 150) on PNB ATMs 2% of the advance amount (minimum of Rs. 200) on other ATMs 2% of the advance amount (minimum of Rs. 300) on overseas ATMs. | Nil,"The PNB RuPay Millennial Credit Card comes with a joining fee of Rs. 399. Get complimentary gym membership, premium health checkup package, golf and spa sessions, domestic and international lounge access program. 300 reward points on first time swiping card within 90 days of card receiving as welcome benefits. 2x reward points on retail merchandise/online transaction within 90 days of card issuance (except on cash withdrawal & fuel expenses). 2 reward points for every Rs. 150 spent on this card. On registering for E-bill facility you can earn 50 extra reward points. 1 reward point = Rs. 0.25. Comprehensive insurance coverage upto Rs. 10 lakhs.",[],[],,cardinsider.com,https://cardinsider.com/punjab-national-bank/pnb-rupay-millennial-credit-card/
PNB RuPay Platinum Credit Card,Punjab National Bank,Punjab National Bank,RuPay,"[""Punjab National Bank"", ""Punjab National Bank Credit Cards""]",Nil,Nil,The renewal fee is waived off if the PNB RuPay Platinum Credit card is used once every quarter.,,Reward Points,You can redeem your earned Reward Points by logging in to the PNB Rewardz website. 1 Reward Point = Rs. 0.25.,,,"{""domestic"": ""2 Complimentary Domestic Lounge Access Every Quarter"", ""international"": ""1 Free Visit Each Year""}","There are some specific eligibility requirements that need to be fulfilled by the applicants in order to get approved for the PNB RuPay Platinum Credit Card. The eligibility criteria of this card are as follows: Age of Primary Cardholders – 21 years to 65 years. Age of add-on cardholders – 18 years to 65 years. Income – Rs. 5,00,000 or more. Educational qualification – 10th pass / literate. The applicant should also have a decent credit history.",2.95% per month,3.50%,"1% fuel surcharge is waived off for all fuel transactions between Rs. 500 and Rs. 3,000. | 2% of the amount withdrawn or Rs. 100 (whichever is higher) at PNB ATMs. 2% of the amount withdrawn or Rs. 150 (whichever is higher) at Other ATMs. 2% of the amount withdrawn or Rs. 250 (whichever is higher) at Overseas | Nil",You get 1 Reward Point for every retail spend of Rs. 100 using your PNB RuPay Platinum Credit Card. 50 Reward Points on E-bill registration. Welcome bonus of 300 Reward Points. Easy redemption of Reward Points. Complimentary domestic & international lounge access. Accidental insurance coverage. 1% fuel surcharge waiver. Spend-based annual fee waiver. Zero liability against a lost card.,[],[],,cardinsider.com,https://cardinsider.com/punjab-national-bank/pnb-rupay-platinum-credit-card/
PNB RuPay Platinum Patanjali Credit Card,Punjab National Bank,Punjab National Bank,RuPay,"[""Punjab National Bank"", ""Punjab National Bank Credit Cards""]",Nil,Rs. 500 + GST,The annual fee is waived off if you use your card at least once in each quarter.,,,1 Reward Point = Re. 0.5 for redemption against various options at the PNB Rewardz portal.,,,"{""domestic"": ""2 complimentary domestic lounge access every quarter"", ""international"": ""NA""}","In order to get approved for the PNB RuPay Platinum Patanjali Card, you will have to fulfill the below-mentioned eligibility criteria. However, the bank may have some internal criteria other than this: The age of the primary cardholder should lie between 21 years and 65 years. The age of the supplementary cardholder should lie between 18 years and 65 years. The applicant should have a stable source of income with an annual income of Rs. 5 lakhs or more.",2.95% per month,3.5% on all foreign currency transactions,"1% fuel surcharge waiver for all fuel transactions between Rs. 500 & Rs. 3,000. | 2% of the cash amount withdrawn subject to a minimum specific amount. | Nil",No joining fee. Welcome bonus of 300 Reward Points. 1 Reward Point on every spend of Rs. 150. 50 Reward Points on registration to the e-bill facility. 2% cashback up to Rs. 50 on every transaction at Patanjali stores. Complimentary airport lounge access to selected domestic airports. Spend-based waiver of the annual fee. Complimentary insurance coverage against accidental death. 1% fuel surcharge waiver on all fuel transactions.,[],[],,cardinsider.com,https://cardinsider.com/punjab-national-bank/pnb-rupay-platinum-patanjali-credit-card/
PNB RuPay Select Credit Card,Punjab National Bank,Punjab National Bank,RuPay,"[""Punjab National Bank"", ""Punjab National Bank Credit Cards""]",Rs. 500 + GST,Rs. 750 + GST,The annual fee of Rs. 750 can be waived off if you have used your card at least once every quarter.,,Reward Points,1 Reward Point = ₹0.25 for redemption against various categories at the PNB Rewardz portal,,,"{""domestic"": ""2 complimentary domestic airport lounge access every quarter."", ""international"": ""4 Complimentary Airport Lounge Access""}","To get a credit card, applicants need to fulfill specific eligibility criteria, which are based on different factors, including age, income, credit score, residence, etc. The basic eligibility criteria that you need to fulfill in order to get approved for the PNB RuPay Select Credit Card are as follows: The age of the primary cardholder should be 21 years to 65 years. The age of the supplementary cardholder should be 18 years to 65 years. The applicant should have a stable source of income.",2.95% per month,3.50%,"1% fuel surcharge waiver on fuel transactions between Rs. 500 and Rs. 3,000. | 2% of the withdrawn amount subject to a specific a minimum amount | Nil",Welcome benefit of 300 bonus Reward Points. 2 Reward Points on every spend of Rs. 150. 2x Reward Points on all merchandise/online transactions within the first 90 days. 50 bonus Reward Points on registration for the e-bill facility. Complimentary airport lounge access. Complimentary insurance cover worth Rs. 10 lakhs. Spend-based waiver of the annual membership fee. 1% fuel surcharge waiver.,[],[],,cardinsider.com,https://cardinsider.com/punjab-national-bank/pnb-rupay-select-credit-card/
PNB RuPay Select Patanjali Credit Card,Punjab National Bank,Punjab National Bank,RuPay,"[""Punjab National Bank"", ""Punjab National Bank Credit Cards""]",Rs. 500 + GST,Rs. 750 + GST,The annual fee for the next year is waived off if the cardholder uses the card at least once every quarter of a year.,,Reward Points,The Reward Points can be redeemed via the PNB Rewardz account at a value of 1 RP = Re. 0.5.,,,"{""domestic"": ""2 complimentary domestic lounge access every quarter."", ""international"": ""N/A""}","The basic eligibility criteria that the applicants need to fulfill in order to get approved for this credit card are as mentioned below. However, other than this, the bank may have some internal criteria as well: The age of the primary cardholder should be between 21 years and 65 years. The age of the supplementary cardholder should be between 18 years and 65 years. The annual income of the primary cardholder should be above Rs. 5 lakhs.",2.95% per month,3.5% on all foreign currency transactions.,"1% fuel surcharge waiver capped at Rs. 350 per billing cycle. | 2% of the withdrawn amount, subject to a specific minimum amount. | Nil","Welcome bonus of 300 Reward Points. 2% cashback on shopping worth Rs. 2,500 or more at the Patanjali stores. Up to 4 Reward Points on every spend of Rs. 150. 50 Reward Points on registering for the e-bill facility. Complimentary airport lounge access. Complimentary insurance cover against accidental death. Spend-based waived of the annual fee. 1% fuel surcharge waiver.",[],[],,cardinsider.com,https://cardinsider.com/punjab-national-bank/pnb-rupay-select-patanjali-credit-card/
RBL Bank Aspire Banking Credit Card,RBL Bank,Best RBL Bank,,"[""Best RBL Bank"", ""Best RBL Bank Credit Cards""]","₹1,500 + GST","₹1,500 + GST",N/A,,Cashback,Cashback is Transferred to RBL Savings Account,,All those who make high spending can take advantage of the milestone benefits offered along with the RBL Aspire Banking Credit Card. Transactions related to Bills2Pay and EMI will not qualify for milestone benefits.,"{""domestic"": ""One Free Lounge Visit Each Quarter (On Spends of ₹35,000 or More)"", ""international"": ""N/A""}",,Up to 3.99% Per Month or 47.88% Per Annum,3.50%,1% Fuel Surcharge Waiver | 2.5% (Minimum ₹500) | ₹99 + GST,"The RBL Aspire Banking Credit Card is most suited for those looking for a cashback card. This card comes at a joining and annual charge of ₹1,500 + GST. Cardholders can enjoy one complimentary domestic lounge visit each quarter.","[""This card can be availed as lifetime free by those with an Aspire Banking relationship.""]","[""1% base cashback is capped at ₹1,000 per billing cycle, which is quite low.""]",,cardinsider.com,https://cardinsider.com/rbl-bank/aspire-banking-credit-card/
BookMyShow RBL Bank Play Credit Card,RBL Bank,Best RBL Bank,,"[""Best Credit Cards for Movie Tickets in India"", ""Best RBL Bank"", ""Best RBL Bank Credit Cards""]",₹500 + GST,₹500 + GST,The annual fee is waived on spending Rs. 1.5 lakhs or more in the previous year.,,Movie Tickets,The earned discount/free tickets can easily be redeemed on the BookMyShow app/official website.,,,"{""domestic"": ""N/A"", ""international"": ""N/A""}","The eligibility requirements that you need to fulfill in order to get approved for the BMS RBL Play Credit Card are mentioned below: The age of the applicants should be at least 21 years, and that of supplementary card applicants should be a minimum of 18 years. The applicants should either be self-employed or salaried with a stable source of income. The applicants should have a stable source of income.",3.99% per month,3.5% of the total transaction amount,1% fuel surcharge waiver on all fuel purchases | 2.5% of the cash amount subject to a minimum of Rs. 500 | ₹99 + taxes,"Get a discount of Rs. 500 on movies, streams, events, etc, on BookMyShow as a welcome benefit. Get 2 free movie/non-movie tickets every month on achieving the required monthly spend. Get flat Rs. 100 off on F&B items on booking movie tickets via BookMyShow. Spend-based waiver of the annual membership fee. Get a fuel surcharge waiver on all fuel transactions.",[],[],,cardinsider.com,https://cardinsider.com/rbl-bank/bookmyshow-rbl-bank-play-credit-card/
IndianOil RBL Bank Credit Card,RBL Bank,Best RBL Bank,,"[""Best RBL Bank"", ""Best RBL Bank Credit Cards""]",₹500 + GST,₹500 + GST,Annual Fee Waived on Spends of ₹1.75 Lakh,,Reward Points,1 Fuel Point = ₹0.50 When Redeeming at IndianOil Stations,,,"{""domestic"": ""N/A"", ""international"": ""N/A""}",,2.5% to 3.99% Per Month,3.50%,1% Waiver | 2.5% or a Minimum of ₹500 | ₹99 + GST,This is a dedicated fuel spends credit card. Earn accelerated 10 Fuel Points/₹100 at IndianOil fuel stations. Get 1 Fuel Point/₹100 for other eligible spends.,[],"["""", """"]",,cardinsider.com,https://cardinsider.com/rbl-bank/indianoil-rbl-bank-credit-card/
IndianOil RBL Bank XTRA Credit Card,RBL Bank,Best RBL Bank,,"[""Best Fuel Credit Cards in India"", ""Best RBL Bank"", ""Best RBL Bank Credit Cards""]","₹1,500 + GST","₹1,500 + GST",Annual Fee Waiver on Spends of ₹2.75 Lakh,,Reward Points,1 Fuel Point = ₹0.50 When Redeemed at IndianOil Outlets,,,"{""domestic"": ""N/A"", ""international"": ""N/A""}",,2.5% to 3.99% Per Month,3.50%,1% Fuel Surcharge Waiver Upto ₹200 Each Month | 2.5% of the Cash Amount or a Minimum of ₹500 | ₹99 + GST,The IndianOil RBL XTRA is a fuel-oriented credit card. Cardmembers can save on fueling expenses made with IndianOil. Fuel points are worth up to 250 liters of free petrol annually. 15 Fuel Points/₹100 spent on fuel purchases with IndianOil. Other spends shall get 2 Fuel Points/₹100 spent.,[],"["""", """"]",,cardinsider.com,https://cardinsider.com/rbl-bank/indianoil-rbl-bank-xtra-credit-card/
IRCTC RBL Bank Credit Card,RBL Bank,Best RBL Bank,RuPay,"[""Best Credit Card For Complimentary Railway Lounge Access"", ""Best RBL Bank"", ""Best RBL Bank Credit Cards""]",₹500 + GST,₹500 + GST,N/A,,Reward Points,Redeem RPs at the IRCTC Website/Mobile App. 1 RP = ₹1,,,"{""domestic"": ""N/A"", ""international"": ""N/A""}",,2.5% to 3.99% Per Month,3.50%,1% Surcharge Waiver | 2.5% of the Cash Amount or a Minimum of ₹500 | ₹99 + GST,"The IRCTC RBL Bank Credit Card offers 5 Reward Points/₹200 spent on train ticket bookings with IRCTC. This is a co-branded credit card offered by RBL Bank and IRCTC. Eight complimentary railway lounge accesses are available each year with this card. Train cancellation cover upto ₹5,000 is offered along with the IRCTC RBL Credit Card. Make quick and easy payments via UPI using the IRCTC RBL RuPay Credit Card.",[],"["""", """"]",,cardinsider.com,https://cardinsider.com/rbl-bank/irctc-rbl-bank-credit-card/
RBL Bank Nova Credit Card,RBL Bank,Best RBL Bank,,"[""Best Credit Cards for Air India Maharaja Club"", ""Best RBL Bank"", ""Best RBL Bank Credit Cards""]","₹12,500 + GST","₹12,500 + GST",N/A,,Reward Points,1 Reward Point = Up to ₹1,,"Cardholders shall be eligible for vouchers worth ₹10,000 on spending ₹3 lakh or more each quarter with the Nova Credit Card.","{""domestic"": ""12 Lounge Visits Each Year"", ""international"": ""12 Lounge Visits for Primary Cardholder + 4 Guest Visits Each Year""}",,Up to 3.99% Per Month or 47.88% Per Annum,2%,1% Fuel Surcharge Waiver | 2.5% (Minimum ₹500) | N/A,"The RBL Bank Nova Credit Card is a premium offering. This card comes with an annual and joining charge of ₹12,500 + GST. Cardholders shall be eligible for Taj/Luxe gift vouchers worth ₹12,500 as a welcome benefit. This card offers complimentary domestic and international airport lounge access, along with guests’ visits abroad.","[""The Nova Credit Card offers accelerated rewards for flight and hotel bookings.""]","[""Since the Nova Credit Card offers so many travel and lifestyle-related benefits, it would have been even better if the card also offered zero forex charges on international transactions.""]",,cardinsider.com,https://cardinsider.com/rbl-bank/nova-credit-card/
Patanjali RBL Bank Swarn Credit Card,RBL Bank,Best RBL Bank,RuPay,"[""Best RBL Bank"", ""Best RBL Bank Credit Cards""]","₹1,499 + GST","₹1,499 + GST",N/A,,Cashback,RP can be redeemed at RBL Rewards,,"Patanjali RBL Bank Swarn Credit Cardholders can enjoy milestone benefits. On spending ₹3 lakhs in a year, users get a gift voucher worth ₹1,500 from Patanjali. To qualify, your spending should include transactions of at least ₹12,000 at Patanjali stores or websites. If you spend ₹5 lakh in a year, you are eligible for a 4 nights/5 days complimentary stay at Patanjali wellness centers. To avail of this benefit, your spending should include transactions of at least ₹15,000 at Patanjali stores or website. The yearly cycle is considered from the date of card issuance to card renewal. UPI transactions less than ₹2,000 are not eligible for milestone benefits.","{""domestic"": ""4 complimentary domestic airport lounge access annually"", ""international"": ""N/A""}",,3.99% per month or 47.88% per annum,3.50%,"1% fuel surcharge waiver up to ₹200 on transactions between ₹500 to ₹4,000 | 2.5% of the Cash Amount or a Minimum of ₹500 | ₹99 + GST","Patanjali RBL Swarn Credit Card can be linked on UPI 10% cashback on Patanjali stores both online and offline on a minimum purchase of ₹500. BOGO offers on movie tickets up to ₹200 via BookMyShow once every month only on the weekends. 1,500 Patanjali vouchers on annual spends of ₹3 lakhs in the previous year, with ₹12,000 spent on Patanjali website or at stores. Complimentary domestic airport lounge access once every quarter on spending ₹50,000 in the previous quarter.","[""Generous rewards on Patanjali purchases, both online and offline."", ""Complimentary domestic airport lounge access and BOGO offers on movie tickets add extra value.""]","[""Limited information on insurance benefits and international lounge access."", ""Foreign currency markup of 3.5% could be a drawback for international travel.""]",,cardinsider.com,https://cardinsider.com/rbl-bank/patanjali-rbl-bank-swarn-credit-card/
Patanjali RBL Bank Vishisht Credit Card,RBL Bank,Best RBL Bank,,"[""Best RBL Bank"", ""Best RBL Bank Credit Cards""]",₹499 + GST,₹499 + GST,Annual fee is waived for spending of ₹1.5 lakhs,,Cashback,RP earned can be redeemed on the RBL Rewards portal,,"As a card member of the Patanjali RBL Bank Vishisht Credit Card, you can enjoy several milestone benefits. You are eligible for an annual fee reversal on spends of ₹1.5 lakh in one year. Upon making a spend of ₹2.5 lakh in one year, you can receive a gift voucher worth ₹500 from Patanjali, where ₹12,000 should be spent directly on Patanjali stores or websites. On reaching spends of ₹4 lakh in one year, you can enjoy a 2 nights/3 days complimentary stay at Patanjali wellness centers. One should be aware that to avail of these benefits, the spending should include transactions at Patanjali stores, centers, apps, or websites to qualify for these milestone benefits.","{""domestic"": ""N/A"", ""international"": ""N/A""}",,3.99% per month or 47.88% per annum,3.50%,"1% fuel surcharge waiver up to ₹150 on transactions between ₹500 to ₹4,000 | 2.5% of the cash amount or a minimum of ₹500 | ₹99 + GST",This card can be linked with UPI apps. The annual fee waiver of this card is ₹1.5 lakhs. Patanjali voucher worth ₹500 on annual spends of ₹2.5 lakhs. 1% fuel surcharge waiver on fuel transactions. This card comes under the NCMC program and can be easily loaded.,"[""This card has an affordable joining fee."", ""Reward Points earned can be redeemed for vouchers, products, flight and hotel tickets, and much more.""]","[""There are no entertainment and dining benefits, along with zero travel perks."", ""This card has high forex fees, which are becoming a drawback for international transactions.""]",,cardinsider.com,https://cardinsider.com/rbl-bank/patanjali-rbl-bank-vishisht-credit-card/
RBL Bank Cookies Credit Card,RBL Bank,Best RBL Bank,,"[""Best RBL Bank"", ""Best RBL Bank Credit Cards""]",Rs. 100 + GST (Monthly),Rs. 100 + GST (Monthly),"The monthly renewal fee is waived off on spending Rs. 5,000 in the previous month",,Reward Points,The Reward Points you earn can be redeemed at the RBL Rewards website. 1 Reward Point = Rs. 0.25.,,"You can earn the following rewards on reaching the spend milestone with the RBL Bank Cookies Credit Card. Get a gift voucher worth Rs. 1,000 from Amazon/Flipkart/Croma/Myntra/Shoppers Stop on spending Rs. 2 lakhs or more in an anniversary year. You get a gift voucher worth Rs. 5,000 from Amazon/Croma/Flipkart/Myntra /Shoppers Stop on spending Rs. 5 lakhs or more in an anniversary year.","{""domestic"": ""NA"", ""international"": ""NA""}",,Up to 3.99% per month,Up to 3.5% on all foreign currency spends,"1% fuel surcharge waiver for all fuel transactions between Rs. 500 & Rs. 4,000 | 2.5% of the amount withdrawn or Rs. 500 (whichever is higher) | Rs. 99 + GST","A welcome gift voucher worth Rs. 1,000. Up to 5 Reward Points on every Rs. 100 you spend online. A discount of 10% on BookMyShow. 10% cashback on Zomato, Uber, and Myntra. Gift vouchers worth up to Rs. 5,000 on achieving the milestone spend. Spend-based waiver of the monthly membership fee. 1% fuel surcharge waiver up to Rs. 150.","[""The joining fee is relatively low at Rs. 100 per month. This can be easily waived by spending Rs. 5,000."", ""You get 10% cashback on movie ticket booking through BookMyShow""]","[""There is a reward redemption fee of Rs. 99 + GST which would certainly lessen the savings while redeeming points."", ""No reward points can be earned for transactions made on utility, wallet, insurance, railways, and rent.""]",,cardinsider.com,https://cardinsider.com/rbl-bank/rbl-bank-cookies-credit-card/
RBL Bank DMI Finance Credit Card,RBL Bank,Best RBL Bank,,"[""Best RBL Bank"", ""Best RBL Bank Credit Cards""]",₹499 + GST,₹499 + GST,N/A,,Reward Points,Vouchers earned can be redeemed at RBL Rewards,,"The RBL Bank DMI Finance Credit Card offers rewarding milestone benefits to its cardholders. Upon spending ₹50,000 every quarter, users earn 2,000 bonus Reward Points. On spending ₹2 lakhs annually, users will get an Amazon voucher worth ₹500, and on making transactions worth ₹3 lakhs yearly, users will get a Swiggy voucher worth 200. The program is designed to reward users for their spending while excluding certain categories of purchases from qualifying for benefits such as railway transactions, fuel, auto, utilities, insurance, cash, EMI, etc.","{""domestic"": ""N/A"", ""international"": ""N/A""}",,3.99% per month or 47.88% per annum,3.50%,"1% fuel surcharge waiver up to ₹100 on transactions between ₹500 to ₹4,000 | 2.5% of the cash amount or a minimum of ₹500 | ₹99 + GST","2,000 Reward Points and a complimentary movie ticket as a welcome benefit. Vouchers from Amazon and Swiggy on reaching the annual milestone benefits. 1% fuel surcharge waiver up to ₹100. BOGO offers movie tickets up to ₹200.","[""This card comes with a nominal fee of ₹499 plus taxes."", ""The Reward Points can be redeemed for air travel, hotel stays, shopping vouchers, and much more.""]","[""There are no travel perks included with this card."", ""This card does not offer any spend-based waiver to its users.""]",,cardinsider.com,https://cardinsider.com/rbl-bank/rbl-bank-dmi-finance-credit-card/
RBL Bank Edition Credit Card,RBL Bank,Best RBL Bank,,"[""Best RBL Bank"", ""Best RBL Bank Credit Cards""]","Rs. 2,000 + GST","Rs. 2,000 + GST","Spend Rs. 4,00,000 in the previous year and get a waiver on the annual fee.",,Reward Points,Edition cash is redeemable on Zomato and can be adjusted against the card’s statement balance.1 Edition Cash = Re. 1.,,"2,000 bonus Edition Cash if Rs. 5,00,000 were spent in the previous year.","{""domestic"": ""2 complimentary domestic lounge visits (per quarter)."", ""international"": ""2 complimentary international lounge visits (per year) with the Priority Pass.""}",The following table summarizes the eligibility criteria that one needs to fulfill before getting the Edition card: Particular Criteria Age Minimum 21 years Income Decent credit score,3.99% per month or 47.88% annually,1.5% + GST,"1%. Waived off for select card members for transactions between Rs. 500 and Rs. 4,000 at the sole discretion of the bank. | 2.5% , subject to a minimum fee of Rs. 500. | Nil","Complimentary Zomato Pro membership which automatically gets renewed every year. Reward Points as Edition Cash (1 Edition Cash = Re. 1). 10 Edition Cash per Rs. 100 spent on Zomato and Blinkit. 1 Edition Cash per Rs. 100 spent on all other spends. 2,000 bonus Edition Cash on spending Rs. 5,00,000 in an anniversary year. Annual fee waiver on expenditure of Rs. 4,00,000 in the preceding year. Complimentary access to domestic and international lounges. Lower international transaction fee of 1.5%. Buy one and get one movie ticket free on BookMyShow once every month (max discount of Rs. 200 per transaction).",[],[],,cardinsider.com,https://cardinsider.com/rbl-bank/rbl-bank-edition-credit-card/
RBL Bank Icon Credit Card,RBL Bank,Best RBL Bank,,"[""Best RBL Bank"", ""Best RBL Bank Credit Cards""]","₹5,000 + GST","₹5,000 + GST",N/A,,Reward Points,"You can easily redeem your reward points against hotels and flights booking. You can also utilize your reward points for purchasing vouchers, gifts, recharge, shopping, lifestyle products, etc. 1 RP = Re. 0.25.",,"You can earn a maximum of 45,000 reward points. You earn 10,000 reward points for spending ₹3 lakhs in a year. You earn 15,000 additional reward points on a yearly spent of ₹5 lakhs. You earn 20,000 additional reward points on spending ₹8 lakhs in a year.","{""domestic"": ""2 Free Visits on Spends of ₹35,000 or More in the Previous Quarter"", ""international"": ""N/A""}",,3.99% Per Month (47.88% Per Annum),3.5% on all international transactions,"Waiver of Rs. 200 per month on valid fuel transactions between Rs. 500-Rs. 4,000. | 2.5% (minimum Rs. 500) | Rs. 99 + GST","Get 20,000 bonus reward points as welcome benefits on card swipe within 30 days of receiving the card. Earn 45,000 bonus reward points as milestone benefits. Earn 20 reward points on every Rs. 100 spent on weekend dining and international spends. Earn 2 reward points on every Rs. 100 spent on retail transactions. Get a 1+1 offer or up to Rs. 200 off on movie tickets twice a month. Get 2 complimentary domestic lounge access per quarter. Complimentary Priority Pass membership. Complimentary golf games & lessons every month. 1% fuel surcharge waiver.",[],[],,cardinsider.com,https://cardinsider.com/rbl-bank/rbl-bank-icon-credit-card/
RBL Bank iGlobe Credit Card,RBL Bank,Best RBL Bank,,"[""Best RBL Bank"", ""Best RBL Bank Credit Cards""]","₹3,000 + GST","₹3,000 + GST",N/A,,Reward Points,Eaned RP is redeemable at rblrewards website,,,"{""domestic"": ""2 airport lounge access every quarter"", ""international"": ""6 airport lounge access annually""}",,3.99% monthly/ 47.88% annually,1.50%,"1% waiver on fuel transactions between ₹400 to ₹5,000. | 2.5% of the cash amount (min ₹500) | ₹99 + GST",24/7 concierge services are provided to cardholders. Golf privileges are included with this card. A 1% fuel surcharge waiver of up to ₹250 every month on fuel transactions. Milestone benefits are also provided with this card.,[],[],,cardinsider.com,https://cardinsider.com/rbl-bank/rbl-bank-iglobe-credit-card/
RBL Bank Insignia Preferred Banking World Card,RBL Bank,Best RBL Bank,Mastercard,"[""Best RBL Bank"", ""Best RBL Bank Credit Cards""]","Nil for Insignia Preferred Banking Customer. ₹7,000 + GST for Others","Nil for Insignia Preferred Banking Customer. ₹7,000 + GST for Others",Waiver of Annual Charges on Spends of ₹10 Lakh in a Year (Valid for Fee Variant),,,"Reward Points redeemable for e-vouchers, mobile recharges, flight bookings, etc. 1 RP = Re 0.25 (approx)",,"After spending ₹8 lakh or more in a year, cardholders shall get gift vouchers worth ₹8,000. These vouchers can be chosen from a wide list of brands, including but not limited to Taj Experiences, Croma, Amazon, MakeMyTrip, and Myntra. Complete details regarding milestone vouchers are available here .","{""domestic"": ""2 Complimentary Domestic Lounge Access Per Quarter"", ""international"": ""6 complimentary international lounge access every year via Priority Pass""}",,Ranges from 2.5% to 3.4% Per Month,1.50%,"1% fuel surcharge waived for transactions between Rs. 500 and Rs. 4,000 (max cap Rs. 250 per month applicable) | 2.5% of the transaction amount, subject to a minimum charge of Rs. 500 | Nil","5 Reward Points for every ₹100 spent on domestic transactions. 10 Reward Points for every ₹100 spent on international transactions. 2 complimentary lounge access every quarter across airports in India. Priority Pass membership with 6 complimentary international lounge visits every calendar year. Benefits worth ₹8,000 on expenditure of ₹8 lakh in the previous year. Flat ₹500 off on movie ticket bookings on BookMyShow. 24×7 concierge service for assistance regarding all kinds of bookings. 1% fuel surcharge waiver for transactions between ₹500 and ₹4,000 (max waiver capped at ₹250 per month).",[],[],,cardinsider.com,https://cardinsider.com/rbl-bank/rbl-bank-insignia-prefered-banking-world-card/
RBL Bank Monthly Treats Credit Card,RBL Bank,Best RBL Bank,,"[""Best RBL Bank"", ""Best RBL Bank Credit Cards""]",Monthly fee of Rs. 50 + GST,Rs 50 + GST (per month),"A spend-based waiver on the monthly fee of Rs. 50 on annual spending of Rs. 3,000 or more.",,Reward Points,"Reward points can be redeemed at rblrewards for exciting rewards and offer on your air travels, hotel bookings, and much more. 1 RP = Re. 0.25.",,"On spending Rs 3,000 in a calendar month, you also get a 10% cashback of upto Rs. 100 on your grocery spends for the rest of the month. On spending a total of Rs 5,000 in a calendar month, you get a 10% cashback upto Rs. 100 per month on Swiggy, BookMyShow , utility bill payments via the RBL MyCard app. The maximum cashback is capped at Rs. 100 for each category.","{""domestic"": ""N/A"", ""international"": ""N/A""}",,3.99% per month  (47.88% per annum),3.5% on the conversion amount,"1% fuel surcharge waiver on transactions between Rs. 500 to Rs. 4,000 | 2.5% on withdrawal amount subject to a minimum charge of Rs. 300 | Rs. 99 per redemption request.","2 reward points on every Rs 100. spent on online purchases. 1 reward point on every Rs. 100 spent on offline purchases 10% cashback on groceries every month after achieving a spend of Rs. 3,000 in a month. 10% cashback on BookMyShow, Bill payments, and Swiggy on spending Rs. 5,000 or more in a month. Spend-based waiver of monthly membership fee. 1% fuel surcharge waiver.",[],[],,cardinsider.com,https://cardinsider.com/rbl-bank/rbl-bank-monthly-treats-credit-card/
RBL Bank Novio Credit Card,RBL Bank,Best RBL Bank,RuPay,"[""Best RBL Bank"", ""Best RBL Bank Credit Cards""]",₹500 + GST,₹500 + GST,N/A,,Reward Points,N/A,,"The card has milestone offers for customers where cardholders earn a bonus of 1,000 Reward Points upon spending ₹1.5 lakhs in a year and a bonus of 2,000 Reward Points upon spending ₹3 lakhs in the whole year.","{""domestic"": ""N/A"", ""international"": ""N/A""}",,3.99% per month (47.88% annually),3.50%,"1% or ₹10, whichever is higher | 2.5% of the Cash Amount (min. ₹500) | ₹99 + GST","RBL Bank Novio Credit Card is Credilio’s co-branded credit card with RBL. ₹500 + GST, making it a budget-friendly option for everyday spending. It supports UPI and is available on the RuPay Select network for added ease of use. 2 Reward Points for every ₹100 spent online and 1 Reward Point for every ₹100 spent offline.","[""2x the rewards on online spending"", ""Annual Milestone Benefits for bonus points""]","[""No additional Lifestyle Perks or Discounts""]",,cardinsider.com,https://cardinsider.com/rbl-bank/rbl-bank-novio-credit-card/
RBL Bank Platinum Maxima Plus Credit Card,RBL Bank,Best RBL Bank,,"[""Best RBL Bank"", ""Best RBL Bank Credit Cards""]","Rs. 2,500 + GST","Rs. 2,500 + GST",NA,,Reward Points,Can be Redeemed at RBL Rewards. 1 RP = Re. 0.25.,,"You get 10,000 bonus Reward Points on spending Rs. 2 lakhs or more in a year. Get 10,000 Reward Points as a bonus for spending Rs. 3.5 lakhs in a year. You get an additional 10,000 Reward Points as a bonus for spending Rs. 5 lakhs in a year.","{""domestic"": ""2 Complimentary Domestic Lounge Access Each Quarter on Spends of ₹35,000 or More in the Previous Quarter"", ""international"": null}",,3.99% Per Month (47.88% Per Annum),Up to 3.5% on all foreign currency transactions,You get 1% fuel surcharge waiver at all fuel stations across the country. | 2.5% or a Minimum of ₹500 | Rs. 99 + GST,"Welcome bonus of 10,000 Reward Points. Get 2 Reward Points per Rs. 100 spent on all your purchases. Get 5x Reward Points on selected categories. Buy 1 Get 1 Free offer on movie tickets on BookMyShow. Complimentary domestic lounge access every quarter. Up to 20,000 bonus reward points every year under the milestone benefits. Get a 1% fuel surcharge waiver.",[],[],,cardinsider.com,https://cardinsider.com/rbl-bank/rbl-bank-platinum-maxima-card/
RBL Bank Popcorn Credit Card,RBL Bank,Best RBL Bank,,"[""Best RBL Bank"", ""Best RBL Bank Credit Cards""]","Rs. 1,000 + GST","Rs. 1,000 + GST",N/A,,Movie Tickets,The welcome/monthly offer can be redeemed by booking movie tickets through Bookmyshow and redeem weekly cashback by scanning the QR code at the back of the card.,,,"{""domestic"": ""N/A"", ""international"": ""N/A""}",Following are the eligibility criteria that is required to be fulfilled to be eligible for the RBL Popcorn card:,Up to 3.99% per month,Up to 3.5% on all foreign currency spends,"1% fuel surcharge or subject to a minimum of Rs. 10 on all transactions between Rs. 500 and Rs. 4,000 (Maximum benefit of Rs. 100 in a month). | 2.5% of the amount withdrawn or Rs. 300 (whichever is higher) | Rs. 99 + GST","4 complimentary movie tickets up to Rs. 1000 on Bookmyshow as a welcome gift. Get 2 free movie tickets every month on spending over Rs. 5,000 in a billing month. Assured weekly cashback of Rs. 25 on spending if you spend Rs. 2,500 in a week. 1% waiver on fuel surcharge applicable on fuel transactions.",[],[],,cardinsider.com,https://cardinsider.com/rbl-bank/rbl-bank-popcorn-credit-card/
RBL Bank QuickPay Credit Card,RBL Bank,Best RBL Bank,,"[""Best RBL Bank"", ""Best RBL Bank Credit Cards""]",₹99 + GST,₹99 + GST,N/A,,Reward Points,₹99 + GST,,,"{""domestic"": ""N/A"", ""international"": ""N/A""}",,Up to 3.99% per Month (47.88% per Annum),3.50%,1% | 2.5% or ₹500 Whichever is Lower | Redeem Rewards at RBL Rewards. 1 RP = ₹0.25.,"A low-entry-level credit card by RBL Bank, ideal for beginners or those looking to build their credit profile while earning basic reward points on regular spending.","[""Low joining fee of ₹99 + GST"", ""20% UPI cashback welcome offer for new users"", ""Simple rewards structure: 1 RP for every ₹200 spent""]","[""No added benefits such as lounge access, dining, travel, or insurance perks""]",,cardinsider.com,https://cardinsider.com/rbl-bank/rbl-bank-quickpay-credit-card/
RBL Bank SalarySe UP Credit Card,RBL Bank,Best RBL Bank,,"[""Best RBL Bank"", ""Best RBL Bank Credit Cards""]",₹499 + GST,₹499 + GST,Renewal fee is waived if the cardholder spends ₹2 Lakh or more in the previous year.,,Reward Points,Redeem RP through RBL Rewards Portal; 1 RP = ₹0.10,,,"{""domestic"": ""N/A"", ""international"": ""N/A""}",,3.99% per month or 47.88% per annum,3.50%,N/A | 2.5% of the cash amount withdrawal (min. ₹500) | ₹99 + GST,"You can earn up to 2,500 Reward Points after your first transaction and additional points for spending ₹30,000 in the first three months. Link your National Common Mobility Card (NCMC) to use your credit limit for metro and bus travel.","[""Easily link the card to UPI for quick payments."", ""Spend ₹2 lakh or more in a year to get the renewal fee waived.""]","[""There are no benefits on dining, entertainment, travel, etc."", ""The forex markup fee is relatively high.""]",,cardinsider.com,https://cardinsider.com/rbl-bank/rbl-bank-salaryse-up-credit-card/
RBL Bank ShopRite Credit Card,RBL Bank,Best RBL Bank,,"[""Best RBL Bank"", ""Best RBL Bank Credit Cards""]",Lifetime Free,Lifetime Free,N/A,,Reward Points,Redeem Rewards at RBL Rewards. 1 RP = ₹0.25.,,,"{""domestic"": ""N/A"", ""international"": ""N/A""}",,Up to 3.99% per month,3.50%,"1% fuel surcharge waiver on transactions between Rs. 400 and Rs. 5,000. | 2.5% of the Cash Withdrawn or ₹500 (Whichever is Higher) | ₹99 + GST","2,000 bonus Reward Points as a Welcome Benefit. This is a lifetime free credit card. For every ₹100 spent on retail purchases, you will 1 Reward Point. For every ₹100 spent on groceries, you will get 20 Reward Points. 10% discount on movies through Bookmyshow. Fuel surcharge waiver of 1%.",[],[],,cardinsider.com,https://cardinsider.com/rbl-bank/rbl-bank-shoprite-credit-card/
RBL Bank Titanium Delight Card,RBL Bank,Best RBL Bank,,"[""Best RBL Bank"", ""Best RBL Bank Credit Cards""]",Rs. 750 + GST,Rs. 750 + GST,The renewal fee is waived off on spending Rs. 1 lakh or more in the previous year.,,Reward Points,"Redeem your reward points on payment of utility bills, phone recharge, hotel, and flight bookings, etc. 1 Reward Point = Re. 0.25.",,"You can earn 4,000 bonus Reward Points every year if you achieve an annual spend of Rs. 1.2 lakhs in an anniversary year.","{""domestic"": ""N/A"", ""international"": ""N/A""}",An applicant needs to fulfill the eligibility criteria in order to be eligible to apply for this credit card. The eligibility criteria is as follows: The applicant should be a minimum of 21 years of age. This credit card is issued either to salaried or self-employed individuals. The applicant should possess a decent credit score.,3.5% per month.,3.50% on all foreign currency spends.,"1% fuel surcharge waiver for all fuel transactions between Rs. 500 & Rs. 4,000. | 2.5% of the withdrawn amount or Rs. 500 (whichever is higher) | Rs. 99 + GST","Up to 3,000 reward points in the form of welcome benefits. For every Rs. 100 spent, you will get 1 Reward Point. 5% value back on grocery purchases on Wednesdays. Buy 1 Get 1 Free offer on BookMyShow on Wednesdays. Up to 4,000 bonus reward points per year. 10% value back on dominos/Pizza Hut on Wednesdays. The annual fee will be waived on the basis of the amount spent using this credit card. 1% surcharge waiver on fuel transactions.",[],[],,cardinsider.com,https://cardinsider.com/rbl-bank/rbl-bank-titanium-delight-card/
RBL Lumière Credit Card,RBL Bank,Best RBL Bank,,"[""Best RBL Bank"", ""Best RBL Bank Credit Cards"", ""Top 10 Super Premium Credit Cards in India""]","₹50,000 + GST","₹50,000 + GST",Annual Charges Waived on Maintaining a TRV of ₹2 Crore+,,Reward Points,"1 Reward Point = ₹1, Redeemable on Flights, Hotels, Miles Transfer, Experiences, Events, Gift Cards, Merchandise, and More",,,"{""domestic"": ""Unlimited Complimentary Domestic Lounge Access for Primary Cardholder and Accompanied Guests in a Calendar Year"", ""international"": ""Unlimited Complimentary International Lounge Access for Primary Cardholder and 10 Complimentary Visits for Accompanied Guests per Calendar Year""}",,3.4% Per Month or 40.8% Per Annum,Zero,"1% Fuel Surcharge Waiver on Fuel Transactions Between ₹500 and ₹10,000 | 2.5% Cash Withdrawal Charges (Minimum ₹500 per Transaction) | Nil","₹30,000 Taj Experiences or Marriott e-gift voucher as welcome benefit Unlimited domestic and international airport lounge access Zero forex markup on international transactions Up to 5X Reward Points on spending Unlimited golf rounds and 12 golf lessons every year Annual fee waiver on maintaining a TRV of ₹2 Crore+","[""Those maintaining a high Total Relationship Value (TRV) with RBL Bank can enjoy the card’s premium benefits without paying the annual fee."", ""The Green Legacy Initiative is a thoughtful addition and promotes environmental sustainability through card spends.""]","[""The regular reward rate could have been better, considering the high annual fee of the card."", ""The list of airline and hotel transfer partners is currently quite limited.""]",,cardinsider.com,https://cardinsider.com/rbl-bank/rbl-lumiere-credit-card/
RBL Platinum Delight Credit Card,RBL Bank,Best RBL Bank,,"[""Best RBL Bank"", ""Best RBL Bank Credit Cards""]","Rs. 1,000 + GST","Rs. 1,000 + GST",The renewal fee is waived if you spend Rs. 2 lakh or more in a year.,,Reward Points,The reward points you earn through your RBL Platinum Delight credit card can be redeemed easily at rblrewards. 1 RP = Rs. 0.25.,,"You get 1,000 bonus points every month on swiping your card 5 times for transactions worth Rs. 1,000 each month. The offer is not applicable on fuel transactions made using your credit card in a calendar month. The information will be communicated within 30 days of crossing the threshold transaction limit of a calendar month.","{""domestic"": ""N/A"", ""international"": ""N/A""}",,Up to 3.99% per month,Up to 3.5% on all foreign currency spends,"1% fuel surcharge waiver on all transactions between Rs. 500 and Rs. 4,000. | 2.5% of the amount withdrawn or Rs. 500 (whichever is higher) | Rs. 99 + GST","A welcome gift of 4,000 Reward Points. 2 Reward Points on every Rs. 100 spent on weekdays. 2x Reward Points on weekends. Spend-based monthly bonus Reward Points. 1% fuel surcharge waiver. Spend-based annual fee waiver.",[],[],,cardinsider.com,https://cardinsider.com/rbl-bank/rbl-platinum-delight-credit-card/
RBL Signature Banking Credit Card,RBL Bank,Best RBL Bank,,"[""Best RBL Bank"", ""Best RBL Bank Credit Cards""]",Waived for Signature Customers,"₹2,500 + GST (Waived for Signature Customers)",N/A,,Cashback,Cashback will be Credited in RBL Bank Savings Account,,"Within the membership year, the cardholder will earn ₹2,000 cashback on making an eligible purchase of  ₹4,00,000. The cardholder can earn an additional cashback of ₹4,000 on making an eligible purchase of  ₹6,00,000 in the membership year.","{""domestic"": ""2 Complimentary Lounge Access Each Quarter"", ""international"": ""2 Complimentary Lounge Access Each Year""}",,3.99% Per Month (47.88% Per Annum),N/A,"N/A | 2.5% of the Withdrawal Amount, Subject to a Minimum Charge of ₹500 | ₹99 + GST","This card is explicitly tailored for Signature Banking customers. Cardholders can get unlimited 4% cashback when spending on categories like flights, hotels, and shopping. Get 1% cashback on all eligible purchases up to ₹1,500 per billing month. Cardholders can earn ₹2,000 cashback on making an eligible purchase of ₹4 lakh within the membership year. Cardholders can also earn an additional cashback of ₹4,000 on making an eligible purchase of  ₹6 lakh within the membership year. The card also offers complimentary airport lounge access within and outside India.","[""The annual fee, which is ₹2,500 + GST, is waived for Signature Banking customers."", ""Milestone benefits include ₹2,000 cashback for spending ₹4 lakh in a membership year, and ₹4,000 additional cashback for spending ₹6 lakh in the membership year.""]","[""To redeem cashback, the user has to pay a fee of ₹99 + GST, and the cashback will be reflected in the user’s savings account on the monthly statement. But if the user does not redeem the cashback within 3 months of its accumulation, it will expire and cannot be redeemed.""]",,cardinsider.com,https://cardinsider.com/rbl-bank/rbl-signature-banking-credit-card/
RBL World Prime Credit Card,RBL Bank,Best RBL Bank,,"[""Best RBL Bank"", ""Best RBL Bank Credit Cards""]","₹2,999 + GST","₹2,999 + GST",N/A,,Reward Points,1 RP = ₹0.25,,"If you spend ₹1.5 lakh in a year, you’ll receive 10,000 Reward Points. If your annual spending exceeds ₹3.5 lakh, you earn an additional 10,000 Reward Points.","{""domestic"": ""2 complimentary visits to domestic airport lounges"", ""international"": ""N/A""}",,3.99% monthly or 47.88% annually,3.50%,"1% waiver on fuel transactions up to ₹150 between ₹500 and ₹4,000 | 2.5% or ₹500 | ₹99 + GST","Get 12,000 Reward Points after spending ₹2,000 within the first 30 days. Enjoy a BOGO movie ticket offer via BookMyShow. Access to domestic airport lounges with up to 2 complimentary visits each quarter. The card has a spending milestone benefit where spending ₹1.5 lakh in a year earns you 10,000 additional Reward Points. Spend over ₹3.5 lakh annually to earn an extra 10,000 Reward Points. A 1% fuel surcharge waiver on fuel transactions.","[""Offers concierge services where cardholders have access to personalized assistance for bookings, dining, and other needs."", ""No minimum spending requirement to qualify for rewards.""]","[""No international lounge access or travel insurance."", ""Certain transactions, like education or utility bills, do not earn Reward Points.""]",,cardinsider.com,https://cardinsider.com/rbl-bank/rbl-world-prime-credit-card/
RBL World Safari Credit Card,RBL Bank,Best RBL Bank,Mastercard,"[""Best RBL Bank"", ""Best RBL Bank Credit Cards""]","₹3,000 + GST","₹3,000 + GST",Nil,,Reward Points,"Travel Points Can Be Redeemed for Various Products, Vouchers, and More. 1 Travel Point = ₹0.25","As a welcome benefit, the RBL World Safari credit card offers you a MakeMyTrip voucher worth ₹3,000. This voucher is provided to the cardholder through SMS or e-mail on the registered email or phone number after payment of the membership fee. The card must be used at least once within 30 days of card issuance to avail of this offer.",,"{""domestic"": ""2 Complimentary Lounge Access Each Quarter (8 Each Year) on Spends of ₹35,000 or More in the Previous Quarter"", ""international"": ""Two Free Visits Each Calendar Year""}","The eligibility requirements for the RBL Bank World Safari Credit Card may differ depending on different factors, and these are as follows: The applicant’s age should be above 21 years. The applicant should have a stable source of income, i.e, the applicant should either be salaried or self-employed. The applicant should have a decent credit score.",3.99% per month (47.88% per annum),Nil,A 1% fuel surcharge waiver at all fuel stations across India | 2.5% of the withdrawal amount subject to a minimum charge of Rs. 500 | ₹99 + GST,"Welcome gift voucher worth Rs. 3,000 from MakeMyTrip Up to 5 travel points on every spend of Rs. 100. Up to 25,000 bonus travel points every year on achieving the milestone spend. Additional Taj Experience Gift Card worth Rs. 10,000 on annual spending of Rs. 7.5 lacs. Complimentary domestic and international lounge access. Complimentary membership to the Priority Pass program. Complimentary access to golf sessions at selected golf courses across the country. No foreign currency markup fee. 1% fuel surcharge waiver.","[""The World Safari Credit Card offers Zero Forex Markup charges, making it perfect for usage abroad.""]","[""Although this card has zero Forex markup charges, it does not offer any reward points for international spends, making it more of a Forex card than a premium credit card for international transactions.""]",,cardinsider.com,https://cardinsider.com/rbl-bank/rbl-world-safari-credit-card/
RBL World Safari Lite Credit Card,RBL Bank,Best RBL Bank,,"[""Best RBL Bank"", ""Best RBL Bank Credit Cards""]","₹1,000 + GST","₹1,000 + GST",N/A,,Reward Points,1 RP = ₹0.25 for Flight and Hotel Bookings,,"The World Safari Lite Credit Card also offers rewards on achieving milestone spending, allowing cardholders with higher spends to earn additional benefits.","{""domestic"": ""One Free Visit Each Quarter (Spend-Based)"", ""international"": ""One Free Visit Each Quarter (Spend-Based)""}",,3.99% Per Month (47.88% Per Annum),Zero,1% Fuel Surcharge | 2.5% of the Amount Withdrawn (Minimum ₹500) | ₹99 + GST,The RBL World Safari Lite Credit Card is a travel-focused credit card. It offers accelerated reward points on flight and hotel bookings made through the RBL Rewards Portal. Cardholders are eligible for both domestic and international airport lounge access. One of the key benefits of this card is zero foreign exchange charges on international spends.,"[""The World Safari Lite Credit Card comes with zero forex charges and an annual fee of ₹1,000 + GST. This makes it an attractive option, as cardholders can conveniently use it for international spending while enjoying the benefits of a credit card."", ""Those who prefer booking through the RBL Rewards Portal can earn 5 reward points per ₹100 on flight and hotel bookings.""]","[""Complimentary domestic and international lounge visits require ₹50,000 spend in the previous quarter, which may be restrictive for some users."", ""Reward Points offer good value mainly for flight and hotel bookings, while other redemption options provide relatively low value.""]",,cardinsider.com,https://cardinsider.com/rbl-bank/rbl-world-safari-lite-credit-card/
TVS Credit RBL Bank Credit Card,RBL Bank,Best RBL Bank,,"[""Best RBL Bank"", ""Best RBL Bank Credit Cards""]",₹500 + GST,₹500 + GST,N/A,,Reward Points,All the RP can be redeemed for vouchers and gift cards on RBL Rewards Portal; 1 RP = ₹0.25,,"The TVS Credit RBL Bank Credit Card also offers milestone benefits. Users will earn a bonus of 2,000 Reward Points on spending ₹1.5 lakhs annually. The Reward Points earned can be redeemed for vouchers, products, and gift cards through the RBL Rewards Portal. The value of 1 Reward Point = ₹0.25. One should remember that purchases made on fuel & auto, utilities, insurance, railways, rental, education, wallets, government services, cash, miscellaneous, Bills2Pay, and EMI conversion of retail transactions are not valid in the milestone benefits program.","{""domestic"": ""N/A"", ""international"": ""N/A""}",,3.99% per month or 47.88% per annum,3.50%,"1% waiver up to ₹100 on transactions between ₹400 to ₹5,000 | 2.5% of the cash amount or a minimum of ₹500 | ₹99 + GST","Buy-one-get-one-free offer on movie tickets via BookMyShow. NCMC features quick payments at metro stations and bus terminals. This card can be easily linked with UPI for easy transactions. Milestone benefits worth 2,000 Reward Points are included with this card.","[""Access to railway lounges with complimentary buffet meals and other amenities."", ""Fuel surcharge waiver for regular fuel spenders.""]","[""There is no lounge access benefit for air travel."", ""Insurance benefits and dining deals are not included with this card.""]",,cardinsider.com,https://cardinsider.com/rbl-bank/tvs-credit-rbl-bank-credit-card/
TVS Credit RBL Bank Gold Credit Card,RBL Bank,Best RBL Bank,,"[""Best RBL Bank"", ""Best RBL Bank Credit Cards""]","₹1,500 + GST","₹1,500 + GST",N/A,,Reward Points,All the RP can be redeemed for vouchers and gift cards on the RBL Rewards Portal; 1 RP = ₹0.25,,,"{""domestic"": ""1 complimentary domestic airport lounge access every quarter"", ""international"": ""1 complimentary international airport lounge access every quarter""}",,3.99% per month or 47.88% per annum,3.50%,"1% waiver up to ₹100 on transactions between ₹400 to ₹5,000 | 2.5% of the cash amount or a minimum of ₹500 | ₹99 + GST","Complimentary lounge access per quarter for domestic and international lounges. This card offers NCMC benefits along with easy payments through UPI linking. Milestone benefits are also included with this card, along with a fuel surcharge waiver.","[""Get 6,000 Reward Points as a welcome benefit on your first transaction within 30 days of getting the card."", ""Receive up to ₹250 cashback on restaurant bills through EazyDiner.""]","[""No specific travel rewards or insurance benefits are offered."", ""The average purchases every quarter are very high for lounge access.""]",,cardinsider.com,https://cardinsider.com/rbl-bank/tvs-credit-rbl-bank-gold-credit-card/
Zomato Edition Classic Credit Card,RBL Bank,Best RBL Bank,Mastercard,"[""Best RBL Bank"", ""Best RBL Bank Credit Cards""]",Rs. 500 + GST,Rs. 500 + GST,N/A,,Reward Points,Edition Cash is redeemable for food purchases on Zomato or against the statement balance. 1 Edition Cash = Re. 1.,,"You get 2,000 Edition Cash on spending Rs. 2,00,000 in an anniversary year (the anniversary year is the year starting from the date of issuance/renewal of the card).","{""domestic"": ""N/A"", ""international"": ""N/A""}",,3.99% per month (or 47.88% annually),Up to 3.5% (plus applicable taxes),"1% fuel surcharge levied on all fuel purchases, subject to a minimum charge of Rs. 10 (fuel surcharge waived for select cardholders for transactions between Rs. 500 & Rs. 4,000) | 2.5% of the withdrawn amount (minimum charge of Rs. 500) | Nil","500 Edition Cash as a welcome benefit. Complimentary Annual Zomato Pro membership which renews every time your card membership is renewed. Reward Points as Edition Cash redeemable on Zomato app/website or against the card’s statement balance. 5 Edition Cash per Rs. 100 spent on Zomato app/website and Blinkit. 1 Edition Cash on all other spends of Rs. 100. 2,000 bonus Edition Cash annually on achieving the milestone spend.",[],[],,cardinsider.com,https://cardinsider.com/rbl-bank/zomato-edition-classic-credit-card/
Aditya Birla SBI Card SELECT,SBI Card,Best SBI,Visa,"[""Best SBI"", ""Best SBI Credit Cards""]","Rs. 1,499 + GST","Rs. 1,499 + GST",N/A,,Reward Points,"Reward Points can be redeemed for gift vouchers on SBI card website or SBI mobile app or for against card’s outstanding balance, 1 RP = Rs. 0.25",,"Earn 3,000 RPs if you spend Rs. 1.5 Lakh or more in each anniversary year. Get additional 3,000 reward points if you spend 3 lakh or more in a year.","{""domestic"": ""4 complimentary access to Domestic Airport Lounges"", ""international"": ""N/A""}",,3.5% per month (42% per annum),3.5% on the conversion amount,1% surcharge waiver on fuel transactions at all fuel stations across India | 2.5% on the transaction amount subject to a minimum charge of Rs 500 | Rs 99 per redemption request,"6000 Rewards Points on card activation. 20X Reward Points for every Rs 100 you spent on Aditya Birla Stores. 10X Reward Points for every Rs. 100 you spend on Entertainment, Dining, and Hotels. 2X Reward Points per Rs. 200 spent on other categories. 1% fuel surcharge waiver. 4 complimentary Domestic Airport Lounges access. 3000 Rewards Points on spending Rs 1.5 Lakh. Additional 3000 Rewards Points on spending Rs 3 Lakh.",[],[],,cardinsider.com,https://cardinsider.com/sbi-card/aditya-birla-sbi-card-select/
Aditya Birla SBI Credit Card,SBI Card,Best SBI,,"[""Best SBI"", ""Best SBI Credit Cards""]",Rs. 499 + GST,"of Rs. 499 which is much lower than the SELECT card. The Aditya Birla SBI Card great offers reward points for every transaction done at Aditya Birla Stores, also across Dining, Entertainment, Hotels, and much more. The card also offers many other benefits like milestones benefits where you can get up to 4,000 reward points based on your spending. Also, the card welcomes you with 2,000 Reward Points. To know more about the card, keep reading the following review on the card: Aditya Birla SBI Credit Card ( 4.1 / 5 ) Discontinued",N/A,,Reward Points,"You can redeem the RP’s on sbicard.com or can be used for paying outstanding balance of the credit card, 1 Reward Point = Rs. 0.25",,"On achieving spends of Rs. 1 Lakh or more in an annual year, you will get 2,000 Reward Points. Additional 2,000 Reward Points will be credited to your account if the spends exceed Rs. 1.5 Lakhs in a year.","{""domestic"": ""N/A"", ""international"": ""N/A""}",,3.5% per month (42% per annum),3.5% on the conversion amount,1% surcharge waiver on fuel transactions at all fuel stations across India | 2.5% on the transaction amount subject to a minimum charge of Rs 500 | Rs. 99 per redemption request,"As a welcome benefit, you will get 2,000 bonus Rewards Points. On every Rs. 100 spent on Aditya Birla Stores, you will get 10 Reward Points. 5 Reward Points per Rs. 100 spent on Dining, Entertainment and Hotels. For every Rs. 100 spent on other categories, you will get 1 Reward Point. Surcharge waiver of 1% on all fuel stations in India. 2000 Rewards Points on Annual Spends of Rs 1 Lakh. Additional 2000 Rewards Points on Annual Spends of Rs 1.5 Lakh.",[],[],,cardinsider.com,https://cardinsider.com/sbi-card/aditya-birla-sbi-credit-card/
Air India SBI Platinum Credit Card,SBI Card,Best SBI,,"[""Best SBI"", ""Best SBI Credit Cards""]","Rs. 1,499 + GST","Rs. 1,499 + GST",N/A,,Air Miles,Reward points are convertible into Air India Air Miles. 1 RP = 1 AirMile,,You earn bonus Maharaja Points on reaching the specified spend milestones-,"{""domestic"": ""8 Free Visits Each Year (Maximum 2 Per Quarter)"", ""international"": ""N/A""}",,3.75% Per Month (45% Per Annum),3.5% + GST,"1% fuel surcharge waiver at fuel stations all over India on transactions between Rs. 500 and Rs. 4,000 (capped at Rs. 250). | 2.5% or ₹500 Whichever is Higher | Nil","5,000 Maharaja Points on paying the joining fee as a welcome benefit. 2,000 Maharaja Points as an anniversary gift every year the card membership is renewed. Up to 15,000 bonus RPs every year on reaching the stipulated spend milestones. 5 Maharaja Points per ₹100 on Air India ticket bookings. Get 2 Maharaja Points for every ₹100 spent. 2 complimentary access to domestic airport lounges every quarter. Complimentary lost card liability protection that is worth ₹1 lakh. 1% waiver on fuel surcharge applicable on transactions between ₹500 and ₹4,000 (capped at ₹250).","[""This card is most suited for those who often travel with Air India.""]","[""There are no dining or movie benefits offered with this card.""]",,cardinsider.com,https://cardinsider.com/sbi-card/air-india-sbi-platinum-credit-card/
Air India SBI Signature Credit Card,SBI Card,Best SBI,Visa,"[""Best SBI"", ""Best SBI Credit Cards""]","Rs. 4,999 + GST","Rs. 4,999 + GST",N/A,,Air Miles,The reward points that the cardholders earn can be converted into Air India Air Miles. 1 Reward point = 1 AirMile,,"You get 5,000 bonus Maharaja Points every year as an anniversary gift. Up to 1 lakh bonus Maharaja Points every year on achieving the stipulated spending milestones as under-","{""domestic"": ""Complimentary visits to domestic lounges, up to 8 times a year."", ""international"": ""N/A""}",,3.75% Per Month (45% Annually),3.5% of the amount transacted,"Fuel surcharge waiver of 1% on fuel transactions between Rs. 500 and Rs. 4,000. | 2.5% or Rs. 500 (whichever is higher) | ₹99 + GST","You will get a welcome benefit of 20,000 Reward Points once you have paid the joining fee for the credit card. Complimentary membership of the Air India Frequent Flyer program- Flying Returns. Anniversary gift of 5,000 Reward points every year Up to 1,00,000 bonus reward points annually on achieving the pre-defined spends. For every Rs. 100 spent on retail purchases, you will get 4 reward points. 10 reward points for every Rs. 100 spent on booking Air India tickets. Complimentary Priority Pass membership (lounge visits chargeable). Complimentary access to domestic airport lounges through the Visa lounge access program.",[],[],,cardinsider.com,https://cardinsider.com/sbi-card/air-india-sbi-signature-credit-card/
Apollo SBI Credit Card,SBI Card,Best SBI,,"[""Best SBI"", ""Best SBI Credit Cards""]",Rs. 499 + GST,Rs. 499 + GST,Waiver of renewal fee on the spending of Rs. 1 Lakh or more in the previous year.,,Reward Points,They can only be redeemed to avail services at Apollo Healthcare Centers and related stores.,,,"{""domestic"": ""N/A"", ""international"": ""N/A""}","Only Indian residents can apply for this card. Both salaried and self-employed individuals, above the age of 18 years can apply for this credit card. The add-on cardholder should at least be 18 years of age to get this card. The cardholder should have a stable source of income. The cardholder must have a good credit score to be eligible for this credit card.",3.5% per month (or 42% annually),3.5% on all international transactions,"1% at all fuel stations in India. Surcharge amount is capped at Rs. 100 in a month. | 2.5% of the amount or Rs. 500, higher of the two | Rs. 99","3x Reward Points while spending on Apollo services. 2x Reward Points while spending on movies, dining, and entertainment. 10% Instant Discount at Select Apollo Services. Complimentary Apollo Gold Tier Membership. 1% fuel surcharge waiver at all fuel stations.",[],[],,cardinsider.com,https://cardinsider.com/sbi-card/apollo-sbi-credit-card/
Apollo SBI SELECT Credit Card,SBI Card,Best SBI,"Mastercard, RuPay","[""Best Health and Wellness Credit Cards"", ""Best SBI"", ""Best SBI Credit Cards""]","₹1,499 + GST","₹1,499 + GST",Annual Charges Reversed on Spending of ₹3 Lakh or More,,Reward Points,1 RP = 1 Health Credit (Equivalent to ₹1),,"Receive a complimentary comprehensive health check-up package worth ₹1,999 on spending ₹50,000 within 90 days of joining . Once qualified for the offer, cardholders will receive a link to book the diagnostic test via SMS and/or email sent to their registered contact details. Spend ₹50,000 within 90 days of your card anniversary each year to get a complimentary comprehensive health check-up package worth ₹1,999 . Get an annual fee of ₹1,499 reversed by spending ₹3 lakh in the previous membership year. Enjoy a complimentary Noise Smartwatch worth ₹7,999 with an annual spending of ₹6 lakh .","{""domestic"": ""4 Free Visits Each Year (Maximum One Every Quarter)"", ""international"": ""N/A""}",,3.75% Per Month (45% Annually),3.50%,"1% Waiver on Fuel Transactions Between ₹500 and ₹4,000 | 2.5% or ₹500 (Whichever is Higher) | N/A",Apollo Select is a sub-premium health credit card. It is a co-branded offering by SBI Card and Apollo 24/7. This card is available on the RuPay and Mastercard networks. Cardholders can avail of four free domestic airport lounge visits with the card. Complimentary two-year Priority Pass membership.,"[""With plenty of spend-based and milestone benefits, this credit card is extremely useful for those with high medical expenses.""]","[""Although Priority Pass membership is included, no free international lounge visits are offered with the card."", ""Reward Points earned with the card can only be converted to Apollo Health Credits. There is no option for cash redemption.""]",,cardinsider.com,https://cardinsider.com/sbi-card/apollo-sbi-select-credit-card/
BPCL SBI Octane Credit Card,SBI Card,Best SBI,,"[""Best Co-Branded Credit Cards"", ""Best Fuel Credit Cards in India"", ""Best SBI"", ""Best SBI Credit Cards"", ""Top 20 Best Credit Cards in India 2026""]","Rs. 1,499 + GST","Rs. 1,499 + GST",Next year’s renewal fee waived on annual expenditure of Rs. 2 lakh.,,Reward Points,"Redeem RPs for Fuel at BPCL Stations, Against Statement, or for Products and Vouchers With SBI",,"Get a voucher worth ₹2,000 from popular brands like Bata, Yatra, Hush Puppies, or Aditya Fashion on annual spends of ₹3 lakh. How to Redeem the Voucher? You will receive an SMS with e-voucher options within 20 days of eligible spending. Once you choose an option, the e-voucher will be sent to your registered mobile number or email ID within 5 working days. Please note that the Aditya Birla Fashion voucher can only be redeemed at the following brand stores: Louis Philippe, Van Heusen, Allen Solly, Peter England, Planet Fashion, and Simon Carter. The annual renewal fee for the next year is also waived on a yearly expenditure of ₹2,00,000.","{""domestic"": ""4 complimentary access to domestic lounges every year (1 per quarter)."", ""international"": ""N/A""}","The BPCL SBI Octane card does not have any fixed eligibility criteria. The following are the basic criteria that one needs to fulfill to get an SBI Card: The applicant should be above 18 years of age. The applicant should have a stable income above ₹30,000 per month. The applicant should have a good credit history/score above 750.",3.75% Per Month (45% Per Annum),3.5% of the transaction amount,"Get a 1% waiver on the fuel surcharge for fuel transactions made up to ₹4,000 at all petrol pumps across India. Note that the maximum waiver of ₹100 can be availed in a month. This alone is equivalent to ₹1,200 in annual savings . | 2.5% of the withdrawn amount (subject to a minimum charge of Rs. 500) | Rs. 99 (plus applicable taxes) per redemption request.","Get 6,000 Bonus RPs on the realization of the annual membership fee as a welcome benefit. 25 reward points on spending Rs. 100 for fuel purchases at BPCL refill stations (maximum 2,500 reward points per month). 10 reward points per Rs. 100 spent on groceries, departmental stores and movie ticket purchases (maximum 7,500 reward points per month). 1 reward point per Rs. 100 you spend on other retail purchases, except mobile wallet uploads and expenditures on non-BPCL fuel stations. 1% fuel surcharge waived on all petrol transactions up to Rs. 4,000. 4 complimentary access to domestic lounges annualy (1 per quarter). Gift Vouchers worth Rs 2,000 from Aditya Birla Fashion or Yatra or Urban Ladder or Hush Puppies or Bata on annual expenditure of Rs. 3,00,000 or above. Renewal fee waived off if Rs. 2,00,000 were spent in the last year. Complimentary Fraud Liability cover of Rs. 1 Lakh","[""Welcome benefit of 6,000 Reward Points worth Rs 1500"", ""Enjoy 10 Reward Points on spend of Rs. 100 at dining, movies and departmental stores.""]","[""There is a reward redemption fee of Rs. 99."", ""No insurance benefits are included with this account.""]",,cardinsider.com,https://cardinsider.com/sbi-card/bpcl-sbi-card-octane/
BPCL SBI Credit Card,SBI Card,Best SBI,,"[""Best Fuel Credit Cards in India"", ""Best SBI"", ""Best SBI Credit Cards""]",₹499 + GST,₹499 + GST,Annual Fee Reversal on Spends of ₹1 Lakh in a Year,,Reward Points,Redeem Reward Points for Free Fuel at BPCL Stations. 1 Reward Point = ₹0.25,,The renewal fee of ₹499 for this credit card can be reversed if the cardholder is able to spend ₹1 lakh or more using his credit card in an anniversary year.,"{""domestic"": ""N/A"", ""international"": ""N/A""}",,3.75% Per Month (45% Per Annum),3.50%,"1% fuel surcharge waived off at all fuel stations across India for transactions up to Rs. 4,000 (max waiver capped at Rs. 100 per month) | 2.5% or ₹500 Whichever is Higher | ₹99 + GST","2,000 Activation Bonus Reward Points worth ₹500 on payment of the joining fee. 1 Reward Point per ₹100 spent with the card on non-fuel transactions. 5X Reward Points on departmental stores, groceries, dining, and movie spends (Up to 5000 Reward Points per month) 13X Reward Points on fuel spends at BPCL filling stations. (Maximum 1300 Reward Points per billing cycle) 1% fuel surcharge waived off at all filling stations across India for transactions up to ₹4,000 (max waiver capped at ₹100 per month). Annual renewal fee waived off on expenditure of ₹1 lakh in the preceding year.","[""This card offers great reward points on fuel transactions at BPCL petrol pumps in India."", ""BPCL SBI Credit Card can be availed at a low joining cost of Rs. 499.""]","[""This card doesn’t offer any domestic or international lounge access."", ""There are no insurance benefits provided with the BPCL SBI Credit Card.""]",,cardinsider.com,https://cardinsider.com/sbi-card/bpcl-sbi-credit-card/
Cashback SBI Credit Card,SBI Card,Best SBI,,"[""Best Cashback Credit Cards in India"", ""Best Online Shopping Credit Cards India"", ""Best SBI"", ""Best SBI Credit Cards"", ""Top 20 Best Credit Cards in India 2026""]",₹999 + GST,₹999 + GST,"The annual fee can be waived on spending Rs. 2,00,000 or more in the previous year.",,Cashback,Cashback Earned on the Card is Automatically Credited to the Cardholder’s Statement in The Following Month,,,"{""domestic"": ""N/A"", ""international"": ""N/A""}",,3.75% per month (45% per annum),3.5% + GST,"1% fuel surcharge waiver for transactions between Rs. 500 and Rs. 3,000 at petrol pumps across India. (waiver capped at Rs. 100 per statement) | 2.5% of the amount withdrawn or a minimum charge of Rs. 500. | N/A","Get 5% cashback on every online transaction (maximum ₹2,000 cashback per month). 1% cash back on every offline transaction. Spend-based annual fee waiver. 1% fuel surcharge waiver capped at ₹100 per month.","[""Decent 5% cashback on online and 1% cashback on offline spends."", ""The monthly cashback cap of ₹5,000 is high when compared to other cashback cards."", ""Great for online spending, as most cashback cards don’t offer 5% back and have lower rewards.""]","[""Several categories are excluded from 1% cashback."", ""It can be hard to reach the spend-based waiver, as many major spend categories don’t accrue cashback."", ""During online sales, you do not get an instant discount on the cashback card.""]",,cardinsider.com,https://cardinsider.com/sbi-card/cashback-sbi-credit-card/
Club Vistara SBI Card PRIME,SBI Card,Best SBI,Mastercard,"[""Best Credit Cards To Earn Club Vistara Points India"", ""Best Credit Cards in India Providing Club Vistara Membership"", ""Best SBI"", ""Best SBI Credit Cards""]","Rs. 2,999 + GST","Rs. 2,999 + GST",None,,Air Miles,"Club Vistara Points can be redeemed for booking award flights, class upgrades, or against any seat reservation under the Vistara Cash + Points program (1 CV Point = Rs. 0.2)",,"3,000 bonus CV points on the expenditure of  Rs. 75,000 in the first 90 days of issuance of the card. These points are credited to the Club Vistara account within 15 working days of reaching the spends threshold. 1 Premium Economy Class ticket each on the annual expenditure of Rs. 1..5 lakh, Rs. 3 lakh, Rs. 4.5 lakh and Rs. 8 lakh. 1 hotel e-voucher from Yatra worth Rs. 10,000 on annual spends of Rs. 8 lakh.","{""domestic"": ""8 complimentary access to domestic lounges (2 per quarter)"", ""international"": ""4 complimentary visits per year (max 2 per quarter) with Priority Pass membership.""}","SBI Cards has not defined any exact eligibility measures for the Club Vistara PRIME credit card. However, SBI does maintain a portal called Simplyfier where you can check the best-suited SBI credit card for you. Following are the basic eligibility criteria that must be aware of: The applicant’s age should be a minimum of 18 years. The applicant should either be self-employed or salaried and have a stable income. The applicant should maintain a decent credit history.",3.5% per month (42% per annum),3.5% (plus applicable taxes),"1% fuel surcharge applicable, subject to a minimum amount of Rs. 10. | 2.5% of the withdrawn amount (subject to a minimum charge of Rs. 500) | Nil","1 Premium Economy Class ticket as a welcome gift upon payment of Annual / Renewal fee. 4 Club Vistara Points per Rs. 200 spent using the card (applicable on all spends including fuel purchases). 3,000 CV points on spending Rs. 75,000 in the first 90 days of card activation. 1 Premium Economy class ticket each on annual spends of Rs. 1.5 lakhs, Rs. 3 lakhs, Rs. 4.5 lakhs & Rs. 8 lakhs. 1 Hotel e-voucher from Yatra (worth Rs. 10,000) if you spend Rs. 8 Lakh in a year. Insurance cover for up to 6 Air Vistara flight cancellations per year, each limited to Rs. 3,500 and many other travel-related insurance benefits. 8 domestic lounge access annually (max 2 per quarter). Priority Pass membership with 4 complimentary lounge access (limited to 2 visits/quarter).",[],[],,cardinsider.com,https://cardinsider.com/sbi-card/club-vistara-sbi-card-prime/
Club Vistara SBI Credit Card,SBI Card,Best SBI,,"[""Best Credit Cards To Earn Club Vistara Points India"", ""Best SBI"", ""Best SBI Credit Cards""]","Rs. 1,499 + GST","Rs. 1,499 + GST",None,,Air Miles,Reward Points directly transferred to Club Vistara account.  You can redeem the accumulated CV Points for flights on Air Vistara and partner airlines.,,"1000 Bonus Club Vistara Points on spending ₹50,000 within the ninety days of card set-up. These Club Vistara Points will be credited to the Club Vistara membership account within 15 working days. 1 complimentary economy class air ticket on each annual spending of Rs 1.5 lakhs, 2.5 lakhs and 5 lakhs. 1 hotel e-gift voucher that is worth ₹5,000 from Yatra on an annual expenditure of ₹5 lakhs.","{""domestic"": ""4 complimentary access to domestic lounges annually (max 1 visit every quarter)"", ""international"": ""Complimentary Priority Pass Membership""}",,3.50% per month (42% per annum),3.5% on the transaction amount,Nil | 2.5% of amount withdrawn (minimum charge of Rs 500/-) | Nil,"Welcome benefits include 1 complimentary economy-class air ticket as an e-gift voucher. 1,000 Bonus Club Vistara Points if you spend Rs. 50,000 within 90 days of card activation. Yatra E-voucher worth Rs. 5,000 if you spend Rs. 5 lakh annually. You spend 3 Club Vistara Points per Rs 200 on every transaction. Get 1 complimentary economy class air ticket on each annual spending of Rs 1.5 lakh, 2.5 lakh, 5 lakh. 4 complimentary access to domestic lounges annually. Complimentary membership of the Priority Pass lounge access program.",[],[],,cardinsider.com,https://cardinsider.com/sbi-card/club-vistara-sbi-credit-card/
Delhi Metro SBI Credit Card,SBI Card,Best SBI,,"[""Best SBI"", ""Best SBI Credit Cards""]",Rs. 500 + GST,Rs. 500 + GST,"You get a renewal fee waiver of Rs 500 on spending of Rs 1,00,000 in the previous year.",,Reward Points,You can redeem the reward point accumulated on this card can be redeemed against the reward catalogue or statement cash.,"You get 2000 reward points on spending ₹2000 within the first 60 days of the card issuance. Additionally, you get free Metro cash of ₹50 on your Delhi Metro Smart card. You can avail of this offer on payment of the joining fee.",,"{""domestic"": ""N/A"", ""international"": ""N/A""}",,3.5% per month ( 42% per annum),3.5% on the conversion amount,1% surcharge waiver on all fuel transactions at all fuel stations across India | 2.5% on the withdrawal amount subject to minimum amount of Rs 500 | Rs 99 per redemption request,"2000 Reward Points on spending Rs 2000 within the first 60 days 10 RP on every Rs 100 spent on Dining, Movies, Grocery, Departmental stores, and Utility bill payments Auto top-up of Rs 200 on your Delhi Metro Smart card when your balance reaches Rs 100. Renewal fee waiver on annual spending of Rs 1,00,000 in the previous year 1% surcharge waiver on all fuel transactions at all fuel stations across India.",[],[],,cardinsider.com,https://cardinsider.com/sbi-card/delhi-metro-sbi-credit-card/
Doctor’s IMA SBI Card,SBI Card,Best SBI,,"[""Best Health and Wellness Credit Cards"", ""Best SBI"", ""Best SBI Credit Cards""]","₹1,499 + GST","₹1,499 + GST",Renewal Fee is reversed on annual spends of Rs. 2 Lakhs,,Reward Points,Reward points can be redeemed against an array of options from the reward point catalogue. 1 Reward Point = Rs. 0.25,,"Cardholders get an e-Gift Voucher from Yatra/Bata/Shoppers Stop worth ₹5,000 on spending Rs. 5 Lakhs in a year On an annual expenditure of ₹2 Lakhs, the renewal fee will be reversed","{""domestic"": ""4 Free Domestic Lounge Visits Each Year, Maximum 1 Per Quarter"", ""international"": ""4 Free Lounge Visits Each Year, Maximum 2 Per Quarter""}",,3.75% Per Month or 42% Per Year,3.5% + GST,"1% Waiver for Transactions Between ₹400 and ₹5,000 | 2.5 % of the transaction amount or Rs. 500, whichever is lower | ₹99 + GST","An e-Voucher worth Rs. 1,500 from Yatra is given as a Welcome Gift. Earn 5x reward points on international transactions, medical supplies, and travel bookings. Get 5x reward points on all spending on Doctor’s Day Reversal of renewal fee on annual spend of Rs. 2 lakh Professional Indemnity Insurance Cover of Rs. 20 Lakhs can be availed by cardholders Complimentary Domestic Airport Lounge access 4 times a year Complimentary International Airport Lounge access 4 times a year (maximum two visits in a quarter) Get free membership access to the Priority Pass Program worth $99","[""Good rewards for medical and international spending."", ""Insurance cover for doctors is included.""]","[""Normal daily spending gives low rewards."", ""Yearly fee if you don’t meet the spending condition.""]",,cardinsider.com,https://cardinsider.com/sbi-card/doctors-ima-sbi-card/
Etihad Guest SBI Credit Card,SBI Card,Best SBI,,"[""Best SBI"", ""Best SBI Credit Cards""]","Rs. 1,499 + GST","Rs. 1,499 + GST",Annual membership fee waived off (2nd year onwards) on minimum spends of Rs. 3 lakh in the previous year,,Air Miles,"Etihad Guest Miles earned redeemable for booking flights, hotels and renting cars from participating travel partners, and for purchasing products from Etihad Guest website or its travel partner services. Etihad Miles can also be used to pay for purchases made using the credit card.",,"1 companion voucher on achieving the milestone of spends of Rs. 10,00,000. 5,000 Etihad Guest miles on annual spends of Rs. 5 lakh.","{""domestic"": ""8 complimentary access to domestic lounges annually (max 2/quarter)"", ""international"": ""Complimentary Priority Pass membership worth USD 99""}","SBI has not explicitly specified any clear eligibility criteria to apply for the Etihad Guest SBI card. But, they do have a portal, Simplyfier to help you with recommending the best credit card suitable for you.",3.5% per month (or 42% annually),3.5% (plus applicable taxes),"1% fuel surcharge waiver applicable at all fuel stations in India for purchases between Rs. 500 and Rs. 4,000 (max benefit capped at Rs. 250 per payment cycle) | 2.5% of the withdrawn amount (subject to a minimum charge of Rs. 500) | Nil","Welcome benefit of 2,500 Etihad Guest Miles. Complimentary Etihad Guest Silver tier status. 1 free wifi voucher on first Etihad Airways booking. 3 Etihad Guest Miles per Rs. 100 you spend on Etihad. 2 Etihad Guest Miles per Rs. 100 spent on international spends. 1 Etihad Guest Mile for every Rs. 100 on other spends (with a few exceptions). 10% discount on business class ticket bookings directly from Etihad Airways. 3% discount on economy class ticket bookings directly from Etihad Airways. 1 companion voucher on achieving the milestone spends of Rs. 10,00,000. 5,000 Etihad Guest Miles on annual spends of Rs. 5 lakh. Annual membership fee reversal (2nd year onwards) on spending Rs. 3 lakh in the previous year. 8 complimentary domestic lounge access annually (max 2/quarter). Complimentary Priority Pass membership worth USD 99. Personal overseas air accident cover worth Rs. 25 lakh. Complimentary fraud liability insurance cover worth Rs. 50,000. Complimentary insurance against loss of baggage worth USD 1,000. 1% fuel surcharge waiver on transactions between Rs. 500 and Rs. 4,000. Maximum waiver capped at Rs. 250 in a month.",[],[],,cardinsider.com,https://cardinsider.com/sbi-card/etihad-guest-sbi-credit-card/
Etihad Guest SBI Premier Credit Card,SBI Card,Best SBI,,"[""Best SBI"", ""Best SBI Credit Cards""]","Rs. 4,999 + GST","Rs. 4,999 + GST","Next year’s annual membership fee waived on the expenditure of minimum Rs. 5,00,000 in a year.",,Air Miles,"The Etihad Guest Miles earned are redeemable for booking hotels, flights, and renting cars from participating travel partners, and for purchasing products on etihadguest or its travel partner services. Etihad Miles can also be used to pay for purchases made using the credit card.",,"1,500 Etihad Guest Miles on the expenditure of Rs. 1,50,000 in a calendar quarter. 1 Companion Voucher within 15 days of achieving annual spends of Rs. 8,00,000. Membership renewal fee waived if Rs. 5,00,000 or more were spent using the card in the preceding year.","{""domestic"": ""8 domestic lounge access each year with a quarterly cap of 2 visits."", ""international"": ""Complimentary Priority Pass membership worth USD 99 with 4 complimentary lounge access outside India (max 2 per quarter). Visits chargeable at USD 27/visit/guest post this complimentary quota.""}","SBI has not explicitly defined any clear eligibility criteria for the Etihad Guest SBI Premier credit card. Nevertheless, they do have a portal called Simplyfier to find which SBI credit card is reasonably suited for you. The criteria to get approved for the Premier card is as mentioned below: If you are a salaried employee, your age should be between 18 years to 65 years. If you are a self-employed individual, your age should lie between 21 years and 60 years. You should have a stable source of income. You should have a good credit score.",3.5% per month (42% per annum),3.5% (plus applicable taxes),"The 1% fuel surcharge waiver at all fuel stations across India for transactions between Rs. 500 and Rs. 4,000 (capped at Rs. 250 per statement cycle) | 2.5% of the withdrawn amount (subject to a minimum charge of Rs. 500) | Nil","5,000 Etihad Guest Miles, 2 Complimentary Wi-Fi vouchers on the first Etihad Airways booking using the card, and complimentary Etihad Guest Gold Tier Status after the first card transaction as a Welcome Benefit. 6 Etihad Guest Miles per Rs. 100 you spend on Etihad. 4 Etihad Guest Miles for all transactions of Rs. 100 on international spends. 2 Etihad Guest Miles per Rs. 100 spends on all other expenditures (except fuel purchases). Up to 10% discount on direct Etihad Airways bookings. Up to 10% discount on travel rewards and miles redemption. 1,500 Etihad Guest Miles on spends of Rs. 1,50,000 in a calendar quarter. 1 Etihad Companion Voucher on an annual expenditure of Rs. 8,00,000. The annual fee was waived for spending Rs. 5,00,000 in the last year. International lounge visits with Priority Pass and Domestic lounge access with Visa Lounge Program. 1% fuel surcharge waiver.",[],[],,cardinsider.com,https://cardinsider.com/sbi-card/etihad-guest-sbi-premier-credit-card/
FABindia SBI Card SELECT,SBI Card,Best SBI,,"[""Best SBI"", ""Best SBI Credit Cards""]","Rs. 1,499 + GST","Rs. 1,499 + GST",Annual fee waived off on spends of Rs. 2 lakh in the previous year,,Reward Points,Reward Points can be converted into Fabfamily Rewards which can be used for shopping on Fabindia stores. 1 Reward Point = 1 Fabfamily Reward = Re. 1,,"The annual fee of the card is waived off on achieving the milestone of expenditure of a minimum of Rs. 2 lakh in the preceding year. Gift vouchers worth Rs. 1,250 from popular brands on achieving the quarterly milestone of expenditure of Rs. 2 lakh using the card. You can choose the gift voucher from either Aditya Birla Fashion Or Yatra Or Urban Ladder Or Hush Puppies / Bata.","{""domestic"": ""4 complimentary domestic airport lounge access (1 per quarter)"", ""international"": ""Complimentary Priority Pass membership for two years (lounge visits are chargeable)""}","SBI has not explicitly stipulated any eligibility criteria for the card. However, they have a portal called Simplyfier to check which SBI credit card best suits your needs.",3.5% per month (or 42% annually),3.5% of the transaction amount,"1% fuel surcharge waived off for transactions of up to Rs. 3,000 (max waiver of Rs 100 per month) | 2.5% of the transaction amount, subject to a minimum amount of Rs. 500 | Rs. 99 (plus applicable taxes) per redemption request","Fabindia gift voucher worth Rs. 1,500. Platinum tier Fabfamily membership. Gift voucher worth Rs. 1,250 from popular brands on spends of Rs. 2 lakh in a calendar quarter. 10 Reward Points per Rs. 100 spent on Fabindia stores. 3 Reward Points per Rs. 100 spent on dining, movies and entertainment. 2 Reward Points per Rs. 100 on all international spends. 2 Reward Points per Rs. 200 on all other spends. 4 complimentary domestic lounge access (max 1 per quarter). Complimentary membership of the Priority Pass program valid for 24 months. 1% fuel surcharge waived off on transactions of up to Rs. 3,000. Maximum waiver capped at Rs. 100/month. The Reward Points can be converted into Fabfamily rewards which can be used for shopping on Fabindia stores. 1 Reward Point = 1 Fabfamily Reward = Re. 1.",[],[],,cardinsider.com,https://cardinsider.com/sbi-card/fabindia-sbi-card-select/
FABINDIA SBI Credit Card,SBI Card,Best SBI,,"[""Best SBI"", ""Best SBI Credit Cards""]",Rs. 499 + GST,Rs. 499 + GST,Get your renewal fee waived off on a minimum spend of Rs 1 lakh in the previous year.,,Reward Points,The Reward Points can be converted into Fabfamily Rewards and can be redeemed against shopping at a rate of 1 Reward Point = 1 Fabfamily Reward = Re. 1.,,You get gift vouchers worth ₹750 from Aditya Birla Fashion/Yatra/BATA/Hush Puppies on spending ₹1 lakh or more in a quarter.,"{""domestic"": ""N/A"", ""international"": ""N/A""}",,3.5% per month,3.5% on all foreign currency spends,"1% fuel surcharge waiver for all fuel transactions up to Rs. 3,000 | 2.5% of the cash amount withdrawn or Rs. 500 (whichever is higher) | Rs. 99",Get up to 2 Reward Points on every Rs. 100 you spend. 5 Reward Points on every Rs. 100 spent on Fabindia stores. Gift vouchers worth Rs. 500 as a welcome gift. Access to Fabfamily Gold Tier membership. Gift vouchers worth Rs. 750 on achieving the milestone spend. Spend-based renewal fee waiver. 1% fuel surcharge waiver.,[],[],,cardinsider.com,https://cardinsider.com/sbi-card/fabindia-sbi-card/