card_name,issuing_bank,issuing_bank_raw,card_network,categories,joining_fee,annual_fee,fee_waiver_condition,reward_rate,reward_structure,redemption_options,welcome_benefits,milestone_benefits,lounge_access,eligibility,interest_rate_apr,forex_markup,other_charges,key_features,pros,cons,rating,source_site,source_url
Flipkart SBI Credit Card,SBI Card,Best SBI,,"[""Best Cashback Credit Cards in India"", ""Best Credit Cards for Beginners"", ""Best SBI"", ""Best SBI Credit Cards""]",₹500 + GST,₹500 + GST,Annual Charges are Reversed on Spends of ₹3.5 Lakh,,Cashback,Cashback is Credited Against Statement,,,"{""domestic"": ""N/A"", ""international"": ""N/A""}",,3.75% Per Month (45% Annually),3.50%,"1% Waiver on Fuel Transactions Between ₹500 and ₹4,000 | 2.5% or ₹500 (Whichever is Higher) | N/A","This is a co-branded offering between SBI Card and Flipkart. This card is most suitable for those who often shop with Flipkart and Myntra and even use Cleartrip for their travel bookings. Available at a reasonable joining fee of ₹500 + GST, this card is quite affordable and offers cashback on several partners. Cardholders can even earn 4% cashback on Netmeds, PVR, Uber, and Zomato.","[""This card comes at an affordable joining and renewal charge of ₹500 + GST."", ""The welcome benefits offered with this card are quite attractive."", ""This card is great for those looking for straightforward cashback.""]","[""Airport lounge access is not provided with this card."", ""This card doesn’t offer any renewal benefits."", ""The Flipkart SBI Credit Card is only available on the Mastercard and Visa networks, meaning this card cannot be used for UPI payments since it is not available on the RuPay network.""]",,cardinsider.com,https://cardinsider.com/sbi-card/flipkart-sbi-credit-card/
IndiGo SBI Credit Card,SBI Card,Best SBI,,"[""20+ Best Travel Credit Cards"", ""Best Co-Branded Airline Credit Cards"", ""Best Credit Cards for IndiGo BluChips"", ""Best SBI"", ""Best SBI Credit Cards""]","₹1,499 + GST (~₹1,768)","₹1,499 + GST (~₹1,768)",N/A,,Air Miles,BluChips Can Be Redeemed for Flight Bookings With IndiGo,,"Not only does this card offer regular rewards, but it also comes with milestone benefits. This is a great perk, as anyone booking IndiGo flights even a few times a year is likely to have high spends, and these rewards add extra value. Here’s a look at all the milestone rewards offered with this card.","{""domestic"": ""One Free Visit Each Quarter on Making Spends of ₹50,000 or More in the Previous Quarter"", ""international"": ""N/A""}",,3.75% Per Month (45% Annually),3.50%,"1% Waiver on Fuel Transactions Between ₹500 and ₹4,000 | 2.5% or ₹500 (Whichever is Higher) | N/A","The IndiGo SBI Credit Card is an affordable credit card available at a joining and annual charge of ₹1,499 + GST. This credit card is most suited for those who often fly with the popular Indian airline IndiGo. Complimentary airport lounge access is offered with this card to ease the travel experience.","[""2,500 IndiGo BluChips are offered as a renewal benefit with this card. This is an extreme advantage for all those who wish to keep this card, as they will get their fees worth from the second year as well, instead of the usual first year.""]","[""Although airport lounge access would have been a pro for this card, it’s offered on a spend-based basis. Cardholders must spend ₹50,000 in the previous quarter to access this benefit, which doesn’t truly make it complimentary.""]",,cardinsider.com,https://cardinsider.com/sbi-card/indigo-sbi-credit-card/
IndiGo SBI ELITE Credit Card,SBI Card,Best SBI,"Mastercard, RuPay","[""20+ Best Travel Credit Cards"", ""Best Co-Branded Airline Credit Cards"", ""Best Credit Cards for IndiGo BluChips"", ""Best SBI"", ""Best SBI Credit Cards""]","₹4,999 + GST","₹4,999 + GST",N/A,,Air Miles,BluChips Can Be Redeemed for Flight Bookings With IndiGo,,"Those who have a high spending habit should opt for this card, as it allows them to earn several milestone rewards. Up to 24,000 BluChips can be earned on spends of ₹12 Lakh.","{""domestic"": ""Two Free Visits Each Quarter on Making Spends of ₹100,000 or More in the Previous Quarter"", ""international"": ""6 Free Visits Each Year (Maximum 2 Per Quarter)""}",,3.75% Per Month (45% Annually),3.50%,"1% Waiver on Fuel Transactions Between ₹500 and ₹4,000 | 2.5% or ₹500 (Whichever is Higher) | N/A","The IndiGo SBI ELITE Credit Card is a premium airline co-branded card available at a joining charge of ₹4,999. Cardholders can enjoy complimentary domestic and international lounge access with this card.","[""The IndiGo SBI ELITE Credit Card provides access to both domestic and international airport lounges.""]","[""There is no fixed value of the BluChips earned with this card. One would need to calculate their redemption value while booking flights with IndiGo.""]",,cardinsider.com,https://cardinsider.com/sbi-card/indigo-sbi-elite-credit-card/
IRCTC SBI RuPay Credit Card,SBI Card,Best SBI,RuPay,"[""Best Credit Card For Complimentary Railway Lounge Access"", ""Best SBI"", ""Best SBI Credit Cards""]",Rs. 500 + GST,Rs. 500 + GST,N/A,,Reward Points,RPs Are Credited to IRCTC Loyalty Account,,,"{""domestic"": ""N/A"", ""international"": ""N/A""}","For the issuance of the IRCTC SBI Rupay credit card, there are some basic eligibility criteria- One should be at least 18 years or above. Regular source of Income, whether the person is salaried or self-employed. One should have a decent credit score or credit history (Preferably above 700).",3.75% Per Month (45% Per Annum),3.50%,"1% fuel surcharge waiver across all petrol pumps in India for all transactions between Rs. 500 to Rs. 3,000. You can get a maximum waiver of Rs. 100 in a statement cycle. | 2.5% or Rs. 500 (whichever is higher) | Rs. 99","Get 1 Reward Point for every Rs. 125 spent on retail purchases, including railway tickets booked at the IRCTC Website or IRCTC mobile app. Get 350 bonus reward points on a transaction of over Rs. 500 within 45 days after the card set-up date as a welcome gift. On buying AC1, AC2, AC3, and AC CC tickets through IRCTC, you get up to 10% value back as reward points. Get 4 complimentary railway lounge access every year. You can save the 1% transaction charges on your railway ticket booking through IRCTC.",[],[],,cardinsider.com,https://cardinsider.com/sbi-card/irctc-rupay-sbi-credit-card/
IRCTC SBI Card Premier,SBI Card,Best SBI,,"[""Best Credit Card For Complimentary Railway Lounge Access"", ""Best SBI"", ""Best SBI Credit Cards""]","Rs. 1,499 + GST","Rs. 1,499 + GST",Renewal fee waiver on spends of Rs. 2 lakh,,Reward Points,1 Reward Point = Re. 1.,,"You get 2,500 bonus Reward Points on achieving a total travel spends of Rs. 50,000 in the previous year. 5,000 bonus reward points are credited to your account if you achieve spending of Rs. 1 Lakh in an anniversary year.","{""domestic"": ""N/A"", ""international"": ""N/A""}",,3.5% per month,3.5% on all international transactions,"1% fuel surcharge waiver | 2.5% of the cash advance or Rs. 500, the higher of the two. | Rs. 99","Up to 3 RP for every Rs. 125 spent. Earn 1 Reward Point per 125 spent on other non-fuel retail purchases Get a welcome bonus of 1,500 Reward Points. Up to 5,000 bonus Reward Points on hitting the milestone spend mark. Complimentary access to railway lounges. Up to 10,000 miles every night on hotel stays. Spend-based renewal fee waiver. 1% fuel surcharge waiver.",[],[],,cardinsider.com,https://cardinsider.com/sbi-card/irctc-sbi-card-premier/
KrisFlyer SBI Card Apex,SBI Card,Best SBI,"Mastercard, American Express","[""Best Co-Branded Airline Credit Cards"", ""Best Credit Cards to Earn KrisFlyer Miles"", ""Best SBI"", ""Best SBI Credit Cards""]","₹9,999 + GST","₹9,999 + GST",N/A,,KrisFlyer Miles,Rewards are Earned as KrisFlyer Miles,"Get 10,000 KrisFlyer Miles upon realization of joining fees and making the first transaction within the first 60 days of card issuance.","With this premium credit card, users shall get additional rewards for achieving the stipulated spends.","{""domestic"": ""2 Visits Each Quarter (8 Annually)"", ""international"": ""8 Airport Visits Abroad""}",,3.75% Per Month (45% Per Annum),3.50%,"1% Fuel Surcharge Waiver on Transactions Upto ₹3,000 | 2.5% or ₹500 Whichever is Higher | ₹99 + GST","This card comes at a fee of ₹9,999 + GST. It is most suited for those who often fly with Singapore Airlines. 3.5% Forex markup shall be charged on all international spends. Complimentary domestic and international airport lounge access is offered with this card. Primary cardholders shall also be offered Priority Pass for the first two years of card membership.","[""With this card, cardholders receive a generous number of domestic and international lounge visits. Additionally, primary cardholders are offered Priority Pass membership."", ""The milestone benefits offered with this card are quite attractive. Not only can one earn additional KrisFlyer Miles upto 13,000 Miles, but on spending ₹7.5 lakh, one will also get a a tier upgrade to KrisFlyer Elite Gold membership.""]","[""This card comes with a fee of ₹9,999, which is quite high compared to other cards. It doesn’t offer holistic rewards such as dining and entertainment benefits."", ""The Forex charge for this card is 3.5%, which should have been lower for such a premium card.""]",,cardinsider.com,https://cardinsider.com/sbi-card/krisflyer-sbi-card-apex/
KrisFlyer SBI Credit Card,SBI Card,Best SBI,"Mastercard, American Express","[""20+ Best Travel Credit Cards"", ""Best Co-Branded Airline Credit Cards"", ""Best Credit Cards to Earn KrisFlyer Miles"", ""Best SBI"", ""Best SBI Credit Cards""]","₹2,999 + GST","₹2,999 + GST",N/A,,KrisFlyer Miles,Rewards are Earned as KrisFlyer Miles,,,"{""domestic"": ""1 Visits Each Quarter (4 Annually)"", ""international"": ""4 Airport Visits Abroad""}",,3.75% Per Month (45% Per Annum),3.50%,"1% Fuel Surcharge Waiver on Transactions Upto ₹3,000 | 2.5% or ₹500 Whichever is Higher | ₹99 + GST","The KrisFlyer SBI Credit Card has a joining and annual charge of ₹2,999 + GST. It is ideal for those who often fly with the popular Singapore Airlines",[],"["""", """"]",,cardinsider.com,https://cardinsider.com/sbi-card/krisflyer-sbi-credit-card/
Landmark Rewards SBI Credit Card,SBI Card,Best SBI,,"[""Best SBI"", ""Best SBI Credit Cards""]",₹499 + GST,₹499 + GST,N/A,,Reward Points,"4 Reward Points = ₹1. Redeem Points at Lifestyle, Home Centre, SPAR, Max, Baby Shop, and EasyBuy",,"Cardholders can earn 8,000 bonus Reward Points with an annual retail spend of ₹2 lakh. These 8,000 bonus points are valued at ₹2,000, offering an additional 1% reward.","{""domestic"": ""N/A"", ""international"": ""N/A""}",,3.75% Per Month (45% Annually),3.50%,"1% Waiver on Fuel Transactions Between ₹500 and ₹3,000 | 2.5% or ₹500 (Whichever is Higher) | N/A","The Landmark Rewards SBI Credit Card is most suited for shopping at Landmark stores and brands. This card comes with an annual and joining charge of ₹499 + GST. Cardholders receive 2,000 bonus Reward Points worth ₹500 when paying the annual fee, as a renewal benefit. Those with high spends can earn 8,000 bonus Reward Points on annual spends of ₹2 lakh or more.","[""This card comes packed with attractive welcome, reward, and milestone benefits, all while maintaining an affordable fee structure.""]","[""Reward points must generally be redeemed at Landmark Group stores or converted to a statement credit (1 RP = ₹0.25). This is a major drawback for those expecting flexible redemption options, such as Amazon vouchers.""]",,cardinsider.com,https://cardinsider.com/sbi-card/landmark-rewards-sbi-credit-card/
Landmark Rewards SBI PRIME Credit Card,SBI Card,Best SBI,,"[""Best SBI"", ""Best SBI Credit Cards""]","₹2,999 + GST","₹2,999 + GST",N/A,,Reward Points,"4 Reward Points = ₹1. Redeem Points at Lifestyle, Home Centre, SPAR, Max, Baby Shop, and EasyBuy",,"Cardholders with higher annual spending can also benefit from the milestone rewards offered on this card. You can earn 20,000 bonus Reward Points by spending ₹5 lakh or more in a year.","{""domestic"": ""8 Free Visits Each Year (Maximum 2 Per Quarter)"", ""international"": ""4 Free Visits Each Year (Maximum 2 Per Quarter)""}",,3.75% Per Month (45% Annually),3.50%,"1% Waiver on Fuel Transactions Between ₹500 and ₹4,000 | 2.5% or ₹500 (Whichever is Higher) | N/A","This credit card is most suited for shopping. The Landmark Rewards SBI PRIME Card comes at an annual charge of ₹2,999 + GST. Cardholders shall get 12,000 bonus Reward Points worth ₹3,000 as a welcome benefit. This card comes with domestic and international airport lounge access.","[""Cardholders shall be eligible for an annual benefit of 12,000 Reward Points on payment of renewal charges. This is quite useful, as the benefit actually offsets the annual charge.""]","[""This card is best suited for those who often shop at Landmark-associated brands such as Lifestyle, Home Centre, Spar, Max, Baby Shop, and EasyBuy stores. Those who do not shop at these brands cannot take full advantage of this card.""]",,cardinsider.com,https://cardinsider.com/sbi-card/landmark-rewards-sbi-prime-credit-card/
Landmark Rewards SBI SELECT Credit Card,SBI Card,Best SBI,,"[""Best SBI"", ""Best SBI Credit Cards""]","₹1,499 + GST","₹1,499 + GST",N/A,,Reward Points,"4 Reward Points = ₹1. Redeem Points at Lifestyle, Home Centre, SPAR, Max, Baby Shop, and EasyBuy",,"Earn 12,000 Bonus Reward Points on achieving an overall annual retail spend of ₹3 lakh.","{""domestic"": ""N/A"", ""international"": ""N/A""}",,3.75% Per Month (45% Annually),3.50%,"1% Waiver on Fuel Transactions Between ₹500 and ₹4,000 | 2.5% or ₹500 (Whichever is Higher) | N/A","This is a shopping credit card most suited for spending at Landmark Stores like Lifestyle, Home Centre, Spar, Max, Baby Shop, and EasyBuy. It comes at a joining and annual charge of ₹1,499 + GST. Cardholder shall be eligible for 6,000 Reward Points on payment of renewal charges. Cardholders can also earn 12,000 bonus Reward Points on making annual spends of ₹3 lakh or more.","[""Those who often shop at Lifestyle, Home Centre, Spar, Max, Baby Shop, and EasyBuy stores can save big with this card.""]","[""There are no airport lounge benefits associated with this card.""]",,cardinsider.com,https://cardinsider.com/sbi-card/landmark-rewards-sbi-select-credit-card/
Lifestyle Home Centre SBI Card Prime,SBI Card,Best SBI,,"[""Best SBI"", ""Best SBI Credit Cards""]","Rs. 2,999 + GST","Rs. 2,999 + GST",N/A,,Reward Points,1 Landmark Reward = 2.4 SBI Reward Point 1 SBI Card Reward Point = Rs. 0.24 1 Landmark Reward = Rs. 0.60 4 Reward Points = Re. 1,,"Earn a total of 58,000 reward points under milestone benefits which are bifurcated as below: 20000 reward points on the annual expenditure of Rs. 500000. 20000 reward points on yearly spend of Rs. 180000 at all Landmark Outlets. 12000 reward points on yearly spend of Rs. 100000 at all Landmark Outlets. 8000 reward points on yearly spend of Rs. 40000 at all Landmark Outlets.","{""domestic"": ""Avail 8 Complimentary visits to domestic airport lounges (max. 2 per quarter)"", ""international"": ""Get complimentary Priority Pass Membership Avail 4 complimentary visits per year (max 2 visits per quarter)""}","The applicant’s age should be between 23-60 years. The income requirement is solely based on the bank’s discretion. The applicant must have a good credit score, preferably above 650.",3.50% p.m.,3.50%,Avail 1% waived off on purchasing fuel worth Rs. 500- Rs. 4000 anywhere in India. | 2.5% or Rs. 500 whichever is higher at national & international ATMs | Rs. 99,"Rs. 2,999 with applicable taxes are charged for a renewal fee. Rs. 2,999 plus GST are charged at the time of joining. Get 12,000 bonus reward points as welcome benefits. Get 12,000 reward points on the payment of the renewal fee. Get cumulative of 58,000 reward points worth Rs. 14,500 under milestone benefits. Earn 15 reward points on every purchase at landmark stores like Lifestyle, Home Centre, etc. Avail 10 reward points on every Rs. 100 spent at dining & movies. Get 2 reward points per Rs. 100 on other retail purchases. Earn bonus reward points of 20,000 on overall retail spends of Rs. 5,00,000.",[],[],,cardinsider.com,https://cardinsider.com/sbi-card/lifestyle-home-centre-sbi-card-prime/
Lifestyle Home Centre SBI Card,SBI Card,Best SBI,,"[""Best SBI"", ""Best SBI Credit Cards""]",Rs. 499 + GST,Rs. 499 + GST,N/A,,Reward Points,"Redeem Reward Points instantly at Lifestyle, Home Centre and Max stores (1 Landmark Reward = Rs 0.60).",,"With the Lifestyle Home Centre SBI Card’s milestone benefits, you can earn up to 16,000 reward points annually worth Rs. 4,000. Here’s how: Get 8,000 bonus Reward Points on retail spending of Rs. 2,00,000 or more. Get 1,000 bonus Reward Points on spending Rs. 20,000 or more across all Landmark Stores. Earn 2,000 bonus Reward Points on spending Rs. 45,000 across all Landmark Stores. Earn 5,000 bonus Reward Points on spending Rs. 95,000 across all Landmark Stores.","{""domestic"": ""N/A"", ""international"": ""N/A""}",Some specific eligibility requirements need to be fulfilled by the applicants to get approved for this credit card. Some of the basic requirements are as follows: The applicant’s age should be between 21 years to 70 years. The applicant should have a stable income. The credit score of the applicant might also play an important role here.,3.5% per month (42% per annum),3.5% of the transaction amount,"1% fuel surcharge waiver for fuel transaction between Rs. 500 to Rs. 3,000. Capped at Rs. 100 per statement cycle. | 2.5% subject minimum Rs. 500 | Rs. 99 per redemption request.","Enjoy 2,000 bonus reward points worth Rs. 500 on card activation. 5 Reward Points on every Rs. 100 spent at Online & Retail Landmark Stores, Dining & Movies. 1 Reward point on every Rs. 100 spent on other retail purchases. 8,000 bonus Reward Points on spending Rs. 2 Lakh or more in a year. Milestone reward point benefits across all Landmark Stores. 1% fuel surcharge wavier. 2,000 Reward points every year.",[],[],,cardinsider.com,https://cardinsider.com/sbi-card/lifestyle-home-centre-sbi-card/
Max SBI Card SELECT,SBI Card,Best SBI,,"[""Best SBI"", ""Best SBI Credit Cards""]","Rs. 1,499 + GST","Rs. 1,499 + GST",Nil,,Reward Points,Redeem your Reward points by converting them into Landmark Rewards and get a double benefit.,,"Max SBI Card Select allows us to earn cumulative 34400 Reward Points worth Rs 8600 on achieving as a milestone benefit. Secondly, you can also earn 12000 bonus Reward Points on spending Rs 3 Lakhs annually. You can earn reward points by achieving annual spending milestone in the following ways: Annual Spends at Landmark stores Bonus Reward Points On spending Rs.150,000 Earn 12,000 On spending Rs.75,000 Earn 8,000 On spending Rs.25,000 Earn 2,400","{""domestic"": ""N/A"", ""international"": ""N/A""}","For the issuance of Max SBI Card Select, there are some basic eligibility criteria- Age should between 18 -60 years. Regular source of Income whether the person is salaried or self-employed. One should have a decent credit score or credit history (Preferably over 700).",3.5% per month or 42% per annum,3.5% of the total transaction value.,1% of Fuel Surcharge Waiver (Maximum waiver of Rs 100 per statement cycle) at all fuel stations across India. | 2.5% of the total transaction amount (Minimum Rs. 500) | Rs 99,"Earn 6000 bonus reward points on paying annual fees. Earn 10 Earn Reward Points on every Rs 100 spent on all Online and Offline Landmark stores. Earn 2 Reward Points on every Rs 100 spent on all other online and offline purchases. Get Reward Points spent on dining and movies. Redeem your Reward points by converting them into Landmark Rewards. The benefit of fuel surcharge waiver of 1% at all fuel stations pan India. Earn 6000 Bonus reward points as a renewal benefit. Earn up to 12,000 Reward points as Milestone benefits on annual spending.",[],[],,cardinsider.com,https://cardinsider.com/sbi-card/max-sbi-card-select/
Mumbai Metro SBI Card,SBI Card,Best SBI,,"[""Best SBI"", ""Best SBI Credit Cards""]",Rs. 499 + GST,Rs. 499 + GST,"Waiver of renewal fee on spending Rs. 1,00,000 in the previous year.",,Reward Points,"Redeem reward points for paying outstanding balance, e-vouchers, gifts, purchasing electronics, homeware, accessories, lifestyle products, Disney+ Hotstar Premium memberships, livemint subscription and more. 1 RP = Rs. 0.25.",,,"{""domestic"": ""NA"", ""international"": ""NA""}","In order to get approved for the SBI Mumbai Metro Credit Card, you will have to fulfill certain eligibility requirements, which are as follows: The cardholder’s age needs to be above 18 years (in the case of salaried people) and above 21 years (in the case of self-employed people). The applicant should have a stable income source. The applicant should have a decent credit history.",3.50% p.m. (42% p.a.),3.50%,"Avail 1% fuel surcharge waiver at all petrol pumps in India on transactions between ₹ 500 – ₹ 3000. Maximum limit of fuel surcharge waiver is capped at ₹ 100. | 2.5% of the advance amount (minimum of Rs. 500) | ₹ 99 (on gifts, cash redemption & specific vouchers only)","The joining fee of Mumbai Metro SBI Card is ₹ 499. As welcome benefits, get 2000 reward points on spending ₹ 2,000 within 60 days and a preloaded value of ₹ 50 on your card. Enjoy the auto top-up of ₹ 200 facility on reaching balance at ₹ 50. 10 reward points on every ₹ 100 spent on top-up. 10 reward points on every ₹ 100 spent on dining, movies, grocery and departmental stores (up to 5000 RPs in a month). 1 reward points on every ₹ 100 spent on other categories.",[],[],,cardinsider.com,https://cardinsider.com/sbi-card/mumbai-metro-sbi-card/
Nature’s Basket SBI Card Elite,SBI Card,Best SBI,,"[""Best SBI"", ""Best SBI Credit Cards""]","Rs. 4,999 + GST","Rs. 4,999 + GST",Annual Fee waived off on spending Rs. 10 lakhs or more in the previous year.,,Reward Points,"Redeem reward points for Nature’s basket loyalty program, also at Shop and Smile Rewards Catalogue.1 Reward Point= Re. 0.25",,"Enjoy Taj Gift Vouchers worth Rs. 10,000 on spending Rs. 6 Lakh or more in a year.","{""domestic"": ""2 complimentary Domestic Airport Lounge access every quarter."", ""international"": ""2 complimentary International Airport Lounges access every quarter.""}",The Nature’s Basket SBI Card Elite is one of the popular credit cards in the Indian market. Some specific eligibility requirements need to be fulfilled by the applicants to get approved for this credit card. Some of the basic requirements are as follows: The applicant’s age should be between 21 years to 70 years. The applicant should have a stable income. The credit score of the applicant might also play an important role here.,3.5%  p.m. (42% p.a.),3.5% of the transaction amount,"1% fuel surcharge waiver on all fuel transactions between Rs. 500 and Rs. 4,000. Capped at Rs. 100 per month. | 2.50% of the withdrawn amount, subject to a minimum charge of Rs. 500 | Rs. 99 per redemption request","Complementary access to Connoisseur, Nature’s Basket loyalty program. Nature’s Basket Gift Voucher worth Rs. 5,000 as a welcome benefit. 20 Reward Points on every Rs. 100 spent at Nature’s Basket. 10 Reward Points on every Rs. 100 spent at Dining, movie, entertainment and international spends. 2 Reward Points on every Rs. 100 spent on all other retail purchases. Complimentary access to international airport lounges with priority pass membership. Complimentary access to domestic airport lounges. Rs. 250 off per movie ticket every month. 1% fuel surcharge waiver for transactions between Rs. 500 and Rs. 4,000. Spend-based annual fee waiver.",[],[],,cardinsider.com,https://cardinsider.com/sbi-card/natures-basket-sbi-card-elite/
Nature’s Basket SBI Card,SBI Card,Best SBI,Visa,"[""Best SBI"", ""Best SBI Credit Cards""]","Rs. 1,499 + GST","Rs. 1,499 + GST",Waiver of renewal fee on the spending of Rs. 2 Lakhs or more in the previous year.,,Reward Points,The reward points earned with this credit card can be redeemed via Nature’s Basket Loyalty Program or via Shop and Smile Rewards Catalogue. 4 Reward Points = Re. 1,,"Once the cardholder has reached the annual spends of Rs. 3 Lakhs in an anniversary year, he will get a gift voucher worth Rs. 3,000 from any one of the premium brands like – Aldo, Inglot, Bath & Body Works, and Charles & Keith.","{""domestic"": ""4 complimentary visits in a year to Domestic Airport Visa Lounges in India"", ""international"": ""NA""}","Only Indian residents can apply for this card. Both salaried and self-employed individuals, above the age of 18 years can apply for this credit card. The add-on cardholder should at least be 18 years of age to get this card. The cardholder should have a stable source of income. The cardholder must have a good credit score to be eligible for this credit card.",3.5% per month (or 42% annually),3.5% on all international transactions,"1% at all fuel stations in India. The surcharge amount is capped at Rs. 100 per statement cycle. | 2.5% of the amount or Rs. 500, higher of the two | Rs. 99 per redemption request","2x Reward Points while spending on Nature’s Basket. 5 Reward Points while spending on movies, dining, entertainment, and international spends. Gift vouchers from Nature’s Basket in the form of Welcome Benefits. Gift vouchers from premium brands such as Aldo, Bath & Body Works, and Charles & Keith as milestone benefits. Complimentary access to Domestic Visa Airport Lounges in India. 1% fuel surcharge waiver at all fuel stations.",[],[],,cardinsider.com,https://cardinsider.com/sbi-card/natures-basket-sbi-card/
OLA Money SBI Credit Card,SBI Card,Best SBI,,"[""Best SBI"", ""Best SBI Credit Cards""]",Nil,Rs. 499 + GST,Renewal fee waiver on a spend of Rs. 1 lakh or more in the previous year.,,Reward Points,"The reward points are automatically credited to your OLA money wallet. Here, 1 Reward Point = Rs. 1.",,,"{""domestic"": ""N/A"", ""international"": ""N/A""}",The reliability requirements that the applicants need to fulfill in order to get approved for the Ola Money SBI Card are as follows: The age of salaried individuals must be between 18 years and 65 years. The age of self-employed people should be between 21 years and 60 years. The applicant should have a stable source of income.,3.75% Per Month (45% Per Annum),3.5% on all foreign currency spends,1% fuel surcharge waiver at all fuel stations in India with a maximum surcharge benefit of Rs. 100 in a statement cycle. | 2.5% or Rs. 500 (whichever is higher) | Rs. 99,Earn 1% Reward Points on all your spending. Earn 7% Reward Points on all OLA rides. No Joining fee is charged A spend-based waiver on the renewal fee is provided.,[],[],,cardinsider.com,https://cardinsider.com/sbi-card/ola-money-sbi-credit-card/
Paytm SBI Credit Card Select,SBI Card,Best SBI,Visa,"[""Best SBI"", ""Best SBI Credit Cards""]","Rs 1,499 + GST","Rs 1,499 + GST",N/A,,Cashback,N/A,,"Complimentary Paytm First membership voucher at renewal on achieving annual spending milestone of Rs 1 lac. Earn Milestone E-Gift vouchers of Bata/ Hush Puppies and Pantaloons on achieving the Annual spends milestone. With the Paytm SBI credit card, Select you to get the following Milestone benefits-","{""domestic"": ""Complimentary Domestic Airport Lounge access 4 times in a year, capped to 1 visit per quarter."", ""international"": ""Complimentary Priority Pass worth US $99 for 2 years of cardholder membership under the International Lounge Program.""}","For the issuance of Paytm SBI Credit Card Select, there are some basic eligibility criteria- One should be at least 18 years or above. Regular source of Income, whether the person is salaried or self-employed. One should have a decent credit score or credit history (Preferably above 700).",3.5% per month or 42% per annum.,3.5% of the total transaction value.,1% Fuel Surcharge Waiver (Maximum waiver of ₹250 per statement cycle) | 2.5% of the total transaction amount (Minimum Rs. 500) | Rs 99,Complimentary Paytm First Membership is provided on card activation as welcome offer. Welcome Cashback of Rs 750 is provided upon activation of the credit card. Earn cashbacks on Paytm Mall and Paytm App as Reward. Complimentary Domestic Airport Lounge access 4 times in year. Complimentary Priority Pass worth US $99 under the International Lounge Program. Fuel Surcharge Waiver of 1% can be availed at all fuel stations across India (Maximum waiver of Rs 250 per statement cycle). Earn gift vouchers as a Milestone Benefit. Complimentary Paytm First membership voucher at renewal on achieving annual spends milestone of Rs 1 lac. Cyber Fraud Insurance Cover worth Rs 2 Lacs.,[],[],,cardinsider.com,https://cardinsider.com/sbi-card/paytm-sbi-credit-card-select/
Paytm SBI Credit Card,SBI Card,Best SBI,,"[""Best SBI"", ""Best SBI Credit Cards""]",Rs. 499 + GST,Rs. 499 + GST,N/A,,Cashback,Redeem cashback on Paytm gift vouchers balance,,,"{""domestic"": ""N/A"", ""international"": ""N/A""}",The eligibility criteria required for the Paytm SBI Credit Card are as follows: The age of the applicant should be minimum of 18 years. He should be either salaried or self-employed and have a good credit score.,3.50% p.m. (42% p.a.),3.5% of the amount transacted,"1% fuel surcharge will be waived off at all fuel stations in India. | 2.5% of the amount withdrawn, subject to a minimum of Rs. 500 | ₹ 99 while redeeming specific vouchers, gifts, and cash redemption.","3% Cashback on every Rs. 100 spent on all Paytm Mall, movies, and travel 2% Cashback on every Rs. 100 spent on all other purchases on Paytm App 1% Cashback on every Rs. 100 spent on any other offline/online transactions Complimentary Paytm First membership worth Rs 899 Liability Protection cover of Rs 1,00,000 in case of fraudulent transaction Fuel surcharge waiver of 1% on fuel transactions between Rs 500 and Rs 3000",[],[],,cardinsider.com,https://cardinsider.com/sbi-card/paytm-sbi-credit-card/
PhonePe SBI PURPLE Credit Card,SBI Card,Best SBI,RuPay,"[""Best RuPay Credit Cards for UPI Payments"", ""Best SBI"", ""Best SBI Credit Cards""]",NIL (Limited Time Offer),₹499 + GST,Annual Charges are Reversed on Spends of ₹1 Lakh,,Reward Points,1 Reward Point = ₹1 and Can be Redeemed as Statement Credit or as Gift Vouchers,,"This card even rewards those who make high spends of ₹3 lakh per year with a voucher of ₹3,000 from the popular travel booking platform Yatra. That’s an additional 1% reward rate on top of the regular one.","{""domestic"": ""N/A"", ""international"": ""N/A""}",,3.75% Per Month (45% Annually),3.50%,"1% Waiver on Fuel Transactions Between ₹500 and ₹4,000 | 2.5% or ₹500 (Whichever is Higher) | N/A",The PhonePe SBI Purple Credit Card comes at an affordable joining and renewal fee of ₹499 + GST. Cardholders would receive a ₹500 PhonePe gift voucher upon realization of the joining charges. This card is most suited for everyday utility bill payments.,"[""The card offers decent returns at a decent price."", ""This card can be easily used for UPI payments.""]","[""The reward rate should have been higher than 3% for this card, considering that the premium one offers 10% returns."", ""The Reward Point validity could have been higher than 12 months.""]",,cardinsider.com,https://cardinsider.com/sbi-card/phonepe-sbi-purple-credit-card/
PhonePe SBI SELECT BLACK Credit Card,SBI Card,Best SBI,,"[""Best RuPay Credit Cards for UPI Payments"", ""Best SBI"", ""Best SBI Credit Cards"", ""Top 20 Best Credit Cards in India 2026""]",NIL (Limited Time Offer),"₹1,499 + GST",Annual Charges are Reversed on Spends of ₹3 Lakh,,Reward Points,1 Reward Point = ₹1 and Can be Redeemed as Statement Credit or as Gift Vouchers,,"The Yatra Voucher is valid for booking domestic and international flights, as well as domestic hotels and holidays, on the Yatra website.","{""domestic"": ""4 Free Domestic Lounge Visits Each Year"", ""international"": ""N/A""}",,3.75% Per Month (45% Annually),3.50%,"1% Waiver on Fuel Transactions Between ₹500 and ₹4,000 | 2.5% or ₹500 (Whichever is Higher) | N/A","This is a co-branded offering launched by PhonePe and SBI Card. This card is most suited for those who use PhonePe for making various payments. The PhonePe SBI Select Black Credit Card offers 10% Reward Points for PhonePe spends, 5% Reward Points for online spends, and 1% Reward Points for all other spends, including UPI. Cardholders will also receive complimentary domestic airport lounge access with this card. Although no international airport lounge access is offered, cardholders are eligible for a complimentary Priority Pass membership.","[""The annual fee waiver is set at a spend of ₹3 lakh, which is quite reasonable considering all the benefits and features this card offers."", ""This card is extremely useful for everyday bills and insurance payments, which can be made via PhonePe. Such categories are not usually rewarded by credit cards.""]","[""Instead of the complimentary Priority Pass membership, it would have been more useful if the card offered access to international airport lounges."", ""There are no renewal fee benefits offered with this card.""]",,cardinsider.com,https://cardinsider.com/sbi-card/phonepe-sbi-select-black-credit-card/
Reliance SBI Card PRIME,SBI Card,Best SBI,"Mastercard, RuPay","[""Best Credit Cards for Jewellery Spends"", ""Best SBI"", ""Best SBI Credit Cards""]","₹2,999 + GST","₹2,999 + GST",Waiver of Annual Charges on Spends of ₹3 Lakh,,Reward Points,Redeem Rewards for Reliance Vouchers (1 RP = ₹0.25),,"The Reliance SBI Prime Credit Card offers vouchers worth ₹8,750 on annual spends of ₹3,00,000, giving an effective return of around 2.91% (excluding base rewards). On top of this, the annual fee can be easily waived by reaching the required spending milestone. Get a ₹1,500 Reliance Retail voucher on annual spends of ₹75,000. Get a ₹2,250 Reliance Retail voucher on annual spends of ₹150,000. Get a ₹5,000 Reliance Retail voucher on annual spends of ₹300,000.","{""domestic"": ""8 Complimentary Visits Per Year (2 Each Quarter)"", ""international"": ""4 Complimentary Visits Per Year (2 Each Quarter)""}",,3.75% Per Month (45% Per Annum),3.5% of the Transaction Amount,"1% Fuel Surcharge Waiver on Transactions Between ₹500 and ₹4,000 | 2.5% or a Minimum of Rs. 500 | Rs. 99","Get Reliance Retail Vouchers worth Rs. 3,000 as a welcome benefit. Get 8 free domestic and 4 international lounge access with this credit card. You can easily link your Reliance SBI Prime Credit Card to your UPI application. Earn great rewards while shopping at Reliance stores.","[""You get free domestic and international lounge access with this card."", ""This card is best for shopping at Reliance stores.""]","[""Discounts are mainly centered around Reliance Brands.""]",,cardinsider.com,https://cardinsider.com/sbi-card/reliance-sbi-card-prime/
Reliance SBI Card,SBI Card,Best SBI,,"[""Best SBI"", ""Best SBI Credit Cards""]",₹499 + GST,₹499 + GST,Waiver of Annual Charges on Spends of Rs. 1 Lakh,,Reward Points,1 RP = ₹0.25,,Get Reliance Retail Vouchers for participating stores on achieving the annual spends milestone.,"{""domestic"": ""N/A"", ""international"": ""N/A""}",,3.75% Per Month (45% Annually),3.5% of the Transaction Amount,"1% Waiver on Fuel Transactions Between Rs. 500 to Rs. 4,000 | 2.5% or a Minimum of Rs. 500 | Rs. 99",This card comes with a joining and annual fee of Rs. 499 + GST. You can welcome benefits in the form of Rs. 500 vouchers and other discount vouchers. You shall get 5 Reward Points for every Rs. 100 spent on purchases made at Reliance Stores and spends made on dining & movies. All other eligible transactions shall get 1 Reward Point for every spend of Rs. 100.,"[""With this card, you can earn 5 Reward Points for spends made on dining and movies."", ""This card has a low and reasonable joining fee of Rs. 499.""]","[""There are some entry-level cards similar to this one, which also offer lounge access, while this one doesn’t."", ""The Reliance SBI Card is mainly beneficial to customers who make regular purchases from Reliance stores.""]",,cardinsider.com,https://cardinsider.com/sbi-card/reliance-sbi-card/
SBI AURUM Credit Card,SBI Card,Best SBI,American Express,"[""Best Credit Cards With Free Spa Access"", ""Best Credit Cards for Club ITC Points/ITC Culinaire Membership"", ""Best Credit Cards in India for Qatar Airways Privilege Club (Avios)"", ""Best SBI"", ""Best SBI Credit Cards"", ""Top Credit Cards With Trip Cancellation in India""]","Rs. 9,999 + GST","Rs. 9,999 + GST","Annual membership fee waived off on annual spends of Rs. 12,00,000",,Reward Points,"Reward Points are redeemable for gift vouchers, hotel reservations, flight tickets etc., on dedicated AURUM Rewards portal",,,"{""domestic"": ""4 Free Visits Each Quarter (For Both Primary and Add-On Cardholders)"", ""international"": ""Unlimited International Airport Lounge Access""}","As the Aurum Credit Card is an invite-only card, there are no pre-defined eligibility criteria that need to be fulfilled in order to get this card. Still, you must fulfill the following requirements: Age – Minimum age of 21 for salaried and 25 for self-employed individuals. Annual income should be 40 lakhs or above. You should have an excellent credit score and a strong relationship with the card issuer.",3.75% Per Month (45% Per Annum),1.99% of the transaction amount,"1% fuel surcharge waived off at all fuel stations across India. | 2.50% of the withdrawn amount, subject to a minimum charge of Rs. 500 | N/A","40,000 Reward Points as a Welcome Benefit (4 Reward Points = Re. 1). The card renewal fee is waived on annual spends of Rs. 12,00,000. You earn 4 Reward Points per Rs. 100 was spent with the SBI AURUM Credit Card (Reward rate = 1%). Tata CLiQ Luxury Vouchers worth Rs. 5,000 on reaching the milestone spend of Rs. 5 lakh. Rs. 10,000 Taj Voucher on annual expenditure of Rs. 10 lakh. Unlimited international airport lounge access and 4 domestic airport lounge access per quarter. 4 BookMyShow movie tickets every month (max value of each ticket capped at Rs. 250). 24×7 dedicated concierge service and secretarial access.","[""You get 40,000 Reward Points as a welcome benefit with the SBI Aurum Credit Card."", ""With this card, you also get Tata CLiQ Luxury vouchers worth Rs. 5,000 on achieving the milestone benefit.""]","[""This card offers a basic reward rate."", ""Earlier subscriptions like Amazon Prime, Zomato Gold, and Discovery Plus were offered along with the card, which has since been discontinued.""]",,cardinsider.com,https://cardinsider.com/sbi-card/sbi-aurum-credit-card/
SBI Miles Elite Credit Card,SBI Card,Best SBI,,"[""20+ Best Travel Credit Cards"", ""Best Credit Cards for Air India Maharaja Club"", ""Best Credit Cards for Club ITC Points/ITC Culinaire Membership"", ""Best Credit Cards in India to Earn Etihad Guest Miles"", ""Best Credit Cards to Earn Emirates Skywards Miles in India"", ""Best Credit Cards to Earn Turkish Miles & Smiles"", ""Best SBI"", ""Best SBI Credit Cards""]","Rs. 4,999 + GST","Rs. 4,999 + GST",Annual Fee is Reversed on Spending ₹15 Lakh in a Year,,Reward Points,"Travel Credits Can be Converted into Air Miles/Hotel Points, Travel Bookings or Redeemed for Catalogue Products",,"Yes, you can get 20,000 Travel Credits by spending Rs. 12 lakh in a card anniversary year. You shall also get one free domestic lounge visit on each spend of Rs. 1 lakh (up to 15).","{""domestic"": ""8 Visits Each Year (Maximum 2 Per Quarter)"", ""international"": ""6 Free Visits Each Year (Maximum 2 Per Quarter)""}",,3.50% Per Month (42% Per Annum),1.99%,1% Waiver (Maximum of ₹500 Per Month) | 2.5% or ₹500 (Whichever is Higher) | ₹99,"Earn 6 Travel Credits for every ₹200 spent on travel. Earn 2 Travel Credits for every ₹200 spent on other eligible purchases. 5,000 Travel Credits as a joining benefit on spending Rs. 1 lakh within the first 60 days of card issuance. Free Priority Pass membership is offered. The SBI Card Miles Elite comes with travel insurance.","[""For Travel Credit redemption there are many popular airlines and hotel partners. This card also offers a good conversion ratio.""]","[""Although this card offers many benefits for travelers, the reward-earning rate is quite inadequate. With this card, you can earn only 6 Travel Credits on each spend of ₹200."", ""Many other cards offer more accelerated rewards."", ""There are no additional benefits for movies or dining.""]",,cardinsider.com,https://cardinsider.com/sbi-card/sbi-card-miles-elite/
SBI MILES PRIME Credit Card,SBI Card,Best SBI,,"[""20+ Best Travel Credit Cards"", ""Best Credit Cards for Air India Maharaja Club"", ""Best Credit Cards for Club ITC Points/ITC Culinaire Membership"", ""Best Credit Cards to Earn Emirates Skywards Miles in India"", ""Best SBI"", ""Best SBI Credit Cards""]","Rs. 2,999 + GST","Rs. 2,999 + GST",Annual fee is reversed on spending ₹10 Lakhs.,,Reward Points,"Convert Travel Credits into air miles, hotel points, travel bookings, etc.","Cardholders who spend ₹60,000 within 60 days of receiving their card will receive a welcome gift of 3,000 Travel Credits.","SBI Card MILES PRIME offers 10,000 bonus Travel Credits to its customers on spending ₹8 Lakh per year. Cardholders can enjoy an annual fee reversal on spends of ₹10 Lakh in a membership year. On spending ₹1 lakh, the primary cardholder with a guest receives an additional complimentary domestic airport lounge visit capped at 12 visits annually.","{""domestic"": ""8 complimentary domestic airport lounge access per year."", ""international"": ""4 complimentary international airport lounge access per year.""}",,3.75% Per Month (45% Per Annum),2.5% of the amount transacted.,1% Fuel surcharge waiver on fuel transactions between ₹500 to ₹4000. | 2.5% or ₹500 | ₹99,"3,000 Travel Credits will be credited to the cardholder’s account as a welcome gift. People will get 1 additional domestic airport lounge visit on spending more than ₹1 lakh through MILES Credit Card. Earn 5,000 Bonus Travel Credits on annual spends of ₹5 Lakh.","[""Eight domestic airport lounge access per year and two international airport lounge access per quarter to SBI MILES PRIME Credit Cardholders."", ""2.5% foreign currency mark-up charge on international usage."", ""Enjoy 1000+ airport lounge access worldwide with the complimentary Priority Pass membership.""]","[""Absence of cashback or discount on movies or dining."", ""Limited rewards on non-flying expenses.""]",,cardinsider.com,https://cardinsider.com/sbi-card/sbi-card-miles-prime/
SBI MILES Credit Card,SBI Card,Best SBI,,"[""Best Credit Cards to Earn Emirates Skywards Miles in India"", ""Best SBI"", ""Best SBI Credit Cards""]","Rs. 1,499 + GST","Rs. 1,499 + GST",Annual Fee is Reversed on Spending ₹6 Lakhs.,,Reward Points,"Convert Travel Credits into air miles, hotel points, travel bookings, etc.","The cardholder will receive a welcome gift of 1,500 Travel Credits upon spending ₹30,000 within 60 days of card issuance.","If you spend ₹5 lahks annually on your SBI MILES Credit Card, you will receive 5,000 bonus travel credits. Cardholders can get their annual fee waived on spending ₹6 Lakh or more in a membership year. For every spend of ₹1 Lakh, cardholders receive one extra domestic airport lounge visit beyond their complimentary visits capped at 8 visits per year.","{""domestic"": ""4 complimentary domestic airport lounge access per year."", ""international"": ""N/A""}",,3.75% Per Month (45% Per Annum),3% of the amount transacted.,1% Fuel Surcharge Waiver on fuel transactions between ₹500 to ₹4000. | 2.5% or ₹500 | ₹99,"SBI MILES Credit Cardholders will enjoy access to 1000+ airport lounges worldwide with the complimentary Priority Pass Membership worth $99. For every ₹1 Lakh spent, you will receive one extra visit to domestic airport lounges. Earn 5,000 bonus travel credits by making annual spends of ₹5 lakh. 1,500 Travel Credits will be credited to the cardholder’s account as a welcome gift.","[""2 complimentary domestic airport lounge access per quarter all over India."", ""3% foreign currency mark-up charge on international transactions."", ""Spend-based reversal on annual spends of ₹6 lakhs.""]","[""This card does not provide any offers on movies or dining."", ""Insurance benefits are also not provided by this card.""]",,cardinsider.com,https://cardinsider.com/sbi-card/sbi-card-miles/
SBI Card PULSE,SBI Card,Best SBI,,"[""Best Credit Cards for Free Domestic Airport Lounge Access"", ""Best Health and Wellness Credit Cards"", ""Best SBI"", ""Best SBI Credit Cards"", ""Top 20 Best Credit Cards in India 2026""]","₹1,499 + GST","₹1,499 + GST",The renewal fee can be waived if you spend Rs. 2 lakhs or more in the previous year.,,Reward Points,The Reward points are redeemable against a host of options on the Rewards catalogue or against the statement balance (1 RP = Re. 0.25).,,"You get a Netmeds e-gift voucher of ₹1,500 if you spend above ₹4 lakhs in an anniversary year. The gift voucher is sent to the eligible cardholders within 45 days through SMS or email. You get a renewal fee waiver on spending ₹2 Lakhs or more in the card anniversary year.","{""domestic"": ""2 Free Domestic Lounge Visits Per Quarter"", ""international"": ""N/A""}",The following are the eligibility criteria that need to be fulfilled by the applicant to get the Pulse Credit Card:,3.75% Per Month (45% Per Annum),3.5% of the transaction amount,"1% fuel surcharge waiver for all fuel transactions between Rs. 500 and Rs. 4,000. | 2.5% of the cash amount subject to a minimum of Rs. 500 | Rs. 100 on each redemption request","Complimentary Noise ColorFit Pulse 4 Pro Smart Watch worth ₹7,999 as a welcome gift. Complimentary FitPass Pro membership. Complimentary Netmeds First membership. 10 Reward Points on every health-related spend of ₹100 & on movies & dining. 2 Reward Points per ₹100 spent. Complimentary Priority Pass membership for the first two years. 8 Complimentary airport lounge visits at select airports in India, max 2 per quarter. Get e-gift vouchers worth ₹1,500 annually on reaching the milestone spend. Spend-based annual membership fee waiver.",[],[],,cardinsider.com,https://cardinsider.com/sbi-card/sbi-card-pulse-credit-card/
SBI ELITE Credit Card,SBI Card,Best SBI,"Visa, Mastercard, RuPay, American Express","[""Best Credit Cards for International Travel 2026"", ""Best SBI"", ""Best SBI Credit Cards""]","₹4,999 + GST","₹4,999 + GST",Renewal Fee Waived on Spends of ₹10 Lakh or More,,Reward Points,"Redeem Reward Points Against Gift Vouchers, Cash Credit and More. 1 Reward Point = ₹0.25",,"Up to 15,000 Bonus Reward Points on achieving the stipulated spend milestones (details as below) The annual fee is waived on spends of Rs. 10 lakh.","{""domestic"": ""2 complimentary visits to domestic airport lounges every quarter"", ""international"": ""6 complimentary visits to international airport lounges per year (max 2 per quarter) with the Priority Pass program.""}",,3.75% Per Month (45% Per Annum),1.99% of the transaction amount,"1% fuel surcharge waiver on transactions between  Rs. 500 and Rs. 4,000 at all fuel stations across India (max waiver capped at Rs. 250 per month) | 2.5% (Minimum Charge – ₹500) | ₹99 + GST","Gift Voucher worth Rs. 5,000 as a welcome benefit. 2 RPs on every Rs. 100 spent with the card except on fuel spends. 5X RPs on spends on dining, grocery purchases, and departmental stores. Up to 50,000 Bonus Reward Points (equivalent to Rs 12,500) every year on achieving the stipulated spend milestone (details below). Free movie tickets (max benefit capped at Rs. 6,000 in a year). 2 free domestic lounge visits per quarter. 6 complimentary international lounge visits in a year (max 2 visits per quarter). Complimentary lost card liability cover worth Rs. 1 lakh applicable from 48 hours prior to 7 days after reporting the loss of card. A lower forex markup fee of 1.99% of the withdrawn amount. Exclusive concierge service for assistance regarding online doctor consultation, flower delivery, and gift delivery. Exclusive privileges from Visa/MasterCard/American Express (details below).","[""With this card, you can enjoy welcome benefits worth Rs. 5000."", ""You get 2 domestic lounge visits per quarter and 6 complimentary international lounge access in a year with the SBI Elite Credit Card.""]","[""This card offers a lower reward rate compared to other cards available.""]",,cardinsider.com,https://cardinsider.com/sbi-card/sbi-elite-credit-card/
SBI Prime Credit Card,SBI Card,Best SBI,"Visa, Mastercard, RuPay, American Express","[""10+ Best Rewards Credit Cards in India 2026"", ""Best SBI"", ""Best SBI Credit Cards""]","₹2,999 + GST","₹2,999 + GST",Renewal fee is waived off if a minimum of Rs. 3 lakhs were spent in the previous year,,Reward Points,"Redeem RPs for Gift Vouchers, Statement Credit and More. 1 Reward Point = ₹0.25",,"Pizza Hut e-voucher worth ₹1,000 on a quarterly expenditure of ₹50,000. E-voucher worth ₹7,000 from Yatra or Pantaloons on an annual expenditure of ₹5 lakh. The membership renewal fee is waived on an annual expenditure of ₹3 lakhs.","{""domestic"": ""8 complimentary domestic airport lounge visits per annum (max visits 2 per quarter)"", ""international"": ""4 complimentary international airport lounge access every year with Priority Pass Membership (2 per quarter)""}",,3.75% Per Month (45% Per Annum),3.5% + GST,"1% fuel surcharge waiver applicable on every fuel transaction between Rs. 500 to Rs. 4,000 (maximum waiver of Rs. 250 in a month). | 2.5% of the amount withdrawn or Rs. 500 (whichever is higher) | ₹99 + GST","Gift voucher (worth ₹3,000) as a welcome benefit upon card issuance. You will earn 10 Reward Points for every ₹100 spent on dining, movies, groceries, and departmental store purchases. For other retail spends, get 2 RPs on every transaction of ₹100. A gift voucher worth ₹7,000 on annual spends of ₹5 lakhs or more. A Pizza Hut e-voucher worth ₹1,000 on spending ₹50,000 in a calendar quarter. 4 complimentary international airport lounge access every year (max 2 per quarter). 8 complimentary domestic airport lounge access every year (max 2 in a quarter). Enjoy exclusive benefits at several luxurious hotels. (only for the Visa variant). 20 Reward points for every spend of ₹100 on birthday (max cap of 2,000 Reward Points on birthday spends).","[""This card provides eight complimentary visits to domestic lounges and 4 to international terminals."", ""With the card, you receive an attractive welcome benefit of gift vouchers worth ₹3,000 from popular brands, including Hush Puppies and Bata.""]","[""This card offers a basic reward rate for base categories.""]",,cardinsider.com,https://cardinsider.com/sbi-card/sbi-prime-credit-card/
SBI SimplyCLICK Credit Card,SBI Card,Best SBI,,"[""Best Credit Cards for Beginners"", ""Best SBI"", ""Best SBI Credit Cards""]",₹499 + GST,₹499 + GST,Annual Charges Waived on Spends of ₹1 Lakh,,Reward Points,"Redeem RPs for Vouchers, Statement Credit and More. 1 RP = ₹0.25",,"You get an e-voucher valued at ₹2,000 from ClearTrip/Yatra on achieving annual online spends of ₹1 lakh with the card. Another e-voucher valued at ₹2,000 from ClearTrip/Yatra on achieving annual online spends of ₹2 lakh with the card. The renewal membership fee is waived if the cardholder has achieved annual spends of ₹1 lakh in the previous year.","{""domestic"": ""N/A"", ""international"": ""N/A""}","Every credit card has its own eligibility criteria that need to be fulfilled by an applicant in order to get approved for that card. The significant factors that affect your eligibility for a credit card include your age, income, and credit score. The following are the eligibility criteria for the SimplyCLICK SBI Credit Card:",3.75% Per Month (45% Yearly),3.50%,"1% fuel surcharge waived on fuel transactions from Rs. 500 to Rs. 3,000 (max waiver capped at Rs. 100 per month) | 2.5% of the withdrawal amount or a minimum fee of Rs. 500 | ₹99 + GST","Gift vouchers worth ₹500 from Amazon as a welcome benefit. E-vouchers from ClearTrip/Yatra worth ₹2,000 on annual online spending of ₹1,00,000 and ₹2,00,000 each. 10X Reward Points on online spending at partner merchants, including popular websites like Apollo 24×7, BookMyShow, Cleartrip, Dominos, IGP, Myntra, Netmeds, and Yatra. 5X Reward Points on all other online spends using your SBI SimplyClick Credit Card. 1 Reward Point per ₹100 on all offline spends except fuel. Annual fee waiver of ₹499 on yearly spending of ₹1,00,000. 1% fuel surcharge waived for all purchases of fuel between ₹500 and ₹3,000.","[""One of the most significant benefits of the SBI SimplyClick Credit Card is the welcome voucher worth ₹500 from Amazon."", ""You can also get vouchers worth ₹4,000 on achieving milestone spends.""]","[""This card has a significant drawback for frequent travellers as it offers no domestic or international lounge access."", ""Along with no travel benefits, there aren’t any insurance benefits with the SBI SimplyClick Credit Card.""]",,cardinsider.com,https://cardinsider.com/sbi-card/sbi-simplyclick-credit-card/
SBI SimplySAVE UPI Rupay Credit Card,SBI Card,Best SBI,RuPay,"[""Best SBI"", ""Best SBI Credit Cards"", ""Best Student Credit Cards India 2026""]",Rs. 499 + GST,Rs. 499 + GST,Renewal fee can be waived by spending Rs. 1 lakh in a card anniversary year,,Reward Points,"Redeem Points for Vouchers, Against Statement or for Products (1 Reward Point = ₹0.25)",,,"{""domestic"": ""N/A"", ""international"": ""N/A""}","The process of getting a credit card is not as easy as it seems to some individuals. Every bank/card issuer has some eligibility criteria for every credit card that needs to be fulfilled to get approved for a particular card. The factors that influence your eligibility are age, your income, and your credit history. So, make sure to check for the eligibility criteria of a credit card before you apply for it. The following is the criteria for the Simply SAVE SBI Card:",3.75% Per Month (45% Annually),3.50%,"1% fuel surcharge waiver on transactions between Rs. 500 and Rs. 3,000 (capped at Rs. 100 per month) | 2.5% or ₹500 (Whichever is Higher) | ₹99 + GST","On spending Rs. 2,000 within the 60 days of card activation get 2,000 bonus RPs that are worth Rs. 500. 1 Reward Point for every spend of Rs. 150. 10X Reward Points (10 Points per Rs. 150) on spends on movies, dining, grocery categories, and departmental stores. Annual renewal fee reversed on expenditure of minimum Rs. 1 lakh in the preceding year. 1% fuel surcharge waiver.","[""This card comes at a low joining fee of 499."", ""You can earn great reward points on spends with this card.""]","[""This card doesn’t provide international or domestic lounge access."", ""There aren’t any insurance benefits with this card."", ""Reward redemptions will be chargeable at Rs. 99""]",,cardinsider.com,https://cardinsider.com/sbi-card/sbi-simplysave-credit-card/
SBI Unnati Credit Card,SBI Card,Best SBI,,"[""Best SBI"", ""Best SBI Credit Cards""]",Nil,Nil,N/A,,Reward Points,1 RP = Rs 0.25 on redemption against a host of gifts and benefits at the SBI Card rewards catalog.,,"Get Rs. 500 cashback on spending Rs. 50,000 or more in a year. The cashback is provided within 15 days of reaching the milestone.","{""domestic"": ""N/A"", ""international"": ""N/A""}",,3.5% per month ( 42% per annum),3.5% on the conversion amount,1% surcharge waiver on all fuel purchases using the SBI Unnati credit card | 2.5% on the amount withdrawn subject to a minimum charge of Rs. 500 | Rs 99 per redemption request,"No Annual Charges (For first four years) 1 Reward Point per Rs 100 you spend Rs 500 cashback on annual spending of Rs 50,000 within 15 days 1% surcharge waiver applicable on fuel transactions above Rs. 500 (below Rs. 4,000).",[],[],,cardinsider.com,https://cardinsider.com/sbi-card/sbi-unnati-credit-card/
SBI Shaurya Credit Card,SBI Card,Best SBI,,"[""Best SBI"", ""Best SBI Credit Cards""]",Rs. 250 + GST,Rs. 250 + GST,"The renewal fee is waived off if you spend Rs. 50,000 or more in the previous year.",,,The reward points you earn can be redeemed against various options from the Rewards catalogue or against the card’s outstanding balance at a rate of 1 RP = Re. 0.25.,,,"{""domestic"": ""NA"", ""international"": ""NA""}","The eligibility requirements that you need to fulfill in order to get this credit card are as mentioned below: The applicant should be an Indian Defense Personnel. The applicant’s age should be a minimum of 18 years. The applicant should either be self-employed or salaried, i.e, they should have a stable source of income. The applicant should possess a decent credit history.",2.75% p.m. (33% annually),3.5% on all foreign currency spends.,"1% fuel surcharge waiver on all fuel transactions between Rs. 500 and Rs. 3,000. | 2.5% of the withdrawn amount or Rs. 500 (whichever is higher) | Rs. 99 on each redemption request.","1,000 Reward Points as a welcome gift. Up to 5 Reward Points on every spend of Rs. 100. Reward Points redeemable against the card’s outstanding balance. Spend-based waiver of the renewal fee. 1% fuel surcharge waiver. Complimentary insurance cover against personal accident.",[],[],,cardinsider.com,https://cardinsider.com/sbi-card/shaurya-sbi-credit-card/
SBI Shaurya Select Credit Card,SBI Card,Best SBI,,"[""Best SBI"", ""Best SBI Credit Cards""]",Nil,"₹1,499 + GST","The renewal fee is waived off on spending Rs. 1,50,000 or more in the previous year.",,Reward Points,The Reward Points can be redeemed against the card’s outstanding balance and various other options. 1 Reward Point = Re. 0.25.,,"You get a Pizza Hut e-voucher worth ₹500 on spending ₹50,000 or more in a quarter. You get a Yatra/Pantaloons e-voucher worth ₹7,000 on spending ₹5 lakhs or more in an anniversary year.","{""domestic"": ""4 Visits Each Year (One Per Quarter)"", ""international"": ""N/A""}",,2.75% p.m. (33% annually),3.5% on all foreign currency spends.,"1% fuel surcharge waiver on all fuel transactions between Rs. 500 and Rs. 4,000. | 2.5% of the withdrawn amount or a minimum of Rs. 500. | Rs. 99 on every redemption request","Exclusive for defense personnel. Get 10 Reward Points on every spend (Dining, Movies, Departmental Stores & Grocery spends) of Rs. 100. Get 2 Reward Points per Rs. 100 spent on all other spends. 1,500 bonus Reward Points on card renewal. Pizza hut e-voucher on achieving quarterly milestone spend. Yatra/Pantaloons e-voucher on achieving annual milestone spend. Complimentary insurance cover against personal accident. 1% fuel surcharge waiver on all fuel transactions. Spend-based waiver of the renewal fee.",[],[],,cardinsider.com,https://cardinsider.com/sbi-card/shaurya-select-sbi-credit-card/
Tata Neu Infinity SBI Credit Card,SBI Card,Best SBI,RuPay,"[""Best Credit Cards for Utility Bill Payments"", ""Best SBI"", ""Best SBI Credit Cards""]","₹1,499 + GST (~₹1,769)","₹1,499 + GST (~₹1,769)",Annual Fee Reversed on Spends of ₹3 Lakh,,NeuCoins,NeuCoins are Transferred to the Primary Cardholder’s NeuPass Account. 1 NeuCoin = ₹1,,,"{""domestic"": ""2 Free Visits Each Quarter on Spends of ₹75,000 or More in the Previous Quarter"", ""international"": ""4 Free Visits to International Airport Lounges Each Year (Maximum of One Each Quarter)""}",,3.75% Per Month (45% Annually),1.99% + GST,"1% Waiver on Fuel Transactions Between ₹500 and ₹4,000 Interest Rates | 2.5% or a Minimum of ₹500 (Whichever is Higher) | N/A","This is a co-branded card launched by SBI Card in association with Tata Neu. The Tata Neu SBI Card offers spend-based access to domestic airport lounges. Cardholders can access airport lounges outside India at no additional cost, without meeting any spending criteria. This card offers a low Forex charge of 1.99%.","[""This co-branded credit card offers up to 10% NeuCoins on select categories, making it extremely beneficial for those who often spend on Tata brands.""]","[""The Tata Neu Infinity SBI Card offers spend-based access to airport lounges. One would need to spend ₹75,000 each quarter to be eligible for free domestic lounge access, making it less attractive for many, as the HDFC Tata Neu Infinity has no such conditions.""]",,cardinsider.com,https://cardinsider.com/sbi-card/tata-neu-infinity-sbi-credit-card/
Tata Neu Plus SBI Credit Card,SBI Card,Best SBI,"Visa, RuPay","[""Best SBI"", ""Best SBI Credit Cards""]",₹499 + GST,₹499 + GST,Annual Fee Reversed on Spends of ₹1 Lakh,,NeuCoins,NeuCoins are Transferred to the Primary Cardholder’s NeuPass Account. 1 NeuCoin = ₹1,,,"{""domestic"": ""1 Free Visit Each Quarter on Spends of ₹50,000 or More in the Previous Quarter"", ""international"": ""N/A""}",,3.75% Per Month (45% Annually),3.50%,"1% Waiver on Fuel Transactions Between ₹500 and ₹4,000 | 2.5% or a Minimum of ₹500 (Whichever is Higher) | N/A",The Tata Neu Plus SBI Credit Card is most suited for spending on Tata brands. Tata Neu SBI Card is available on both Visa and RuPay. Applicants can choose the variant they wish to apply for. Earn 2% on Tata spends and an additional 5% on select categories via Tata Neu. This co-branded offering even offers spend-based airport lounge access.,"[""This is an ideal card for beginners and Tata loyalists as it comes at a reasonable joining fee and offers great rewards on everyday purchases via Tata Neu.""]","[""With the Tata Neu Plus SBI Credit Card, users will only be able to access domestic airport lounges on spends of ₹50,000 in the previous quarter.""]",,cardinsider.com,https://cardinsider.com/sbi-card/tata-neu-plus-sbi-credit-card/
TATA STAR Select Credit Card,SBI Card,Best SBI,Mastercard,"[""Best SBI"", ""Best SBI Credit Cards""]","₹2,999 + GST","₹2,999 + GST",N/A,,Reward Points,1 RP = ₹1,,"For loyal customers, an anniversary e-gift voucher of ₹3,000 is granted each year if the cardholder spends more than ₹2 lakhs in the previous year. For those who enjoy spending, the TATA STAR Select Credit Card offers a bonus rewards program. Once cardholders reach milestone spends of ₹4 lakhs or ₹5 lakhs within a year, they are eligible to receive STAR e-gift vouchers worth ₹3,000 each. The voucher code will be sent to the registered mobile number within 30 days of reaching the milestone threshold.","{""domestic"": ""2 complimentary visits every quarter"", ""international"": ""N/A""}",,3.5% per month; 42% per annum,3.50%,"1% waiver on fuel transactions between ₹500 and ₹4,000 | 2.5% of transaction amount or ₹500 | ₹99 + GST","The TATA STAR Select Credit Card has a joining fee of ₹2,999 plus taxes and a renewal fee of the same amount. Cardholders receive an e-Gift Voucher worth ₹3,500 from STAR as a welcome benefit. Frequent spenders can earn an anniversary e-gift voucher of ₹3,000 if they spend over ₹2 lakhs in a year. Cardholders get access to premium Mastercard lounges at airports with up to 8 complimentary visits a year. A fuel surcharge waiver of 1% on fuel transactions between ₹500 and ₹4,000.","[""There are bonus vouchers available for milestone spends of ₹4 lakhs or ₹5 lakhs."", ""Earn up to 3 Reward Points for every ₹100 spent on groceries, dining, and more.""]","[""No insurance benefits are offered with the card."", ""The Forex Markup fee of this card is 3.5%, which is quite high.""]",,cardinsider.com,https://cardinsider.com/sbi-card/tata-star-select-credit-card/
Titan SBI Credit Card,SBI Card,Best SBI,,"[""Best Credit Cards for Jewellery Spends"", ""Best SBI"", ""Best SBI Credit Cards""]","₹2,999 + GST","₹2,999 + GST",On Spends of ₹3 Lakh,,Reward Points,Redeem for a Wide Range of Titan Vouchers,,,"{""domestic"": ""8 Visits in a Year (Max 2 Each Quarter)"", ""international"": ""4 Visits in a Year (Max 2 Each Quarter)""}",,3.75% Per Month (45% Per Annum),3.5% of the Transaction Amount,"1% Waiver on Fuel Transactions Up to ₹3,000 | 2.5% or a Minimum of Rs. 500 | N/A",This credit card is exclusively designed for Titan brands. You can earn 7.5% cashback on 8 Titan brands. All non-Titan expenditures shall get 6 Reward Points per ₹100 spent.,[],"["""", """"]",,cardinsider.com,https://cardinsider.com/sbi-card/titan-sbi-credit-card/
Yatra SBI Credit Card,SBI Card,Best SBI,,"[""Best SBI"", ""Best SBI Credit Cards""]",Rs. 499 + GST,Rs. 499 + GST,Annual and renewal fees can be waived if you spend Rs. 1 Lakh in a year.,,Reward Points,1 RP = ₹0.25,"As a welcome benefit, you will receive Yatra e-gift vouchers worth ₹8250/—after paying the membership fee of ₹499/—. These vouchers will be sent to your registered email address or mobile number within 15 days. You get 2 domestic travel vouchers worth ₹500 and 2 international travel vouchers worth Rs 1000. You also get a voucher for domestic holidays worth ₹1500/- and a voucher for international holidays worth ₹3000/- A hotel booking voucher worth ₹750/- Two or more vouchers can not be clubbed together while booking. These discount vouchers should be used before the expiry date.",,"{""domestic"": ""N/A"", ""international"": ""N/A""}",,3.75% Per Month (45% Per Annum),3.5% per conversion,"1 % on fuel transactions across all petrol pumps in India | 2.5% of withdrawal amount, subject to a minimum of ₹300 | Rs 99/- per request","Yatra E-gift vouchers worth Rs 8250/- as welcome gift Get Rs 1000 off on domestic flight bookings Get Rs Rs. 4,000 off on international flight bookings Annual fee of Rs 499 plus applicable taxes Enjoy 20% off on domestic hotels Annual fee waiver if you spend Rs 1 lac Complimentary air accidental cover worth Rs 50 lacs 1% fuel surcharge  waiver on fuel purchases across all petrol pumps in India",[],[],,cardinsider.com,https://cardinsider.com/sbi-card/yatra-sbi-credit-card/
Standard Chartered Beyond Credit Card,Standard Chartered,Best Standard Chartered,Visa,"[""Best Standard Chartered"", ""Best Standard Chartered Credit Cards""]","₹15,000 +GST","₹25,000 +GST (Waiver Based on FUM Qualification)",Annual Fee Waiver on Meeting FUM Qualifications,,Reward Points,1 Reward Point = ₹1,,,"{""domestic"": ""Unlimited Airport Lounge Access"", ""international"": ""Unlimited International Airport Lounge Access""}","To be eligible for the Beyond Credit Card, applicants must be between 18 and 70 years of age. In addition, they should meet the bank’s Funds Under Management (FUM) requirement of ₹50 lakh or more. This FUM can include one or a combination of balances such as savings account funds, term deposits, investments made through the bank, life insurance premiums paid for active policies, or the market value of demat holdings maintained with Standard Chartered Bank. Applicants must also be based in cities or locations where the bank actively sources credit card applications.",3.75 – Monthly | 45% – Yearly,2%,1% Fuel Transaction Waiver | 3% Subject to a Minimum of ₹300 | ₹99 + GST,"This is a premium credit card. Cardholders can access domestic and international airport lounges with this card. On payment of joining charges, the cardholder shall get ₹15,000 worth of vouchers from popular brands. Cardholders are eligible for a waiver of the 1% fuel surcharge, limited to a maximum of ₹5,000 per year.","[""This card offers a decent reward rate of 3.33% for the majority of spend categories.""]","[""For such a premium card, with high charges, the Forex markup charge should have been even lower than 2%.""]",,cardinsider.com,https://cardinsider.com/standard-chartered/beyond-credit-card/
Standard Chartered DigiSmart Credit Card,Standard Chartered,Best Standard Chartered,,"[""Best Standard Chartered"", ""Best Standard Chartered Credit Cards""]",₹49 + GST,₹49 + GST,"The monthly membership fee can be waived off on spending Rs. 5,000 in the last month.",,Cashback,NA,,,"{""domestic"": ""NA"", ""international"": ""NA""}",The eligibility requirements that need to be fulfilled by the applicants to get the Standard Chartered DigiSmart Credit Card are:,1.99 per month (23.88% per annum),3.5% of the conversion amount,1% fuel surcharge is applicable | 3% of the transaction amount subject to a minimum charge of Rs 300.,Get up to 20% off on shopping with Myntra 10% discount on grocery shopping with  Grofers 10% off on your food orders with Zomato Get a Buy 1 Get 1 offer on Movie ticket bookings at INOX 20% off on domestic and 10% discount on international flight bookings with Yatra.com Up to 25% off on domestic hotel bookings with Yatra 1% fuel surcharge waiver Spend-based waiver of the monthly membership fee,[],[],,cardinsider.com,https://cardinsider.com/standard-chartered/standard-chartered-digismart-credit-card/
Standard Chartered EaseMyTrip Credit Card,Standard Chartered,Best Standard Chartered,,"[""Best Standard Chartered"", ""Best Standard Chartered Credit Cards""]",₹350 + GST,₹350 + GST,"The renewal fee is waived on spending Rs. 50,000 or more in a year",,Cashback,1 Reward Point = Re. 0.25 for redemption against various categories at the 360-degree rewards portal.,,,"{""domestic"": ""2 Free Visits Each Year"", ""international"": ""N/A""}",You also need to fulfill certain eligibility requirements in order to get approved for the Standard Chartered EaseMyTrip Credit Card. These criteria are given below: The applicant should be above 18 years and below 65 years. The applicant should have a stable source of monthly income. The applicant should belong to a location where Standard Chartered Bank’s services are available.,3.75% per month,3.5% of the transaction amount,1% fuel surcharge is applicable on all authorized fuel purchases. | 3% of the withdrawn cash amount or Rs. 300 (whichever is higher) | ₹99,"2x Reward Points on every retail spend of ₹100. 10x Rewards on ticket bookings at standalone hotels, websites, or apps. Up to 20% discount on travel-related bookings. Complimentary domestic lounge access. Spend-based renewal fee waiver. Zero Liability Protection against a lost/stolen card.",[],[],,cardinsider.com,https://cardinsider.com/standard-chartered/standard-chartered-easemytrip-credit-card/
Standard Chartered Emirates World Credit Card,Standard Chartered,Best Standard Chartered,,"[""Best Standard Chartered"", ""Best Standard Chartered Credit Cards""]","Rs. 3,000 + GST","Rs. 3,000 + GST",Nil,,N/A,The skywards miles you earn through the Emirates world card are automatically transferred to your Skywards Emirates account.,,,"{""domestic"": ""Complimentary domestic lounge access to several participating lounges."", ""international"": ""2 complimentary international lounge access every month based on your spends.""}",,3.75% per month,3.5% on all foreign currency spends,1% fuel surcharge or Rs. 10 (whichever is higher) | 3% of the amount withdrawn or Rs. 300 (whichever is higher) | Rs 99/- plus applicable taxes per redemption request.,"A bonus of 4,000 miles as a Welcome Gift 6 skywards miles on every Rs. 150 spent on Emirates.com. 3 skywards miles on every Rs. 150 spent on other transactions. Complimentary Domestic lounge access. Complimentary International lounge based on monthly spends. 5% Cashback on duty-free shopping. Get 1 Complimentary golf lesson each month and a 50% discount on all golf games Coverage of Rs. 1 Crore in case of an overseas air accident",[],[],,cardinsider.com,https://cardinsider.com/standard-chartered/standard-chartered-emirates-world-credit-card/
Standard Chartered Manhattan Credit Card,Standard Chartered,Best Standard Chartered,,"[""Best Standard Chartered"", ""Best Standard Chartered Credit Cards""]",Rs. 999 + GST,Rs. 999 + GST,"The renewal fee can be waived if you spend Rs. 1,20,000 or more in the preceeding year.",,,"The earned reward points are redeemable on the 360-degree Rewards portal. Here, 1 RP = Rs. 0.25.",,,"{""domestic"": ""NA"", ""international"": ""NA""}",The following table summarizes the eligibility criteria for the Standard Chartered Manhattan Credit Card which has to be fulfilled by the applicants:,3.75% per month (45% per annum),3.5% on all overseas transactions,The 1% fuel surcharge is applicable on all fuel transactions done through the Standard Chartered Manhattan Credit Card. | 3% of the amount withdrawn or Rs. 300 (whichever is higher) | Rs 99 per redemption request,"Welcome benefit of 5,000 bonus Reward Points. Get a 5% cashback on groceries, departmental stores, and supermarkets. Get 3 Reward Points on every other purchase of Rs. 150. Renewal fee waiver on spending Rs. 1,20,000 or more in the preceeding year. Easy Reward redemption through the 360-degree Rewards portal.",[],[],,cardinsider.com,https://cardinsider.com/standard-chartered/standard-chartered-manhattan-credit-card/
Standard Chartered Platinum Rewards Credit Card,Standard Chartered,Best Standard Chartered,,"[""Best Standard Chartered"", ""Best Standard Chartered Credit Cards""]",Nil,Nil,Spend Rs. 500 from the date of card issuance to waive the annual/joining charges,,Reward Points,The reward points earned are redeemable against retail items and vouchers at a rate of 1 RP = Re. 0.25.,,,"{""domestic"": ""N/A"", ""international"": ""N/A""}","The following are the criteria that need to be fulfilled by the applicant to be eligible for the Standard Chartered Bank Platinum Rewards Credit Card : The applicant should be between 21 – 65 years of age. The additional cardholder’s minimum age is subject to 18 years. Salaried or Self-employed applicants should have a minimum Gross Monthly Income of Rs 20,000/-",3.75% per month (45% per annum),3.5% on the transaction amount,N/A | 3% on cash withdrawal subject to a minimum charge of Rs 300 | Rs 99 per redemption request,5X Reward Points on every Rs 150 spent on dining and fuel transactions. Earn 1 reward point per Rs 150 you spend on all other categories. Renewal Fee Waiver on spend of Rs. 500 in the first 30 days.,[],[],,cardinsider.com,https://cardinsider.com/standard-chartered/standard-chartered-platinum-rewards-credit-card/
Standard Chartered Priority Visa Infinite Credit Card,Standard Chartered,Best Standard Chartered,Visa,"[""Best Standard Chartered"", ""Best Standard Chartered Credit Cards""]",Nil,Nil,N/A,,Reward Points,The reward points earned can be redeemed for shopping vouchers and charity spends on the Standard Chartered online portal under the Standard Chartered 360° rewards program.,,,"{""domestic"": ""4 complimentary domestic lounge access per quarter"", ""international"": ""International lounge access with Priority Pass""}",To be eligible for this credit card: Your age must be between 21 and 65 years You must have a stable source of income. You must be a priority banking client of Standard Chartered Bank.,3.75% per month (45% annually),3.5% + GST,"1% fuel surcharge applicable | 3% of the withdrawn amount, subject to a minimum amount of Rs. 300. | Rs. 99","5X Reward Points for every Rs. 100 spent overseas and on retail fashion. 2X Reward Points on every Rs. 100 on all other spends. 4 complimentary domestic lounge access every quarter. Complimentary Priority Pass membership for international lounge visits at a nominal fee. Several dining, shopping and travel offers and discounts with the Standard Chartered Good Life program. Complimentary overseas air accident insurance worth Rs. 1.2 crore and medical insurance worth USD 25,000. This card is exclusively made for Standard Chartered Priority banking customers.",[],[],,cardinsider.com,https://cardinsider.com/standard-chartered/standard-chartered-priority-visa-infinite-credit-card/
Standard Chartered Rewards Credit Card,Standard Chartered,Best Standard Chartered,,"[""Best Standard Chartered"", ""Best Standard Chartered Credit Cards""]",Nil,"Rs. 1,000 + GST",Renewal Fee Waived on Spending ₹1.5 Lakhs or More,,Cashback,1 RP = Re 0.25 for redemption against the Rewards catalog and 1 RP = Re. 0.20 for redemption against the card’s statement balance.,,"After achieving a monthly milestone spend of Rs. 20,000 (on retail purchases), the cardholders would be eligible to earn 4x bonus Reward Points on all their retail spends. You can earn a maximum of 2,000 bonus Reward Points every month.","{""domestic"": ""1 free domestic lounge access every quarter, i.e. 4 per year."", ""international"": ""NA""}","There are certain eligibility criteria that need to be fulfilled in order to get approved for a particular credit card. For the Standard Chartered Rewards Credit card, there are a few basic requirements as given below: The age of applicants should be between 18 years and 65 years. The applicant should have a stable monthly income. The applicant should belong to any of the sourcing locations of the Standard Chartered Bank.",3.75% per month,3.5% of the transaction amount,1% fuel surcharge waiver on all fuel transactions | 3% of the withdrawn amount subject to a minimum of Rs. 300 | Rs. 99,Earn 4x Reward Points on all retail spends. 1x Rewards on insurance and government payments. Additional 4x Reward Points on all spends after achieving the monthly milestone. Complimentary domestic lounge access every year. 1% fuel surcharge waiver on all fuel purchases. Spend-based waiver of the renewal fee.,[],[],,cardinsider.com,https://cardinsider.com/standard-chartered/standard-chartered-rewards-credit-card/
Standard Chartered Smart Credit Card,Standard Chartered,Best Standard Chartered,,"[""Best Standard Chartered"", ""Best Standard Chartered Credit Cards""]",₹499 + GST (Wavied for First-Time SCB Credit Card Holders),₹499 + GST,Annual Fee Waiver On Spends of ₹1.2 Lakh,,Cashback,The earned cashback is automatically credited to your account.,,,"{""domestic"": ""NA"", ""international"": ""NA""}",You need to meet the conditions mentioned below in order to be eligible for this credit card: The primary applicant should be between 18 years to 65 years. The add-on applicant should be a minimum of 18 years of age. The applicant should have a stable source of income. The applicant should be living in a city where a Standard Chartered Bank branch is located.,3.75% per month,3.5% on all international transactions.,"A 1% fuel surcharge or Rs. 10, higher of the two, will be granted as fuel surcharge waiver. | 3% of the cash withdrawn, subject to a minimum of Rs. 300. | Nil",Get a longer interest-free period for the first 90 days after card set up. You earn 2% cashback on all your online spends using the Standard Chartered Smart Credit Card. You earn 1% cashback on all your offline spends. Spend-based waiver of the renewal fee. A low-interest rate of only 0.99% per month on EMI transactions.,[],[],,cardinsider.com,https://cardinsider.com/standard-chartered/standard-chartered-smart-credit-card/
Standard Chartered Super Value Titanium Credit Card,Standard Chartered,Best Standard Chartered,,"[""Best Standard Chartered"", ""Best Standard Chartered Credit Cards""]",Rs. 750 + GST,Rs. 750 + GST,"You get a spend-based waiver on annual spending of Rs 90,000 in the previous year.",,Cashback,You redeem these reward points by the Standard Chartered 360 reward program. 1 Reward Point = Re. 0.25.,,,"{""domestic"": ""NA"", ""international"": ""NA""}","The eligibility requirements that you need to fulfill in order to get approved for the Standard Chartered Super Value Titanium Card are as follows: The primary cardholder’s age must be between 21 and 65, and the supplementary cardholder’s age should be above 18. The applicant’s monthly income should be a minimum of ₹55,000. The applicant should be residing in one of the cities where Standard Chartered Credit Card services are available. The applicant should have a decent credit history.",3.49% Per Month (41.88% Per Annum),3.50%,Nil | 3% on the transaction amount subject to the minimum amount of Rs. 300. | Rs 99 per redemption request,"No annual/joining fee for premium banking customers. 100% cashback up to Rs 1,500 on fuel purchases in the first 90 days of card issuance 5% cashback per month on fuel, utility bill payments, and phone bills 1 reward point on every Rs 150 spent on all other categories Get Complimentary Priority pass membership (for premium banking customers only) Get a waiver on annual spending of Rs 90,000 in the previous year.",[],[],,cardinsider.com,https://cardinsider.com/standard-chartered/standard-chartered-super-value-titanium-credit-card/
Standard Chartered Ultimate Credit Card,Standard Chartered,Best Standard Chartered,"Visa, Mastercard","[""Best Standard Chartered"", ""Best Standard Chartered Credit Cards""]","Rs. 5,000 + GST","Rs. 5,000 + GST",None,,,The earned Rewards are redeemable on the SC online portal under the Standard Chartered 360° rewards program. 1 Reward Point = Re. 1.,,,"{""domestic"": ""16 domestic lounge access per year (4 every quarter)"", ""international"": ""1 complimentary lounge visits per month with the Priority Pass membership.""}","In order to improve the chances of approval for the Standard Chartered Ultimate Credit card, you will need to fulfill certain eligibility criteria, which are as follows: Your age must be between 21 and 65 years. You must have a stable source of monthly income. You should have a decent credit score.",3.75% every month or 45% annually,2%,"This card also provides a 1% fuel surcharge waiver at all petrol pumps across India. The maximum fuel surcharge waiver is ₹1000 per month. | 3% of the transacted amount, subject to a minimum fee of Rs. 300 | Rs. 99","Welcome bonus of 6,000 reward points. 5 RPs every time you spend Rs. 150 using the card. 2% foreign currency markup. 5% cashback on duty-free purchases at airports. Airport lounge access at over 1,000 airports around the world. 5,000 Rewards every year on the renewal of card membership. Air accident insurance worth Rs. 1 crore by HDFC EGRO General Insurance.",[],[],,cardinsider.com,https://cardinsider.com/standard-chartered/standard-chartered-ultimate-credit-card/
Union Bank of India Divaa Icon Credit Card,Union Bank of India,Best Union Bank of India,,"[""Best Union Bank of India"", ""Best Union Bank of India Credit Cards""]",Nil,"₹1,499 + GST",Annual Fee Waived Off on Spending ₹1 Lakh Within 12 Months,,Reward Points,1 Reward Point = ₹0.25,,,"{""domestic"": ""2 Domestic Lounge Access Per Quarter"", ""international"": ""2 International Lounge Access Per Year""}",,3% Per Month,3%,1% Waiver Up to ₹100 Per Month | 3% or  a Minimum of ₹500 | N/A,"Union Bank of India Divaa Icon Credit Card comes with no joining fee and has an annual fee of ₹1,499 + GST. The annual fee is waived on spending ₹1 lakh in a year. You can earn 2 Reward Points for every ₹100 spent. The redemption value of 1 Reward Point = ₹0.25. Get a ₹250 discount on BookMyShow movie/non-movie tickets every quarter. Avail a flat ₹1,500 discount on MakeMyTrip flight bookings once a year. Enjoy 2 domestic lounge visits per quarter and 2 international lounge visits per year.","[""The card offers airport lounge benefits, both domestic and international."", ""The card offers shopping and lifestyle benefits on big brands like Myntra, Nykaa, Flipkart, BigBasket, and Swiggy""]","[""The reward rate is average when compared to other credit cards."", ""There are no golf or other premium privileges other than airport lounge access.""]",,cardinsider.com,https://cardinsider.com/union-bank/divaa-icon-credit-card/
Union Bank NEXTERIA Credit Card,Union Bank of India,Best Union Bank of India,RuPay,"[""Best Union Bank of India"", ""Best Union Bank of India Credit Cards""]","₹12,499 + GST","₹12,499 + GST",Joining Fee Waiver on Spends of ₹3 Lakh Within the First 90 Days. Annual Fee Waiver on Spends of ₹8 Lakh in a Card Anniversary Year,,Reward Points,N/A,,,"{""domestic"": ""Unlimited Domestic Airport Lounge Access"", ""international"": ""Unlimited Lounge Access""}",,16% Annually on Reducing Balances,3%,1% Waiver Up to ₹100 Each Month | 2.5% | N/A,"The NEXTERIA Credit Card is a premium offering by Union Bank of India. This card comes at a joining and annual charge of ₹12,499 + GST. Cardholders will receive unlimited access to airport lounges with this card.","[""From movies to airport lounge access, this card offers several lifestyle benefits.""]","[""The joining and annual charges of this card are on the higher side when compared to the benefits it offers.""]",,cardinsider.com,https://cardinsider.com/union-bank/nexteria-credit-card/
Union Bank of India Divaa RuPay Credit Card,Union Bank of India,Best Union Bank of India,RuPay,"[""Best Union Bank of India"", ""Best Union Bank of India Credit Cards""]",Nil,₹499 + GST,"The renewal fee is waived off if the cardholder spends ₹30,000 or more in the previous year.",,Reward Points,Redeem rewards for vouchers and products. 1 Reward Point = ₹0.25,,,"{""domestic"": ""2 domestic airport lounge access every quarter"", ""international"": ""2 international airport lounge access annually""}","The card is issued exclusively to women. The cardholder should be between 18 to 65 years old for salaried individuals and 18 to 70 years old for working women. The minimum annual income should be ₹2.5 lakhs . For business professionals, 2 years of IT returns with computation sheets are required, and for salaried individuals, Form 16/ITRs with the latest salary slip are needed. Get the Divaa card by using your Fixed Deposit with 25% margin as a guarantee without needing to show your income proof or rating sheet. The documents required to apply for the Divaa card are a duly filled credit card application form, a passport-size color photograph, the latest income tax returns for 2 years/Form 16/salary slip, and proof of address, ID proof, and PAN copy as per KYC norms.",2.5% per month or 30% annually,3%,A 1% fuel surcharge is waived up to ₹100 every month. | ₹250 or 3% of the withdrawal amount (whichever is higher) | N/A,"This card offers complimentary domestic airport lounge access twice every quarter. Two free international airport lounge access is also offered annually. 24/7 concierge services are included with this card. The spend-based waiver of this card is only ₹30,000.","[""This card comes with an interest-free credit period of 50 days."", ""Users get a 1%  fuel surcharge reimbursement of ₹100 with this card.""]","[""This card does not offer any discount on entertainment or dining."", ""There are no welcome benefits with this card.""]",,cardinsider.com,https://cardinsider.com/union-bank/union-bank-divaa-rupay-credit-card/
Union Bank Rupay Combo Debit Cum Credit Card,Union Bank of India,Best Union Bank of India,RuPay,"[""Best Union Bank of India"", ""Best Union Bank of India Credit Cards""]",Rs. 200 + GST,Nil,N/A,,,N/A,,,"{""domestic"": ""Complimentary domestic lounge access. You get a maximum of 4 Domestic and International lounge access every year"", ""international"": ""Complimentary International lounge access. You get a maximum of 4 Domestic and International lounge access every year""}",,1.90 per month ( 22.8% per annum),N/A,1% surcharge waiver on fuel transactions between Rs 400 to Rs 4000 | 2.5% on the withdrawal amount subject to a minimum charge of Rs 100 | Nil,Complimentary access to domestic and international lounges Cashback on Utility bill payments and dining on a Select Rupay card Personal insurance cover worth Rs 20 lakhs 1% surcharge waiver on fuel transactions Exclusive merchant offers 24×7 Concierge Services,[],[],,cardinsider.com,https://cardinsider.com/union-bank/union-banks-rupay-combo-debit-cum-credit-card/
Union JCB Health Credit Card,Union Bank of India,Best Union Bank of India,,"[""Best Union Bank of India"", ""Best Union Bank of India Credit Cards""]",₹499 + GST,₹499 + GST,"The renewal fee is waived if the cardholder spends ₹50,000 or more in the previous year",,Reward Points,"Redeem rewards for vouchers and products, 1 RP = ₹0.25",,"The Union JCB Health Credit Card also offers milestone benefits to its users. Cardholders will be able to earn 2000 Reward Points for every spend of ₹50,000 or beyond ₹2 lakhs.","{""domestic"": ""Complimentary eight-airport lounge access annually"", ""international"": ""Two complimentary airport lounge access annually""}","To be eligible for the Union JCB Health Credit Card, one needs to meet the bank’s criteria for age, income, and credit score. The user should have the necessary documents as per the bank’s requirements. The cardholder must be 18-65 years old if they are employed and salaried and 18-70 years old if they are professionals. The Health credit card is issued primarily to the bank account holders. The non-bank customers who apply for this card are chosen on a selective basis. The annual income of the accountholder should be ₹2.5 lakhs. Credit cards can be issued based on a fixed deposit lien with a 25% margin, so there is no need for proof of income or a scoring model.",2.5% per month or 30% annually,3%,A 1% fuel surcharge is waived up to ₹100 every month | ₹200 or 3% on the amount withdrawn (whichever is higher) | Nil,"Users can get services worth ₹31,750 on wellness, medical, home, and lifestyle. The card offers an interest-free credit period of 20-50 days. Complimentary airport lounges and 24/7 concierge services can also be availed with this card. Medical facilities such as medicine delivery, teleconsultation, psychologist, and diagnostic packages are offered with this card.","[""Comes with a reasonable annual fee, which can be easily waived."", ""Accidental insurance coverage worth ₹10 lakhs is offered with this card.""]","[""No perks on entertainment or dining and no introductory benefits are provided with this card."", ""Only the primary customers who already have an account in the Union Bank of India are given preference when applying for this card. Non-account holders can also apply for this card, but only a select few are chosen.""]",,cardinsider.com,https://cardinsider.com/union-bank/union-jcb-health-credit-card/
Union JCB Wellness Credit Card,Union Bank of India,Best Union Bank of India,,"[""Best Union Bank of India"", ""Best Union Bank of India Credit Cards""]",₹999 + GST,₹999 + GST,The renewal fee is waived if the cardholder spends ₹1 lakh or more in the previous year,,Reward Points,"Redeem rewards for vouchers and products, 1 RP = ₹0.25",,"With the Union JCB Wellness Credit Card, cardholders can enjoy milestone rewards by reaching specific spending targets in a year. Upon reaching spends of ₹1,50,000, cardholders are eligible for additional rewards in the form of points. When you spend ₹1.50 lakh, you receive 1000 points. If you spend ₹2 lakh, you get 1500 points, and if you spend Rs. 2.5 lakh, you receive 2000 points.","{""domestic"": ""Two complimentary domestic lounge access every quarter"", ""international"": ""Two complimentary international lounge access annually""}","The Union JCB Wellness Credit Card is issued primarily to bank customers. The annual income of the applicant should be ₹7.5 lakhs. The main cardholder must be between 18-65 years old if they are salaried and between 18-70 years old if they are professionals. For business class, please provide 2 years of IT returns along with computation sheets. For the salaried class, please provide 16 years of IT returns along with salary slips.",2.5% per month or 30% annually,3%,A 1% fuel surcharge is waived up to ₹100 every month | ₹250 or 3% of the withdrawal amount (whichever is higher) | Nil,Complimentary health checkups once every year. 15/30 day free trial gym access program. This card comes with an interest-free credit period of 50 days. A 1% fuel surcharge waiver of ₹100 per month is included. Offers a golf round once every year.,"[""The annual benefit with this card is worth ₹22,000."", ""Upon spending ₹1,50,000 in a year, milestone benefits will be offered to users.""]","[""This card comes with no welcome benefits and does not offer any discounts on dining or entertainment.""]",,cardinsider.com,https://cardinsider.com/union-bank/union-jcb-wellness-credit-card/
Union Platinum RuPay Credit Card,Union Bank of India,Best Union Bank of India,RuPay,"[""Best Union Bank of India"", ""Best Union Bank of India Credit Cards""]",Nil,Rs. 299 + GST,"Renewal fee waived off on spending Rs. 30,000 in the previous year.",,,"You can redeem your reward points for movies, bus & air tickets, gift vouchers, etc. A minimum of 100 reward points needs to be accumulated for redemption. 1 reward point = Rs. 0.25.",,,"{""domestic"": ""NA"", ""international"": ""NA""}","The basic eligibility requirements for the Union Bank RuPay Platinum Credit Card are as follows: The applicant’s age should be a minimum of 21 years. The applicant should either be salaried or self-employed, i.e, the applicant should have a stable source of income. The applicant should have a decent credit history.",2.95% p.m. (41.75% p.a.),3%,1% Fuel surcharge waiver on fuel transactions. The maximum fuel surcharge is capped at Rs. 100 per month. | 3% or Rs. 200 (whichever is higher) | Nil,Union Platinum RuPay Credit Card comes with no joining fee. Earn 2 reward points on every Rs. 100 spent using this card. Earn cashback of Rs. 50 on payment of utility bills. Earn cashback of Rs. 50 on a minimum transaction of Rs. 500. Earn cashback of Rs. 25 on a minimum transaction of Rs. 300 spent on the IRCTC website. Covers accidental air death cover and credit card lost cover. 1 RP = Rs. 0.25,[],[],,cardinsider.com,https://cardinsider.com/union-bank/union-platinum-rupay-credit-card/
Union RuPay Unicorn Credit Card,Union Bank of India,Best Union Bank of India,RuPay,"[""Best Union Bank of India"", ""Best Union Bank of India Credit Cards""]","₹2,400 + GST","₹2,400 + GST",Annual Fee is Waived on Spends of ₹3 Lakh in a Year,,Reward Points,N/A,,This card has several annual milestone benefits associated with it.,"{""domestic"": ""8 Free Visits Each Year"", ""international"": ""2 Visits Each Year Via Priority Pass""}",,3% Per Month/36% Per Year,3%,1% Fuel Surcharge Waiver Up to ₹100 | 3% (Minimum ₹500) | N/A,The Union Unicorn Credit Card is available on the RuPay SELECT variant. This card can be linked to UPI platforms for easy payments. Get 8 domestic and 2 international airport lounge visits each year.,"[""For a card with such an affordable fee, it offers a surprisingly good number of airport lounge visits.""]","[""The Reward Rate of the Union Unicorn Credit Card could have been a bit better.""]",,cardinsider.com,https://cardinsider.com/union-bank/union-rupay-unicorn-credit-card/
Union Select RuPay Credit Card,Union Bank of India,Best Union Bank of India,RuPay,"[""Best Union Bank of India"", ""Best Union Bank of India Credit Cards""]",Nil,Rs. 499 + GST,"Renewal fee waived off on spending Rs. 50,000 in the previous year.",,,"You can redeem your reward points for movies, bus & air tickets, gift vouchers, etc. A minimum of 100 reward points needs to be accumulated for redemption. 1 reward point = Rs. 0.25.",,"Unfortunately no, you do not get any milestone benefits on the Union Select RuPay Credit Card.","{""domestic"": ""4 complimentary domestic lounge access."", ""international"": ""4 complimentary international lounge access.""}",The basic eligibility requirements for the Union Bank RuPay Select Credit Card are as follows: The age of the applicant should be a minimum of 21 years. The applicant should either be salaried or self-employed with a stable source of income. The applicant should have a decent credit score.,2.95% p.m. (41.75% p.a.),3% on the conversion amount.,1% Fuel surcharge waiver on fuel transactions. The maximum fuel surcharge is capped at Rs. 100 per month. | 3% or Rs. 200 (whichever is higher) | Nil,Union Select RuPay Credit Card comes with no joining fee. Earn 4 reward points on every Rs. 100 spent using this card. Earn cashback of Rs. 50 on payment of utility bills. Earn cashback of Rs. 50 on a minimum transaction of Rs. 500. Earn cashback of Rs. 25 on a minimum transaction of Rs. 300 spent on the IRCTC website. Get 4 complimentary domestic and international lounge access. Covers accidental air death cover and credit card lost cover. 1 RP = Rs. 0.25,[],[],,cardinsider.com,https://cardinsider.com/union-bank/union-select-rupay-credit-card/
Union Uni Carbon Credit Card,Union Bank of India,Best Union Bank of India,,"[""Best Union Bank of India"", ""Best Union Bank of India Credit Cards""]",Rs. 499 + GST,Rs. 499 + GST,"A spend-based waiver on an annual fee of Rs 499 on the spending of Rs 1,00,000 or above in the previous year.",,,1 Reward point = Rs 0.25 redeemed against cashback at HP Pay app using your credit card.,"On using your Union Uni Carbon credit card at any HPCL fuel station, you get Rs 300 credited on your bill amount. Offer applicable on fuel spending of Rs 300 or above at authorized HPCL fuel stations within 60 days from the date card issuance.","On annual spending of Rs 1,25,000, you get provided with 500 reward points. Moreover, also you get rewarded with every consecutive spending of Rs 25,000 over the milestone spending of Rs 1,25,000. You get 1000 reward points on every Rs 50,000 spent beyond Rs 2,00,000 in the previous year.","{""domestic"": ""NA"", ""international"": ""NA""}",,2.95% p.m. (41.75% p.a.),3%,1% surcharge waiver on fuel transactions of Rs 200 or above at all HPCL fuel stations | 3% or Rs. 200 (whichever is higher) | Nil,"500 Reward Points on annual spending of Rs 1,25,000 16 reward points on fuel spending of Rs 500 which is equivalent to 4% cashback 2 reward points on every Rs 100 spent non-fuel transactions Get Rs 300 credited on your bill amount at any HPCL fuel station as a welcome bonus Annual fee waiver on the spending of Rs 1,00,000 or above in the previous year Air accidental cover upto Rs 10 lakhs 1% surcharge waiver on fuel transactions of Rs 200 or above at all HPCL fuel stations",[],[],,cardinsider.com,https://cardinsider.com/union-bank/union-uni-carbon-credit-card/
Utkarsh Small Finance Bank Eternal Credit Card,Utkarsh Small Finance Bank,Best Utkarsh Small Finance Bank,"Mastercard, RuPay","[""Best Utkarsh Small Finance Bank"", ""Best Utkarsh Small Finance Bank Credit Cards""]",N/A,"₹1,999 + GST",Renewal Fee is Waived if ₹1.5 Lakh is Spent in the Previous Year,,Cashback,Cashback will be Adjusted Against the Next Billing Statement,,,"{""domestic"": ""N/A"", ""international"": ""N/A""}","The card is available to existing customers with an active Savings, Current, Fixed Deposit (FD), or Loan Account. The applicant must be a resident of India. For unsecured credit cards, the cardholder must be between 21 and 65 years old. For an FD-backed credit card , users must be between the ages of 18 and 65 years.",Up to 3% Per Month (36% Annual Percentage Rate),3%,"1% | 5% or ₹500, Whichever is Higher | N/A",The card is offered as a first-year free credit card. Allows users to earn a flat 1.25% cashback on eligible spends The annual fee is waived if ₹1.5 lakh or more is spent in the previous year,"[""There is no joining fee; the card is a First-Year Free product."", ""The card is also available against a Fixed Deposit."", ""Renewal fee is waived on spending ₹1.5 lakh in the last year.""]","[""No airport lounge access, domestic or international."", ""No accelerated rewards program."", ""No travel, golf, or any other lifestyle perks are offered.""]",,cardinsider.com,https://cardinsider.com/utkarsh-small-finance-bank/eternal-credit-card/
Utkarsh Small Finance Bank Rhodium Credit Card,Utkarsh Small Finance Bank,Best Utkarsh Small Finance Bank,,"[""Best Utkarsh Small Finance Bank"", ""Best Utkarsh Small Finance Bank Credit Cards""]",N/A,"₹4,999 + GST",Renewal Fee is Waived if ₹5 Lakh is Spent in the Previous Year,,Cashback,Cashback Can be Credited Against Next Bill,,,"{""domestic"": ""Complimentary Access 4 Times a Quarter; 16 Visits Annually"", ""international"": ""N/A""}","The card is available to existing customers with an active Savings, Current, Fixed Deposit (FD), or Loan Account. Only Indian residents can apply for the card. The cardholder must be between 21 and 65 years old. Since the card is issued to existing account holders, no additional documents are required for the application.",Up to 2% Per Month (24% Annually),3%,"1% | 5% or ₹500, Whichever is Higher | N/A",The card offered does not have a joining fee. Allows users to earn a flat 1.25% cashback on eligible spends The annual fee is waived if a target of ₹5 lakh spending was achieved in the last year,"[""The card is a First-Year Free product from the bank."", ""The card has upto four complimentary domestic lounge access per quarter."", ""Renewal fee is waived on spending ₹5 lakh in the last year.""]","[""No international airport lounge access."", ""No accelerated rewards program."", ""No travel, golf, or any other lifestyle perks are offered.""]",,cardinsider.com,https://cardinsider.com/utkarsh-small-finance-bank/rhodium-credit-card/
Utkarsh Small Finance Bank SmartGen Credit Card,Utkarsh Small Finance Bank,Best Utkarsh Small Finance Bank,,"[""Best Utkarsh Small Finance Bank"", ""Best Utkarsh Small Finance Bank Credit Cards""]",N/A,₹199 + GST,"Renewal Fee is Waived if ₹50,000 is Spent in the Previous Year",,Cashback,Cashback to be Adjusted Against Upcoming Billing Statement,,,"{""domestic"": ""N/A"", ""international"": ""N/A""}","Since the card is only for existing customers with the bank, there are no additional documents required; however, to be able to get the card, you should be an Indian resident between the ages of 21 and 65 years. You should have either of the following accounts with the bank to qualify as an existing customer – Current Account Savings Account FD Account Loan Account",Up to 3.6% Per Month (43.2% Annual Percentage Rate); 2.5% Per Month (30% annually) Against FD,3%,"1% | 5% or ₹500, Whichever is Higher | N/A","Allows users to earn a flat 1% cashback on eligible spends. The annual fee is waived on spending ₹50,000 in an anniversary year. The card has a low annual fee of ₹199 from the second year onwards.","[""There is no joining fee; the card is a First-Year Free product."", ""The card is also available against a Fixed Deposit.""]","[""No airport lounge access, domestic or international."", ""No accelerated rewards program.""]",,cardinsider.com,https://cardinsider.com/utkarsh-small-finance-bank/smartgen-credit-card/
Utkarsh Small Finance Bank superCard Credit Card,Utkarsh Small Finance Bank,Best Utkarsh Small Finance Bank,RuPay,"[""5 Best Secured/FD-Based Credit Cards In India"", ""Best Fintech Credit Cards in India"", ""Best RuPay Credit Cards for UPI Payments"", ""Best Utkarsh Small Finance Bank"", ""Best Utkarsh Small Finance Bank Credit Cards""]",Lifetime Free,Lifetime Free,N/A,,Cashback,"Cashback on the super.money App, Which Can Be Directly Credited to Your Bank Account",,,"{""domestic"": ""N/A"", ""international"": ""N/A""}","To qualify for the superCard Credit Card, users must create a digital fixed deposit using the super.money app and complete the KYC process. Once these steps are done, they will receive their virtual superCard instantly. Minimum Fixed Deposit Amount ₹90 Maximum Fixed Deposit Amount ₹9 Lakh Cardholders shall receive 90% credit limit of the fixed deposit amount",Up to 3% Monthly (36% Annually),3.50%,"N/A | 5% or ₹25, Whichever is Higher | N/A","This is an FD-backed credit card. Users shall get an instant credit card with 100% approval on making a Fixed Deposit. This card has been launched by super.money and Utkarsh Small Finance Bank. The superCard comes without any joining or annual charges. It is available as lifetime free. With superCard, users receive a flat 1% cashback on all UPI and non-UPI transactions. Additionally, they can earn exclusive cashback on Myntra (5%), Cleartrip (3%), and other purchases (2%) that are non-UPI.","[""1% cashback on all UPI and Non-UPI spends."", ""Earn 6.5% interest on the FD amount."", ""5%, 3%, & 2% cashback on non-UPI spends on Myntra, Cleartrip & Flipkart respectively."", ""This is a great secured credit card for beginners  (in our opinion). Students, freshers, or youngsters in general can opt for this card by simply creating a fixed deposit of a minimum of ₹100. This amount is quite low when compared to secured credit cards offered by other issuers.""]","[""Cashback across all partner platforms like Myntra, Flipkart, and Cleartrip is capped at just ₹500 for each statement cycle.""]",,cardinsider.com,https://cardinsider.com/utkarsh-small-finance-bank/supercard-credit-card/
Utkarsh Small Finance Bank Wish Credit Card,Utkarsh Small Finance Bank,Best Utkarsh Small Finance Bank,,"[""Best Utkarsh Small Finance Bank"", ""Best Utkarsh Small Finance Bank Credit Cards""]",Nil,Nil,N/A,,Reward Points,N/A,,,"{""domestic"": ""N/A"", ""international"": ""N/A""}",,3% Per Month (36% Annually),3.50%,"N/A | 5% or ₹25, Whichever is Higher | N/A","This is a secured credit card. The Wish Credit Card has zero joining and annual charges. This is a co-branded offering by Utkarsh Small Finance and Phone Pe. Earn 200 Reward Points on monthly spends of ₹15,000 or more.","[""For a secured credit card, this card offers a useful reward rate of 3% for bill payments made via PhonePe.""]","[""Except for bill payments, there aren’t any categories that are eligible for accelerated rewards.""]",,cardinsider.com,https://cardinsider.com/utkarsh-small-finance-bank/wish-credit-card/
Klick RuPay Credit Card,Yes Bank,Yes Bank,RuPay,"[""Yes Bank"", ""Yes Bank Credit Cards""]",Nil,Nil,Nil,,Reward Points,N/A,,,"{""domestic"": ""N/A"", ""international"": ""N/A""}","To be eligible for the Klick RuPay Credit Card, applicants need to meet the following criteria. Should be between 18-60 years Resident of India Should have a good credit score Must have a stable source of income",3.8% Monthly,3.50%,1% | Nil | Nil,The Klick RuPay Credit Card is a 100% virtual card. This is a lifetime free credit card. Earn 2 Reward Points/₹200 on non-UPI spends.,[],[],,cardinsider.com,https://cardinsider.com/yes-bank/klick-rupay-credit-card/
YES Bank BYOC Credit Card,Yes Bank,Yes Bank,,"[""Yes Bank"", ""Yes Bank Credit Cards""]",Rs. 49 + GST (Monthly),Rs. 49 + GST (Monthly),NA,,Reward Points,The Reward Points can be redeemed against various options via the YesRewardz portal where 1 Reward Point = up to Re. 0.25.,,,"{""domestic"": ""1 complimentary domestic lounge access every quarter."", ""international"": ""NA""}","The eligibility criteria that need to be fulfilled in order to get approved for the YES Bank BYOC Credit Card are as mentioned below: The age of the applicant should be between 21 years and 60 years. The applicant should either be salaried or self-employed. In the case of salaried individuals, the minimum required income is Rs. 25,000 per month and in the case of self-employed people, the minimum ITR should be Rs. 5 lakhs. The applicant should have a decent credit score.",3.80% per month,3.5% of the total transaction amount,"1% surcharge waiver on fuel transactions between Rs. 400 and Rs. 5,000 | 2.5% of the withdrawn amount subject to a minimum of Rs. 300. | Nil",A fully customizable credit card. Cardholders have an option to choose either cashback or rewards. You get 1% cash back or 8 Reward Points on every spend of Rs. 200. You can choose a cashback plan to earn accelerated cash back on the merchants of your choice. Complimentary airport lounge access. Complimentary rounds of golf every month. 1% fuel surcharge waiver on all fuel transactions.,[],[],,cardinsider.com,https://cardinsider.com/yes-bank/yes-bank-byoc-credit-card/
YES Bank EMI Credit Card,Yes Bank,Yes Bank,,"[""Yes Bank"", ""Yes Bank Credit Cards""]",Rs. 499 + GST,Rs. 499 + GST,The renewal fee of Rs. 499 is waived on spending Rs. 1.2 lakhs or more in the previous anniversary year.,,,The earned cashback is directly credited to the cardholders’ accounts.,,,"{""domestic"": ""N/A"", ""international"": ""N/A""}","You also need to fulfill certain eligibility requirements in order to get approved for the YES Bank’s EMI Credit Card. These eligibility criteria are given below: The age of the applicants should be between 21 years and 60 years. The applicant should either be self-employed or salaried and should fulfill the below-mentioned income requirements: – Self Employed People: at least 5 lakhs per year. – Salaried: at least 25,000 per month. The applicant should have a decent credit score.",3.5% per month,3.5% of the total amount,1% fuel surcharge waiver capped at Rs. 250 per month. | 2.5% of the withdrawn amount or a minimum of Rs. 500 | Nil,3% cash back on selected purchases made using this card. 1% cashback on all other retail transactions Automatic conversion of large transactions into EMIs. Spend-based waiver of the annual membership fee. 1% fuel surcharge waiver. Exciting additional deals on YES Cart.,[],[],,cardinsider.com,https://cardinsider.com/yes-bank/yes-bank-emi-credit-card/
YES Bank RESERV Credit Card,Yes Bank,Yes Bank,,"[""Best Low Interest Credit Cards 2026"", ""Yes Bank"", ""Yes Bank Credit Cards""]","₹2,499 + GST","₹2,499 + GST","The Joining Fee is Waived on Spending Rs. 40,000 Within 30 Days of Card Issuance. and the Renewal Fee is Waived on Annual Spends of Rs. 3 Lakh or More.",,Reward Points,Reward Points Can be Redeemed on the YesRewardz Portal Against Multiple Options,,,"{""domestic"": ""12 Domestic Lounge Visits Every Year (3 Per Quarter) on Spending ₹1 Lakh or More in the Previous Quarter"", ""international"": ""6 Lounge Visits Outside India Each Year""}","The eligibility criteria that need to be fulfilled by the applicants in order to get approved for the YES Bank First Exclusive Credit Card are as follows: Must be a resident of India, Must be between the ages of 21 and 60 years, Should have a minimum monthly income of ₹2 lakh or an annual income of ₹18 lakh or above.",2.99% Per Month (35.88% Annually),2%,"The convenience fee on purchases (between ₹500 and ₹4,000) is waived at all refill stations across India (the maximum benefit under this waiver is capped at ₹500 per month). | 2.5% Or ₹650 (Whichever is Higher) | ₹100 + GST","24 Reward Points for every ₹200 spent on online shopping. 12 Reward Points for every ₹200 spent offline. 6 Reward Points on every spend of ₹200 on select categories like insurance, education, government, and wallet payments.",[],[],,cardinsider.com,https://cardinsider.com/yes-bank/yes-bank-first-exclusive-credit-card/
Yes Bank Marquee Credit Card,Yes Bank,Yes Bank,,"[""Best Credit Cards To Earn Club Vistara Points India"", ""Yes Bank"", ""Yes Bank Credit Cards""]","Rs. 9,999 + GST","Rs. 4,999 + GST",On Spending Rs. 10 Lakh in a Year,,Reward Points,Redeem with Yes Rewardz,,,"{""domestic"": ""6 Free Visits Each Quarter (24 in a Year)"", ""international"": ""Unlimited Lounge Access for Primary & Add-On Cardholders""}",You need to fulfill the following criteria to be eligible for this card. Must be a resident of India. The applicant’s age should be between 21 and 60 years. The minimum monthly income required is ₹3 Lakh or an Income Tax Return of ₹24 Lakh.,2.99% Per Month (35.88% Annually),1% of the Transaction Amount,"1% on Fuel Transactions Between ₹500 and ₹5,000 | 2.5% Or ₹650 (Whichever is Higher) | ₹100 + GST",This is a premium card offered by Yes Bank. This card carries unlimited lounge access for primary and add-on cardholders. BOGO on movies. 36 RPs for online spends of ₹200 and 18 RPs for offline spends.,"[""Since this card offers unlimited lounge access and a lower Foreign Currency Mark-Up of 1%, it is perfect for international travelers."", ""Buy One Get One on movies and discounts on dining make it an attractive choice for youngsters.""]","[""This card has a high joining fee of Rs. 9,999."", ""The welcome benefit seems limited in accordance with the high joining charge.""]",,cardinsider.com,https://cardinsider.com/yes-bank/yes-bank-marquee-credit-card/
Yes Bank RuPay Credit Card,Yes Bank,Yes Bank,RuPay,"[""Yes Bank"", ""Yes Bank Credit Cards""]",Nil,Nil,N/A,,Reward Points,Reward points earned can be redeemed against a host of choices at the Yes Rewardz portal,,,"{""domestic"": ""N/A"", ""international"": ""N/A""}",,3.8% per month or 45.6% per annum,2.75% of the transaction amount,"1% fuel surcharge waiver on spends between Rs. 400 to Rs. 5000, with maximum benefit capped at Rs. 125 per statement cycle | N/A | Rs. 100 per redemption request","Lifetime free credit card without any joining or renewal fee Convenience in making UPI transactions Virtual-Only card without any physical card variant 4 RPs per ₹200 spent on UPI transactions above ₹2,000 2 RPs per ₹200 spent on other online spends A low forex markup fee of 2.75% of the transaction amount",[],[],,cardinsider.com,https://cardinsider.com/yes-bank/yes-bank-rupay-credit-card/
Yes Bank Wellness Credit Card,Yes Bank,Yes Bank,,"[""Yes Bank"", ""Yes Bank Credit Cards""]",₹499 + GST,₹499 + GST,N/A,,Reward Points,Redeem at YES Rewardz Portal,,,"{""domestic"": ""N/A"", ""international"": ""N/A""}",You need to fulfill the below-mentioned eligibility criteria in order to be eligible to apply for YES Bank Wellness Credit Card:,47.88% per annum (3.99% per month),3.50%,"1% fuel surcharge waiver at all fuel stations in India on transactions between INR 400 to INR 5,000 | 2.5% of the transaction amount or Rs. 300, higher of the two. | ₹100 + GST","You get a complimentary preventive health check-up every year. 6 Complimentary fitness sessions every month (Gym, Zumba, Yoga, etc). Get unlimited health benefit offers & Earn Reward Points across multiple categories. Earn 20 Reward Points on every Rs 200/- spent on Chemist/ Pharmaceutical stores You get Credit Shield coverage in the event of the accidental death of the primary cardholder 1% fuel surcharge waiver across all fuel stations in India",[],[],,cardinsider.com,https://cardinsider.com/yes-bank/yes-bank-wellness-credit-card/
YES Bank Wellness Plus Credit Card,Yes Bank,Yes Bank,,"[""Best Health and Wellness Credit Cards"", ""Yes Bank"", ""Yes Bank Credit Cards""]","Rs. 1,499 + GST","Rs. 1,499 + GST",N/A,,Reward Points,"The reward points are redeemable on Yes Rewardz, 1 RP = Re. 0.25 when redeeming against hotel and flight bookings, and 1 RP = Re. 0.10 for redemption against product catalogue, gift vouchers, etc.",,,"{""domestic"": ""2 Visits Each Quarter on Spends of ₹50,000 or More in the Previous Quarter"", ""international"": ""N/A""}","Please note that this credit card is only available in Ahmedabad, Bangalore, Chandigarh, Chennai, Delhi & NCR, Hyderabad, Jaipur, Kolkata, Mumbai, Pune, Thane, and Navi Mumbai",3.99% Per Month (47.88% Annually),3.5% on all international spends.,"1% fuel surcharge waiver on all fuel transactions above Rs. 400 and below Rs. 5,000. | 2.5% of the Amount Withdrawn ₹500 (Whichever is Higher) | Rs. 100","Get 30 Reward Points for every Rs. 200 you spend on pharmaceutical/chemist stores. Get 6 Reward Points for every Rs. 200 you spend on other purchases. 2 domestic lounge visits each calendar quarter. Every month, you get 12 complimentary fitness sessions. Get complimentary preventive health checkups. Great offers across shopping, wellness, travel, etc.",[],[],,cardinsider.com,https://cardinsider.com/yes-bank/yes-bank-wellness-plus-credit-card/
YES Essence Credit Card,Yes Bank,Yes Bank,,"[""Yes Bank"", ""Yes Bank Credit Cards""]",₹799 + GST,₹799 + GST,"Joining Fee Waiver on Spends of ₹20,000 Within 30 Days of Card Setup. Annual Fee Waiver on Spends of ₹1 Lakh",,Reward Points,Redeem Reward Points for Vouchers and More,,,"{""domestic"": ""1 Complimentary Domestic Lounge Access Every Quarter"", ""international"": ""N/A""}",,3.99% Per Month (47.88% Annually),2.75%,"1% Fuel Surcharge Waiver on Fuel Spends Between ₹400 – ₹5,000 | 2.5% or ₹650 Whichever is Higher | ₹99 + GST","The card offers welcome vouchers worth ₹1,000 on activation. Cardholders can earn bonus YES Rewardz on achieving spending milestones. Users get a Buy 1 Get 1 movie ticket offer once every month on District. The card also provides complimentary domestic lounge access every quarter. A low forex markup fee of 2.75% makes the card suitable for international spends.","[""This card comes at an affordable fee of ₹799 + GST, which feels quite reasonable considering the range of features and benefits it offers.""]","[""The card does not offer complimentary international lounge access, which may disappoint frequent international travelers.""]",,cardinsider.com,https://cardinsider.com/yes-bank/yes-essence-credit-card/
YES First Preferred Credit Card,Yes Bank,Yes Bank,,"[""Yes Bank"", ""Yes Bank Credit Cards""]",Rs. 999 + GST,Rs. 999 + GST,The renewal fee can be waived off on a spend of more than 4 lakhs in the last year.,,Reward Points,"1 Reward Point = Re. 0.25 for redemption against hotel/flight bookings, and 1 Reward Point = Re. 0.10 for redemption against gift vouchers, product catalogue, etc.",,,"{""domestic"": ""2 Free Domestic Lounge Access Every Quarter (8 Each Year)"", ""international"": ""You get 4 complimentary international lounge access every year through the Priority Pass.""}",The following table summarizes the eligibility criteria for the YES First Preferred Credit Card:,3.99% Per Month (47.88% Per Annum),2%,"1% on Fuel Transactions Between ₹500 and ₹5,000 | 2.5% Or ₹650 (Whichever is Higher) | ₹100 + GST","2 complimentary access to domestic lounges every quarter and 4 complimentary access to international lounges in a year. 4 reward points per Rs. 200 spent on Select categories: utilities, groceries, tax payments, insurance sales, etc. 8 reward points per Rs. 200 you spend on every other retail purchase. 16 reward points per Rs. 200 spent on travel and dining spends Foreign markup fee of 2% The renewal fee can be waived off if you spend over Rs. 4 lakhs in the preceding year.",[],[],,cardinsider.com,https://cardinsider.com/yes-bank/yes-first-preferred-credit-card/
YES Elite+ Credit Card,Yes Bank,Yes Bank,,"[""Yes Bank"", ""Yes Bank Credit Cards""]",Rs. 999 + GST,Rs. 999 + GST,"Joining Fee Waiver – Spend ₹20,000 within 30 Days of Card Issuance. Annual Fee Waiver on Spends of ₹2 Lakh or More",,Reward Points,RPs Earned Are Redeemable Through Yes Rewardz (1 RP = Re. 0.25 Against Hotel/Flight Bookings),,,"{""domestic"": ""2 complimentary lounge access per quarter."", ""international"": ""3 Free Visits in a Year""}","When applying for the Yes ELITE+ Credit Card, certain criteria need to be fulfilled by the applicant to be eligible for the card. The details of the same has been mentioned below: To be eligible for the YES ELITE Credit Card, the applicant should be between 21 years & 60 years of age. Applicants can be either self-employed or salaried. The applicant’s income should be a minimum of ₹1 lakhs per month or an Income Tax Return of 9 lakhs or more.",3.99% Per Month (47.88% Annually),2.75% on all foreign currency transactions.,"1% fuel surcharge waiver on fuel transactions between Rs. 400 and Rs. 5,000. | 2.5% or ₹500 (Whichever is Higher) | ₹100 + GST","Get 4 RPs per ₹200 spent on utilities, government services, insurance, education, and rental payments. Get 12 Reward Points per ₹200 spent online. Avail of a discount of 25% on movie tickets through BookMyShow. 3 Complimentary international lounge access per year. 2 complimentary domestic lounge access per quarter. 1 complimentary golf lesson each month. Get your joining & annual fee waived on meeting the spending targets. Low foreign currency markup fee of 2.75%.",[],[],,cardinsider.com,https://cardinsider.com/yes-bank/yes-premia-credit-card/
Yes Private/Private Prime Credit Card,Yes Bank,Yes Bank,Mastercard,"[""Best Credit Cards with Concierge Services"", ""Best Low Interest Credit Cards 2026"", ""Yes Bank"", ""Yes Bank Credit Cards""]","Rs. 50,000 + GST for Yes Private and Rs. 20,000 + GST for Yes Prime","Rs. 10,000 + GST","Renewal fee waived off on spends of Rs. 25,00,000 (for Yes Private Credit Card) or Rs. 20,00,000 (for Yes Private Prime Credit Card) in the preceding year",,Reward Points,Reward Points can be redeemed on the YesRewardz portal for flight/hotel/movie ticket bookings and against products and vouchers in the bank’s catalogue. (1 Reward Point = Rs. 0.25),,"On achieving the milestone of minimum expenditure of Rs. 10 lakh within the first 90 days of card issuance, you will get 10,000 Reward Points with Yes Private Credit Card.","{""domestic"": ""Unlimited domestic lounge access with MasterCard Lounge Program for primary and add-on cardmembers (guest visits limited to 12 per year)"", ""international"": ""Unlimited international lounge access to primary and add-on cardmembers with Lounge Key (guest visits limited to 12 per year)""}","Both Yes Private and Private Prime Credit Cards are invite-only. To be eligible for Yes Private Credit Cards, you need to fulfill the following conditions: Total Relationship Value of Rs. 5 crores. Minimum liability relationship value of 3 crores (CASA AMB Plus FD).","1.2% per month (14.4% annually) for Yes Bank savings/salary account holders, 1.75% per month (or 21% annually) for others.",0.50%,"The convenience fee on transactions (between Rs. 400 and Rs. 5,000) is waived at all refill stations across India (the maximum waived amount is capped at Rs. 1,000 per month). | Nil | Nil","Welcome gift of 25,000 Reward Points on the first transaction on Yes Private Credit Card. Milestone benefit of 10,000 Reward Points on total spends of Rs. 10 lakh in the first 90 days of card issuance. 40 Reward Points per Rs. 200 on international spends. 20 Reward Points per Rs. 200 on domestic spends. A lower interest rate of 1.2% p.m (for Yes Bank account holders) and 1.75% for others. Lower mark-up fee of 0.50% on all foreign currency transactions. Unlimited domestic lounge visits for primary and add-on cardholders (10 complimentary guest visits per year). Complimentary Lounge Key membership is available for both primary and add-on card members. Many other travel benefits include a cruise program, car rentals, vacation packages, Oberoi gift vouchers, etc. Air travel-related insurance benefits, including accidental death coverage, are worth Rs. 5 crores. Credit Shield cover worth Rs. 15 lakh in case of accidental death of the primary cardholder. Golf benefits include 12 rounds of complimentary green fees for a year (maximum of 3 rounds per calendar quarter). 12 complimentary golf lessons every year with a max cap of 3 lessons per calendar quarter. Complimentary wellness and medical benefits. Fuel surcharge waived off at all fuel stations across India for transactions between Rs. 500 and Rs. 4,000.",[],[],,cardinsider.com,https://cardinsider.com/yes-bank/yes-private-credit-card/
YES Prosperity Cashback Plus Credit Card,Yes Bank,Yes Bank,,"[""Yes Bank"", ""Yes Bank Credit Cards""]","Rs. 1,499 + GST","Rs. 1,499 + GST",N/A,,,N/A,,,"{""domestic"": ""N/A"", ""international"": ""N/A""}","The basic eligibility criteria that need to be fulfilled by the applicants in order to get approved for the Prosperity Cashback Plus Credit Card are as follows. However, other than this, the bank might have some internal criteria as well. The age of the applicant should be between 21 years & 60 years. You should be either salaried or self-employed to be eligible for this card. Minimum monthly salary of Rs. 35,000 (for salaried individuals) or an Income Tax return of Rs. 5 lakhs or more (for self-employed people).",3.5% per month,3.4% on all foreign currency spends,"1% fuel surcharge is waived off for all transactions between Rs. 400 & Rs. 5,000. | 2.5% of the withdrawn amount or Rs. 300 (whichever is higher). | Rs. 100 on every redemption request","You get a 0.75% cashback on all retail spending. Get a 5% cashback on all your spending on groceries and movie ticket bookings. Get a 5% cashback on utility bill payments through YES PayNow. Get Rs. 250 cashback on spending Rs. 2500 within the first 30 days.Exciting offers on travel, shopping, dining, wellness, etc through Yes Privileges.","[""Joining Fee Rs. 1,499 + GST"", ""Annual Fee Rs. 1,499 + GST"", ""Best Suited For Shopping"", ""Reward Type""]",[],,cardinsider.com,https://cardinsider.com/yes-bank/yes-prosperity-cashback-plus-credit-card/
YES Select Credit Card,Yes Bank,Yes Bank,,"[""Yes Bank"", ""Yes Bank Credit Cards""]",₹599 + GST,₹599 + GST,"Joining fee waiver on spending ₹10,000 or more within 30 days after receiving the card, and the renewal fee is waived off on a spend of ₹1 lakh or more in the previous year.",,Reward Points,"Reward Points redeemable for movie ticket bookings on YES Rewardz portal at a rate of 1 Reward Point = Re. 0.25 for redemption against hotel/flight bookings, and 1 Reward Point = Re. 0.10 for redemption against gift vouchers, product catalogue, etc.",,,"{""domestic"": ""1 Free Visit Each Quarter"", ""international"": ""N/A""}",,3.99% Per Month,2.75% on all foreign currency spends,"1% fuel surcharge waiver at all the fuel stations in India for all the transactions between Rs. 400 and Rs. 5,000. | 3.5% of the amount withdrawn | ₹100 + GST","8 Reward Points on every ₹200 spent online. 2 Reward Points on every ₹200 spent on other categories, such as insurance. The joining fee is waived for retail spend of over ₹10,000 within 30 days of receiving the card. The renewal fee is waived on spending over ₹1 lakh on retail purchases in the previous year.",[],[],,cardinsider.com,https://cardinsider.com/yes-bank/yes-prosperity-edge-credit-card/
YES Prosperity Rewards Credit Card,Yes Bank,Yes Bank,,"[""Yes Bank"", ""Yes Bank Credit Cards""]",₹499 + GST,₹499 + GST,"Joining Fee Waiver on Spend of ₹10,000 Within the First 30 Days of Card Issuance. On Annual Spends of ₹1 Lakh, Get the Annual Fee Waiver",,,Redeem Your Reward Points at YESREWARDZ,,"With the YES BANK Prosperity reward credit card, you can earn 10,000 reward points on annual spending of ₹1,80,000 or more in the anniversary year.","{""domestic"": ""NA"", ""international"": ""NA""}",,3.8% per month,3.40%,1% surcharge waiver on fuel transactions across all fuel stations for transactions between Rs 400 to Rs 5000 | 2.5% of the transaction amount subject to a minimum charge of Rs 300. | ₹100,Annual fee of ₹499 plus applicable taxes 2 Reward Points for every ₹200 spent on all categories other than select categories 1 Reward Point for every ₹200 on Select categories 4 Reward Points for every ₹200 spent on dining and travel Annual fee waiver on annual spending of ₹1 lakh 1% surcharge waiver on fuel transactions across all fuel stations,"[""Joining Fee ₹499 + GST"", ""Annual Fee ₹499 + GST"", ""Best Suited For Shopping"", ""Reward Type""]",[],,cardinsider.com,https://cardinsider.com/yes-bank/yes-prosperity-rewards-credit-card/
YES ACE Credit Card,Yes Bank,Yes Bank,,"[""Yes Bank"", ""Yes Bank Credit Cards""]",₹499 + GST,₹499 + GST,"Annual Charges Waived on Spends of ₹50,000 or More",,Reward Points,The reward points can be redeemed against a variety of products and vouchers available on the website.,,,"{""domestic"": ""N/A"", ""international"": ""N/A""}","Here are some of the criteria that need to be met for the successful application of the YES Prosperity Rewards Plus Credit Card- The applicant should be between the ages of 21 and 60 years. Applicant should be either self-employed or salaried. The minimum net salary to be eligible for this card is ₹25,000 per month or an Income Tax Return of ₹7.5 lakhs or above.",3.99% Per Month (47.88% Annually),2.75% of the transaction amount,"The 1% fuel surcharge is waived at all fuel stations in India for a minimum transaction of ₹400 & a maximum transaction of ₹5,000. You can get a maximum benefit of ₹125 in a month through the fuel surcharge waiver. | 2.5% or ₹500 (Whichever is Higher) | Rs. 100 on every redemption request.","For every ₹200 spent on online purchases, you will get 8 Reward Points. 4 Reward Points on every ₹200 spent offline. 2 Reward Points per ₹200 spent on select categories like rent, insurance, etc. Spend-based waiver of joining and renewal fee. You can avail of great offers on dining, shopping, travel, wellness, etc.","[""Low joining fee of ₹499."", ""Waiver of joining and renewal fees on reaching milestone benefits.""]","[""No international or domestic lounge access is provided with this card."", ""You won’t get any movie benefits along with this card.""]",,cardinsider.com,https://cardinsider.com/yes-bank/yes-prosperity-rewards-plus-credit-card/
Zomato Edition Classic Credit Card,RBL Bank,Best RBL Bank,Mastercard,"[""Best RBL Bank"", ""Best RBL Bank Credit Cards""]",Rs. 500 + GST,Rs. 500 + GST,N/A,,Reward Points,Edition Cash is redeemable for food purchases on Zomato or against the statement balance. 1 Edition Cash = Re. 1.,,"You get 2,000 Edition Cash on spending Rs. 2,00,000 in an anniversary year (the anniversary year is the year starting from the date of issuance/renewal of the card).","{""domestic"": ""N/A"", ""international"": ""N/A""}",,3.99% per month (or 47.88% annually),Up to 3.5% (plus applicable taxes),"1% fuel surcharge levied on all fuel purchases, subject to a minimum charge of Rs. 10 (fuel surcharge waived for select cardholders for transactions between Rs. 500 & Rs. 4,000) | 2.5% of the withdrawn amount (minimum charge of Rs. 500) | Nil","500 Edition Cash as a welcome benefit. Complimentary Annual Zomato Pro membership which renews every time your card membership is renewed. Reward Points as Edition Cash redeemable on Zomato app/website or against the card’s statement balance. 5 Edition Cash per Rs. 100 spent on Zomato app/website and Blinkit. 1 Edition Cash on all other spends of Rs. 100. 2,000 bonus Edition Cash annually on achieving the milestone spend.",[],[],,cardinsider.com,https://cardinsider.com/rbl-bank/zomato-edition-classic-credit-card/
Aditya Birla SBI Card SELECT,SBI Card,Best SBI,Visa,"[""Best SBI"", ""Best SBI Credit Cards""]","Rs. 1,499 + GST","Rs. 1,499 + GST",N/A,,Reward Points,"Reward Points can be redeemed for gift vouchers on SBI card website or SBI mobile app or for against card’s outstanding balance, 1 RP = Rs. 0.25",,"Earn 3,000 RPs if you spend Rs. 1.5 Lakh or more in each anniversary year. Get additional 3,000 reward points if you spend 3 lakh or more in a year.","{""domestic"": ""4 complimentary access to Domestic Airport Lounges"", ""international"": ""N/A""}",,3.5% per month (42% per annum),3.5% on the conversion amount,1% surcharge waiver on fuel transactions at all fuel stations across India | 2.5% on the transaction amount subject to a minimum charge of Rs 500 | Rs 99 per redemption request,"6000 Rewards Points on card activation. 20X Reward Points for every Rs 100 you spent on Aditya Birla Stores. 10X Reward Points for every Rs. 100 you spend on Entertainment, Dining, and Hotels. 2X Reward Points per Rs. 200 spent on other categories. 1% fuel surcharge waiver. 4 complimentary Domestic Airport Lounges access. 3000 Rewards Points on spending Rs 1.5 Lakh. Additional 3000 Rewards Points on spending Rs 3 Lakh.",[],[],,cardinsider.com,https://cardinsider.com/sbi-card/aditya-birla-sbi-card-select/
Aditya Birla SBI Credit Card,SBI Card,Best SBI,,"[""Best SBI"", ""Best SBI Credit Cards""]",Rs. 499 + GST,"of Rs. 499 which is much lower than the SELECT card. The Aditya Birla SBI Card great offers reward points for every transaction done at Aditya Birla Stores, also across Dining, Entertainment, Hotels, and much more. The card also offers many other benefits like milestones benefits where you can get up to 4,000 reward points based on your spending. Also, the card welcomes you with 2,000 Reward Points. To know more about the card, keep reading the following review on the card: Aditya Birla SBI Credit Card ( 4.1 / 5 ) Discontinued",N/A,,Reward Points,"You can redeem the RP’s on sbicard.com or can be used for paying outstanding balance of the credit card, 1 Reward Point = Rs. 0.25",,"On achieving spends of Rs. 1 Lakh or more in an annual year, you will get 2,000 Reward Points. Additional 2,000 Reward Points will be credited to your account if the spends exceed Rs. 1.5 Lakhs in a year.","{""domestic"": ""N/A"", ""international"": ""N/A""}",,3.5% per month (42% per annum),3.5% on the conversion amount,1% surcharge waiver on fuel transactions at all fuel stations across India | 2.5% on the transaction amount subject to a minimum charge of Rs 500 | Rs. 99 per redemption request,"As a welcome benefit, you will get 2,000 bonus Rewards Points. On every Rs. 100 spent on Aditya Birla Stores, you will get 10 Reward Points. 5 Reward Points per Rs. 100 spent on Dining, Entertainment and Hotels. For every Rs. 100 spent on other categories, you will get 1 Reward Point. Surcharge waiver of 1% on all fuel stations in India. 2000 Rewards Points on Annual Spends of Rs 1 Lakh. Additional 2000 Rewards Points on Annual Spends of Rs 1.5 Lakh.",[],[],,cardinsider.com,https://cardinsider.com/sbi-card/aditya-birla-sbi-credit-card/
Air India SBI Platinum Credit Card,SBI Card,Best SBI,,"[""Best SBI"", ""Best SBI Credit Cards""]","Rs. 1,499 + GST","Rs. 1,499 + GST",N/A,,Air Miles,Reward points are convertible into Air India Air Miles. 1 RP = 1 AirMile,,You earn bonus Maharaja Points on reaching the specified spend milestones-,"{""domestic"": ""8 Free Visits Each Year (Maximum 2 Per Quarter)"", ""international"": ""N/A""}",,3.75% Per Month (45% Per Annum),3.5% + GST,"1% fuel surcharge waiver at fuel stations all over India on transactions between Rs. 500 and Rs. 4,000 (capped at Rs. 250). | 2.5% or ₹500 Whichever is Higher | Nil","5,000 Maharaja Points on paying the joining fee as a welcome benefit. 2,000 Maharaja Points as an anniversary gift every year the card membership is renewed. Up to 15,000 bonus RPs every year on reaching the stipulated spend milestones. 5 Maharaja Points per ₹100 on Air India ticket bookings. Get 2 Maharaja Points for every ₹100 spent. 2 complimentary access to domestic airport lounges every quarter. Complimentary lost card liability protection that is worth ₹1 lakh. 1% waiver on fuel surcharge applicable on transactions between ₹500 and ₹4,000 (capped at ₹250).","[""This card is most suited for those who often travel with Air India.""]","[""There are no dining or movie benefits offered with this card.""]",,cardinsider.com,https://cardinsider.com/sbi-card/air-india-sbi-platinum-credit-card/
Air India SBI Signature Credit Card,SBI Card,Best SBI,Visa,"[""Best SBI"", ""Best SBI Credit Cards""]","Rs. 4,999 + GST","Rs. 4,999 + GST",N/A,,Air Miles,The reward points that the cardholders earn can be converted into Air India Air Miles. 1 Reward point = 1 AirMile,,"You get 5,000 bonus Maharaja Points every year as an anniversary gift. Up to 1 lakh bonus Maharaja Points every year on achieving the stipulated spending milestones as under-","{""domestic"": ""Complimentary visits to domestic lounges, up to 8 times a year."", ""international"": ""N/A""}",,3.75% Per Month (45% Annually),3.5% of the amount transacted,"Fuel surcharge waiver of 1% on fuel transactions between Rs. 500 and Rs. 4,000. | 2.5% or Rs. 500 (whichever is higher) | ₹99 + GST","You will get a welcome benefit of 20,000 Reward Points once you have paid the joining fee for the credit card. Complimentary membership of the Air India Frequent Flyer program- Flying Returns. Anniversary gift of 5,000 Reward points every year Up to 1,00,000 bonus reward points annually on achieving the pre-defined spends. For every Rs. 100 spent on retail purchases, you will get 4 reward points. 10 reward points for every Rs. 100 spent on booking Air India tickets. Complimentary Priority Pass membership (lounge visits chargeable). Complimentary access to domestic airport lounges through the Visa lounge access program.",[],[],,cardinsider.com,https://cardinsider.com/sbi-card/air-india-sbi-signature-credit-card/
Apollo SBI Credit Card,SBI Card,Best SBI,,"[""Best SBI"", ""Best SBI Credit Cards""]",Rs. 499 + GST,Rs. 499 + GST,Waiver of renewal fee on the spending of Rs. 1 Lakh or more in the previous year.,,Reward Points,They can only be redeemed to avail services at Apollo Healthcare Centers and related stores.,,,"{""domestic"": ""N/A"", ""international"": ""N/A""}","Only Indian residents can apply for this card. Both salaried and self-employed individuals, above the age of 18 years can apply for this credit card. The add-on cardholder should at least be 18 years of age to get this card. The cardholder should have a stable source of income. The cardholder must have a good credit score to be eligible for this credit card.",3.5% per month (or 42% annually),3.5% on all international transactions,"1% at all fuel stations in India. Surcharge amount is capped at Rs. 100 in a month. | 2.5% of the amount or Rs. 500, higher of the two | Rs. 99","3x Reward Points while spending on Apollo services. 2x Reward Points while spending on movies, dining, and entertainment. 10% Instant Discount at Select Apollo Services. Complimentary Apollo Gold Tier Membership. 1% fuel surcharge waiver at all fuel stations.",[],[],,cardinsider.com,https://cardinsider.com/sbi-card/apollo-sbi-credit-card/
Apollo SBI SELECT Credit Card,SBI Card,Best SBI,"Mastercard, RuPay","[""Best Health and Wellness Credit Cards"", ""Best SBI"", ""Best SBI Credit Cards""]","₹1,499 + GST","₹1,499 + GST",Annual Charges Reversed on Spending of ₹3 Lakh or More,,Reward Points,1 RP = 1 Health Credit (Equivalent to ₹1),,"Receive a complimentary comprehensive health check-up package worth ₹1,999 on spending ₹50,000 within 90 days of joining . Once qualified for the offer, cardholders will receive a link to book the diagnostic test via SMS and/or email sent to their registered contact details. Spend ₹50,000 within 90 days of your card anniversary each year to get a complimentary comprehensive health check-up package worth ₹1,999 . Get an annual fee of ₹1,499 reversed by spending ₹3 lakh in the previous membership year. Enjoy a complimentary Noise Smartwatch worth ₹7,999 with an annual spending of ₹6 lakh .","{""domestic"": ""4 Free Visits Each Year (Maximum One Every Quarter)"", ""international"": ""N/A""}",,3.75% Per Month (45% Annually),3.50%,"1% Waiver on Fuel Transactions Between ₹500 and ₹4,000 | 2.5% or ₹500 (Whichever is Higher) | N/A",Apollo Select is a sub-premium health credit card. It is a co-branded offering by SBI Card and Apollo 24/7. This card is available on the RuPay and Mastercard networks. Cardholders can avail of four free domestic airport lounge visits with the card. Complimentary two-year Priority Pass membership.,"[""With plenty of spend-based and milestone benefits, this credit card is extremely useful for those with high medical expenses.""]","[""Although Priority Pass membership is included, no free international lounge visits are offered with the card."", ""Reward Points earned with the card can only be converted to Apollo Health Credits. There is no option for cash redemption.""]",,cardinsider.com,https://cardinsider.com/sbi-card/apollo-sbi-select-credit-card/
BPCL SBI Octane Credit Card,SBI Card,Best SBI,,"[""Best Co-Branded Credit Cards"", ""Best Fuel Credit Cards in India"", ""Best SBI"", ""Best SBI Credit Cards"", ""Top 20 Best Credit Cards in India 2026""]","Rs. 1,499 + GST","Rs. 1,499 + GST",Next year’s renewal fee waived on annual expenditure of Rs. 2 lakh.,,Reward Points,"Redeem RPs for Fuel at BPCL Stations, Against Statement, or for Products and Vouchers With SBI",,"Get a voucher worth ₹2,000 from popular brands like Bata, Yatra, Hush Puppies, or Aditya Fashion on annual spends of ₹3 lakh. How to Redeem the Voucher? You will receive an SMS with e-voucher options within 20 days of eligible spending. Once you choose an option, the e-voucher will be sent to your registered mobile number or email ID within 5 working days. Please note that the Aditya Birla Fashion voucher can only be redeemed at the following brand stores: Louis Philippe, Van Heusen, Allen Solly, Peter England, Planet Fashion, and Simon Carter. The annual renewal fee for the next year is also waived on a yearly expenditure of ₹2,00,000.","{""domestic"": ""4 complimentary access to domestic lounges every year (1 per quarter)."", ""international"": ""N/A""}","The BPCL SBI Octane card does not have any fixed eligibility criteria. The following are the basic criteria that one needs to fulfill to get an SBI Card: The applicant should be above 18 years of age. The applicant should have a stable income above ₹30,000 per month. The applicant should have a good credit history/score above 750.",3.75% Per Month (45% Per Annum),3.5% of the transaction amount,"Get a 1% waiver on the fuel surcharge for fuel transactions made up to ₹4,000 at all petrol pumps across India. Note that the maximum waiver of ₹100 can be availed in a month. This alone is equivalent to ₹1,200 in annual savings . | 2.5% of the withdrawn amount (subject to a minimum charge of Rs. 500) | Rs. 99 (plus applicable taxes) per redemption request.","Get 6,000 Bonus RPs on the realization of the annual membership fee as a welcome benefit. 25 reward points on spending Rs. 100 for fuel purchases at BPCL refill stations (maximum 2,500 reward points per month). 10 reward points per Rs. 100 spent on groceries, departmental stores and movie ticket purchases (maximum 7,500 reward points per month). 1 reward point per Rs. 100 you spend on other retail purchases, except mobile wallet uploads and expenditures on non-BPCL fuel stations. 1% fuel surcharge waived on all petrol transactions up to Rs. 4,000. 4 complimentary access to domestic lounges annualy (1 per quarter). Gift Vouchers worth Rs 2,000 from Aditya Birla Fashion or Yatra or Urban Ladder or Hush Puppies or Bata on annual expenditure of Rs. 3,00,000 or above. Renewal fee waived off if Rs. 2,00,000 were spent in the last year. Complimentary Fraud Liability cover of Rs. 1 Lakh","[""Welcome benefit of 6,000 Reward Points worth Rs 1500"", ""Enjoy 10 Reward Points on spend of Rs. 100 at dining, movies and departmental stores.""]","[""There is a reward redemption fee of Rs. 99."", ""No insurance benefits are included with this account.""]",,cardinsider.com,https://cardinsider.com/sbi-card/bpcl-sbi-card-octane/
BPCL SBI Credit Card,SBI Card,Best SBI,,"[""Best Fuel Credit Cards in India"", ""Best SBI"", ""Best SBI Credit Cards""]",₹499 + GST,₹499 + GST,Annual Fee Reversal on Spends of ₹1 Lakh in a Year,,Reward Points,Redeem Reward Points for Free Fuel at BPCL Stations. 1 Reward Point = ₹0.25,,The renewal fee of ₹499 for this credit card can be reversed if the cardholder is able to spend ₹1 lakh or more using his credit card in an anniversary year.,"{""domestic"": ""N/A"", ""international"": ""N/A""}",,3.75% Per Month (45% Per Annum),3.50%,"1% fuel surcharge waived off at all fuel stations across India for transactions up to Rs. 4,000 (max waiver capped at Rs. 100 per month) | 2.5% or ₹500 Whichever is Higher | ₹99 + GST","2,000 Activation Bonus Reward Points worth ₹500 on payment of the joining fee. 1 Reward Point per ₹100 spent with the card on non-fuel transactions. 5X Reward Points on departmental stores, groceries, dining, and movie spends (Up to 5000 Reward Points per month) 13X Reward Points on fuel spends at BPCL filling stations. (Maximum 1300 Reward Points per billing cycle) 1% fuel surcharge waived off at all filling stations across India for transactions up to ₹4,000 (max waiver capped at ₹100 per month). Annual renewal fee waived off on expenditure of ₹1 lakh in the preceding year.","[""This card offers great reward points on fuel transactions at BPCL petrol pumps in India."", ""BPCL SBI Credit Card can be availed at a low joining cost of Rs. 499.""]","[""This card doesn’t offer any domestic or international lounge access."", ""There are no insurance benefits provided with the BPCL SBI Credit Card.""]",,cardinsider.com,https://cardinsider.com/sbi-card/bpcl-sbi-credit-card/
Cashback SBI Credit Card,SBI Card,Best SBI,,"[""Best Cashback Credit Cards in India"", ""Best Online Shopping Credit Cards India"", ""Best SBI"", ""Best SBI Credit Cards"", ""Top 20 Best Credit Cards in India 2026""]",₹999 + GST,₹999 + GST,"The annual fee can be waived on spending Rs. 2,00,000 or more in the previous year.",,Cashback,Cashback Earned on the Card is Automatically Credited to the Cardholder’s Statement in The Following Month,,,"{""domestic"": ""N/A"", ""international"": ""N/A""}",,3.75% per month (45% per annum),3.5% + GST,"1% fuel surcharge waiver for transactions between Rs. 500 and Rs. 3,000 at petrol pumps across India. (waiver capped at Rs. 100 per statement) | 2.5% of the amount withdrawn or a minimum charge of Rs. 500. | N/A","Get 5% cashback on every online transaction (maximum ₹2,000 cashback per month). 1% cash back on every offline transaction. Spend-based annual fee waiver. 1% fuel surcharge waiver capped at ₹100 per month.","[""Decent 5% cashback on online and 1% cashback on offline spends."", ""The monthly cashback cap of ₹5,000 is high when compared to other cashback cards."", ""Great for online spending, as most cashback cards don’t offer 5% back and have lower rewards.""]","[""Several categories are excluded from 1% cashback."", ""It can be hard to reach the spend-based waiver, as many major spend categories don’t accrue cashback."", ""During online sales, you do not get an instant discount on the cashback card.""]",,cardinsider.com,https://cardinsider.com/sbi-card/cashback-sbi-credit-card/
Club Vistara SBI Card PRIME,SBI Card,Best SBI,Mastercard,"[""Best Credit Cards To Earn Club Vistara Points India"", ""Best Credit Cards in India Providing Club Vistara Membership"", ""Best SBI"", ""Best SBI Credit Cards""]","Rs. 2,999 + GST","Rs. 2,999 + GST",None,,Air Miles,"Club Vistara Points can be redeemed for booking award flights, class upgrades, or against any seat reservation under the Vistara Cash + Points program (1 CV Point = Rs. 0.2)",,"3,000 bonus CV points on the expenditure of  Rs. 75,000 in the first 90 days of issuance of the card. These points are credited to the Club Vistara account within 15 working days of reaching the spends threshold. 1 Premium Economy Class ticket each on the annual expenditure of Rs. 1..5 lakh, Rs. 3 lakh, Rs. 4.5 lakh and Rs. 8 lakh. 1 hotel e-voucher from Yatra worth Rs. 10,000 on annual spends of Rs. 8 lakh.","{""domestic"": ""8 complimentary access to domestic lounges (2 per quarter)"", ""international"": ""4 complimentary visits per year (max 2 per quarter) with Priority Pass membership.""}","SBI Cards has not defined any exact eligibility measures for the Club Vistara PRIME credit card. However, SBI does maintain a portal called Simplyfier where you can check the best-suited SBI credit card for you. Following are the basic eligibility criteria that must be aware of: The applicant’s age should be a minimum of 18 years. The applicant should either be self-employed or salaried and have a stable income. The applicant should maintain a decent credit history.",3.5% per month (42% per annum),3.5% (plus applicable taxes),"1% fuel surcharge applicable, subject to a minimum amount of Rs. 10. | 2.5% of the withdrawn amount (subject to a minimum charge of Rs. 500) | Nil","1 Premium Economy Class ticket as a welcome gift upon payment of Annual / Renewal fee. 4 Club Vistara Points per Rs. 200 spent using the card (applicable on all spends including fuel purchases). 3,000 CV points on spending Rs. 75,000 in the first 90 days of card activation. 1 Premium Economy class ticket each on annual spends of Rs. 1.5 lakhs, Rs. 3 lakhs, Rs. 4.5 lakhs & Rs. 8 lakhs. 1 Hotel e-voucher from Yatra (worth Rs. 10,000) if you spend Rs. 8 Lakh in a year. Insurance cover for up to 6 Air Vistara flight cancellations per year, each limited to Rs. 3,500 and many other travel-related insurance benefits. 8 domestic lounge access annually (max 2 per quarter). Priority Pass membership with 4 complimentary lounge access (limited to 2 visits/quarter).",[],[],,cardinsider.com,https://cardinsider.com/sbi-card/club-vistara-sbi-card-prime/
Club Vistara SBI Credit Card,SBI Card,Best SBI,,"[""Best Credit Cards To Earn Club Vistara Points India"", ""Best SBI"", ""Best SBI Credit Cards""]","Rs. 1,499 + GST","Rs. 1,499 + GST",None,,Air Miles,Reward Points directly transferred to Club Vistara account.  You can redeem the accumulated CV Points for flights on Air Vistara and partner airlines.,,"1000 Bonus Club Vistara Points on spending ₹50,000 within the ninety days of card set-up. These Club Vistara Points will be credited to the Club Vistara membership account within 15 working days. 1 complimentary economy class air ticket on each annual spending of Rs 1.5 lakhs, 2.5 lakhs and 5 lakhs. 1 hotel e-gift voucher that is worth ₹5,000 from Yatra on an annual expenditure of ₹5 lakhs.","{""domestic"": ""4 complimentary access to domestic lounges annually (max 1 visit every quarter)"", ""international"": ""Complimentary Priority Pass Membership""}",,3.50% per month (42% per annum),3.5% on the transaction amount,Nil | 2.5% of amount withdrawn (minimum charge of Rs 500/-) | Nil,"Welcome benefits include 1 complimentary economy-class air ticket as an e-gift voucher. 1,000 Bonus Club Vistara Points if you spend Rs. 50,000 within 90 days of card activation. Yatra E-voucher worth Rs. 5,000 if you spend Rs. 5 lakh annually. You spend 3 Club Vistara Points per Rs 200 on every transaction. Get 1 complimentary economy class air ticket on each annual spending of Rs 1.5 lakh, 2.5 lakh, 5 lakh. 4 complimentary access to domestic lounges annually. Complimentary membership of the Priority Pass lounge access program.",[],[],,cardinsider.com,https://cardinsider.com/sbi-card/club-vistara-sbi-credit-card/
Delhi Metro SBI Credit Card,SBI Card,Best SBI,,"[""Best SBI"", ""Best SBI Credit Cards""]",Rs. 500 + GST,Rs. 500 + GST,"You get a renewal fee waiver of Rs 500 on spending of Rs 1,00,000 in the previous year.",,Reward Points,You can redeem the reward point accumulated on this card can be redeemed against the reward catalogue or statement cash.,"You get 2000 reward points on spending ₹2000 within the first 60 days of the card issuance. Additionally, you get free Metro cash of ₹50 on your Delhi Metro Smart card. You can avail of this offer on payment of the joining fee.",,"{""domestic"": ""N/A"", ""international"": ""N/A""}",,3.5% per month ( 42% per annum),3.5% on the conversion amount,1% surcharge waiver on all fuel transactions at all fuel stations across India | 2.5% on the withdrawal amount subject to minimum amount of Rs 500 | Rs 99 per redemption request,"2000 Reward Points on spending Rs 2000 within the first 60 days 10 RP on every Rs 100 spent on Dining, Movies, Grocery, Departmental stores, and Utility bill payments Auto top-up of Rs 200 on your Delhi Metro Smart card when your balance reaches Rs 100. Renewal fee waiver on annual spending of Rs 1,00,000 in the previous year 1% surcharge waiver on all fuel transactions at all fuel stations across India.",[],[],,cardinsider.com,https://cardinsider.com/sbi-card/delhi-metro-sbi-credit-card/
Doctor’s IMA SBI Card,SBI Card,Best SBI,,"[""Best Health and Wellness Credit Cards"", ""Best SBI"", ""Best SBI Credit Cards""]","₹1,499 + GST","₹1,499 + GST",Renewal Fee is reversed on annual spends of Rs. 2 Lakhs,,Reward Points,Reward points can be redeemed against an array of options from the reward point catalogue. 1 Reward Point = Rs. 0.25,,"Cardholders get an e-Gift Voucher from Yatra/Bata/Shoppers Stop worth ₹5,000 on spending Rs. 5 Lakhs in a year On an annual expenditure of ₹2 Lakhs, the renewal fee will be reversed","{""domestic"": ""4 Free Domestic Lounge Visits Each Year, Maximum 1 Per Quarter"", ""international"": ""4 Free Lounge Visits Each Year, Maximum 2 Per Quarter""}",,3.75% Per Month or 42% Per Year,3.5% + GST,"1% Waiver for Transactions Between ₹400 and ₹5,000 | 2.5 % of the transaction amount or Rs. 500, whichever is lower | ₹99 + GST","An e-Voucher worth Rs. 1,500 from Yatra is given as a Welcome Gift. Earn 5x reward points on international transactions, medical supplies, and travel bookings. Get 5x reward points on all spending on Doctor’s Day Reversal of renewal fee on annual spend of Rs. 2 lakh Professional Indemnity Insurance Cover of Rs. 20 Lakhs can be availed by cardholders Complimentary Domestic Airport Lounge access 4 times a year Complimentary International Airport Lounge access 4 times a year (maximum two visits in a quarter) Get free membership access to the Priority Pass Program worth $99","[""Good rewards for medical and international spending."", ""Insurance cover for doctors is included.""]","[""Normal daily spending gives low rewards."", ""Yearly fee if you don’t meet the spending condition.""]",,cardinsider.com,https://cardinsider.com/sbi-card/doctors-ima-sbi-card/
Etihad Guest SBI Credit Card,SBI Card,Best SBI,,"[""Best SBI"", ""Best SBI Credit Cards""]","Rs. 1,499 + GST","Rs. 1,499 + GST",Annual membership fee waived off (2nd year onwards) on minimum spends of Rs. 3 lakh in the previous year,,Air Miles,"Etihad Guest Miles earned redeemable for booking flights, hotels and renting cars from participating travel partners, and for purchasing products from Etihad Guest website or its travel partner services. Etihad Miles can also be used to pay for purchases made using the credit card.",,"1 companion voucher on achieving the milestone of spends of Rs. 10,00,000. 5,000 Etihad Guest miles on annual spends of Rs. 5 lakh.","{""domestic"": ""8 complimentary access to domestic lounges annually (max 2/quarter)"", ""international"": ""Complimentary Priority Pass membership worth USD 99""}","SBI has not explicitly specified any clear eligibility criteria to apply for the Etihad Guest SBI card. But, they do have a portal, Simplyfier to help you with recommending the best credit card suitable for you.",3.5% per month (or 42% annually),3.5% (plus applicable taxes),"1% fuel surcharge waiver applicable at all fuel stations in India for purchases between Rs. 500 and Rs. 4,000 (max benefit capped at Rs. 250 per payment cycle) | 2.5% of the withdrawn amount (subject to a minimum charge of Rs. 500) | Nil","Welcome benefit of 2,500 Etihad Guest Miles. Complimentary Etihad Guest Silver tier status. 1 free wifi voucher on first Etihad Airways booking. 3 Etihad Guest Miles per Rs. 100 you spend on Etihad. 2 Etihad Guest Miles per Rs. 100 spent on international spends. 1 Etihad Guest Mile for every Rs. 100 on other spends (with a few exceptions). 10% discount on business class ticket bookings directly from Etihad Airways. 3% discount on economy class ticket bookings directly from Etihad Airways. 1 companion voucher on achieving the milestone spends of Rs. 10,00,000. 5,000 Etihad Guest Miles on annual spends of Rs. 5 lakh. Annual membership fee reversal (2nd year onwards) on spending Rs. 3 lakh in the previous year. 8 complimentary domestic lounge access annually (max 2/quarter). Complimentary Priority Pass membership worth USD 99. Personal overseas air accident cover worth Rs. 25 lakh. Complimentary fraud liability insurance cover worth Rs. 50,000. Complimentary insurance against loss of baggage worth USD 1,000. 1% fuel surcharge waiver on transactions between Rs. 500 and Rs. 4,000. Maximum waiver capped at Rs. 250 in a month.",[],[],,cardinsider.com,https://cardinsider.com/sbi-card/etihad-guest-sbi-credit-card/
Etihad Guest SBI Premier Credit Card,SBI Card,Best SBI,,"[""Best SBI"", ""Best SBI Credit Cards""]","Rs. 4,999 + GST","Rs. 4,999 + GST","Next year’s annual membership fee waived on the expenditure of minimum Rs. 5,00,000 in a year.",,Air Miles,"The Etihad Guest Miles earned are redeemable for booking hotels, flights, and renting cars from participating travel partners, and for purchasing products on etihadguest or its travel partner services. Etihad Miles can also be used to pay for purchases made using the credit card.",,"1,500 Etihad Guest Miles on the expenditure of Rs. 1,50,000 in a calendar quarter. 1 Companion Voucher within 15 days of achieving annual spends of Rs. 8,00,000. Membership renewal fee waived if Rs. 5,00,000 or more were spent using the card in the preceding year.","{""domestic"": ""8 domestic lounge access each year with a quarterly cap of 2 visits."", ""international"": ""Complimentary Priority Pass membership worth USD 99 with 4 complimentary lounge access outside India (max 2 per quarter). Visits chargeable at USD 27/visit/guest post this complimentary quota.""}","SBI has not explicitly defined any clear eligibility criteria for the Etihad Guest SBI Premier credit card. Nevertheless, they do have a portal called Simplyfier to find which SBI credit card is reasonably suited for you. The criteria to get approved for the Premier card is as mentioned below: If you are a salaried employee, your age should be between 18 years to 65 years. If you are a self-employed individual, your age should lie between 21 years and 60 years. You should have a stable source of income. You should have a good credit score.",3.5% per month (42% per annum),3.5% (plus applicable taxes),"The 1% fuel surcharge waiver at all fuel stations across India for transactions between Rs. 500 and Rs. 4,000 (capped at Rs. 250 per statement cycle) | 2.5% of the withdrawn amount (subject to a minimum charge of Rs. 500) | Nil","5,000 Etihad Guest Miles, 2 Complimentary Wi-Fi vouchers on the first Etihad Airways booking using the card, and complimentary Etihad Guest Gold Tier Status after the first card transaction as a Welcome Benefit. 6 Etihad Guest Miles per Rs. 100 you spend on Etihad. 4 Etihad Guest Miles for all transactions of Rs. 100 on international spends. 2 Etihad Guest Miles per Rs. 100 spends on all other expenditures (except fuel purchases). Up to 10% discount on direct Etihad Airways bookings. Up to 10% discount on travel rewards and miles redemption. 1,500 Etihad Guest Miles on spends of Rs. 1,50,000 in a calendar quarter. 1 Etihad Companion Voucher on an annual expenditure of Rs. 8,00,000. The annual fee was waived for spending Rs. 5,00,000 in the last year. International lounge visits with Priority Pass and Domestic lounge access with Visa Lounge Program. 1% fuel surcharge waiver.",[],[],,cardinsider.com,https://cardinsider.com/sbi-card/etihad-guest-sbi-premier-credit-card/
FABindia SBI Card SELECT,SBI Card,Best SBI,,"[""Best SBI"", ""Best SBI Credit Cards""]","Rs. 1,499 + GST","Rs. 1,499 + GST",Annual fee waived off on spends of Rs. 2 lakh in the previous year,,Reward Points,Reward Points can be converted into Fabfamily Rewards which can be used for shopping on Fabindia stores. 1 Reward Point = 1 Fabfamily Reward = Re. 1,,"The annual fee of the card is waived off on achieving the milestone of expenditure of a minimum of Rs. 2 lakh in the preceding year. Gift vouchers worth Rs. 1,250 from popular brands on achieving the quarterly milestone of expenditure of Rs. 2 lakh using the card. You can choose the gift voucher from either Aditya Birla Fashion Or Yatra Or Urban Ladder Or Hush Puppies / Bata.","{""domestic"": ""4 complimentary domestic airport lounge access (1 per quarter)"", ""international"": ""Complimentary Priority Pass membership for two years (lounge visits are chargeable)""}","SBI has not explicitly stipulated any eligibility criteria for the card. However, they have a portal called Simplyfier to check which SBI credit card best suits your needs.",3.5% per month (or 42% annually),3.5% of the transaction amount,"1% fuel surcharge waived off for transactions of up to Rs. 3,000 (max waiver of Rs 100 per month) | 2.5% of the transaction amount, subject to a minimum amount of Rs. 500 | Rs. 99 (plus applicable taxes) per redemption request","Fabindia gift voucher worth Rs. 1,500. Platinum tier Fabfamily membership. Gift voucher worth Rs. 1,250 from popular brands on spends of Rs. 2 lakh in a calendar quarter. 10 Reward Points per Rs. 100 spent on Fabindia stores. 3 Reward Points per Rs. 100 spent on dining, movies and entertainment. 2 Reward Points per Rs. 100 on all international spends. 2 Reward Points per Rs. 200 on all other spends. 4 complimentary domestic lounge access (max 1 per quarter). Complimentary membership of the Priority Pass program valid for 24 months. 1% fuel surcharge waived off on transactions of up to Rs. 3,000. Maximum waiver capped at Rs. 100/month. The Reward Points can be converted into Fabfamily rewards which can be used for shopping on Fabindia stores. 1 Reward Point = 1 Fabfamily Reward = Re. 1.",[],[],,cardinsider.com,https://cardinsider.com/sbi-card/fabindia-sbi-card-select/
FABINDIA SBI Credit Card,SBI Card,Best SBI,,"[""Best SBI"", ""Best SBI Credit Cards""]",Rs. 499 + GST,Rs. 499 + GST,Get your renewal fee waived off on a minimum spend of Rs 1 lakh in the previous year.,,Reward Points,The Reward Points can be converted into Fabfamily Rewards and can be redeemed against shopping at a rate of 1 Reward Point = 1 Fabfamily Reward = Re. 1.,,You get gift vouchers worth ₹750 from Aditya Birla Fashion/Yatra/BATA/Hush Puppies on spending ₹1 lakh or more in a quarter.,"{""domestic"": ""N/A"", ""international"": ""N/A""}",,3.5% per month,3.5% on all foreign currency spends,"1% fuel surcharge waiver for all fuel transactions up to Rs. 3,000 | 2.5% of the cash amount withdrawn or Rs. 500 (whichever is higher) | Rs. 99",Get up to 2 Reward Points on every Rs. 100 you spend. 5 Reward Points on every Rs. 100 spent on Fabindia stores. Gift vouchers worth Rs. 500 as a welcome gift. Access to Fabfamily Gold Tier membership. Gift vouchers worth Rs. 750 on achieving the milestone spend. Spend-based renewal fee waiver. 1% fuel surcharge waiver.,[],[],,cardinsider.com,https://cardinsider.com/sbi-card/fabindia-sbi-card/