card_name,issuing_bank,issuing_bank_raw,card_network,categories,joining_fee,annual_fee,fee_waiver_condition,reward_rate,reward_structure,redemption_options,welcome_benefits,milestone_benefits,lounge_access,eligibility,interest_rate_apr,forex_markup,other_charges,key_features,pros,cons,rating,source_site,source_url
Axis Bank Pride Signature Credit Card,Axis Bank,Best Axis Bank,,"[""Best Axis Bank"", ""Best Axis Bank Credit Cards""]",Nil,Rs. 500 + GST,"The renewal fee is waived off on exceeding spends of Rs. 40,000 or more in the preceding year",,Reward Points,EDGE REWARD Points can be redeemed at the EDGE REWARDS Portal. 1 EDGE REWARD Point = Rs. 0.20.,,,"{""domestic"": ""In every calendar quarter, you will get 2 complimentary domestic lounge access."", ""international"": ""N/A""}",The primary cardholder must be an Indian Defence personnel. The age of the primary cardholder must be between 18 and 70 years. Add-on cardholder(s) must be above 18 years of age.,3.75% Per Month (55.55% Annually),3.5% of the forex transactions.,"1% fuel surcharge is waived off on all transactions between Rs. 400 & Rs. 4,000 (max waiver capped at Rs. 400 per month) | 2.5% of the withdrawn amount (subject to a minimum charge of Rs. 500) | Nil","Unique color theme with shades of Indian Tricolor and a fourth dedicated embossing line. 8 EDGE REWARD Points on every spend of Rs. 200 with the card. A discount of 15% at partnered restaurants. Complimentary access to domestic lounges up to 2 times in a quarter. Waiver of renewal fee on annual spends of Rs. 40,000 in the previous year. 1% fuel surcharge reversed for transactions between Rs. 400 and Rs. 4,000 (max waiver of Rs. 400 in a month)","[""The annual charge can be waived if you spend at least ₹40,000 in the card anniversary year.""]","[""While many defense credit cards offer lower interest rates for military personnel, this one does not.""]",,cardinsider.com,https://cardinsider.com/axis-bank/axis-bank-pride-signature-credit-card/
Axis Bank Primus Credit Card,Axis Bank,Best Axis Bank,,"[""Best Axis Bank"", ""Best Axis Bank Credit Cards"", ""Best Credit Cards With Taj Epicure Membership"", ""Top 10 Super Premium Credit Cards in India""]","₹5,00,000 + GST","₹3,00,000 + GST",N/A,,Reward Points,"Redeem EDGE Miles for Product Catalog, Vouchers, and Partner Miles. 1 EDGE Mile = 5 Partner Miles",,"Primus Cardholders’ spending shall be awarded quarterly. One of the most attractive aspects of the milestone benefits offered is that no MCCs are excluded from the calculation of the welcome benefit. This means that spends made on utilities, rental, and fuel shall all be considered. Milestone benefits shall be provided within 45 days from the end of the quarter. If someone spends ₹20 lakh in a quarter, they would earn 20,000 Base EDGE Miles and 15,000 bonus EDGE Miles, totaling 35,000 EDGE Miles. When these Edge Miles are converted to partner miles, cardholders shall receive 1.75 lakh Miles, resulting in an 8.75% return in partner miles.","{""domestic"": ""Unlimited Complimentary Domestic Lounge Access for Primary and Add-On Cardholders. 12 Free Guests Visits Each Year"", ""international"": ""Lounge Access- Unlimited Lounge Access for Primary and Add-On Cardholders With Priority Pass. 12 Complimentary Visits Each Year for Guests""}",,1% Per Month (12.68% Per Annum),Nil,"1% of Transaction Amount (Between ₹400 and ₹10,000) | Nil | Nil","This is a super premium credit card offering by Axis Bank. The Primus Card can be availed at a joining charge of ₹5,00,000 + GST (effectively costing ₹5,90,000). Cardholders shall earn 1 EDGE Mile/₹100 spent on all transactions, whether for rent, shopping, utility, insurance, fuel, or travel. This premium card provides complimentary memberships to Taj Epicure and Bloomberg.","[""Cardholders can earn 1 EDGE Mile for every ₹100 spent on all transactions. This allows them to earn rewards for expenses not traditionally rewarded by credit cards, such as insurance, rent, utility bills, and fuel. Cardholders can use this single card for all payments and expenses."", ""The Primus Card offers a favorable conversion ratio of 1:5 while transferring EDGE Miles to partner miles (1 EDGE Mile = 5 Partner Miles).""]","[""The Primus Card has a high joining fee of ₹5,90,000, including GST, and is only suitable for high-net-worth individuals. Additionally, this card has no spend-based annual fee waiver, so the annual charge will need to be paid."", ""For a card with such a high fee, you only expect the best, so it’s quite surprising that there aren’t any BOGO offers on movie tickets.""]",,cardinsider.com,https://cardinsider.com/axis-bank/axis-bank-primus-credit-card/
Axis Bank Privilege Credit Card,Axis Bank,Best Axis Bank,,"[""Best Axis Bank"", ""Best Axis Bank Credit Cards""]","₹1,500 + GST","₹1,500 + GST",Waiver of Renewal Fee on Spends of ₹5 Lakh or More,,Reward Points,Redeem EDGE Points at 1 EDGE Point = ₹0.20 Against a Variety of Products and Vouchers,,"On spending ₹2.5 lakhs in a card anniversary year, the cardholder shall be eligible for 10,000 EDGE Reward Points worth Rs. 2,000. Transactions made on Utility & Telecom, Rent, Wallet, Government services, Insurance, Gold & Jewellery, Fuel, and Educational services will not count towards the spending threshold for Milestone benefits. Check complete details here .","{""domestic"": ""2 Free Visits Each Quarter on Spends of ₹50,000 or More in the Previous Three Months"", ""international"": ""N/A""}","You need to fulfill the requirements mentioned below in order to apply for this credit card: The applicant needs to be a resident of India. The primary applicant should be of the age between 18 years and 70 years, and the add-on cardholder should be a minimum of 18 years of age. The applicant’s annual income should be more than or equal to Rs. 6 lakhs per annum.",3.75% Per Month (55.55% Per Annum),3.5% + GST,"1% Waiver for Fuel Transactions Between ₹400 and ₹4,000. Maximum Waiver of ₹400 Each Statement Cycle | ₹500 or 2.5% of the Amount Withdrawn (Whichever is Higher) | Nil","You can earn up to 12,500 Edge Rewards as a welcome benefit. You get 10 EDGE Points on every ₹200 you spend. Up to a 25% discount on dining through the Axis Bank Dining Delights up to ₹800. Complimentary domestic lounge access every year. Spend-based renewal fee waiver. Insurance benefits are available across several categories. A 1% fuel surcharge waiver.","[""Those who choose the fee variant will need to pay a fee of ₹1,500 but will receive welcome benefits valued at ₹2,500, greatly benefiting the user and offsetting the charges.""]","[""This card does not offer any international lounge access.""]",,cardinsider.com,https://cardinsider.com/axis-bank/axis-bank-privilege-credit-card/
Axis Bank Reserve Credit Card,Axis Bank,Best Axis Bank,,"[""Best Axis Bank"", ""Best Axis Bank Credit Cards""]","₹50,000 + GST","₹50,000 + GST",Renewal fee waived off on a minimum expenditure of Rs. 35 lacs in the preceding 12 months,,Reward Points,Transfer to Partner Airlines and Hotel Loyalty Programs,,,"{""domestic"": ""Unlimited domestic airport lounge access for both primary and add-on card holders"", ""international"": ""Unlimited international airport lounge access every year with Priority Pass membership.""}",,3% per month (or 42.58% annually),1.5% of the transaction amount,"1% fuel surcharge waived off at all filling stations across India for transactions between Rs. 400 and Rs. 4,000 (max waiver capped at Rs. 400 per month) | Nil | Nil","15,000 bonus Edge Reward Points as a welcome benefit. 15 Edge Reward Points per ₹200 spent with the card. 2X Reward Points on all international spends. Lower mark-up fee of 1.5% of the transaction amount applicable on all foreign currency transactions. Unlimited domestic airport lounge access and international airport lounge access for both primary and add-on cardholders with complimentary Priority Pass membership, with 12 complimentary visits in a year for accompanying guests. Complimentary Club ITC Culinaire membership with multiple benefits at ITC hotels. Complimentary Accorplus membership with multiple benefits at Accor hotels across India. Complimentary Club Marriott Asia Pacific membership with exclusive benefits at participating Marriott hotels in India and Asia Pacific (on weekends only).","[""Being a premium credit card, you get over 50 complimentary golf rounds with this card."", ""Unlimited domestic and international lounge access with the Axis Bank Reserve Credit Card.""]","[""This card comes with a joining fee of Rs 50,000, which may not be affordable for everyone.""]",,cardinsider.com,https://cardinsider.com/axis-bank/axis-bank-reserve-credit-card/
Axis Bank Rewards Credit Card,Axis Bank,Best Axis Bank,,"[""Best Axis Bank"", ""Best Axis Bank Credit Cards"", ""Best Credit Cards for Grocery Shopping in India""]","₹1,000 + GST","₹1,000 + GST",Renewal fee is waived off on spending Rs. 2 Lakhs or more in the card anniversary year,,Reward Points,"Reward Points Can be Redeemed for Vouchers, Products, and More. 1 EDGE Reward Point = ₹0.20","Get 5,000 Edge Reward Points on net spend of ₹1,000 or more within 30 days of getting the credit card. These Reward Points are worth ₹1,000 and are essentially worth the same value as the joining fee. Customers who swap their existing Axis Bank card for the Rewards credit card are not eligible for the welcome benefit.","Get 1,500 Edge Reward Points on spending over ₹30,000 every card statement cycle. EMI transactions, wallet, rent, and cash withdrawal transactions are not eligible for the milestone benefit. Customers who swap their existing Axis Bank card for the Rewards credit card are not eligible for the welcome benefit. Cardholders also get a renewal fee waiver on spending ₹2 Lakhs or more in the card anniversary year.","{""domestic"": ""2 Free Visits Each Quarter (On Spends of ₹50,000 or More in the Last Quarter)"", ""international"": ""N/A""}",Here are the eligibility criteria that an individual must pass before applying for the Rewards credit card – The applicant must be between 18 and 70 years old The applicant must have a stable income source The applicant must be an Indian resident,3.75% Per Month or 55.55% Per Annum,3.50%,"1% Waiver on Fuel Transactions Between ₹400 and ₹5,000. Maximum ₹400 Each Statement Cycle | 2.5% of the Amount Withdrawn or ₹500, Whichever is Higher | Nil",Welcome benefit of 5000 EDGE reward points 2 EDGE reward points on every send of Rs. 125 10x EDGE reward points on every spend of Rs. 125 on departmental and apparel stores Membership benefits worth Rs. 1000 per card anniversary year 30% off on Swiggy orders and 15% off at partner restaurants with the Dining Delights Program 2 complimentary domestic airport lounge access per quarter 1% fuel surcharge waiver with a maximum benefit of Rs. 400 every statement cycle 1 Lakh purchase protection cover and cover for loss of travel documents and baggage,"[""This card is best suited for avid shoppers as it provides 2 Edge Reward Points for every spend of ₹125."", ""You get 5,000 Edge Reward Points as a welcome point within 30 days of card issuance.""]","[""With the Axis Bank Rewards Credit Card, you won’t get access to international lounges at airports."", ""No golf benefits are provided with this card.""]",,cardinsider.com,https://cardinsider.com/axis-bank/axis-bank-rewards-credit-card/
Axis Bank SELECT Credit Card,Axis Bank,Best Axis Bank,,"[""Best Axis Bank"", ""Best Axis Bank Credit Cards"", ""Best Credit Cards for Movie Tickets in India"", ""Best Golf Credit Cards in India""]","₹3,000 + GST","₹3,000 + GST",Renewal Fee Waived on Spends of ₹8 Lakh or More,,Reward Points,EDGE Points are Redeemable for Travel/Shopping Vouchers and More. 1 EDGE Point = ₹0.20,,"5,000 bonus EDGE Points on a minimum annual expenditure of ₹3 lakh. Complete annual fee waiver on spending ₹8 lakh in an anniversary year. Auto-renewal of the complimentary Priority Pass membership on a minimum annual expenditure of ₹3 lakh.","{""domestic"": ""2 Free Visits Each Quarter on Spends of ₹50,000 or More in the Previous 3 Months (Maximum 8 Each Year)"", ""international"": ""12 Complimentary Visits to International Lounges With Priority Pass""}",The following are the eligibility criteria that one needs to fulfill to get approved for the SELECT card by Axis Bank: The primary cardholder must be between 18 and & 70 years of age. Should be a resident of India. The net annual income of the applicant must be ₹6 lakhs or more.,3.75% Monthly (55.55% Annually),3.50%,"1% Waiver for Fuel Transactions Between ₹400 and ₹4,000. Maximum Waiver of ₹400 Each Statement Cycle | 2.5% or a Minimum of ₹500 | Nil","Earn 20 EDGE Points/₹200 on spends up to ₹20,000 cumulatively per month on the card and then earn 10 EDGE Points/₹200 spent after that. Flat ₹500 on a minimum purchase of ₹2,500 on the BigBasket mobile app and website. Get a flat discount of ₹200 on your Swiggy orders when you make a minimum transaction of ₹1,000. 12 complimentary accesses to international airport lounges annually with a Priority Pass membership. 2 complimentary domestic lounge visits (every quarter). Bonus EDGE Points on spending ₹3 lakh in an anniversary year. Renewal fee waiver on spending ₹8 lakh in an anniversary year. 6 complimentary golf rounds every year. Get 6 additional golf rounds on an annual expenditure of ₹3 lakh.","[""You get ₹200 off on Swiggy orders twice a month and even discounts on BigBasket."", ""Complimentary priority pass membership is also included with the Axis Bank Select Card.""]","[""No reward points are earned on fuel transactions."", ""This credit card has a high joining fee of ₹3,000 plus applicable taxes, and as a welcome benefit, this card only offers EDGE Reward Points worth ₹2,000.""]",,cardinsider.com,https://cardinsider.com/axis-bank/axis-bank-select-credit-card/
Axis Bank Shoppers Stop Credit Card,Axis Bank,Best Axis Bank,,"[""Best Axis Bank"", ""Best Axis Bank Credit Cards""]",Nil (Limited Time Offer),₹500 + GST,₹500 is waived off when a cardholder spends ₹1 lakh or more in the previous year.,,Reward Points,The points are redeemable at the Shoppers Stop store (online/ offline) and Homestop,,,"{""domestic"": ""N/A"", ""international"": ""N/A""}","Certain conditions must be fulfilled to be eligible for the Axis Bank Shoppers Stop Credit Card. Must be a resident of India. Must be between 18-70 years of age. Must have a decent credit score. Must have a stable source of monthly income. To complete the application process, the applicant should also provide all the necessary documents, such as ID proof, address proof, and income proof.",3.75% Per Month (or 55% Annually),3.5% (plus tax) of the transaction value,1% fuel surcharge on fuel purchases at all fuel outlets in India | 2.5% (min ₹500) of the cash amount | N/A,"Complimentary ‘Shoppers Stop First Citizen Club Golden Glow’ membership for cardholders. First Citizen points will not expire. 1% fuel surcharge waiver on all fuel transactions between ₹400 and ₹5,000 with a maximum cap of ₹400 per waiver in the statement month. There is a 15% instant discount on EazyDiner up to ₹500 per month for a minimum transaction value of ₹2,500.","[""There is no redemption fee so customers can redeem points without paying any additional fees."", ""Renewal fee waiver on spending of ₹1 lakh or more in the previous year.""]","[""The card does not provide any airport lounge access."", ""The reward points are only limited to Shoppers Stop outlets (online/ offline).""]",,cardinsider.com,https://cardinsider.com/axis-bank/axis-bank-shoppers-stop-credit-card/
Axis Bank Titanium Smart Traveler Credit Card,Axis Bank,Best Axis Bank,,"[""Best Axis Bank"", ""Best Axis Bank Credit Cards""]",₹250 + GST,₹100 + GST,"Joining fee waived off on spending Rs. 2,500 or more within the first 45 days and the renewal fee is waived off on spending Rs. 50,000 or more in the preceding year.",,Reward Points,You can redeem the reward points accumulated on the Product Catalog of the Axis EDGE REWARDS portal. 1 Edge Reward = Re. 0.20.,,,"{""domestic"": ""N/A"", ""international"": ""N/A""}",The age of the applicant should be above 18 years. The applicant must be a resident of India. The applicant must have a valid source of income.,3.4% per month,3.5% on all foreign currency spends,"1% fuel surcharge waiver on all fuel transactions between Rs. 400 & Rs. 4,000. | 2.5% on withdrawal amount subject to minimum charge 0f Rs. 500 | Nil",2 EDGE REWARD Points on every spend of Rs. 200. Earn Up to 4x EDGE REWARD Points on spends of Rs. 200. 15% off on restaurant spends with exclusive partner restaurants in India. 1% fuel surcharge waiver on all fuel transactions across all fuel stations in India. Spend-based joining and annual fee waiver.,[],[],,cardinsider.com,https://cardinsider.com/axis-bank/axis-bank-titanium-smart-traveler-credit-card/
Axis Bank Vistara Credit Card,Axis Bank,Best Axis Bank,,"[""Best Axis Bank"", ""Best Axis Bank Credit Cards"", ""Best Credit Cards To Earn Club Vistara Points India""]","Rs. 1,500 + GST","Rs. 1,500 + GST",None,,Air Miles,Club Vistara Points you earn can be redeemed easily by logging in to the Club Vistara official website,,"On achieving the required spend milestone, you can earn 1,000 bonus CV Points and up to 3 complimentary air tickets every year with your Axis Bank Vistara Credit Card. Refer to the following table for more understanding:","{""domestic"": ""2 complimentary domestic lounge access per quarter"", ""international"": ""None""}","Every credit card has different eligibility criteria that need to be fulfilled by the applicants in order to get approved for that card. The essential eligibility criteria that are required for the Axis Bank Vistara Credit Card are as follows: The applicant’s age should lie between 18 years and 70 years. The applicant should be a resident of India. The applicant should have a net annual income of Rs. 6,00,000 or more.",3.6% per month (52.86% annually),3.5% of the transaction amount,1% fuel surcharge is applicable | 2.5% of the amount withdrawn subject to a minimum of Rs. 500 | Nil,"An economy class ticket voucher as a welcome and renewal gift. Get 2 CV Points on every Rs. 200 you spend with your Axis Bank Vistara Credit Card. 25% off up to Rs. 800 at restaurants with Axis Bank EazyDiner Program. Complimentary airport lounge access. Bonus CV Points for spending Rs. 50,000 within 3 months. Up to 3 complimentary economy class ticket vouchers on achieving the milestone spend. Insurance coverage for loss of documents and delay or loss of check-in baggage. Zero liability protection against lost/stolen card. 1% fuel surcharge waiver.",[],[],,cardinsider.com,https://cardinsider.com/axis-bank/axis-bank-vistara-credit-card/
Axis Bank Vistara Infinite Credit Card,Axis Bank,Best Axis Bank,,"[""Best Axis Bank"", ""Best Axis Bank Credit Cards"", ""Best Credit Cards To Earn Club Vistara Points India"", ""Best Credit Cards in India Providing Club Vistara Membership""]","Rs. 10,000 + GST","Rs. 10,000 + GST",N/A,,Air Miles,"Club Vistara Points can be used for booking award flights, class upgrades, or seat reservation under the Vistara Cash + Points program (1 CV Point = Rs. 0.2)","As a welcome benefit, you get a complimentary Air Vistara business class ticket voucher. Not only that, you get this voucher every time your membership is renewed.",Get milestone benefits either as Club Vistara Points or as a complementary business class ticket along with the Axis Bank Vistara Infinite Credit Card:,"{""domestic"": ""2 Complimentary access to domestic lounges per quarter at select airports across India"", ""international"": ""NA""}",The eligibility criteria for the Vistara Infinite card has been explained below:,3.6% per month (or 52.86% per annum),3.5% (plus applicable taxes),"1% waiver on fuel surcharge for all fuel transactions between Rs. 400 & Rs. 4,000. | 2.5% of the transaction amount subject to a minimum charge of Rs. 500 | Nil","Complimentary Business Class ticket voucher as a welcome benefit. Business Class ticket voucher every time the membership is renewed. Complimentary Club Vistara Gold membership. 6 Club Vistara Points every time you spend Rs. 200. Additional Club Vistara Points and up to 4 Business Class tickets under the milestone benefits. Complimentary access to domestic lounges at select airports in India participating in the Visa Lounges program. Up to 40% discount up to Rs. 1000 at partner restaurants across India as a part of Axis Bank’s EazyDiner program. Purchase protection up to Rs. 1 lakh along with a cover of USD 3,00 in case of loss of travel documents and delay or loss of check-in luggage. 24×7 dedicated concierge service for travel, flight/hotel bookings, dining, shopping, etc.","[""You have the opportunity to play at stunning golf courses in India six times a year, completely free of charge."", ""Enjoy a complimentary business class ticket as a welcome benefit.""]","[""This card provides no international lounge access."", ""The number of domestic lounge access is also minimal to twice a year.""]",,cardinsider.com,https://cardinsider.com/axis-bank/axis-bank-vistara-infinite-credit-card/
Axis Bank Vistara Signature Credit Card,Axis Bank,Best Axis Bank,,"[""Best Axis Bank"", ""Best Axis Bank Credit Cards"", ""Best Credit Cards To Earn Club Vistara Points India"", ""Best Credit Cards in India Providing Club Vistara Membership""]","Rs. 3,000 + GST","Rs. 3,000 + GST",N/A,,Air Miles,"Club Vistara Points can be spent on booking award flights, class upgrades, or against any seat reservation under the Vistara Cash + Points program (1 CV Point = Rs. 0.20)",,"You can earn 3,000 Bonus (Club Vistara) CV Points and up to 4 Premium Economy Class air tickets in a year on achieving the stipulated spends milestones. Refer to the following table to understand this more clearly:","{""domestic"": ""Complimentary access to domestic lounges up to 2 times in a quarter"", ""international"": ""N/A""}",The following table highlights the eligibility criteria that need to be fulfilled in order to apply for Axis Bank Vistara Signature Credit Card-,3.6% per month (52.86% per annum),3.5% of the transaction amount,1% of transaction amount | 2.5% of the amount withdrawn (subject to a minimum charge of Rs. 500) | Nil,"Complimentary Premium Economy Class air ticket voucher as a welcome benefit. Complimentary Club Vistara Silver Membership. 3 Rounds of Golf at some of India’s most premium Golf destinations. Complimentary domestic airport lounge access at select airports across India (max 2 per quarter). 4 Club Vistara (CV) Points for every Rs 200 spent with the Axis Bank Vistara Signature Credit Card. 25% discount up to Rs. 800 at various restaurants across India with Axis Bank’s EazyDiner Program. Comprehensive insurance benefits including purchase protection upto Rs. 1 Lakh, cover for loss of travel documents, loss or delay of check-in baggage. Bonus CV Points and up to 4 Premium Economy tickets on achieving the pre-defined spends.",[],[],,cardinsider.com,https://cardinsider.com/axis-bank/axis-bank-vistara-signature-credit-card/
Axis Bank My Zone Easy Credit Card,Axis Bank,Best Axis Bank,,"[""Best Axis Bank"", ""Best Axis Bank Credit Cards""]",₹500 + GST,₹500 + GST,N/A,,Reward Points,The earned Edge Rewards can be redeemed at the Edge Rewards portal at a rate of 1 RP = Re. 0.20.,,,"{""domestic"": ""N/A"", ""international"": ""N/A""}","The eligibility criteria that need to be fulfilled in order to get approved for the Axis My Zone Easy Credit Card is as follows: You should have a fixed deposit of Rs. 20,000 or more in the Axis Bank. Your age should be above 18 years.",3.75% Per Month (55.55% Yearly),3.5% of the total transaction amount,"1% fuel surcharge waiver on all fuel transactions between Rs. 400 and Rs. 4,000. | 2.5% of the withdrawn amount, subject to a minimum of Rs. 500. | Nil","A secured credit card. 4 Edge Reward Points on every Rs. 200 spent. Up to Rs. 1,000 discount every year on movie tickets. Minimum 15% discount on dining. 1% Fuel surcharge waiver on all fuel transactions. Zero liability protection against lost/stolen card. Withdraw cash up to your credit limit.",[],[],,cardinsider.com,https://cardinsider.com/axis-bank/axis-my-zone-easy-credit-card/
Axis Bank SuperMoney RuPay Credit Card,Axis Bank,Best Axis Bank,RuPay,"[""Best Axis Bank"", ""Best Axis Bank Credit Cards"", ""Best Fintech Credit Cards in India""]",Lifetime Free,Lifetime Free,N/A,,Cashback,Cashback is Credited Against Statement at a 1:1 Ratio,,,"{""domestic"": ""N/A"", ""international"": ""N/A""}",,55.55% Per Annum,3.50%,"1% Waiver for Fuel Transactions Between ₹400 and ₹4,000. Maximum Waiver of ₹400 Each Statement Cycle | 2.5% or ₹500, Whichever is Higher | N/A","Axis Bank super.money RuPay Credit Card is a dedicated card for UPI rewards. This is a co-branded credit card between Axis Bank and super.money, which is a Flipkart backed company. Cardholders will earn 3% cashback on UPI spends and 1% cashback on all other non-UPI online transactions, as well as physical card spends. A free physical card is provided.","[""The Axis super.money Credit Card is a lifetime free offering."", ""1% cashback on all non-UPI spending made with the card.""]","[""There are no lounge access or travel benefits offered with this card."", ""Cashback on super.money UPI spends is restricted and depends on how much cashback you earn from other UPI and non-UPI transactions.""]",,cardinsider.com,https://cardinsider.com/axis-bank/axis-supermoney-rupay-credit-card/
Fibe Axis Bank RuPay Credit Card,Axis Bank,Best Axis Bank,RuPay,"[""Best Axis Bank"", ""Best Axis Bank Credit Cards""]",Nil,Nil,N/A,,Cashback,Direct Cashback,,,"{""domestic"": ""1 Complimentary Domestic Lounge Access Every Quarter"", ""international"": ""N/A""}",You should fulfil the following criteria to be eligible for this credit card. Applicants should be between the ages of 18 and 70 years. Applicant must be a resident of India.,3.6% Per Month (52.86% Yearly),3.5% of the Transaction Amount,1% up to Rs. 400 | 2.5% of the Transaction Amount or a Minimum of Rs. 500 | N/A,This is a lifetime free credit card. You get 4 complimentary domestic lounge access with this card. Earn up to 3% on eligible spends.,"[""Make seamless UPI transactions with this credit card."", ""Enjoy 3% cashback on entertainment, commute and food delivery.""]","[""No welcome benefits are provided with this card."", ""This card offers an introductory cashback on a few categories.""]",,cardinsider.com,https://cardinsider.com/axis-bank/fibe-axis-bank-rupay-credit-card/
Flipkart Axis Bank Credit Card,Axis Bank,Best Axis Bank,,"[""Best Axis Bank"", ""Best Axis Bank Credit Cards"", ""Best Cashback Credit Cards in India"", ""Best Co-Branded Credit Cards"", ""Best Credit Cards for Grocery Shopping in India"", ""Best Online Shopping Credit Cards India"", ""Top 20 Best Credit Cards in India 2026""]",FIRST YEAR FREE (Limited Time Only),₹500 + GST,Annual fee waived on spends of Rs. 3.5 lakhs,,Cashback,N/A,,,"{""domestic"": ""N/A"", ""international"": ""N/A""}","Salaried individuals with a monthly income of ₹15,000 or more and self-employed individuals who earn more than ₹30,000 monthly can easily get the Flipkart Axis Credit Card. You can apply for the Flipkart Axis Bank Credit Card online with CardInsider. All you have to do is follow these simple steps. Click on the “Apply Now” button on your screen, Enter all the necessary details and upload all the documents required to submit the application Submit your application.",3.75% Per Month (55.55% annually),3.50%,"1% surcharge for fuel purchases between Rs. 400 & Rs. 4,000 (max waiver capped at Rs. 400/month). | 2.5% (Minimum of ₹500) | Nil","Welcome gifts worth ₹350. 5% cashback on Flipkart and ClearTrip. 7.5% cashback on Myntra. 4% cash back on preferred partners, including Swiggy, Uber, PVR, and cult.fit 1% cashback on all other retail spends (with a few exceptions). 1% fuel surcharge waiver across petrol pumps in India for purchases worth ₹400 and ₹4,000. The maximum waiver is ₹400 per statement cycle.","[""Flipkart Axis Bank Credit Card offers a very good reward rate of 5% on all spends on the e-commerce website Flipkart. Apart from Flipkart, you also get a good reward rate of 4% on spends at partner merchants, including famous names like Swiggy, Uber, PVR, and cult.fit."", ""Another advantage of the Flipkart Axis Credit Card limit is that the card rewards you with cashback, which is directly adjusted against the card’s statement balance every month. Also, there is no upper limit on the amount of cashback that can be earned on the Flipkart Axis Bank Credit Card in a given month.""]","[""Flipkart Axis Bank Credit Card is definitely one of the best credit cards as far as online shopping is concerned, mainly if you prefer Flipkart for most of your purchases. You also get a cashback of 4% on online food delivery via Swiggy and on Uber rides. However, if you are someone who loves shopping offline at shopping malls or other small retail stores, Flipkart Axis Card is not the best pick for you as you get a cashback of 1% on offline spends."", ""Flipkart Axis Bank Credit Card does not offer any insurance benefits like air accident cover or cover against loss/delay of luggage.""]",,cardinsider.com,https://cardinsider.com/axis-bank/flipkart-axis-bank-credit-card/
Flipkart Axis Bank Super Elite Credit Card,Axis Bank,Best Axis Bank,,"[""Best Axis Bank"", ""Best Axis Bank Credit Cards""]",Rs. 500 + GST,Rs. 500 + GST,The annual fee is waived on spending Rs. 2 lakhs or more in the previous year.,,Reward Points,The SuperCoins can be redeemed against Flipkart purchases and various gift voucher options available on Flipkart. 1 Super Coin = Re. 1.,,,"{""domestic"": ""N/A"", ""international"": ""N/A""}",The eligibility requirements that one needs to fulfill in order to get approved for the Flipkart Axis Bank Super Elite Credit Card are mentioned below: The applicant’s age should be a minimum of 18 years and should not be above 70 years. The applicant should have a stable source of income. The applicant should either be a resident of India or a non-resident Indian. The applicant should be having a decent credit score.,3.75% Per Month (55.55% Per Year),3.5% of the total transaction amount,1% fuel surcharge waiver on all fuel transactions | 2.5% of the withdrawn amount subject to a minimum of Rs. 500 | Nil,500 bonus SuperCoins on card activation. 15% off flight tickets on bookings via Flipkart Flights. Get Rs. 500 off on select Myntra items on a minimum purchase of Rs. 2999. Complimentary Gaana trial membership for three months. Plus members get 12 SuperCoins more on purchasing with Flipkart. 30% off on the first medicine order from Flipkart health. Spend-based waiver of the annual membership fee. 1% fuel surcharge waiver.,"[""There are a variety of welcome benefits provided with this card, from 500 SuperCoins to complimentary trial memberships of Youtube Premium."", ""This card is highly beneficial to avid Flipkart shoppers as it offers excellent rewards on spends with Flipkart.""]","[""With this card, you shall not be able to avail any insurance benefits."", ""There is no domestic or international lounge access with this credit card.""]",,cardinsider.com,https://cardinsider.com/axis-bank/flipkart-axis-bank-super-elite-credit-card/
Google Pay Flex Axis Bank Credit Card,Axis Bank,Best Axis Bank,RuPay,"[""Best Axis Bank"", ""Best Axis Bank Credit Cards""]",Lifetime Free,Lifetime Free,N/A,,Reward Points,Redeem Stars for Payments Via Google Pay,,,"{""domestic"": ""N/A"", ""international"": ""N/A""}",,3.75% (Annually – 55.55%),3.50%,N/A | 2.5% (Minimum ₹500) | N/A,"Google Pay Flex Axis Bank Credit Card is a co-branded offering. This card comes on the RuPay network and can be used to make UPI payments. There are zero annual or joining charges with this card. Cardholders shall earn Rewards in the form of Stars with this card, which can be redeemed while making payments with Google Pay.","[""Even though this is a lifetime free offering, there are welcome benefits worth ₹500 with this card.""]","[""The reward structure of this card is quite confusing, even involving several promotional offers that are subject to change.""]",,cardinsider.com,https://cardinsider.com/axis-bank/google-pay-flex-axis-bank-credit-card/
IKEA Family Credit Card by Axis Bank,Axis Bank,Best Axis Bank,Diners,"[""Best Axis Bank"", ""Best Axis Bank Credit Cards""]",Nil,Nil,N/A,,Reward Points,Exclusive SMS-Based Redemption on IKEA Purchases,,,"{""domestic"": ""N/A"", ""international"": ""N/A""}",,3.6% Monthly (52.86% Annually),3.50%,"1% Fuel Surcharge Waiver on Transactions Between ₹400 to ₹5,000 | 2.5% (Minimum ₹500) | N/A",This is a lifetime free credit card most suited for those who like to shop at IKEA India. 3 EDGE Reward Points/₹100 spent on IKEA purchases.,[],"["""", """"]",,cardinsider.com,https://cardinsider.com/axis-bank/ikea-family-credit-card-by-axis-bank/
IndianOil Axis Bank RuPay Credit Card,Axis Bank,Best Axis Bank,RuPay,"[""Best Axis Bank"", ""Best Axis Bank Credit Cards"", ""Best Fuel Credit Cards in India""]",Rs. 500 + GST,Rs. 500 + GST,Renewal Fee Waived on Annual Spending of Rs. 3.5 Lakh,,Reward Points,Reward Points redeemable for shopping/travel vouchers and products (from the given product catalog) on Axis Bank EDGE Rewards Portal.,,,"{""domestic"": ""N/A"", ""international"": ""N/A""}",The eligibility requirements that the applicants need to fulfill in order to get approved for the IndianOil Axis Bank Card are as follows: The cardholder must be an Indian resident or an NRI. The age of the primary cardholder must be between 18 years and 70 years. Add-on cardholder(s) must be over 15 years of age.,3.75% Per Month (55.55% Per Annum),3.50%,"1% Fuel Surcharge Waived for Transactions Between Rs. 400 and Rs. 4,000 | 2.5% of the Total Transaction Amount (Minimum Rs. 500) | Nil","100% value up to 1,250 EDGE Reward Points on first fuel transactions made within 30 days of card issuance. 20 Reward Points on every Rs 100 spent at IOCL petrol pumps. 5 Reward Points on every Rs. 100 spent on online shopping. 1 EDGE Point per Rs. 100 on all other spends with the card. Instant discount of up to 10% on movie tickets on Book My Show. Up to 15% discount up to Rs. 500 on dining bills at partner restaurants under the Axis Bank EazyDiner Program. 1% fuel surcharge waived at all fuel stations across India. Renewal fee waived off on annual spends of Rs. 3.5 lakh.","[""The card is best suited for transactions at petrol stations, offering excellent cashback on fuel, a daily necessity."", ""Get 10% off on movie tickets made with BookMyShow.""]","[""While this card is great for cashback on fuel transactions, it does not provide any travel benefits."", ""You won’t receive a significant welcome benefit, only 1,250 EDGE Reward Points worth ₹250 (maximum).""]",,cardinsider.com,https://cardinsider.com/axis-bank/indian-oil-axis-bank-credit-card/
IndianOil Axis Bank Premium Credit Card,Axis Bank,Best Axis Bank,RuPay,"[""Best Axis Bank"", ""Best Axis Bank Credit Cards"", ""Best Credit Cards for IHG Hotels and Resorts in India"", ""Best Fuel Credit Cards in India"", ""Top 20 Best Credit Cards in India 2026""]","₹1,000 + GST","₹1,000 + GST",Annual Fee Waiver on Spends of ₹1 Lakh or More,,Reward Points,EDGE Miles Can Be Redeemed for Fuel (1 EDGE Mile = ₹1). These Can Also Be Converted to Partner Points (1:1),,,"{""domestic"": ""2 Free Lounge Visits Each Quarter"", ""international"": ""N/A""}",,3.75% Monthly (55.55% Annually),3.50%,1% Waiver on Fuel Transactions | 2.5% (Minimum ₹500) | N/A,"The IndianOil Axis Premium Credit Card is most suited for fuel expenses. This card offers spend-based airport lounge access. You can avail of a 30% discount on food orders with Zomato. Apart from fuel, this card also offers accelerated 2X EDGE Miles for grocery spends.",[],"["""", """"]",,cardinsider.com,https://cardinsider.com/axis-bank/indianoil-axis-bank-premium-credit-card/
IndiGo Axis Bank Credit Card,Axis Bank,Best Axis Bank,RuPay,"[""Best Axis Bank"", ""Best Axis Bank Credit Cards"", ""Best Co-Branded Airline Credit Cards"", ""Best Credit Cards for IndiGo BluChips""]",₹799 + GST,₹799 + GST,N/A,,Air Miles,IndiGo BluChips Can Be Redeemed On IndiGo Flights,,,"{""domestic"": ""1 Domestic Lounge Visit Per Quarter"", ""international"": ""N/A""}",,3.75% Per Month (55.55% Per Annum),3.50%,N/A | 2.5% Of Transaction Amount (Minimum ₹500) | N/A,This is an airline co-branded credit card. Those who often fly with IndiGo can earn accelerated BluChips with this card. Cardholders can access domestic airport lounges with this card.,"[""This is an affordable credit card, as it comes with a joining and annual fee of ₹799 + GST. Those who frequently travel with IndiGo can benefit from this low-cost option while earning BluChips on their spends.""]","[""Domestic airport lounge access is spend-based with this card, and there is no international airport lounge access with it.""]",,cardinsider.com,https://cardinsider.com/axis-bank/indigo-axis-bank-credit-card/
IndiGo Axis Bank Premium Credit Card,Axis Bank,Best Axis Bank,,"[""Best Axis Bank"", ""Best Axis Bank Credit Cards"", ""Best Co-Branded Airline Credit Cards"", ""Best Credit Cards for IndiGo BluChips""]","₹5,000 + GST","₹5,000 + GST",N/A,,Air Miles,IndiGo BluChips Can Be Redeemed On IndiGo Flights,,"On reaching spending milestones, cardholders shall be eligible for BluChips vouchers. This is a great feature for all those with high annual spends. Spends on the following categories shall not be counted towards milestone spends. Government Services EMIs Insurance Services Utility Services (Including telecom) Rental Payments Wallet Fuel Jewelry","{""domestic"": ""2 Domestic Lounge Visits Per Quarter"", ""international"": ""2 International Lounge Visits Per Calendar Year""}",,3.75% Per Month (55.55% Per Annum),2.50%,N/A | 2.5% Of Transaction Amount (Minimum ₹500) | N/A,"The IndiGo Axis Bank Premium Credit Card is a co-branded airline credit card designed for frequent IndiGo travellers. This card can be availed at an annual charge of ₹5,000 + GST. The cardholder shall earn 7 IndiGo BluChips per ₹100 spent on IndiGo channels, 3 IndiGo BluChips per ₹100 spent on grocery and hotel categories, and 2 IndiGo BluChips per ₹100 spent on all other eligible spends.","[""Usually, airline co-branded credit cards focus mainly on travel benefits. However, this card also offers entertainment perks, including a BOGO offer on movie ticket bookings through BookMyShow.""]","[""IndiGo BluChips can be redeemed only on IndiGo flights, which limits flexibility compared to cards that offer multiple airline or hotel transfer partners.""]",,cardinsider.com,https://cardinsider.com/axis-bank/indigo-axis-bank-premium-credit-card/
Samsung Axis Bank Infinite Credit Card,Axis Bank,Best Axis Bank,,"[""Best Axis Bank"", ""Best Axis Bank Credit Cards""]","₹5,000 + GST","₹5,000 + GST","The Annual fee of Rs. 5,000 is waived on spending Rs. 7 Lakh or more in the previous year.",,Cashback,EDGE REWARDS Points are redeemable at the Axis EDGE REWARDS portal where 1 Edge Reward = Re. 0.20. EDGE Points can also be transferred to partner Airlines/Hotels Rewards Program.,,,"{""domestic"": ""8 complimentary domestic airport lounge visits every year."", ""international"": ""Priority Pass Membership With 6 Complimentary International Airport Lounge Visits Each Year""}",The following are the eligibility criteria that have to be fulfilled by the applicant when applying for the Samsung Axis Infinite card: The applicant should be between 18 years and 70 years of age. The applicant must be an Indian Resident. The applicant should have a good and stable income.,3.75% Per Month (55.55% Per Annum),3.5% of the transaction amount,"1% fuel surcharge waiver on fuel transactions between Rs. 400 and Rs. 5,000 (caped at Rs. 500 in a month). | 2.5% of the amount withdrawn or flat Rs. 500. | ₹99 + GST","30,000 EDGE Reward Points as a welcome benefit. Up to 15 EDGE Reward Points for every spend of ₹100. 10% cashback on all Samsung purchases. Complimentary access to International as well as Domestic Airport Lounges. Complimentary 1-year EazyDiner Membership. Up to 25% off on Dining bills with Axis Dining Delights. 1% fuel surcharge waiver.",[],[],,cardinsider.com,https://cardinsider.com/axis-bank/samsung-axis-bank-infinite-credit-card/
Samsung Axis Bank Signature Credit Card,Axis Bank,Best Axis Bank,,"[""Best Axis Bank"", ""Best Axis Bank Credit Cards""]",₹500 + GST,₹500 + GST,The annual fee of Rs. 500 is waived on spending Rs. 2 lakhs or more in the previous anniversary year.,,Cashback,"Cashback is Provided Against Statements, and EDGE Rewards can be Redeemed for Multiple Options such as Statement Cash or Vouchers. 1 Edge Reward = ₹0.20.",,,"{""domestic"": ""4 Complimentary Domestic Lounge Access Every Year. Visits are Unlocked on Spends of ₹50,000 in the Previous Quarter"", ""international"": ""N/A""}",The following are the eligibility criteria that an individual needs to fulfill to get approved for the Samsung Signature Credit card by Axis Bank: The primary cardholder’s age should be between 18 years and 70 years. The supplementary cardholder must be above 18 years of age. The applicant should have a stable source of income. The applicant should be an Indian resident.,3.75% Per Month,3.50%,"1% Waiver on Fuel Purchases Made Between ₹400 and ₹5,000 | 2.5% of the withdrawn amount subject to a minimum of Rs. 500. | ₹99 + GST","Welcome benefits of 2,500 bonus Edge Rewards. 10% cashback on all Samsung purchases. 10 Edge Rewards on every ₹100 spent on partnered brands. 5 Edge Rewards on every ₹100 spent elsewhere. Complimentary domestic lounge access every year. 1% fuel surcharge waiver on all fuel transactions.","[""The card comes with an affordable joining fee and an annual fee of ₹500 + GST."", ""All those who make frequent Samsung purchases and make the most from this card.""]","[""For this price range, the card offers plenty of benefits; the only drawback that appears is that the airport lounge access with this card is spend-based.""]",,cardinsider.com,https://cardinsider.com/axis-bank/samsung-axis-bank-signature-credit-card/
SpiceJet Axis Bank Voyage Black Credit Card,Axis Bank,Best Axis Bank,,"[""Best Axis Bank"", ""Best Axis Bank Credit Cards"", ""Best Co-Branded Airline Credit Cards""]","₹2,000 + GST","₹2,000 + GST",N/A,,Air Miles,"The earned Spiceclub Points can be redeemed against flight tickets, meal vouchers, etc, via the SpiceJet website or mobile app. 1 Spiceclub Point is equivalent to Re. 0.5.",,"The cardholders can earn a bonus of 4,000 Spiceclub points on spending Rs. 2 lakhs or more in an anniversary year. An additional bonus of 6,000 SC Points can be earned on spending Rs. 4 lakhs or more in an anniversary year.","{""domestic"": ""8 complimentary domestic lounge access every year."", ""international"": ""N/A""}",The eligibility requirements that need to be fulfilled by the applicants in order to get approved for this credit card are as mentioned below: The applicant’s age should be between 18 and 70 years. The applicant should have a stable source of income. The applicant should be a resident of India.,3.75% Per Month (55.55% Annually),3.5% of the total transaction amount,"1% fuel surcharge waiver on all fuel transactions between Rs. 400 and Rs. 4,000. | 2.5% of the Amount Withdrawn Subject to a Minimum Charge of ₹500 | Nil","Get a SpiceJet flight voucher worth Rs. 4,000 as a welcome benefit. Complimentary SpiceClub Gold membership on card approval. Earn up to 28 Spiceclub Points on every spend of Rs. 200. Earn up to 8,000 bonus Reward Points every year on achieving the milestone spend. Get complimentary domestic lounge access every year. Get 2,000 bonus points every year as a renewal benefit. 1% fuel surcharge waiver on all fuel transactions.",[],[],,cardinsider.com,https://cardinsider.com/axis-bank/spicejet-axis-bank-voyage-black-credit-card/
SpiceJet Axis Bank Voyage Credit Card,Axis Bank,Best Axis Bank,Visa,"[""Best Axis Bank"", ""Best Axis Bank Credit Cards"", ""Best Co-Branded Airline Credit Cards""]",₹750 + GST,₹750 + GST,NA,,Air Miles,"The Spiceclub points can be redeemed against booking flight tickets, meal vouchers, etc that are available on the SpiceJet Website or Mobile App",,"With the SpiceJet Axis Bank Voyage Credit Card, you can earn 2,000 Spiceclub Points on achieving a milestone of spending Rs, 1,00,000 using your card in an anniversary year. Further, 3,000 Spiceclub Points will be credited to your account if you are able to achieve the milestone of spending Rs. 2,00,000 through your credit card in an anniversary year.","{""domestic"": ""4 Domestic Lounge Visits on Spends of ₹50,000 or More in the Last Quarter"", ""international"": ""N/A""}",The applicant should be a resident of India This card is issued to both salaried and self-employed individuals The applicant should be between 18 years to 70 years of age The card applicant should hold a good CIBIL Score The applicant should have a stable source of income The ultimate decision of either accepting or declining an individual’s credit card request lies in the hands of the card issuer only. The decision regarding the status of your application will be communicated to you within 21 working days.,3.75% Per Month (55.55% Annually),3.5% on all international transactions,1% at all fuel stations in India | 2.5% of the Amount Withdrawn Subject to a Minimum Charge of ₹500 | Nil,"SpiceJet voucher worth Rs. 1,500 as a welcome gift Complimentary Spice Club Silver Membership Bonus SpiceClub Points as milestone benefits 20% off on your dining bills at the partnered restaurants Earn up to 18 Spice Club Points for every Rs. 200 spent on SpiceJet app and website Complimentary domestic airport lounge access",[],[],,cardinsider.com,https://cardinsider.com/axis-bank/spicejet-axis-bank-voyage-credit-card/
BOBCARD Easy Credit Card,Bank of Baroda,Best BOBCARD,RuPay,"[""Best BOBCARD"", ""Best BOBCARD Credit Cards""]",Lifetime Free (Till 30th June 2026),Lifetime Free (Till 30th June 2026),N/A,,Reward Points,Accumulated reward points can be redeemed against cashback and other exciting options. 1 reward point is equivalent to ₹0.20,,,"{""domestic"": ""N/A"", ""international"": ""N/A""}","Certain eligibility criteria need to be met if you want to have a BOBCARD Easy Credit Card. These eligibility requirements are as follows: The applicant’s age should be above 21 years. The applicant should have a stable income source, i.e., they should either be salaried or self-employed. The applicant should have a decent credit history.",3.75% Per Month (45% Per Annum),3.50%,Waiver of 1 % fuel surcharge on fuel transactions between Rs. 400 – Rs. 5000 at all petrol pumps all across India (Maximum Rs. 250). | 2.5% of the Amount Withdrawn or ₹500 (Whichever is Higher) | Nil,"Lifetime free for a limited time period. Earn 5X reward points on selected merchant categories like groceries, departmental stores, movies, etc. Earn 1 reward point on other categories. Earn 0.5% Reward Points on specific MCC categories. This card can be linked to UPI.",[],[],,cardinsider.com,https://cardinsider.com/bank-of-baroda/bank-of-baroda-easy-credit-card/
BOBCARD ETERNA Credit Card,Bank of Baroda,Best BOBCARD,,"[""Best BOBCARD"", ""Best BOBCARD Credit Cards"", ""Best Credit Cards for International Travel 2026""]",Lifetime Free,Lifetime Free,N/A,,Reward Points,Reward Points Are Redeemable as Cashback at a Rate of 1 RP = ₹0.25,"10,000 reward points on spending ₹50,000 within 60 days.","You get 20,000 bonus reward points on the annual expenditure of ₹5 lakh.","{""domestic"": ""Unlimited Domestic Airport Lounge Access on Spends of ₹75,000 in the Previous Quarter"", ""international"": ""N/A""}","The eligibility criteria that need to be fulfilled by the applicants in order to get approved for the BOBCARD Eterna Credit Card are as follows: The primary and all the add-on cardholders must be residents of India. The primary cardmember must be between 21 and 65 years, and the add-on cardholder must be above 18 years of age. The annual income of the primary cardholder must be above 12 lakh for both salaried and self-employed applicants.",3.75% Per Month or 45% Per Annum,2% of the transacted amount,"1% Waiver for Transactions Between ₹400 and ₹5,000 (Maximum Waiver of ₹250 Per Statement Cycle) | 2.5% or ₹500 (Whichever is Higher) | Nil","10,000 reward points of expenditure of Rs. 50,000 within 60 days of card issuance. 20,000 bonus reward points on spending Rs. 5,00,000 in a year. 15 reward points on every Rs. 100 spent on online shopping, travel, dining, and movie tickets. 3 reward points on spends of Rs. 100 on all other categories. 1 Reward Point = Rs. 0.25. Reward Points are redeemable as cashback or for other categories of expenditure on the BOBCARD’s reward redemption portal.","[""This card offers both a joining and an annual fee spend-based waiver.""]","[""Although this card offers unlimited domestic airport lounge access, it is only available upon spending ₹75,000 or more. Users can opt for other cards with lower spend-based requirements."", ""Earlier, Golf Games and Lessons were offered with the Eterna Credit Card, which has since been removed.""]",,cardinsider.com,https://cardinsider.com/bank-of-baroda/bank-of-baroda-eterna-credit-card/
BOBCARD ICSI Diamond Credit Card,Bank of Baroda,Best BOBCARD,,"[""Best BOBCARD"", ""Best BOBCARD Credit Cards""]",Nil,Nil,NA,,Reward Points,The earned rewards can be redeemed against cashback at a rate of 1 Reward point = Re. 0.25.,,"You get 3,999 bonus reward Points every quarter on spending more than your total credit limit in a quarter. Get 999 bonus Reward Points every month on making at least 5 transactions worth Rs. 1,000 or more in a month.","{""domestic"": ""Get 12 complimentary domestic lounge access every year (3 per quarter)"", ""international"": ""NA""}",The eligibility criteria that the applicants need to fulfill in order to get approved for the BOBCARD ICSI Diamond Credit card are as follows: The applicant should be an active ICSI member. The age of the add-on cardholder should be a minimum of 18 years. The applicant’s credit score might also affect the card issuer’s decision. The applicant should be a resident of India.,3.49% per month,2% of the total transaction amount,"1% fuel surcharge waiver on all fuel spends between Rs. 400 and Rs. 5,000 | 2.5% (3% at international ATMs) of the withdrawn amount, subject to a minimum of Rs. 300. | Nil","Get a welcome benefit of 500 bonus Reward Points. Complimentary 6-month Fit Pass Pro membership. Get up to 5 Reward Points on every ₹100 you spend. Get free domestic lounge access every year. Get a low forex markup fee of only 2%. Get air accidental covers worth ₹15 lakhs. Get an additional 999 bonus Rewards every month. Earn 3,999 bonus rewards every quarter as milestone benefits. Get a 1% fuel surcharge waiver on all fuel spends.",[],[],,cardinsider.com,https://cardinsider.com/bank-of-baroda/bank-of-baroda-icsi-diamond-credit-card/
BOBCARD Premier Credit Card,Bank of Baroda,Best BOBCARD,RuPay,"[""Best BOBCARD"", ""Best BOBCARD Credit Cards""]",Lifetime Free,Lifetime Free,"Fee Waiver on Spends of ₹1,20,000 in a Year (For Paid Version)",,Reward Points,1 Reward Point = ₹0.25,,,"{""domestic"": ""1 Complimentary Domestic Airport Lounge Access Every Quarter on Spends of ₹20,000 in the Previous Quarter"", ""international"": ""N/A""}",Listed below are the eligibility criteria that need to be fulfilled before you apply for a BOBCARD Premier Credit Card : Age – < 21 years. The applicant must either be a salaried or self-employed individual with a stable source of income and a decent credit score .,3.75% Per Month (45% Per Annum),3.5% on the transaction amount,"1% waiver on fuel transactions between Rs. 400 and Rs. 5,000. | 2.5% or ₹500 (Whichever is Higher) | Nil","2 reward points on every Rs 100 spent on all categories. 5x reward points while spending in categories such as dining, travel, and international transactions. Complimentary Domestic Lounge Access at selected airports. 1% fuel surcharge waiver on fuel transactions at all fuel stations across India.","[""It’s a great lifetime free credit card that offers a decent reward rate and free airport lounge access across the country."", ""This is a great card for taking advantage of various BOBCARD Credit Card offers.""]","[""Although this card offers accelerated reward points on international purchases, a 3.5% Forex markup fee will apply to these transactions."", ""5X Reward Points earnings are capped at 2,000 in a month.""]",,cardinsider.com,https://cardinsider.com/bank-of-baroda/bank-of-baroda-premier-credit-card/
BOBCARD Sentinel Credit Card,Bank of Baroda,Best BOBCARD,,"[""Best BOBCARD"", ""Best BOBCARD Credit Cards""]",Nil,Nil,NA,,Reward Points,The accumulated Reward points can be redeemed against various options available on the BOBCARD Rewards portal. 1 Reward Point = Re. 0.25,,Get the exclusive Amazon Prime annual membership absolutely for free on spending Rs. 1 lakh or more within the first 90 days of card issuance.,"{""domestic"": ""2 Free Visits Each Quarter on Spends of ₹20,000 in the Previous Quarter"", ""international"": ""N/A""}",The eligibility criteria that you need to fulfill in order to get approved for the BOBCARD Sentinel Credit Card are mentioned below: You should be an Assam Rifles Personnel. Your age should be above 18 years. You might also need to have a decent credit score.,3.49% per month.,3.5% of the total transaction amount,"1% fuel surcharge waiver on all fuel transactions between Rs. 400 and Rs. 5,000. | 2.5% of the Amount Withdrawn or ₹500 (Whichever is Higher) | Nil",Get 500 bonus Reward Points as a welcome benefit. Get a free 6-month Fitpass Pro membership. Get a Complimentary Amazon Prime membership on achieving the required spend milestone. Get up to 10 reward Points for every Rs. 100 you spend. Get complimentary domestic lounge access every year. Get a 1% fuel surcharge waiver. Get accidental insurance coverage worth Rs. 20 lakhs.,[],[],,cardinsider.com,https://cardinsider.com/bank-of-baroda/bank-of-baroda-sentinel-credit-card/
Indian Navy Varunah BOBCARD Credit Card,Bank of Baroda,Best BOBCARD,,"[""Best BOBCARD"", ""Best BOBCARD Credit Cards""]","Nil (for Varunah Card),Rs. 1,499 (for Varunah Plus Card)Rs. 2,499 (for Varunah Premium Card)","Nil (for Varunah Card),Rs. 1,499 (for Varunah Plus Card)Rs. 2,499 (for Varunah Premium Card)",The annual fee is waived on spending Rs. 1.5 lakhs or more in the previous year,,Reward Points,The earned Reward points can be redeemed against a variety of options at a redemption rate of 1 Reward Point = Re. 0.25.,,,"{""domestic"": ""Unlimited complimentary domestic lounge access (with the Premium variant), 3 complimentary domestic lounge access every quarter (with the plus variant)"", ""international"": ""NA""}",The following are the eligibility criteria required to get approved for the BOBCARD Varunah Credit Card: The primary cardholders should be above 21 years of age (18 years for add-on applicants). The applicant should be an Indian Navy Personnel. The applicant should either be self–employed or salaried and should have a stable source of monthly income. The applicant should have a decent credit score.,3.49% Per Month (41.88% Per Annum),"2% with Premium variant, 2.5% with plus variant and 3.5% with the basic Varunah Card","1% fuel surcharge waiver on all fuel transactions between Rs. 400 and Rs. 5,000. | 2.5% of the withdrawn amount subject to a minimum of Rs. 300 | Nil",Complimentary annual membership is available for Amazon Prime. 500 bonus Reward Points as a welcome benefit (with the Varunah Premium Card). Reward rate of up to 15 Reward Points on every spend of Rs. 100. Complimentary domestic lounge access every year. Low forex markup fee. Spend-based waiver of the joining and annual fee. Insurance covers worth up to Rs. 1 Crore. 1% fuel surcharge waiver on all fuel transactions.,[],[],,cardinsider.com,https://cardinsider.com/bank-of-baroda/bank-of-baroda-varunah-credit-card/
CMA One BOBCARD Credit Card,Bank of Baroda,Best BOBCARD,,"[""Best BOBCARD"", ""Best BOBCARD Credit Cards""]",₹1 + GST,Nil,NA,,Reward Points,The Reward Points you earn can be redeemed against cashback and several other options at a rate of 1 RP = Re. 0.25.,,"You can get 4,000 bonus reward Points every quarter on spending more than one lakh or your total credit limit, whichever is higher.","{""domestic"": ""3 complimentary domestic lounge access every quarter"", ""international"": ""NA""}","In order to get approved for the BOBCARD CMA One Credit Card, one needs to fulfill the below-mentioned eligibility requirements: The applicant should be an active ICMAI member. The age of the supplementary card applicant needs to be a minimum of 18 years. The applicant’s credit score might also be an important factor. The applicant should be a resident of India.",3.49% per month,2% of the total transaction amount,"1% fuel surcharge waiver on all fuel spends between Rs. 400 and Rs. 5,000 | 2.5% of the withdrawn amount or a minimum of Rs. 300 (3% at international ATMs) | Nil","Get 1,000 bonus Reward Points and a free Fit Pass Pro membership as a welcome benefit. Get up to 5 Reward Points on every eligible spend of Rs. 100. These Reward Points are capped at 1,000 per month. Get complimentary domestic lounge access every year. Get air accident cover worth Rs. 15 lakhs. Get a 1% fuel surcharge waiver.",[],[],,cardinsider.com,https://cardinsider.com/bank-of-baroda/bob-cma-one-credit-card/
BOBCARD Cashback Credit Card,Bank of Baroda,Best BOBCARD,,"[""Best BOBCARD"", ""Best BOBCARD Credit Cards"", ""Best Cashback Credit Cards in India""]",₹499 + GST,₹499 + GST,N/A,,Cashback,Cashback will be Automatically Added to Cardholders ’ Next Month’s Statement,,,"{""domestic"": ""N/A"", ""international"": ""N/A""}",,Monthly – 3.75% | Yearly – 45%,N/A,"1% Waiver on Transactions Between ₹400 and ₹5,000 | 2.5% or ₹500, Whichever is Higher | N/A",BOBCARD Cashback Credit Card offers 5% cashback on eligible online spends. Cardholders shall also be eligible for 1% cashback on all other spends. 1% Fuel surcharge waiver across India.,"[""This card offers a simple-to-understand reward structure, which is great for those starting out on their credit journey.""]","[""There is no complimentary airport lounge access with the BOBCARD Cashback Credit Card.""]",,cardinsider.com,https://cardinsider.com/bank-of-baroda/bobcard-cashback-credit-card/
BOBCARD Etihad Guest Credit Card,Bank of Baroda,Best BOBCARD,,"[""Best BOBCARD"", ""Best BOBCARD Credit Cards"", ""Best Co-Branded Airline Credit Cards"", ""Best Credit Cards in India to Earn Etihad Guest Miles""]","₹2,500 + GST","₹2,500 + GST",Annual Fee Waiver on Spends of ₹3 Lakh or More,,Air Miles,Redeem Miles With Etihad,,"Bonus milestones with the BOBCARD Etihad Guest Credit Card rewards differed by month, quarter, and year. Monthly – Bonus of 250 miles for completing four transactions totaling ₹25,000 (valid once per month). Quarterly – 2,000 miles on ₹ 2,00,000 spent (valid once per quarter) Annual – It would be 12,000 miles on ₹ 7,50,000 spent (Valid once per year) Travel Goal Bonus – Earn 500 miles when you travel twice with Etihad Airways. Valid once per year.","{""domestic"": ""8 Complimentary Lounge Visits Per Year (2 Per Quarter)"", ""international"": ""4 Complimentary Lounge Visits Per Year (1 Per Quarter)""}",,3.75% Monthly or 45% Annually,1%,"1% Waiver for Transactions Between ₹500 and ₹5,000 | 2.5% of the Amount Withdrawn or ₹500 (Whichever is Higher) | Nil","Earn 3 Etihad Guest Miles per ₹100 spent on Etihad Airways and 1 Mile per ₹100 on all other domestic and international spends. Get 5,000 Etihad Guest Bonus Miles on spending ₹25,000 within 60 days of card issuance. Enjoy complimentary Etihad Guest Silver Tier status on your first Etihad transaction within 6 months. Access 8 domestic and 4 international airport lounge visits every year. Pay a low 1% forex markup on international transactions, lower than most travel cards. Earn bonus miles through monthly, quarterly, and annual milestone spends.","[""The card offers a competitive 1% Forex markup fee on international transactions, making it significantly cheaper than the industry standard, which generally lies between 3.5% and 4% fees. It could be a fantastic opportunity for job-seekers and business owners who travel to the Middle East, including Abu Dhabi, more frequently from India."", ""BOBCARD Etihad Guest Card holders can fast-track their complimentary Etihad Silver tier status if they make their first transaction within 6 months; this too comes without a minimum threshold requirement.""]","[""Miles can be redeemed only on the Etihad Guest platform, limiting the flexibility of how earned miles are used.""]",,cardinsider.com,https://cardinsider.com/bank-of-baroda/bobcard-etihad-guest-credit-card/
BOBCARD Etihad Guest Premium Credit Card,Bank of Baroda,Best BOBCARD,,"[""Best BOBCARD"", ""Best BOBCARD Credit Cards"", ""Best Co-Branded Airline Credit Cards"", ""Best Co-Branded Credit Cards"", ""Best Credit Cards in India to Earn Etihad Guest Miles""]","₹5,000 + GST","₹5,000 + GST",Annual Fee Waiver on Spends of ₹5 Lakh or More,,Air Miles,Redeem Miles With Etihad,,"There are plenty of milestone benefits available with the BOBCARD Etihad Guest Premium Credit Card. This benefit is extremely useful for all those with high spends. Keep in Mind – The monthly, quarterly, and annual milestone benefits on the BOBCARD Etihad Guest and Etihad Guest Premium Credit Cards are applicable only once during each respective period. The bonus miles awarded for flying twice in a year with Etihad can be earned only once per year.","{""domestic"": ""12 Complimentary Lounge Visits Per Year (3 Per Quarter)"", ""international"": ""8 Complimentary Lounge Visits Per Year (2 Per Quarter)""}",,3.75% Monthly or 45% Annually,0%,"1% Waiver for Transactions Between ₹500 and ₹5,000 | 2.5% of the Amount Withdrawn or ₹500 (Whichever is Higher) | N/A","Silver tier status on first card transaction and Gold tier upgrade after an Etihad website transaction. Earn 6 Etihad Guest Miles per ₹100 spent on Etihad Airways and 2 Miles per ₹100 on other eligible spends. Zero forex markup on international transactions, helping reduce overseas travel costs Up to 20 complimentary airport lounge visits per year across domestic and international lounges. Multiple milestone bonuses offering up to 29,500 bonus miles annually on meeting spend conditions. Ideal for frequent Etihad flyers looking to earn miles and enjoy airline-linked benefits.","[""With multiple milestone rewards and attractive welcome benefits, this card is best suited for travelers who frequently fly with Etihad. After the discontinuation of SBI’s Etihad co-branded cards, this remains one of the few viable options available for Etihad loyalists in India."", ""There are no add-on card charges with this card, allowing users to easily get supplementary cards for spouses, siblings, and parents. These add-on members will also receive the premium metal credit card at no additional cost.""]","[""The card has a relatively high joining and renewal fee of ₹5,000 + GST, which may not be worth it for people who don’t travel often with Etihad or don’t spend enough to unlock the milestone rewards."", ""The card could have offered a few accelerated spending categories to encourage higher usage. Currently, only spends made with Etihad Airways are eligible for accelerated mile earnings.""]",,cardinsider.com,https://cardinsider.com/bank-of-baroda/bobcard-etihad-guest-premium-credit-card/
BOBCARD Select Credit Card,Bank of Baroda,Best BOBCARD,,"[""Best BOBCARD"", ""Best BOBCARD Credit Cards""]",₹750 + GST,₹750 + GST,"Spend ₹7500 within 60 days of card issuance for joining fee waiver and spend ₹70,000 for the annual fee waiver (for paid variants)",,Reward Points,Redeem Reward Points for Cashback. 1 RP = ₹0.20,,,"{""domestic"": ""N/A"", ""international"": ""N/A""}",The following are the eligibility criteria required to get approved for the BOBCARD Select Credit Card: The primary cardholders should be above 21 years of age (18 years for add-on applicants). The applicant should either be self–employed or salaried. The applicant should have a decent credit score.,3.75% Per Month (45% Per Annum),3.50%,"1% Fuel Surcharge Waiver for Transactions Between ₹400 & ₹5,000 | 2.5% or ₹500 (Whichever is Higher) | Nil",1 Reward Point per ₹100 spent (except on fuel). 5 Reward Points per ₹100 spent on online transactions and dining. 1% waiver on fuel surcharge at all fuel stations.,[],[],,cardinsider.com,https://cardinsider.com/bank-of-baroda/bobcard-select-credit-card/
BOBCARD Tiara Credit Card,Bank of Baroda,Best BOBCARD,RuPay,"[""Best BOBCARD"", ""Best BOBCARD Credit Cards""]","₹2,499 + GST","₹2,499 + GST","Spend ₹25,000 in the First 60 Days of Card Issuance for Reversal of Joining Fees. Annual Fee Waiver on Spends of ₹2.5 Lakh in a Year",,Reward Points,Redeem Reward Points for Cashback (1 Reward Point = ₹0.25),,,"{""domestic"": ""Unlimited Domestic Airport Lounge Access on Spends of ₹40,000 in the Previous Quarter"", ""international"": ""N/A""}",,3.75% Per Month (45% Per Annum),2%,1% Fuel Surcharge Waiver Up to ₹250 in a Statement Cycle | N/A,"The BOBCARD Tiara Credit Card comes at a joining fee of ₹2,499 + GST. This may seem high, but it can be easily waived by spending ₹25,000 in the first two months of card issuance. This card offers many beneficial complimentary memberships like Swiggy One (3 months), Amazon Prime/Disney Hotstar, and Gaana Plus. Low Forex markup charge of 2%. 5X accelerated Reward Points on dining, travel, and international spending. 3X Reward Points on all other eligible spends.","[""Although this card has a Forex markup charge of 2%, it is still more competitive than many others in the market, as most credit cards typically charge 3% to 3.5% in Forex markup fees for international transactions."", ""Additionally, the Tiara Credit Card offers accelerated reward points for international spends, making it an excellent choice for those who frequently travel abroad.""]","[""The Tiara Credit Card offers two attractive benefits for those who travel abroad: accelerated reward points and low Forex charges. But in terms of international airport lounge visits, this card offers none.""]",,cardinsider.com,https://cardinsider.com/bank-of-baroda/bobcard-tiara-credit-card/
HPCL ENERGIE BOBCARD Credit Card,Bank of Baroda,Best BOBCARD,,"[""Best BOBCARD"", ""Best BOBCARD Credit Cards"", ""Best Fuel Credit Cards in India""]",Rs. 499 + GST,Rs. 499 + GST,"Get renewal fee waived off on spending Rs. 50,000 or more in the preceding year.",,Reward Points,The reward Points earned are redeemable for various options available on the BOBCARD website and can be redeemed for cash as well. 1 RP = Rs. 0.25,"As a welcome benefit, cardholders are entitled to 500 joining Reward Points if they successfully spend Rs. 5,000 using their credit card within 60 days of the date of card issuance.",,"{""domestic"": ""1 Complimentary Domestic Airport Lounge Access Every Quarter on Spends of ₹20,000 in the Previous Quarter"", ""international"": ""N/A""}",Only Indian residents can apply for this card. The applicant should be above the age of 18 years. He should earn a minimum of Rs. 3.60 Lakhs if he is a salaried individual and  Rs. 4.80 Lakhs if he is a self-employed individual.,3.75% Per Month (45% Annually),3.5% on all foreign transactions,"1% at all fuel stations in India | 2.5% of the amount or Rs. 500, which ever is higher. | Nil",500 Bonus Reward Points (Transaction based) 24 Reward Points on every Rs. 150 spent on fuel purchases at HPCL pumps 10 Reward Points on every Rs. 150 spent on departmental stores and groceries 2 Reward Points on every Rs. 150 spent on all other categories Complimentary domestic lounge access 25% discount on movie ticket bookings 1% fuel surcharge waiver on all fuel transactions,[],[],,cardinsider.com,https://cardinsider.com/bank-of-baroda/hpcl-bank-of-baroda-energie-credit-card/
ICAI Exclusive BOBCARD Credit Card,Bank of Baroda,Best BOBCARD,,"[""Best BOBCARD"", ""Best BOBCARD Credit Cards""]",Nil,Nil,NA,,Reward Points,The earned Reward points can be redeemed against various options available at the BOBCARD Rewards portal and against cashback also. 1 Reward point = Re. 0.25,,"You can get 4,000 bonus reward Points every quarter on spending more than your total credit limit ₹1 Lakh (whichever is higher) in a quarter. Get 1,000 bonus Reward Points every month on making at least 5 transactions worth Rs. 1,000 or more in a month.","{""domestic"": ""3 Complimentary Domestic Lounge Access Every Quarter (12 Each Year on Spends of ₹40,000 in the Previous Quarter)"", ""international"": ""NA""}",The eligibility criteria that the applicants need to fulfill in order to get approved for the BOBCARD ICAI Exclusive Credit card are as follows: The applicant should be an active ICAI member. The supplementary cardholder’s age should be a minimum of 18 years. The applicant should have a decent credit score. The applicant should be an Indian resident.,3.49% per month,2% of the total transaction amount,"1% fuel surcharge waiver all fuel purchases between Rs. 400 and Rs. 5,000 (capped at Rs. 250 per statement cycle. | 2.5% of the withdrawn amount subject to a minimum of Rs. 300 at domestic ATMs and 3% of the withdrawan amount or Rs. 300 at international ATMs. | Nil","Earn 500 bonus Reward Points as a welcome benefit. Complimentary 6-month Fit pass Pro membership. Up to 5 Reward Points on every spend of Rs. 100. Complimentary domestic lounge access every year. Reduced forex markup fee of 2% only. Personal accident covers worth Rs. 15 lakhs. Earn 4,000 bonus rewards every quarter on achieving the spend milestone. Get a 1% fuel surcharge waiver on all fuel spends.",[],[],,cardinsider.com,https://cardinsider.com/bank-of-baroda/icai-bank-of-baroda-exclusive-credit-card/
Indian Army YODDHA BOBCARD Credit Card,Bank of Baroda,Best BOBCARD,,"[""Best BOBCARD"", ""Best BOBCARD Credit Cards""]",Nil,Nil,N/A,,Reward Points,The earned Reward Points are redeemable against several options available at the BOBCARD Rewards portal at a rate of 1 Reward Point = Re. 0.25.,,You get complimentary Amazon Prime annual membership for one year on spending Rs. 1 lakh or more within the first 90 days of card issuance.,"{""domestic"": ""8 Free Domestic Airport Lounge Access Each Year. 2 Per Quarter on Spends of ₹20,000 in the Previous Quarter"", ""international"": ""N/A""}",The eligibility criteria that the applicants need to fulfill in order to get approved for the BOBCARD Yoddha Credit card are as follows: The applicant should be an Indian Army Personnel. The applicant’s age should be a minimum of 18 years. The applicant should have a decent credit score.,3.49% per month,3.5% of the total transaction amount,"1% fuel surcharge waiver (up to Rs. 250 per month) on all fuel purchases between Rs. 400 and Rs. 5,000. | 2.5% or minimum Rs. 300 at domestic ATMs, and 3% or a minimum of Rs. 300 at international ATMs. | Nil",Lifetime free credit card. Get a complimentary 6-month Fitpass Pro membership Get up to 10 Reward Points on every spend of Rs. 100. Get complimentary domestic lounge access every year. Get a free Amazon Prime membership on achieving the spend milestone. Insurance coverage is worth Rs. 20 lakhs in the case of a personal accident. 1% fuel surcharge waiver on all fuel purchases.,[],[],,cardinsider.com,https://cardinsider.com/bank-of-baroda/indian-army-yoddha-bob-credit-card/
IRCTC RuPay BOBCARD Credit Card,Bank of Baroda,Best BOBCARD,RuPay,"[""Best BOBCARD"", ""Best BOBCARD Credit Cards"", ""Best Credit Card For Complimentary Railway Lounge Access""]",Rs. 500 + GST,Rs. 350 + GST,N/A,,Reward Points,The earned RP can be redeemed for ticket bookings via IRCTC website or mobile application. Also can be redeemed against card’s statement balance where 1 RP = Rs. 0.25,"As a joining benefit, you get 500 bonus Reward Points on the condition that you should do transactions of ₹5,000 through your card within the first 60 days of card issuance.",,"{""domestic"": ""N/A"", ""international"": ""N/A""}",,3.75% Per Month (45% Annually),3.5% on all foreign transactions,1% waiver at all fuel stations in India | 2.5% of the amount withdrawn or Rs. 500 | Nil,500 Bonus Reward Points as a welcome benefit. 4 Reward Points per Rs. 100 you spend on grocery & departmental store purchases. 2 Reward Points per Rs. 100 you spend on other categories. Upto 40 Reward Points per Rs. 100 spent on train bookings via the IRCTC website and mobile application. Get an add-on card and enjoy added benefits. Get four complimentary partner railway lounge access per year.,[],[],,cardinsider.com,https://cardinsider.com/bank-of-baroda/irctc-rupay-bobcard-credit-card/
SNAPDEAL BOBCARD Credit Card,Bank of Baroda,Best BOBCARD,,"[""Best BOBCARD"", ""Best BOBCARD Credit Cards""]",₹249 + GST,₹249 + GST,N/A,,Reward Points,The earned Reward Points are automatically credited to your credit card account at a rate of 1 Reward Point = Re. 0.25.,,,"{""domestic"": ""N/A"", ""international"": ""N/A""}","The eligibility requirements that are required to be fulfilled in order to get approved for the BOBCARD Snapdeal Credit Card are as follows: The age of primary cardholders should lie between 21 years & 65 years, and that of the supplementary cardholders should be above 18 years. The minimum required income for salaried people is ₹3.6 lakhs per annum. The minimum required income for self-employed people is ₹4.8 lakhs per annum. The applicants should have a decent credit history.",3.6% Per Month (43.2% Per Annum),3.50% of the total transaction amount,"1% fuel surcharge waiver on all fuel purchases between Rs. 400 and Rs. 5,000. | 2.5% or ₹500 (Whichever is Higher) | Nil",Get 500 Reward Points as a welcome benefit. Get 5% cashback (in the form of Reward Points) on Snapdeal. 10 Reward Points on every spend of Rs. 100 on selected categories. 4 Rewards Points per Rs. 100 spent elsewhere. Reward points are redeemable against the card’s outstanding balance. 1% fuel surcharge waiver. Zero liability protection against a lost/stolen card,[],[],,cardinsider.com,https://cardinsider.com/bank-of-baroda/snapdeal-bank-of-baroda-credit-card/
BOI Celestia Credit Card,Bank of India,Best Bank of India,RuPay,"[""Best Bank of India"", ""Best Bank of India Credit Cards""]","₹5,000 + GST","₹5,000 + GST",N/A,,Reward Points,N/A,,,"{""domestic"": ""Unlimited Domestic Airport Lounge Access and Exclusive Access to RuPay Delhi Exclusive Lounge"", ""international"": ""Unlimited Airport Lounge Access""}",,N/A,N/A,N/A | N/A | N/A,"The Celestia Credit Card is an ultra-premium RuPay credit card by Bank of India for high-income customers. Cardholders get luxury benefits like airport lounge access, hotel stays, dining offers, and golf privileges. The card includes 24×7 concierge services and international travel assistance. It also provides reward points and comprehensive insurance coverage for added security.","[""The card provides exclusive benefits such as airport lounge access, luxury hotel accommodations, dining and golf privileges, and strong travel insurance."", ""Additional perks include 24/7 concierge support for various needs and rewards points on dining, fuel, and airline bookings.""]","[""The card does not offer an annual fee waiver based on spending, which is a drawback, as it has a joining and annual fee of ₹ 5,000+ GST."", ""The add-on fee of ₹5,000 is quite high, making the card less cost-effective.""]",,cardinsider.com,https://cardinsider.com/bank-of-india/boi-celestia-credit-card/
BOI RuPay Select Credit Card,Bank of India,Best Bank of India,RuPay,"[""Best Bank of India"", ""Best Bank of India Credit Cards""]",N/A,₹800 + GST,N/A,,Reward Points,1 Reward point = ₹0.25,,,"{""domestic"": ""Complimentary Domestic Airport Lounge Access up to 8 Times Per Year (2 Per Quarter)"", ""international"": ""Complimentary Access to International Airport Lounges up to 2 Times Per Year""}","To qualify, customers must meet the following criteria: The customer must be at least 21 years old. Customers must have a regular income and provide proof of it. Customers can either be salaried employees or self-employed individuals managing their own businesses. The customer should have a good credit history. Customers must be either Indian residents or Non-Resident Indians (NRIs).",2% p.m. (24% p.a.),2%,N/A | 2% | N/A,24×7 concierge service available Complimentary Amazon Prime annual membership Free domestic airport lounge access 8 times per year (2 per quarter) Free international lounge access 2 times per year Free Swiggy One membership for 3 months every year ₹200 BigBasket discount voucher every month ₹250 off per month on booking a minimum of 2 tickets on BookMyShow Free customized health check-up once per year Insurance cover up to ₹10 lakh for personal accident and permanent disability,"[""The card includes complimentary airport lounge access in India, which is useful for occasional travelers who want a more comfortable airport experience."", ""Get a free Amazon Prime membership for one year, which includes free deliveries and Prime Video at no extra cost.""]","[""The card has an add-on fee of ₹600, so if the cardholder wants to add any family member, they have to pay the fee."", ""The card comes with no welcome benefits for new users, which may be disappointing for those seeking rewards upon sign-up.""]",,cardinsider.com,https://cardinsider.com/bank-of-india/boi-rupay-select-credit-card/
BOI RuPay Swadhan Platinum Credit Card,Bank of India,Best Bank of India,RuPay,"[""Best Bank of India"", ""Best Bank of India Credit Cards""]",N/A,N/A,Nil,,Reward Points,2 Star Points on every ₹100 for regular spends. 3-star points on preferred categories.,,,"{""domestic"": ""N/A"", ""international"": ""N/A""}","Individual, Staff/non-staff, private limited company, partnership firms, public limited company. However, there is no specific mention of the age of individuals who can apply for this credit card. The customer should have a steady source of income, verifiable through Income Tax Returns and salary slips of 3 consecutive months.","Secured Credit Card (Swadhan) – 1.20% Per month (15.40% per annum) on daily balances. In Case of default, 1.70% per month (22.45% Per Annum)","3% Currency conversion charges on all foreign currency transactions, including international POS, online spends, and ATM Withdrawls.","1% of the transaction amount or actual charges applied by the merchant’s bank, whichever is higher. | On BOI ATMs, 2% of the transaction amount (minimum ₹50) | N/A","This is a secured card and will only be issued against the Fixed Deposit. It’s a Lifetime Free Credit Card Cash limit is 50% of the total spending limit The daily cash withdrawal limit is ₹15,000 Add-on cards can be issued on this secured credit card.","[""This card is free for life with no joining or renewal fees. Moreover, this card is secured and issued against a TDR or fixed deposit, making it relatively easy for individuals with a low CIBIL Score or a poor credit history. Any individual who has proof of income as an employee or self-employed person can apply for this card."", ""This Card also offers lower interest rates than other secured credit cards. The simple reason for this is that, while unsecured credit cards rely on credit history, this credit card relies on collateral; the bank can simply cover the remaining dues from the pledged deposit.""]","[""Having a fixed deposit as collateral for the Card offers a low interest rate. However, it must be kept in mind that using it as collateral is also a disadvantage for maintaining liquidity, as funds cannot be withdrawn in an emergency until the credit card account is closed."", ""The benefits of this card are limited. Even though the risk factor in case of a default is that the bank will liquidate your FD, it doesn’t have the premium benefits that it should.""]",,cardinsider.com,https://cardinsider.com/bank-of-india/boi-rupay-swadhan-platinum-credit-card/
BOI Visa Gold International Credit Card,Bank of India,Best Bank of India,Visa,"[""Best Bank of India"", ""Best Bank of India Credit Cards""]",N/A,₹300 + GST,N/A,,Reward Points,N/A,,,"{""domestic"": ""N/A"", ""international"": ""N/A""}",,1.70% Per Month (20.4% Annually),2%,N/A | 2.5% | N/A,"Earn 2X reward points on shopping and online payments The card features a foreign currency markup of only 2%, lower than that of other cards.","[""Earn double reward points on eligible POS and e-commerce transactions, providing greater value from your everyday spending."", ""The card comes with no joining fee and has a very low annual fee of ₹300.""]","[""This card does not offer premium travel and dining perks, such as airport lounge access, travel insurance, or exclusive partner offers."", ""Reward programs and redemption options are quite basic compared to modern cashback and travel-focused cards.""]",,cardinsider.com,https://cardinsider.com/bank-of-india/boi-visa-gold-interanational-credit-card/
American Express Platinum Corporate Card,American Express,Business Cards,American Express,"[""Best Business Credit Cards in India 2026"", ""Business Cards""]",NIL,"₹40,000 + GST",N/A,,Reward Points,N/A,,,"{""domestic"": ""Access Centurion Lounge at T3 Delhi & T2 Mumbai, and 30+ Domestic Partner Lounges Across India"", ""international"": ""Unlimited Access to 1400+ Airport Lounges Across the Globe with the American Express Global Lounge Collection""}","To be eligible for the AmEx Platinum Corporate Card, your company should have an annual revenue of more than ₹2.75 crore and be operational in one of the listed cities. Additionally, you must be a key decision-maker within your company.","3.5% of the outstanding, subject to a minimum of Rs. 100 (Delinquency Fee)",3.5% of the transaction amount,1% (2.5% for Private Fuel) of Transaction Amount Subject to a Minimum of ₹10 | 3.5% of the withdrawal amount | Nil,"Complimentary enrolment to the Membership Rewards program, where points never expire. There is 1 Membership Rewards Point for every ₹100 spent on purchases of telecommunications, insurance, fuel, and other utility services. 1 Membership Rewards Point for every ₹40 on all other spending. Complimentary access to 1400+ lounges under the American Express Global Lounge Collection. Enjoy premium services like Platinum Travel Services, Platinum Concierge Services, 24 Hours Platinum Service, and much more. Zero Lost Card Liability in case you lost your American Express Platinum Corporate Card. Get Platinum Protection, which includes travel insurance and overseas medical insurance.",[],[],,cardinsider.com,https://cardinsider.com/business-cards/american-express-corporate-card/
American Express Corporate Green Card,American Express,Business Cards,American Express,"[""Best Business Credit Cards in India 2026"", ""Business Cards""]",Nil,"Rs. 2,100 + GST",NA,,Reward Points,NA,,,"{""domestic"": ""NA"", ""international"": ""NA""}",,"3.5% of the outstanding, subject to a minimum of Rs. 100 (Delinquency Fee)",3.5% of the transaction amount,"1% (2.5% for private fuel) of transaction amount per transaction subject to a minimum of Rs. 10. (1% for HPCL if transaction above Rs. 5,000) | 3.5% of the withdrawal amount | Nil","Track each and every meeting expense along with greater visibility. Increased policy compliance with the suppliers. Lesser dependence on paperwork, thereby saving costs and time. Make prompt payments to the vendors or suppliers.",[],[],,cardinsider.com,https://cardinsider.com/business-cards/american-express-corporate-green-card/
American Express Gold Corporate Card,American Express,Business Cards,American Express,"[""Best Business Credit Cards in India 2026"", ""Business Cards""]","₹1,000 + GST","₹4,500 +GST",N/A,,Reward Points,"RP can be redeemed for gift cards, Air/Hotel loyalty programs, etc.",,,"{""domestic"": ""N/A"", ""international"": ""Two complimentary airport lounge access with Priority Pass""}","To apply for the American Express Gold Corporate Card, one needs to meet the following criteria. Should be 18+ of age. Should be a resident of India. Has a stable job and has an annual income of ₹6 lakhs or more. Needs to have a good credit score .",3.5% per month,3.50%,"With the American Express Gold Card, users get zero charges for HPCL transactions less than ₹5,000 and a 1% fuel surcharge waiver for transactions above ₹5,000. A 1% waiver on fuel transactions at a minimum surcharge of ₹10 at all BPCL and IOCL stations. 2.5% fuel surcharge waiver at other fuel stations other than HPCL, BPCL, and IOCL. | 3.5% of the withdrawal amount subject to a minimum amount of ₹250 | N/A","The fuel surcharge is waived at HPCL stations. Offers business travel insurance to its cardholders up to ₹75,00,000. 1 Membership Reward Point for every ₹50 spent on business expenses 1 Membership Reward Point for every ₹100 spent on fuel, utility, insurance, etc.","[""This membership card offers the advantage of a modest joining fee of only ₹1,000."", ""This card offers access to VIP airport lounges both internationally and domestically.""]","[""There are no welcome or milestone benefits with this card."", ""The joining fee is ₹1,000, but the annual renewal fee from the second year onwards is ₹4,500, which is relatively high."", ""The fuel surcharge is not waived at all fuel stations but only at specific ones.""]",,cardinsider.com,https://cardinsider.com/business-cards/american-express-gold-corporate-card/
AU Business Cashback RuPay Credit Card,AU Small Finance Bank,Business Cards,RuPay,"[""Best Business Credit Cards in India 2026"", ""Business Cards""]",₹99 + GST Per Month,Nil,"The monthly membership fee can be waived off on spending Rs. 10,000 or more in the statement cycle",,Cashback,The cashback is credited automatically to the cardholder’s account,,,"{""domestic"": ""N/A"", ""international"": ""N/A""}",The applicant must meet the following eligibility requirements in order to apply for the AU Bank Business Cashback credit card – The applicant must be at least 21 to 60 years of age. The applicant must be a resident of India The applicant must have a stable income source and a decent credit score,3.75% Per Month (45% Per Annum),3.50%,"1% fuel surcharge waiver on transactions between Rs. 400 to Rs. 5,000, max Rs. 200 per month | 2.5% of the amount withdrawn or minimum Rs. 100, whichever is higher | Nil","• 1% cashback on repayment of Total Amount Due on their credit card bill • Instant loan is available on the credit card • 1% fuel surcharge waiver, maximum benefit of Rs. 200 per month • Up to 30% discount at partner restaurants with the Silver Spoon Dining program • 8 complimentary railway lounge access, max 2 per quarter • Transactions worth Rs. 2000 or above can be easily converted to EMIs • Business insurance, fire, burglary, and housebreaking insurance, card liability cover, and air accident cover • Spend-based monthly card fee waiver",[],[],,cardinsider.com,https://cardinsider.com/business-cards/au-bank-business-cashback-rupay-credit-card/
AU Corporate Credit Card,AU Small Finance Bank,Business Cards,Visa,"[""Best Business Credit Cards in India 2026"", ""Business Cards""]",Nil,Nil,N/A,,Reward Points,N/A,,,"{""domestic"": ""2 complimentary domestic airport lounge access per quarter"", ""international"": ""N/A""}",,3.49% (monthly); 41.88% (annually),2.99%,"A 1% fuel surcharge is waived for all fuel transactions up to ₹5,000 across all fuel stations | 2.5% of the over-limit amount (minimum ₹500) | N/A","The AU Corporate Credit Card has no joining or renewal fees. Cardholders enjoy two complimentary visits to domestic airport lounges every quarter. The card offers insurance coverage for travel-related issues, including air accidents and loss of baggage.","[""Web-based tool for easy expense tracking and management."", ""Zero liability for fraudulent transactions if the card is reported lost or stolen.""]","[""No welcome benefits or additional rewards programs.""]",,cardinsider.com,https://cardinsider.com/business-cards/au-corporate-credit-card/
Axis Bank Business Supreme Visa Credit Card,Axis Bank,Business Cards,"Visa, Mastercard","[""Best Business Credit Cards in India 2026"", ""Business Cards""]",Nil,Nil,N/A,,Reward Points,RP earned can be redeemed at the EDGE Rewards portal,,,"{""domestic"": ""N/A"", ""international"": ""N/A""}",,3.6% Monthly (43.20% Annually),3.50%,N/A | 2.5% or ₹500 | N/A,The Axis Bank Business Supreme Visa Credit Card has no joining or renewal fees. Earn 4 Reward Points for domestic travel and advertising expenses. Earn 3 Reward Points for international transactions. Earn 1 Reward Point for other eligible purchases. Get 100 Reward Points after your first online transaction.,"[""Enjoy double Reward Points during your birthday month."", ""No joining or renewal fees, making it a lifetime-free card.""]","[""The foreign currency markup fee is 3.5%, which is quite high."", ""No welcome benefits for new cardholders""]",,cardinsider.com,https://cardinsider.com/business-cards/axis-bank-business-supreme-visa-credit-card/
Axis Bank Executive Corporate Credit Card,Axis Bank,Business Cards,,"[""Best Business Credit Cards in India 2026"", ""Business Cards""]","₹3,500 + GST","₹3,500 + GST",N/A,,Reward Points,Redeem Reward points on exclusive reward redemption catalogue.,,,"{""domestic"": ""4 Free Visits Each Quarter"", ""international"": ""8 Complimentary Visits to Lounges Abroad in a Year""}",The eligibility criteria that need to be fulfilled by the applicants in order to get approved for the Axis Bank Executive Corporate Credit Card are as mentioned below: The minimum eligible age for this credit card is 21 years. The applicant should have a stable source of income. The applicant’s credit score and their business credit score might also be considered important factors.,3% of the Total Amount Due or a minimum charge of Rs. 350,2% of the transaction value,1% of transaction amount is refunded for fuel transactions between Rs. 400 and Rs. 4000 (Max. Rs. 400 per month) | 2.5% of the amount withdrawn or Rs. 250 (whichever is higher) | Nil,"On spending Rs. 200, get 4 Reward points on domestic spends and 8 Reward points on international spends. Get benefits like Airport Concierge, where you can enjoy three complimentary VIP assistance services in a year. Book up to 4 complimentary golf rounds or lessons in a year. Enjoy 24×7 Concierge Services while travelling with the Axis Bank Executive Corporate Credit Card. Get 8 times access in a year at over 1,110 airport lounges worldwide. 4 complimentary access to domestic lounges in India.",[],[],,cardinsider.com,https://cardinsider.com/business-cards/axis-bank-executive-corporate-credit-card/
Axis Bank MY Business Credit Card,Axis Bank,Business Cards,,"[""Best Business Credit Cards in India 2026"", ""Business Cards""]",Rs. 999 (plus applicable taxes),Rs. 499 (plus applicable taxes),N/A,,Reward Points,Redeem Reward points on exclusive reward redemption catalogue on EDGE Loyalty Rewards.,,,"{""domestic"": ""2 Complimentary Airport Lounges within India every quarter."", ""international"": ""N/A""}",The eligibility criteria that need to be fulfilled by the applicants to get approved for the Axis Bank MY Business Credit Card are as mentioned below: The minimum eligible age for this credit card is 21 years. The applicant should have a stable source of income. The applicant’s credit score and their business credit score might also be considered important factors.,3.25% p.m. (46.78% p.a.),3.5% of the transaction value,1% fuel surcharge waiver for fuel transactions between Rs. 400 and Rs. 4000. | 2.5% of the amount withdrawn or Rs. 250 (whichever is higher). | Nil,Get 4 Reward Points for every Rs. 200 spent. 100 points on first transactions. Double reward points in your birthday month. 1% Fuel Surcharge Waiver on all fuel transactions. Complimentary Airport Lounges within India. Withdraw Cash up to 30% of the credit limit. Pay bills automatically. Convert all your purchases into EMIs.,[],[],,cardinsider.com,https://cardinsider.com/business-cards/axis-bank-my-business-credit-card/
Axis Business Supreme Master Credit Card,Axis Bank,Business Cards,"Visa, Mastercard","[""Best Business Credit Cards in India 2026"", ""Business Cards""]","₹1,500 + GST","₹1,500 + GST",N/A,,Reward Points,Rewards can be Redeemed at EDGE Rewards Portal,,"Yes, cardholders can earn 10,000 EDGE RPs on transactions above ₹5 lakh and 5,000 RPs on spends above ₹8 lakh.","{""domestic"": ""4 Free Access at Select Airport Lounges"", ""international"": ""N/A""}",,3.6% Monthly (43.2% Annually),3.50%,1% | 2.5% of the Amount or ₹500; Whichever is Less | Up to ₹99 + GST,"Useful for sole proprietors managing business expenses, such as utilities, taxes, and insurance. Offers accelerated rewards on specific spending categories.","[""Accelerated rewards for business spends like marketing & advertising."", ""High reward rate on international transactions."", ""Domestic airport lounge access."", ""Milestone benefits for high annual spenders.""]","[""No welcome benefits."", ""No dining, travel, golf, or insurance perks."", ""No spend-based fee waiver.""]",,cardinsider.com,https://cardinsider.com/business-cards/axis-business-supreme-master-credit-card/
BOBCARD CORPORATE Credit Card,Bank of Baroda,Business Cards,,"[""Best Business Credit Cards in India 2026"", ""Business Cards""]",Nil,"₹1,000 + GST",NA,,Reward Points,Redeem reward points from multiple redemption options. 1 Reward Point = Re. 0.25.,,,"{""domestic"": ""8 complimentary domestic airport lounge access annually. (2 visits per quarter)"", ""international"": ""NA""}","Resident of India. Sole proprietorships are not eligible. The age of individual Corporate card applicants should be a minimum of 21 Years and Max 65 Years. Corporate must hold the following Bank of Baroda relationship: CC/OD relationship, Current Account relationship, or Fixed Deposit relationship.",3.25% per month (39% per annum),3.5% on the conversion amount,"1% fuel surcharge waiver on all fuel transactions between Rs. 500 to Rs. 3,000. | 2.5% on withdrawal amount subject to a minimum charge of Rs. 500. | Nil",This card comes with zero first-year charges. 1 Reward Point for every Rs. 100 spent. 8 complimentary airport lounge access annually. Insurance protection is available for air accident deaths and non-air accident cases. 1% Fuel Surcharge waiver on all fuel transactions. Easy EMI option for every transaction. Fourth Line Embossing for the corporates.,[],[],,cardinsider.com,https://cardinsider.com/business-cards/bank-of-baroda-corporate-credit-card/
BOBCARD Empower Credit Card,Bank of Baroda,Business Cards,,"[""Best Business Credit Cards in India 2026"", ""Business Cards""]",Nil,₹250 + GST,"Renewal fee waived on spending Rs. 50,000 or more in the previous year.",,Reward Points,1 RP = ₹0.25,,,"{""domestic"": ""N/A"", ""international"": ""N/A""}",The eligibility criteria that you have to fulfill in order to get approved for the Bank of Baroda Empower Credit Card are listed below: The age of the cardholders should lie between 21 years and 65 years. The applicant should be an Indian resident. The minimum required income for BoB customers is 2.4 lakhs per annum. The minimum required income for non-BoB customers is 4.8 lakhs per annum.,3.75% Per Month,3.5% of the total transaction amount.,"1% fuel surcharge waiver on all fuel purchase (up to Rs. 250 per month) | 2.5% of the Withdrawn Amount or ₹500, Whichever is Higher | Nil",No joining fee. 1 Reward Point for every spend of ₹100. Reward Points are redeemable against cashback. 1% fuel surcharge waiver on all fuel spends. Spend-based waiver of the annual membership fee.,[],[],,cardinsider.com,https://cardinsider.com/business-cards/bob-empower-credit-card/
BOBCARD Micro Enterprise Credit Card,Bank of Baroda,Business Cards,,"[""Best Business Credit Cards in India 2026"", ""Business Cards""]",Nil,₹500 + GST,"Annual Charges Waived on Spends of ₹50,000",,Reward Points,Redeem 1 RP = ₹0.25 for Cashback,,,"{""domestic"": ""N/A"", ""international"": ""N/A""}",,1.5% Per Month and (18% Per Annum),3.50%,"1% Surcharge on Fuel Spends Between ₹400 – ₹5,000 (Maximum ₹250 Per Statement Cycle) | 2.5% | N/A","The card has no joining fee but has an annual fee of ₹500 + GST, which is waivable on ₹50,000 annual spends. Earn 1 Reward Point for every ₹100 spent on eligible purchases Foreign currency markup fee of 3.5% on international transactions Interest charged at 1.5% per month (18% per annum) on outstanding dues 1% fuel surcharge waiver on fuel spends between ₹400 and ₹5,000 (max ₹250 per statement cycle)","[""The credit has no joining fee and a low annual fee, which makes it accessible for small business owners.""]","[""The card offers a low reward rate compared to many other entry-level and lifetime free credit cards.""]",,cardinsider.com,https://cardinsider.com/business-cards/bobcard-micro-enterprise-credit-card/
Fed Starbiz Credit Card,Federal Bank,Business Cards,,"[""Best Business Credit Cards in India 2026"", ""Business Cards""]",₹275 + GST,₹275 + GST,N/A,,,N/A,,,"{""domestic"": ""N/A"", ""international"": ""N/A""}","You must have an Overdraft account with Federal Bank , and the limit should be up to ₹50 lakhs. Only individuals and sole proprietors are eligible to apply. This means if you are self-employed or run your own business as an individual, you can apply. Users should be involved in activities that are classified under the MSMED Act of 2006, which includes manufacturing and service businesses.",N/A,N/A,N/A | N/A | N/A,The Fed StarBiz Credit Card can be availed by those who are using an overdraft credit card account. This card offers a daily usage limit of ₹3 lakhs. The card has an annual fee of ₹275 along with taxes.,"[""This card is widely accepted globally."", ""Users are offered different modes of transactions.""]","[""There are no benefits with this card. Users will not receive any welcome perks, airport lounge access, dining, or entertainment perks. They will not even receive any Reward Points or cashbacks.""]",,cardinsider.com,https://cardinsider.com/business-cards/fed-starbiz-credit-card/
Flipkart Wholesale HDFC Bank Credit Card,HDFC Bank,Business Cards,,"[""Business Cards""]",Nil,₹499 + GST,Spends ₹3 Lakh or More in a Year for Annual Fee Waiver,,Cashback,N/A,,,"{""domestic"": ""N/A"", ""international"": ""N/A""}",,N/A,3.50%,1% Surcharge Waiver (Max of ₹250 Per Statement Cycle) | N/A | Nil,"Most suited for wholesalers and resellers who shop with Flipkart Wholesale. Earn 5% cashback on spends made with Flipkart Wholesale. 5% cashback on telecom, utility, tax, and government spending upto ₹250 monthly.",[],"["""", """"]",,cardinsider.com,https://cardinsider.com/business-cards/flipkart-wholesale-hdfc-bank-credit-card/
HDFC Bank BizBlack Metal Edition Credit Card,HDFC Bank,Business Cards,,"[""Best Business Credit Cards in India 2026"", ""Business Cards""]","₹10,000 + GST","₹10,000 + GST",Renewal Fee Waiver on Spends of Rs. 7.5 Lakhs,,Reward Points,"RPs Can be Redeemed for Vouchers, Flight/Hotel Bookings, and Cash Against Statement. 1 Reward Point = Up to ₹1","Complimentary Club Marriott Annual Membership and Taj Stay voucher worth ₹5000. To avail of these benefits, cardholders must spend ₹1.5 lakh within 90 days of card issuance. You can see the full details here .","For each spend of ₹5 lakh, BizBlack Credit Card holders can avail of a SmartBuy Flight/Taj Stay voucher worth ₹5,000. In a calendar year, you can earn up to 4 vouchers, i.e., up to ₹20,000 on spends of ₹20 lakh. A calendar year is defined as the time period from January to December. All retail spends are eligible for the milestone benefit except EMI, rent, and fuel. A qualified cardholder can redeem the milestone benefit within 90 days; after this period, the benefit will expire. Once the validation is successfully completed, the cardholder can choose and claim one voucher for the eligible benefit. Only one voucher worth ₹5,000 can be redeemed at the cardholder’s discretion. The Flight Voucher will be valid for six months from the date of redemption. In contrast, the Taj Stay Voucher will be valid for 365 days from the date of redemption. The validity of the voucher will be specified in the communication; after this period, the benefits will expire. Please note that voucher validity cannot be extended after it has expired.","{""domestic"": ""Unlimited Free Lounge Access"", ""international"": ""Unlimited Free International Lounge Access""}",,1.99% Monthly (23.88% Annually),2% of the Total Transaction Amount,N/A | 2.5% or Rs. 500 | Nil,Earn 5X Reward Points on select eligible categories. Earn 5 Reward Points/₹150 on all other spends (Base Reward Rate). Renewal fees can be waived by spending ₹7.5 lakh in a card anniversary year. Unlimited domestic and international airport lounge access for both primary and add-on cardholders. Discounts on dining via Swiggy Dineout.,"[""This card offers accelerated reward points for business spends."", ""Unlimited lounge access is offered with this card.""]","[""Due to the high joining fee, this card is only available to large businesses and enterprises."", ""No Reward Points are awarded for fuel, education, and rent payments.""]",,cardinsider.com,https://cardinsider.com/business-cards/hdfc-bank-bizblack-metal-edition-credit-card/
HDFC Bank BizFirst Credit Card,HDFC Bank,Business Cards,,"[""Best Business Credit Cards in India 2026"", ""Business Cards""]",Rs. 500 + GST,Rs. 500 + GST,"Renewal Fee Waiver on Spends of Rs. 50,000",,Reward Points,"Rewards Can Be Redeemed for Vouchers, Flight/Hotel Bookings, and Cashback Against Statement","When you make your first transaction with the HDFC Bank BizFirst Credit Card, you will receive an Amazon or Swiggy voucher worth Rs. 250.","Earn 2,000 CashPoints each quarter on spends of ₹75,000 or more. All retail spending is eligible for this, except fuel and rent payments.","{""domestic"": ""N/A"", ""international"": ""N/A""}",,3.75% Monthly (45% Annually),3.50%,"Waiver Up to ₹250 Each Statement Cycle on Transactions Between ₹400 and ₹5,000 | 2.5% or Rs. 500 | ₹99 + GST","This is a card most suited for businessmen. This card offers 55 days of interest-free credit. One can earn a maximum of 15,000 Reward Points with this card. Although there are no entertainment benefits offered, cardholders can avail special discount on dining bills via Swiggy.","[""This card comes at a low joining fee of Rs. 500.""]","[""Other than a decent reward structure, this card doesn’t offer any other benefits.""]",,cardinsider.com,https://cardinsider.com/business-cards/hdfc-bank-bizfirst-credit-card/
HDFC Bank BizGrow Credit Card,HDFC Bank,Business Cards,,"[""Best Business Credit Cards in India 2026"", ""Business Cards""]",₹500 + GST,₹500 + GST,Renewal Fee Waiver on Spends of Rs. 1 Lakh,,Reward Points,"Rewards Can Be Redeemed for Vouchers, Flight/Hotel Bookings, and Cashback Against Statement",Get a gift voucher worth Rs. 250 on making one transaction within 30 days of card issuance. These vouchers can be redeemed for popular brands like Amazon and Swiggy.,"On spending Rs. 1 lakh every quarter, you shall receive 2,000 Cash Points. These Cash Points can be redeemed using multiple options like cashback and vouchers.","{""domestic"": ""N/A"", ""international"": ""N/A""}",,3.75% Monthly (45% Annually),3.50%,"Fuel Surcharge Waiver Up to Rs. 250 Each Statement Cycle on Transactions Between Rs. 400 and Rs. 5,000. | 2.5% or Rs. 500 | Rs. 99",This card comes at a joining charge of Rs. 500 plus applicable taxes. This card is most suited for small businesses. You can earn up to 10X Cash Points for select categories of spends.,"[""This card comes at a low joining fee of Rs. 500.""]","[""There is no lounge access provided with this card.""]",,cardinsider.com,https://cardinsider.com/business-cards/hdfc-bank-bizgrow-credit-card/
HDFC Bank BizPower Credit Card,HDFC Bank,Business Cards,,"[""Best Business Credit Cards in India 2026"", ""Business Cards""]","₹2,500 + GST","₹2,500 + GST",Renewal Fee is Waived on Spends of Rs. 4 Lakh in a Card Anniversary Year,,Reward Points,"Redeem Against Cashback or Vouchers, Airmiles, and Flight/Hotel Bookings",,"You can earn vouchers worth ₹2,500 by spending ₹2.5 lakh each quarter. These vouchers are for popular brands, namely MakeMyTrip and Reliance Digital . A calendar quarter is as follows: Jan-Mar, Apr-Jun, Jul-Sep, and Oct-Dec.","{""domestic"": ""Up to 16 Free Airport Lounge Visits in a Year"", ""international"": ""6 Visits With Priority Pass""}","You would have to fulfill the following criteria to be eligible for the BizPower Credit Card A self-employed Indian citizen who is between 21 and 65 years old. Applicant should have annual income tax returns above Rs. 12 Lakhs. Customers can successfully be eligible to apply for a credit card using their ITR, GST returns, bank statements, and merchant payment reports. To apply for the BizPower Credit Card, please click on the “Apply Now” button.",3.75% Monthly (45% Annually),2%,N/A | 2.5% or ₹500 (Whichever is Higher) | ₹99 + GST,"Earn 4 RPs/₹200 for business spends. Earn accelerated 5X (20 Reward Points) for certain categories like bill payments, tax payments, business software purchases, and flight/hotel bookings. Low forex markup charge of 2%. Reasonable joining and renewal charges of ₹2,500.","[""You can make your income tax and GST bill payments using this credit cards."", ""You would earn 5X bonus reward points on select categories like Google Ads and Reliance Digital, which will be highly beneficial for many businesses.""]","[""There are no insurance benefits provided with this card. If you still require insurance, you can choose from multiple plans and purchase the one suited for you.""]",,cardinsider.com,https://cardinsider.com/business-cards/hdfc-bank-bizpower-credit-card/
HDFC Bank Purchase Premium Credit Card,HDFC Bank,Business Cards,,"[""Best Business Credit Cards in India 2026"", ""Business Cards""]",Nil,Nil,N/A,,"Reward Points, Cashback",N/A,,,"{""domestic"": ""N/A"", ""international"": ""N/A""}",There are many benefits of having the HDFC Bank Purchase Premium Credit Card such as–,1.99% per month or 23.88% annually,2.5% of the transacted value,1% fuel surcharge waiver | 1% of the transacted amount | Nil,5% cashback on your monthly spending 4 reward points for every Rs. 150 spent Reward redemption rate is 1 RP = 0.20 paisa 5% forex markup fee 1% fuel surcharge waiver of up to Rs. 500 50 days of credit period on the card,[],[],,cardinsider.com,https://cardinsider.com/business-cards/hdfc-bank-purchase-premium-credit-card/
HDFC Bank UPI RuPay Biz Credit Card,HDFC Bank,Business Cards,RuPay,"[""Best Business Credit Cards in India 2026"", ""Business Cards""]",₹99 + GST,₹99 + GST,"Renewal fee waived if last year’s expenses were more than Rs. 25,000",,Cashback,"Cashpoint earned can be redeemed against the statement balance, flights, and hotel bookings, rate of 1 Cashpoint = Rs. 0.25",,"The annual fee will be waived at the minimum spend of Rs. 25,000 in the last annual year.","{""domestic"": ""N/A"", ""international"": ""N/A""}",,3.60% monthly and 43.20% annually,3.5% on the transacted amount,"1% fuel surcharge waiver | 2.5% or Rs. 500, whichever is higher | Nil","3% Cashpoints on groceries, Super Market, and Dining expenses 2% cash points on all the Utility spends. 1% Cashpoints on every other spend. 50 days of the interest-free period. Renewal membership fee waiver at a minimum spend of Rs. 25,000. Cashpoints accumulated against the expenses can be redeemed against the flight bookings, hotel bookings, the statement, etc. 1% fuel surcharge waiver.",[],[],,cardinsider.com,https://cardinsider.com/business-cards/hdfc-bank-upi-rupay-biz-credit-card/
HDFC Bank Business MoneyBack Credit Card,HDFC Bank,Business Cards,,"[""Best Business Credit Cards in India 2026"", ""Business Cards""]",₹500 + GST,₹500 + GST,"Spend Rs. 50,000 in a year and get a waiver of next year’s annual membership fee.",,Reward Points,1 Reward Point = Up to ₹0.25,,"The cardholders can earn 2,500 Bonus Reward Points on annual spends of ₹1,80,000.","{""domestic"": ""N/A"", ""international"": ""N/A""}","Like the general credit cards, corporate cards also have some specific eligibility criteria that need to be fulfilled by the applicants in order to get approved for this credit card. The following are some basic eligibility requirements for the HDFC Bank Business MoneyBack Credit Card:",3.75% Per Month (45% Per Annum),3.50%,"1% fuel surcharge waived off for all transactions between Rs. 400 & Rs. 5,000 and Maximum Cashback of ₹250 per statement cycle. | 2.5% of the withdrawal amount subject to a minimum charge of Rs 500 | ₹99 + GST","Get 4 Reward Points on every ₹150 spent online and 2 Reward Points on every other spend of ₹150. 5% Cashback on Telecom, Utility, Govt & Tax Payments. Zero cost liability on reporting the lost card to the bank’s 24-hour call center. Get a 1% fuel surcharge waiver. Save upto 20% on dining bills paid through Swiggy Dineout.",[],[],,cardinsider.com,https://cardinsider.com/business-cards/hdfc-business-moneyback-credit-card/
HDFC Business Regalia Credit Card,HDFC Bank,Business Cards,,"[""Best Business Credit Cards in India 2026"", ""Business Cards""]","₹2,500 + GST","₹2,500 + GST",The renewal fee is waived off on spends of more than Rs. 3 lakh in the previous year.,,Reward Points,Choose to redeem your Reward Points instantly against Airline ticket booking and Hotel bookings.,,"With the HDFC Business Regalia Credit Card, you will receive bonus Reward Points on achieving milestone spends. EMI spends do not count towards the calculation of milestone spends. Earn 10,000 Bonus Reward Points on annual spends of ₹5,00,000. Earn an additional 5,000 Bonus Reward Points on annual spends of ₹8,00,000.","{""domestic"": ""8 Free Lounge Access Per Year (2 Per Quarter) on Spending ₹1 Lakh in the Previous Quarter"", ""international"": ""6 Complimentary International Lounge Visits Per Calendar Year via Priority Pass""}",The eligibility requirements that need to be fulfilled by the applicants to get approved for the HDFC Regalia Business Card are mentioned below in the table:,3.75% Per Month (45% Per Annum),3.50%,1% fuel surcharge waiver at all fuel stations in India on a minimum of Rs. 400 transaction and a maximum of Rs. 5000 transaction. | 2.5% of the transaction amount or Rs. 500 (whichever is higher) | ₹99 + GST,Earn 4 Reward Points on every transaction of ₹150. Enjoy up to 50 days of interest-free credit period. Zero cost liability on reporting the lost card to the bank’s 24-hour call center. Enjoy the 24/7 Concierge Services on your HDFC Bank Business Regalia Credit Card Priority Pass for self and add-on members. Get a 1% fuel surcharge waiver.,[],[],,cardinsider.com,https://cardinsider.com/business-cards/hdfc-business-regalia-credit-card/
HDFC Bank Corporate Platinum Credit Card,HDFC Bank,Business Cards,,"[""Best Business Credit Cards in India 2026"", ""Business Cards""]",NIL,Nil,N/A,,Reward Points,"Reward Points can be redeemed for miles against leading International and Domestic airlines, hotels and catalogue options. These Reward points are valid up to 2 years",,,"{""domestic"": ""8 domestic airport lounge access annually"", ""international"": ""N/A""}",The eligibility requirements that need to be fulfilled to get the HDFC Bank Corporate Platinum Credit Card are as mentioned below: The applicant’s age should lie between 21 years and 65 years. The applicant should be owe a registered business with a stable income. The credit score of the applicant or the business might also be an important factor to be considered here.,3.49% per month (41.88% per annum),3.5% on the conversion amount (plus applicable taxes),1% fuel surcharge waiver on all your fuel transactions using this credit card at all petrol pumps across India. | 2.5% of the withdrawal amount subject to a minimum charge of Rs 500 | Rs. 99 per redemption request (plus applicable taxes),Get 3 Reward Points for every Rs. 150 spent with the card. Enjoy 8 domestic airport lounge access per year. Get Corporate Liability Waiver Insurance. Insurance Protection up to Rs 1 Crore Up to 50 Days Credit Period Get 1% Fuel surcharge waiver,[],[],,cardinsider.com,https://cardinsider.com/business-cards/hdfc-corporate-platinum-credit-card/
HDFC Bank Corporate Premium Credit Card,HDFC Bank,Business Cards,,"[""Best Business Credit Cards in India 2026"", ""Business Cards""]",NIL,Nil,N/A,,Reward Points,"Redeem Reward Points for miles against leading International and Domestic airlines, hotels and catalogue options.",,,"{""domestic"": ""20 complimentary domestic lounge access per year"", ""international"": ""Up to 6 complimentary access to International lounges via priority pass""}",The eligibility requirements that need to be fulfilled in order to get approved for the HDFC Bank Corporate Premium Credit Card are as mentioned below: The age of the applicant should be between 21 years and 65 years. The applicant should be running a business with a stable income. The applicant’s personal credit score or business credit score might also be considered.,2.95% per month (35.4% annually),2.5% (plus applicable taxes),1% Fuel Surcharge Waiver | 2.5% of the transacted amount or ₹500 (whichever is higher). | ₹99 (plus applicable taxes),"Get 5 Reward Points for every ₹150 spent Enjoy 20 domestic airport lounge access annually & 6 International with Priority Pass program. Get Corporate Liability Waiver Insurance and Insurance Protection up to Rs 1 Crore. Enjoy Greater Savings, Advanced Reconciliation Process and Better Visibility through Enhanced Reporting Tools. Enjoy 50 days of interest free period. Get 1% Fuel surcharge waiver on fuel transactions.",[],[],,cardinsider.com,https://cardinsider.com/business-cards/hdfc-corporate-premium-credit-card/
HDFC Giga Business Credit Card,HDFC Bank,Business Cards,,"[""Best Business Credit Cards in India 2026"", ""Business Cards""]",₹500 + GST,₹500 + GST,"Renewal Fee Waiver on Annual Spends of ₹50,000",,Reward Points,"Redeem Against Multiple Options, Including Cash Against Statements and Various Catalogs. Maximum Value of 1 Cash Point = ₹0.30","After making the first transaction with the HDFC Giga Business Credit Card, cardholders are eligible for a gift voucher worth ₹250, which shall be redeemable with brands such as Swiggy, Amazon, and more.",,"{""domestic"": ""N/A"", ""international"": ""N/A""}","All self-employed individuals between the ages of 21 and 65 with an annual income of ₹4 lakh or above can easily apply for this credit card. This criteria is quite basic and allows a large number of freelancers, even those who are just starting out, to take advantage of the benefits of a business credit card. This includes rewards on utility bill payments, such as electricity. Which Documents Are Required for this Card? 12 Months Bank Statement Income Tax Return (ITR) Merchant Payment Reports and GST Returns",3.75% Monthly and 45% Annually,3.50%,"1% Surcharge Waived for Transactions Between ₹400 and ₹5,000 | 2.5% | ₹99 + GST","The Giga Business Credit Card is most suited for freelance professionals. This card comes at an affordable joining fee of ₹500. Earn 6 Cash Points/₹200 spent on business spends such as advertising, software purchases, and more. Get a 1% fuel surcharge waiver on transactions between ₹400 and ₹5,000. Milestone benefit of 800 Cash Points on a monthly spend of ₹50,000 or more.","[""The HDFC Giga Business Credit Card has a low joining fee of ₹500, making it affordable for many people.""]","[""The welcome benefit offered with this card could have been better; even Reward Points worth the joining amount would have sufficed.""]",,cardinsider.com,https://cardinsider.com/business-cards/hdfc-giga-business-credit-card/
HDFC Purchase Credit Card,HDFC Bank,Business Cards,,"[""Best Business Credit Cards in India 2026"", ""Business Cards""]",NIL,Nil,N/A,,Reward Points,N/A,,,"{""domestic"": ""N/A"", ""international"": ""N/A""}",The eligibility criteria that need to be fulfilled in order to get approved for the HDFC Corporate Purchase Credit Card are as mentioned below: The applicant’s age should be between 21 years to 65 years. The applicant should have a registered business with a stable income. The credit score of the applicant might also play an important role here.,3.75% Per Month,3.5% (plus applicable taxes),1% to 2.5% | 2.50% of the withdrawn amount (subject to a minimum charge of Rs. 500) | Nil,Better Control on expenses Up to 45 Days of credit period on the Purchase Card Restrictions can be placed on cards as per transaction and vendor/ merchant category Reduces transaction processing time and overall cost of high volume & low value transactions Fuel Surcharge from 1% to 2.5%,[],[],,cardinsider.com,https://cardinsider.com/business-cards/hdfc-purchase-credit-card/
ICICI Bank Business Advantage Black Card,ICICI Bank,Business Cards,Visa,"[""Best Business Credit Cards in India 2026"", ""Business Cards""]","₹1,500 + GST","₹1,000 + GST","Joining fee Fee waived off if eligible spends is greater than ₹75,000 within 60 days of card setup and Renewal fee waived off  if eligible spends is greater than ₹7,50,000 in an anniversary year.",,,"Cashbacks depends upon the statement balance, the more you spend more cashback you earn. Cashbacks are directly added to the account.",,,"{""domestic"": ""Get 2 complimentary access per quarter at select Airport Lounges."", ""international"": ""NA""}",,3.0% per month (36.0% per annum),3.5% of the transaction amount,"Fuel surcharge waiver of up to 1% on transaction value on HPCL petrol pumps, (capped at Rs. 500 per month) | 2.5% of the transaction amount or subject to a minimum fee of Rs.300 | Nil","Get up to 1% Cashbacks every month on every eligible spends, Maximum up to Rs. 2,000. 5% savings on dining spends at select partners under ICICI Bank Culinary Treats Programme. Make fast, convenient and secure payments at retail outlets with Visa payWave contactless technology. Enjoy the 24×7 concierge service on your ICICI Bank Business Advantage Black Card for all your needs. Get Fuel surcharge waiver of up to 1% on transaction value on HPCL petrol pumps, (capped at Rs. 500 per month) Enjoy up to 48 days of interest-free credit on Business Advantage Black Card for your business expenses. Use your Business Advantage Black Card to make utility bill payments from the comfort of your office or home. Get a minimum discount of 15% on your dining bill at over 2500+ restaurants with the  ICICI Bank Culinary Treats programme.",[],[],,cardinsider.com,https://cardinsider.com/business-cards/icici-business-advantage-black-card/
ICICI Bank Business Advantage Blue Card,ICICI Bank,Business Cards,,"[""Business Cards""]",Rs. 500 (plus applicable taxes),Rs. 500 (plus applicable taxes),"Waiver of renewal fee on the spending of Rs. 5 Lakh in the previous year. Waiver of joining fee on spends of Rs. 50,000 within 60 days of the card setup date.",,,The cashback will be credited to the cardholder’s account within 30-45 days.,,,"{""domestic"": ""2 complimentary visits per quarter at selected airport lounges"", ""international"": ""NA""}",Only Indian residents can apply for this card. The age bracket for self-employed individuals lies between 21 years to 65 years. The add-on cardholder should at least be 18 years of age to get this card. The cardholder should have a stable source of income. The cardholder must have a good credit score to be eligible for this credit card.,3.40% per month (or 40.80% annually),3.5% on all international transactions,"1% at all HPCL fuel stations in India | 2.5% of the amount or Rs. 300, higher of the two | Nil",Up to 1% cashback on domestic and international spends 0.20% cashback on the payment of the credit card bill 15% discount on your dining bills 24×7 concierge services 1% fuel surcharge waiver at HPCL fuel stations Complimentary lounge access,[],[],,cardinsider.com,https://cardinsider.com/business-cards/icici-business-advantage-blue-card/
IDFC Business Max Credit Card,IDFC FIRST Bank,Business Cards,,"[""Best Business Credit Cards in India 2026"", ""Business Cards""]",Lifetime Free,Lifetime Free,N/A,,Reward Points,1 RP =  ₹0.25,,,"{""domestic"": ""N/A"", ""international"": ""N/A""}","To apply for the IDFC Business Max Credit Card, you need to meet the following criteria: To apply for the credit card, one must be either self-employed or a sole proprietor. The documents required to apply for credit cards are PAN, Aadhaar, and GST Number. The applicant also needs to have a minimum Fixed Deposit of ₹10,000. The applicant should be above the age of 18.",1% Monthly (12% Per Annum),1.50%,Fuel Surcharge Waived Up to ₹200 per month | ₹199 + GST | N/A,"The credit card does not have any joining or annual fees. This credit card is a secured credit card, so one should have a minimum fixed deposit of ₹10,000. Earn reward points on online and offline purchases, hotel bookings, and flight bookings made using the IDFC First Mobile Banking app. The credit card offers a low interest rate, which is 1% per month (12% per annum), which is comparatively low compared to other credit cards. The credit card charges a low forex markup while doing international transactions, which is 1.5%.","[""The IDFC Business Max Credit Card is a lifetime free credit card, so it is a great option for new users who don’t want to spend extra money on joining and an annual fee."", ""It has a low interest rate of 1% Monthly (12% Per Annum) and a low forex markup of 1.5%, which is low when compared to other credit cards.""]","[""The card provides a low reward value of 1 RP for ₹0.25. This is considered low because users need to gather many points to earn even a small cash benefit."", ""The credit card does not offer any domestic or international lounge, which can be a con for users who travel a lot.""]",,cardinsider.com,https://cardinsider.com/business-cards/idfc-business-max-credit-card/
IDFC Business Multiplier Credit Card,IDFC FIRST Bank,Business Cards,,"[""Best Business Credit Cards in India 2026"", ""Business Cards""]","₹1,000 + GST","₹1,000 + GST",Annual Charges Waived on Spends of ₹5 Lakh,,Reward Points,"Redeem Reward Points for Travel, Vouchers, and More. 1 Reward Point = ₹0.25",,,"{""domestic"": ""Once Every Quarter"", ""international"": ""Once Every Quarter Via DreamFolks""}","To apply for the IDFC Business Multiplier Credit Card, you need to meet the following criteria: Business Type: Proprietorship Documents Required: PAN, Aadhaar, and GST Number Fixed Deposit Requirement: Minimum FD of ₹50,000 The card is issued against a fixed deposit, with the credit limit set at up to 100% of the FD amount, making it easier for businesses to get approved without traditional income checks.",Monthly Rate – 1% (Annual Rate – 12%),Zero,1% Waiver Up to ₹400 Each Statement Cycle | ₹199 + GST | ₹99 + GST,"The IDFC Business Multiplier Credit Card is a premium metal, FD-backed business credit card designed for business users. It is issued by IDFC FIRST Bank, known for offering feature-rich credit cards. To apply, you need a minimum fixed deposit of ₹50,000, and the credit limit is issued up to 100% of the FD amount. The card is best suited for proprietors, SMEs, and growing businesses looking to manage their expenses efficiently. One of its key highlights is the ability to earn rewards on GST and tax payments, along with zero forex markup on international spends. You can also issue up to 5 add-on cards, making it easier to manage team and business-related expenses.","[""There are no forex markup charges on this card, making it a great option for international business spending."", ""Another area where this card stands out is travel benefits. While many business cards overlook this, the Business Multiplier Credit Card offers airport lounge access along with a Cancel for Any Reason (CFAR) cover, adding extra value for frequent travellers.""]","[""There are no milestone benefits offered with this card, which feels like a missed opportunity given its focus on higher reward earning. With an accelerated reward structure in place, milestone benefits could have added more value for high spenders."", ""Additionally, the overall reward rate could have been slightly better, especially considering that users also have to bear payment gateway charges on tax transactions.""]",,cardinsider.com,https://cardinsider.com/business-cards/idfc-business-multiplier-credit-card/
IDFC FIRST Bank Business Credit Card,IDFC FIRST Bank,Business Cards,,"[""Best Business Credit Cards in India 2026"", ""Business Cards""]",₹499 + GST,₹999 + GST,N/A,,Reward Points,1 Reward Point = ₹0.25,,,"{""domestic"": ""2 Each Quarter (International or Domestic)"", ""international"": ""2 Each Quarter (International or Domestic)""}",,Starting at 1.5% Per Month,1.99%,Waiver up to ₹500 Each Statement Cycle | N/A | ₹99 + GST,Up to 10X RPs on business spends. Up to 2X RPs on restaurant spends. Free domestic and international airport lounge access. Fuel surcharge waiver up to ₹500. Discounts and offers on ad spends.,"[""This card is helpful for small and medium-sized businesses."", ""Reward Points are valid for a lifetime.""]","[""While the card offers strong reward earning, the redemption options could have been better.""]",,cardinsider.com,https://cardinsider.com/business-cards/idfc-first-business-credit-card/
IndusInd Bank eSvarna Corporate Card,IndusInd Bank,Business Cards,RuPay,"[""Business Cards""]",Nil,Nil,N/A,,,N/A,,,"{""domestic"": ""8 Free Visits Each Year"", ""international"": ""2 Visits Each Year""}",,Nil,3.50%,"1% Waiver on Fuel Spends Between Rs. 400 to Rs. 4,000 | 3.35% | N/A",This is a corporate credit card. International and domestic lounge access is provided. You can avail a fuel surcharge waiver of 1%. There are no joining or renewal charges.,[],[],,cardinsider.com,https://cardinsider.com/business-cards/indusind-bank-esvarna-corporate-card/
IndusInd Bank Saarthi Business Card,IndusInd Bank,Business Cards,Visa,"[""Best Business Credit Cards in India 2026"", ""Business Cards""]","2,500 + GST","1,499 + GST",Waiver of Annual Charges on Spends of Rs. 1 Lakh,,Reward Points,At IndusMoments,,,"{""domestic"": ""2 Lounge Access Per Quarter"", ""international"": ""N/A""}",,2.49% Per Month,3.5% of the Total Amount,1% on Fuel Transactions Between Rs. 400 and Rs. 4000 | 2.5% of the Amount | N/A,Lower interest rate. 1 RP for domestic transactions and 2 RPs for international ones. Domestic lounge access is included. Contactless payments can be made with this card.,"[""This card offers business insurance, which is very beneficial and cannot be availed with personal credit cards."", ""For ease of travel, free airport lounge access is included with the Saarthi Business Credit Card.""]","[""Since this card is on the Visa network, it cannot be linked to UPI."", ""While free access to domestic lounges is available, there is no access provided to international lounges.""]",,cardinsider.com,https://cardinsider.com/business-cards/indusind-bank-saarthi-business-card/
IndusInd Bank Vrddhi Business Card,IndusInd Bank,Business Cards,,"[""Best Business Credit Cards in India 2026"", ""Business Cards""]","Rs. 10,000 + GST","Rs. 4,999 + GST",Annual Fee Waiver on Spends of Rs. 1 Lakh,,Reward Points,At IndusMoments,,,"{""domestic"": ""3 Complimentary Visits Per Quarter"", ""international"": ""N/A""}",,1.99% Monthly & 23.88% Yearly,1.89% of the Total Amount,1% on Fuel Transactions Between Rs. 400 and Rs. 4000 | N/A | N/A,Low rate of interest. 2 RPs for every Rs. 100 spent and 4 RPs on international spends made with this card. 1% fuel surcharge waiver.,"[""This credit card has a low monthly interest rate of 1.99%."", ""You get free lounge access with this card.""]","[""Although you get benefits worth the same, the joining fee of Rs. 10,000 is quite high."", ""There aren’t any golf or movie benefits associated with this card.""]",,cardinsider.com,https://cardinsider.com/business-cards/indusind-bank-vrddhi-business-card/
IndusInd Bank Contactless Corporate Credit Card,IndusInd Bank,Business Cards,Visa,"[""Best Business Credit Cards in India 2026"", ""Business Cards""]",NIL,Rs. 999 (plus applicable taxes),N/A,,N/A,N/A,,,"{""domestic"": ""2 complimentary lounge visits per quarter with the Visa Lounge program"", ""international"": ""N/A""}",,3% of Total Outstanding,3.5% of the transaction amount.,1% waiver at all fuel stations on transactions between Rs. 400 to Rs. 4000. | N/A | Nil,Option of membership to the Priority Pass Program. Insurance covers for the employees. Lost Card Liability protection. 1% Fuel surcharge waiver. 24X7 Customer Service officials to help in case of an emergency.,[],[],,cardinsider.com,https://cardinsider.com/business-cards/indusind-contactless-corporate-credit-card/
IndusInd Fortuna AdvantEdge Credit Card,IndusInd Bank,Business Cards,,"[""Best Business Credit Cards in India 2026"", ""Business Cards""]","₹0 - ₹10,000 + GST","₹0 - ₹10,000 + GST",,,Cashback,Earned cashback will be automatically credited to the cardholder’s account.,,,"{""domestic"": ""2 complimentary domestic airport lounges annually"", ""international"": ""N/A""}",,Not applicable,3.50%,"1% fuel surcharge waived for fuel transactions between ₹500 – ₹10,000 | 3.35% from the date of withdrawal",Cashback of 1.10% on retail purchases will be directly credited to the cardholder’s account. A 1% fuel surcharge waiver on all fuel stations in India. Complimentary access to airports twice every year.,"[""Personalized embossing with corporate names"", ""Insurance coverage of up to ₹25 lakhs""]","[""There are no discounts on entertainment and dining"", ""No welcome or milestone benefits""]",,cardinsider.com,https://cardinsider.com/business-cards/indusind-fortuna-advantedge-credit-card/
IndusInd Fortuna Prima Credit Card,IndusInd Bank,Business Cards,,"[""Best Business Credit Cards in India 2026"", ""Business Cards""]","₹0 - ₹10,000 + GST","₹0 - ₹10,000 + GST",,,Cashback,Earned Cashback will be automatically credited to the cardholder’s account,,,"{""domestic"": ""Two complimentary visits every year"", ""international"": ""N/A""}",,N/A,3.50%,"1% fuel surcharge waived for fuel transactions between ₹500 – ₹10,000 | 3.35% from the date of withdrawal",Domestic airport lounge access is provided to cardholders twice every year. A fuel-surcharge waiver is also applicable on fuel transactions.,"[""Users earn cashback on every transaction."", ""You can customize your card according to your preference."", ""There is no interest charge with this card.""]","["""", """"]",,cardinsider.com,https://cardinsider.com/business-cards/indusind-fortuna-prima-credit-card/
Kotak Biz Business Credit Card,Kotak Mahindra Bank,Business Cards,,"[""Best Business Credit Cards in India 2026"", ""Business Cards""]",₹299 + GST,₹499 + GST,N/A,,Reward Points,Redeem Kotak Points at the Kotak Rewards Portal or Redeem Kotak Points for Cashback to your Account,,,"{""domestic"": ""1 Complimentary  Domestic Lounge Access per Calendar Quarter"", ""international"": ""N/A""}",Kotak Biz credit card will be applicable only for users who are Self Employed Proprietors Partners of Partnership firms. Self Employed Proprietors Partners of Partnership firms. Applicants should be a minimum of 21 years to a maximum of 65 years. Applicants should file a minimum income tax return of ₹4.8 lakh and above per annum. Applicants should be residents of India.,3.5% Monthly (42% Annually),3.50%,1% for Transactions Between Values of ₹500 – ₹3000 | ₹300 | N/A,"The card comes with an annual fee of ₹499 + GST. Offers 4 reward points for every ₹100 spent on select categories. Other eligible purchases earn 1 reward point for every ₹100 spent. Travel Insurance, purchase protection, and credit liability coverage are offered with the card.","[""Ideal for entrepreneurs and business owners"", ""Reward points on specific business-related categories"", ""Complimentary domestic lounge access"", ""Includes travel insurance and credit liability cover""]","[""Limited reward categories"", ""No international lounge access or travel benefits"", ""No welcome bonus offered""]",,cardinsider.com,https://cardinsider.com/business-cards/kotak-biz-business-credit-card/
Kotak BizEdge Credit Card,Kotak Mahindra Bank,Business Cards,,"[""Best Business Credit Cards in India 2026"", ""Business Cards""]",₹999 + GST,₹999 + GST,Annual Fee Waived on the Spend of ₹ 2 lakh within 12 months,,Reward Points,1 Reward Point = ₹ 0.25,,,"{""domestic"": ""N/A"", ""international"": ""N/A""}",,3.75% per month (45% per year),3.50% on international transactions,N/A | N/A | N/A,"The card offers 5X reward points on business essentials spend, flights, and hotel bookings. The cardholder can earn 5X reward points on SaaS-related spend for every ₹150 spent on the Nuclei platform. Using Kotak Unbox, the user can earn 10 reward points for every ₹150 spent on Flight and hotel bookings. There will be an extended 55-day interest-free period.","[""The card offers an interest-free credit period of up to 55 days, which helps with business cash-flow management."", ""Cardholders can earn 10 reward points for every ₹150 spent on SAAS through the Nuclei platform, including brands like Google Workspace, Tally, Microsoft Office, AWS, and more.""]","[""The reward points are valid for only 36 months from the date they are earned, so the cardholder must use them within that period.""]",,cardinsider.com,https://cardinsider.com/business-cards/kotak-bizedge-credit-card/
Kotak Bank Corporate Gold Credit Card,Kotak Mahindra Bank,Business Cards,,"[""Business Cards""]",Nil,"Nil for Basic variantRs. 1,000 for Classic variant",NA,,,The earned Reward Points can be redeemed by calling customer care  (1 Reward Point = Re. 0.25).,,,"{""domestic"": ""NA"", ""international"": ""NA""}",The eligibility criteria that need to be fulfilled by the applicants in order to get approved for the Kotak Corporate Gold Credit Card are: The age of the applicant should be a minimum of 21 years. The applicant should have a business with a decent income. The income requirements for the Classic variant might be a bit high compared to that for the basic variant. The credit score of the applicant or that of the business might also be considered.,3.30% per month,3.5% of the total transaction amount,"1% fuel surcharge waiver on all fuel transactions between Rs. 500 and Rs. 3,000. | NA | Nil","Issues in two variants, of which, one is lifetime free. Earn exclusive reward points on all spends. Easy redemption of Reward Points by calling customer care. Employers can keep a track of the spending pattern of their employees. A 1% fuel surcharge waiver is provided. Employers have the convenience of consolidated payment.",[],[],,cardinsider.com,https://cardinsider.com/business-cards/kotak-corporate-gold-credit-card/
Kotak Solitaire Business Corporate Credit Card,Kotak Mahindra Bank,Business Cards,,"[""Best Business Credit Cards in India 2026"", ""Business Cards""]",Nil,"₹3,499 + GST (Waived off for Solitaire Program Customers)","Spend ₹6,00,000 in 12 months (Non-Solitaire Program Customers)",,Reward Points,1 RP = ₹0.50 through Kotak UnBox Platform,,,"{""domestic"": ""1 Complimentary Lounge Visit per Quarter"", ""international"": ""1 Complimentary Lounge Visit per Year""}",,1.99% per Month (23.88% Annually),1.99%,1% Fuel Surcharge Waiver | Cash Advances Not Allowed | Nil,"A premium business credit card tailored for entrepreneurs and professionals with high travel and digital service usage. Offers accelerated reward points on business-related spends like travel and utility payments. Comes with value-added benefits, including lounge access, travel insurance, and business software offers.","[""Accelerated rewards on hotel and flight bookings"", ""Complimentary domestic and international lounge access"", ""Useful business software offers via Nuclei"", ""Travel insurance and fraud protection coverage""]","[""No spend-based annual fee waiver"", ""No golf, movie, or dining privileges"", ""No welcome benefits to compensate the annual fee for non-Solitaire Program Customers""]",,cardinsider.com,https://cardinsider.com/business-cards/kotak-solitaire-business-credit-card/
myBiz ICICI Bank Business Credit Card,ICICI Bank,Business Cards,,"[""Best Business Credit Cards in India 2026"", ""Business Cards""]",₹500 + GST,Nil,N/A,,Reward Points,"Earn Rewards as myBiz Cash, which Can be Redeemed at MMT myBiz",,"The myBiz ICICI Bank Business Credit Card also provides milestone benefits to its cardholders. Under the milestone benefits, users earn 1,000 myBiz cash on spending ₹1 lakh and earn 2,000 myBiz cash on spending ₹5 lakhs annually on the myBiz platform. The value of 1 myBiz cash = ₹1 and can only be used on the myBiz app or website.","{""domestic"": ""1 complimentary lounge access every quarter"", ""international"": ""N/A""}",,3.67% monthly (44% annually),3.50%,1% surcharge waiver across all petrol pumps | 2.5% or a Minimum of ₹300 | ₹99,There is no renewal fee after the first year. New cardholders receive a bonus of 500 myBiz cash when they join. Cardholders can access domestic airport lounges once every quarter. Earned myBiz cash can be redeemed for future travel and accommodation expenses.,"[""New cardholders receive 500 myBiz cash upon joining."", ""Concierge services are provided 24/7.""]","[""The card does not provide offers or cash back for dining, entertainment, or movie-related expenses."", ""To enjoy lounge access in the next quarter, cardholders must spend a minimum of ₹35,000 in the current quarter.""]",,cardinsider.com,https://cardinsider.com/business-cards/mybiz-icici-bank-business-credit-card/
Paytm HDFC Bank Business Credit Card,HDFC Bank,Business Cards,,"[""Best Business Credit Cards in India 2026"", ""Business Cards""]",₹500 + GST,₹500 + GST,"Renewal fee waived off on spending Rs. 50,000 or more in the previous year and First Year Fee waived off on spending Rs. 30,000 (Non-EMI spends) within the first 90 days.",,Cashback,Redeem your Cashpoints as Cashback along with other redemption options.Re.1 Cashpoint =Re.1 Cashback for redemption against the statement balance. Re.1 Cashpoint = Re.0.3 for redemption against travel benefits like Flight & Hotel bookings and Rewards Catalogue at the SmartBuy Rewards Portal.,Gift voucher worth ₹250 after making two transactions within 30 days of card issuance.,"₹500 worth of Gift vouchers on spending a minimum of ₹1 Lac in a year (Non-EMI Spends). The renewal fee can also be waived off on a minimum spending of Rs. 50,000 or more in the previous year.","{""domestic"": ""N/A"", ""international"": ""N/A""}",,3.6% per month (43.2% annually),3.5% (plus applicable taxes),"1% fuel surcharge waived off for all transactions between Rs. 400 & Rs. 5,000 and Maximum Cashback of Rs. 250 per statement cycle. | 2.5% of the amount transacted or a minimum of Rs. 500. | No Rewards Redemption Fee on redemption of Cash points towards cashback on statement.","Get 3% on all purchases on Paytm [Recharge + Utility + Movies + Mini App] Max. Cap per Calendar Month – Rs. 500 Get 2% cashback on all other Paytm spends. Max. Cap per Calendar Month – Rs. 500 Get 1% Cashback on all other retail transactions (excluding Fuel, EMIs, Rental, and Education Spends), Max. Cap per Calendar Month – Rs. 1000 Zero cost liability on reporting the lost card to the bank’s 24-hour call center. Get a 1% fuel surcharge waiver. Get ₹250 worth of Gift Voucher on doing two transactions within 30 days upon card activation.",[],[],,cardinsider.com,https://cardinsider.com/business-cards/paytm-hdfc-business-credit-card/
Paytm HDFC Bank SELECT Business Credit Card,HDFC Bank,Business Cards,,"[""Best Business Credit Cards in India 2026"", ""Business Cards""]","Rs. 1,000 (plus applicable taxes)","Rs. 1,000 (plus applicable taxes)","First Year Fee waived upon spending Rs.60,000 (Non-EMI spends) within the first 90 days and Renewal Year Fee waived upon spending Rs.1,00,000 (Non-EMI spends) in the 12 months period.",,Cashback,Redeem your Cashpoints as Cashback along with other redemption options.Re.1 Cashpoint =Re.1 Cashback for redemption against the statement balance. Re.1 Cashpoint = Re.0.3 for redemption against travel benefits like Flight & Hotel bookings and Rewards Catalogue at the SmartBuy Rewards Portal.,"You will get a Paytm first membership which comes with exclusive benefits, over and above the regular offers. The membership can be availed upon minimum one transaction of Rs 100. Paytm First is a premium subscription-based rewards & loyalty program for Paytm users.","Rs.1000 worth Gift Voucher on spending over Rs.2 Lac in a year. (Non-EMI Spends) First Year Fee waived upon spending Rs.60,000 (Non-EMI spends) within the first 90 days. Renewal Year Fee waived upon spending Rs.1,00,000 (Non-EMI spends) in the 12 months period.","{""domestic"": ""12 Complimentary access to Domestic Airport Lounges across the country in a calendar year (3 visits per Quarter)."", ""international"": ""NA""}",The eligibility requirements that need to be fulfilled in order to get approved for the Paytm HDFC Bank Select Credit Card are as mentioned below: The age of the applicant should be a minimum of 21 years. The applicant should own a registered business with a stable income. The credit score of the applicant or his business credit score might also be considered.,3.6% per month (43.2% annually),3.5% (plus applicable taxes),"1% fuel surcharge waived off for all transactions between Rs. 400 & Rs. 5,000 and Maximum Cashback of Rs. 500per statement cycle. | 2.5% of the amount transacted or a minimum of Rs. 500. | No Rewards Redemption Fee on redemption of reward points towards cashback.","Get 5% cashback on all purchases made in Paytm Mall Get 3% cashback on all purchases in Travel & monthly bill payments through standing instructions only on Paytm App Get 1% cashback on all other spends. Zero cost liability on reporting the lost card to bank’s 24 hour call center. Enjoy 12 Complimentary access to Domestic Airport Lounges across the country in a calendar year (Capped at 3 visits per Quarter). Get a 1% fuel surcharge waiver. Get Paytm First Membership as a welcome gift. Get Rs.500 worth Gift Voucher with 6 transactions in first 90 days since card activation. Enjoy Dining benefits, Insurance Cover benefits, Milestone benefits, Dining benefits and much more.",[],[],,cardinsider.com,https://cardinsider.com/business-cards/paytm-hdfc-select-business-credit-card/
PM SVANidhi BOBCARD,Bank of Baroda,Business Cards,,"[""Best Business Credit Cards in India 2026"", ""Business Cards""]",Lifetime Free,Lifetime Free,N/A,,Reward Points,1 RP = ₹0.20,,,"{""domestic"": ""N/A"", ""international"": ""N/A""}",,3.75%,N/A,1% | N/A | N/A,"A credit, especially for street vendors. A lifetime free credit card, no joining or annual fee. The credit limit starts with ₹10,000. No cash withdrawal allowed from any ATMs.","[""The credit card has no joining fee and no annual fee."", ""It helps street vendors grow their businesses."", ""Street vendors will earn reward points when they spend on business expenses.""]","[""The credit card is only available to vendors who repaid SVANidhi loans."", ""Vendors can not withdraw money using the credit card."", ""Even though this credit card is for vendors, there is still a high interest rate if they carry a balance.""]",,cardinsider.com,https://cardinsider.com/business-cards/pm-svanidhi-bobcard/
RBL Bank RazorpayX Corporate Purchase Card,RBL Bank,Business Cards,,"[""Best Business Credit Cards in India 2026"", ""Business Cards""]",Nil,Nil,N/A,,Reward Points,N/A,,"RBL Bank’s RazorpayX Corporate Purchase Card offers a rewards program where you can earn points based on your spending. If you use the card for purchases, you’ll get additional points as you reach certain spending thresholds. Spending on utility, insurance, fuel, government, and rental expenses will not earn rewards.","{""domestic"": ""N/A"", ""international"": ""N/A""}",,N/A,2.50%,"1% waiver on transactions between ₹400 and ₹5,000. | Nil | ₹99 + GST",This card comes with no joining or annual fee. The card offers up to 50 days of interest-free credit on purchases. Fraud protection coverage of up to ₹10 lakh for unauthorized transactions. It has a low foreign currency markup fee of 2.5% for international transactions.,"[""Businesses can choose billing cycles that suit their financial schedules, such as monthly or quarterly."", ""The Forex Markup fee is relatively low if compared with other business credit cards.""]","[""No benefit on dining, entertainment, travel, golf, etc.""]",,cardinsider.com,https://cardinsider.com/business-cards/rbl-bank-razorpayx-corporate-purchase-card/
SBI Corporate Purchase Credit Card,SBI Card,Business Cards,Visa,"[""Best Business Credit Cards in India 2026"", ""Business Cards""]",NIL,Nil,N/A,,,N/A,,,"{""domestic"": ""N/A"", ""international"": ""N/A""}",Some specific eligibility requirements need to be fulfilled by the applicants to get approved for this credit card. Some of the basic requirements are as follows: The applicant’s age should be between 21 years to 70 years. The applicant should own a business with a stable income. The credit score of the applicant and the business credit score might also play an important role here.,3.35% per month (40.2%  per annum),3.5% of the transaction amount,"1% fuel surcharge waived off on transactions between Rs. 500 and Rs. 3,000 (max waiver capped at Rs. 100 per month) | 2.5% of the withdrawal amount subject to a minimum charge of Rs. 450 per transaction | Nil",No Annual or Renewal Fees. Spend Category Control on the card. Spend analysis for controlling expenses better with Visa Intellilink Smarter Expense Management. Lost card liability cover.,[],[],,cardinsider.com,https://cardinsider.com/business-cards/sbi-corporate-purchase-credit-card/
SBI Corporate Utility Credit Card,SBI Card,Business Cards,Visa,"[""Best Business Credit Cards in India 2026"", ""Business Cards""]",NIL,Nil,NA,,,N/A,,,"{""domestic"": ""N/A"", ""international"": ""N/A""}",Some specific eligibility requirements need to be fulfilled by the applicants to get approved for this credit card. Some of the basic requirements are as follows: The applicant’s age should be between 21 years to 70 years. The applicant should own a business with a stable income. The credit score of the applicant and the business credit score might also play an important role here.,3.35% per month (40.2%  per annum),3.5% of the transaction amount,"1% fuel surcharge waived off on transactions between Rs. 500 and Rs. 3,000 (max waiver capped at Rs. 100 per month) | 2.5% (3% for international ATMs) of the withdrawal amount subject to a minimum charge of Rs. 450 per transaction. | Nil","Pay bills in a simple, fast and secure way, Spend Category based Control. Multi-layer Spend controls Customized MIS & Analytics capability Complimentary  Fidelity Guarantee Insurance cover.",[],[],,cardinsider.com,https://cardinsider.com/business-cards/sbi-corporate-utility-credit-card/
SBI Signature Corporate Card,SBI Card,Business Cards,,"[""Best Business Credit Cards in India 2026"", ""Business Cards""]","s, the card offers many great benefits and services. The following is the detailed review for the card: SBI Signature Corporate Card ( 4.3 / 5 ) Joining Fee Nil",₹499 + GST,N/A,,N/A,N/A,,,"{""domestic"": ""N/A"", ""international"": ""N/A""}",The SBI Corporate Credit Card is one of the popular business credit cards in the Indian market. There are specific eligibility requirements that applicants must fulfill to be approved for this credit card. Some of the basic requirements are as follows: The applicant’s age should be between 21 and 70 years. The applicant should own a business with a stable income. The credit score of the applicant and the business credit score might also play an important role here.,Up to 3.35% per month (40.2%  per annum),3.5% of the transaction amount,"1% fuel surcharge waived off on transactions between Rs. 500 and Rs. 4,000 (max waiver capped at Rs. 250 per month) | 2.5% of the withdrawal amount subject to a minimum charge of Rs. 450 per transaction | ₹99 + GST","Enjoy Global acceptance with the SBI Signature Corporate Card, as it is accepted at over 38 million outlets across the globe, including 3 million outlets in India. Enjoy concierge service for SBI Signature Corporate cardholders with personalized customer service. Interest-free credit period for 20-50 days Get Insurance coverage for fraud-related insurance and travel-related insurance. Enjoy a Complimentary Priority Pass Program membership with the SBI Signature Corporate Card.",[],[],,cardinsider.com,https://cardinsider.com/business-cards/sbi-signature-corporate-card/
YES BANK RazorpayX Purchase Credit Card,Yes Bank,Business Cards,,"[""Best Business Credit Cards in India 2026"", ""Business Cards""]",Nil,Nil,N/A,,N/A,N/A,,,"{""domestic"": ""N/A"", ""international"": ""N/A""}",,3.25% per month; 39% per year,1%,"1% waiver on transactions between ₹400 to ₹5,000 | N/A | N/A",The YES BANK RazorpayX Purchase Credit Card has no joining or annual fees. Each card comes with your company name printed on it. Fuel Surcharge waiver of 1% on fuel transactions.,"[""Interest-free period of 50 days."", ""Low Forex Markup fee of 1% on international transactions.""]","[""No benefit on travel, dining, or entertainment."", ""This card does not offer any reward rate.""]",,cardinsider.com,https://cardinsider.com/business-cards/yes-bank-razorpayx-purchase-credit-card/
YES FIRST Business Credit Card,Yes Bank,Business Cards,"Visa, Mastercard","[""Best Business Credit Cards in India 2026"", ""Business Cards""]",₹999 + GST,₹999 + GST,"Joining Fee Waived on Spending ₹20,000 in First 30 Days. Annual Fee Waived on Spending ₹3 Lakh or More in a Year",,Reward Points,Redeem RPs Against Flight/Hotel/Movie Bookings or an Exclusive Catalogue of Products,,"Get 20,000 RPs on spending ₹12 Lakhs or more in a year with YES FIRST Business Credit Card.","{""domestic"": ""2 complimentary access to Domestic Lounges quarterly (for VISA Cardholders)."", ""international"": ""6 complimentary access to international lounges.""}",The following are the eligibility criteria for the Yes Bank Business credit card:,3.99% Per Month (47.88% Per Annum),2%,"1% on Fuel Transactions Between ₹500 and ₹5,000 | 2.5% Or ₹650 (Whichever is Higher) | ₹100 + GST","20,000 Reward Points annually based on spends. 16 Reward Points per ₹200 spent on all travel and dining. 4 Reward Points per ₹200 spent on select categories. Complimentary access to international lounges. Complimentary access to domestic lounges. Complimentary golf lessons. Foreign currency markup fee of 2%. 1% Fuel surcharge waiver.",[],[],,cardinsider.com,https://cardinsider.com/business-cards/yes-first-business-credit-card/
YES PROSPERITY Business Credit Card,Yes Bank,Business Cards,,"[""Best Business Credit Cards in India 2026"", ""Business Cards""]",₹499 + GST,₹499 + GST,"Spend ₹10,000 Within the First 30 Days from Card Activation to Get Joining Fee Waived. Annual Fee Waiver on Spends of ₹1 Lakh Each Year",,Reward Points,Redeem Points for Flights/Hotel/Movies and an Exclusive Catalogue of Products,,"Get 10,000 Reward Points on achieving annual spends of ₹6 lakh or more in each anniversary year with YES Prosperity Business Credit Card.","{""domestic"": ""1 Complimentary Lounge Access Each Quarter on Spends of ₹50,000 or More in the Previous Quarter"", ""international"": ""N/A""}","Like every other credit card, the YES Prosperity Business Credit Card also comes with specific eligibility criteria that the applicants need to fulfill to get approved for it. The eligibility requirements for this credit card are as follows: The age of the applicant should be between 21 years and 70 years. The applicant should be Self Employed, Proprietors, and Partners of Partnership firms. Minimum Income Tax Return of ₹7.5 lakh The applicant should have a decent credit score and the business credit score might also be an important factor here.",3.99% Per Month (47.88% Per Annum),2.5% of the transaction amount.,1% fuel surcharge waiver valid for transactions between Rs. 400 to Rs. 5000 only. Maximum surcharge waiver in a statement cycle is Rs 500. | 2.5% (subject to a minimum charge of Rs. 300) | ₹100 + GST,"Foreign currency markup fee of 2.5%. 10,000 Reward Points on annual spends of Rs. 6 Lakhs or more. 8 Reward Points for every Rs. 200 on all travel-related categories. 1 complimentary Domestic Lounge access per quarter. 1 complimentary golf lesson every month. Air accidental cover of up to Rs. 50 lakh, medical emergencies cover up to Rs. 15 Lakh and much more. 1% Fuel surcharge waiver across fuel stations in India.","[""Joining Fee ₹499 + GST"", ""Annual Fee ₹499 + GST"", ""Best Suited For Travel, Shopping"", ""Reward Type Reward Points""]",[],,cardinsider.com,https://cardinsider.com/business-cards/yes-prosperity-business-credit-card/
Canara Bank Mastercard Platinum Credit Card,Canara Bank,Canara Bank,Mastercard,"[""Canara Bank"", ""Canara Bank Credit Cards""]",Nil,Nil,N/A,,Reward Points,1 RP = ₹0.25,,,"{""domestic"": ""2 Complimentary Lounge Visits Every Quarter"", ""international"": ""N/A""}","The eligibility criteria for the Canara Bank Mastercard Platinum Credit Card is as follows: The applicant should be 21 years old or older. You should have an independent income of at least ₹2 lakh gross per year. If you are a staff member, your minimum net take-home salary should be at least ₹4,000 per month, and your annual gross income should be ₹60,000. The applicant should have a decent credit history.",2.5% monthly or 30% annually,3%,"1% waiver on fuel transaction | 3% of the advance, minimum ₹30 per ₹1,000 | Nil",This is a lifetime-free credit card. Users receive 2 complimentary domestic lounge access quarterly. Insurance coverage is also included with this card.,"[""The interest rate of this card is quite low."", ""A 1% fuel surcharge waiver is provided to cardholders.""]","[""The Forex markup charges for the Mastercard Platinum Card are high."", ""No welcome benefits are included with this card.""]",,cardinsider.com,https://cardinsider.com/canara-bank/canara-bank-mastercard-platinum-credit-card/