card_name,issuing_bank,issuing_bank_raw,card_network,categories,joining_fee,annual_fee,fee_waiver_condition,reward_rate,reward_structure,redemption_options,welcome_benefits,milestone_benefits,lounge_access,eligibility,interest_rate_apr,forex_markup,other_charges,key_features,pros,cons,rating,source_site,source_url
Canara Bank Mastercard World Credit Card,Canara Bank,Canara Bank,Mastercard,"[""Canara Bank"", ""Canara Bank Credit Cards""]",Nil,Nil,Nil,,Reward Points,1 RP = ₹0.25,,,"{""domestic"": ""3 complimentary lounge access every quarter"", ""international"": ""2 complimentary lounge access every year""}",,2.5% monthly or 30% annually,3%,"1% waiver on fuel transaction | 3% of the advance, minimum ₹30 per ₹1,000 | Nil",The interest fee of this card is low. Insurance benefits are provided to cardholders. Domestic and international airport lounge access is offered to users.,"[""This is a lifetime-free credit card. This card includes add-on guests on both domestic and international airport lounges."", ""This is a lifetime-free credit card."", ""This card includes add-on guests on both domestic and international airport lounges.""]","[""This card comes with a high Forex markup fee of 3%. No extra benefits on dining, entertainment, or golf are included with this card."", ""This card comes with a high Forex markup fee of 3%."", ""No extra benefits on dining, entertainment, or golf are included with this card.""]",,cardinsider.com,https://cardinsider.com/canara-bank/canara-bank-mastercard-world-credit-card/
Canara Bank RuPay Classic Credit Card,Canara Bank,Canara Bank,RuPay,"[""Canara Bank"", ""Canara Bank Credit Cards""]",Nil,Nil,N/A,,Reward Points,Redeem your Reward Points for buying products or paying for a service. 1 RP = ₹0.25,,,"{""domestic"": ""Available"", ""international"": ""N/A""}","You must be 21 years or older to apply. You should have an independent income of at least ₹1 lakh gross per year. If you are a staff member, your minimum net take-home salary should be at least ₹4,000 per month. You need to have a stable source of monthly income, whether you are salaried or self-employed. A decent credit history is required to qualify for the card. You must be a resident of India. You will need to provide the necessary documents to support your application, such as proof of identity and proof of income.",2.5% monthly or 30% annually,3%,"1% waiver on fuel transaction | 3% of the advance, minimum ₹30 per ₹1,000 | Nil","This is a lifetime-free card with no joining fee. This card provides insurance coverage, including baggage insurance, air accident cover, and much more.","[""Users get up to 50 days of interest-free credit period.""]","[""This card only offers basic benefits and does not provide discounts on dining, entertainment, or any welcome perks.""]",,cardinsider.com,https://cardinsider.com/canara-bank/canara-bank-rupay-classic-credit-card/
Canara Bank RuPay Platinum Credit Card,Canara Bank,Canara Bank,RuPay,"[""Canara Bank"", ""Canara Bank Credit Cards""]",Nil,Nil,N/A,,Reward Points,Redeem your reward points for buying products or paying for a service. 1 RP = Rs. 0.25,,,"{""domestic"": ""N/A"", ""international"": ""N/A""}",,2.5% p.m.,3.5 % + taxes,1% fuel surcharge waiver | 3% of the advance amount and is subject to a minimum of Rs. 30 per Rs. 1000. | Nil,The Canara Bank RuPay Platinum Credit Card comes with no joining and an annual fee. 2 reward points on every Rs. 100 spent on this card. Covers comprehensive travel insurance up to Rs. 8 lakhs.,[],[],,cardinsider.com,https://cardinsider.com/canara-bank/canara-bank-rupay-platinum-credit-card/
Canara Bank RuPay Select Credit Card,Canara Bank,Canara Bank,RuPay,"[""Canara Bank"", ""Canara Bank Credit Cards""]",Nil,Nil,N/A,,Reward Points,The value of each RP is ₹0.25,,,"{""domestic"": ""2 complimentary lounge visits every quarter"", ""international"": ""2 complimentary lounge visits every year""}","The eligibility requirements for the Canara RuPay Select Credit Card are not disclosed clearly by the bank, but some of the basic criteria are as follows: The applicant should be 21 years old or older. The applicant should have a stable source of monthly income (salaried and self-employed people are eligible). The applicant should have a decent credit history.",2.5% monthly or 30% annually,3%,"1% waiver on fuel transaction | 3% of the advance, minimum ₹30 per ₹1,000 | Nil",This card comes with no joining or an annual fee. 2 complimentary domestic airport lounge access every quarter. 2 complimentary international airport lounge access every year. Insurance benefits worth ₹8 lakhs.,"[""The interest rate for this card is low."", ""This is a lifetime free credit card.""]","[""Does not offer any dining or entertainment benefits."", ""The Forex markup fee is relatively high.""]",,cardinsider.com,https://cardinsider.com/canara-bank/canara-bank-rupay-select-credit-card/
Canara Bank Visa Corporate Credit Card,Canara Bank,Canara Bank,Visa,"[""Canara Bank"", ""Canara Bank Credit Cards""]",₹250 + GST,₹250 + GST,N/A,,N/A,N/A,,,"{""domestic"": ""N/A"", ""international"": ""N/A""}","You must be at least 21 years old and live in India. Your business should have a minimum annual income of ₹2 lakhs. You can get a corporate credit card with at least one add-on card. The credit card limit must be between ₹50,000 and ₹2 crore. The credit limit can be a maximum of 30% of your firm’s annual income. You need to have a good credit history to qualify. You must provide documents like proof of identity and proof of income with your application.",2.50% monthly or 30% annually,3%,"A 1% waiver on fuel transactions across all fuel stations in India | 3% of the advance, minimum ₹30 per ₹1,000 | Nil",A fuel surcharge waiver is provided on fuel transactions. Seasonal offers are provided with this card.,"[""Insurance benefits are provided for cardholders.""]","[""The Forex markup fee of this card is high."", ""No Reward Points are provided on this card.""]",,cardinsider.com,https://cardinsider.com/canara-bank/canara-bank-visa-corporate-credit-card/
Canara Bank Visa Platinum Credit Card,Canara Bank,Canara Bank,Visa,"[""Canara Bank"", ""Canara Bank Credit Cards""]",Nil,Nil,N/A,,Reward Points,Redeem RP for cashback and goods; 1 RP = ₹0.25,,,"{""domestic"": ""2 complimentary lounge access every quarter"", ""international"": ""N/A""}","You must be 21 years or older to apply and must be a resident of India. You should have an independent income of at least ₹1 lakh gross per year. If you are a staff member, your minimum net take-home salary should be at least ₹4,000 per month. A decent credit history is required to qualify for the card. You will need to provide the necessary documents to support your application, such as proof of identity and proof of income.",2.50% monthly or 30% annually,3%,"1% fuel surcharge of up to ₹100 on fuel transaction | 3% of the advance, minimum ₹30 per ₹1,000 | N/A",Complimentary airport lounge access is provided twice every quarter. Fuel surcharge waiver of 1% on fuel transactions. There is no spend-based waiver with this card.,"[""This card has no joining or renewal fee and is quite affordable for middle-class people."", ""Insurance coverage is provided to users for their peace of mind.""]","[""The card offers no benefits other than airport lounge access and insurance benefits.""]",,cardinsider.com,https://cardinsider.com/canara-bank/canara-bank-visa-platinum-credit-card/
Canara Bank Visa Classic/MasterCard Standard Credit Card,Canara Bank,Canara Bank,"Visa, Mastercard, RuPay","[""Canara Bank"", ""Canara Bank Credit Cards""]",Nil,Nil,NA,,Reward Points,The earned Reward Points are redeemable against a host of options at a rate of 1 Reward Point = Re. 0.25.,,,"{""domestic"": ""N/A"", ""international"": ""N/A""}","The eligibility criteria that need to be fulfilled in order to get approved for this credit card are as follows: The age of the applicant should be a minimum of 18 years. The applicant should have a stable source of income, i.e, the applicant should either be salaried or self-employed. The applicant should have a decent credit history.",2.5% per month or 30% per annum.,3% on all foreign transactions,"2.5% fuel surcharge waiver on all fuel transactions worth Rs. 400 or more. The maximum waiver is capped at Rs. 100 per month. | 3% of the withdrawn amount subject to a minimum of Rs. 30 for every withdrawal of Rs. 1,000 (for Canara Bank ATMs) and different for other banks’ ATMs. | Nil",Lifetime free credit card. 2 Reward Points on every spend of Rs. 100. Complimentary air accident insurance cover. 2.5% fuel surcharge waiver on all fuel transactions. A Lower interest rate of 2.5% per month.,[],[],,cardinsider.com,https://cardinsider.com/canara-bank/canara-visa-classic-mastercard-standard-credit-card/
Citi Cash Back Credit Card,Citibank,Citibank,,"[""Citibank"", ""Citibank Credit Cards""]",Rs. 500 + GST,Rs. 500 + GST,N/A,,Cashback,Cashback will be automatically credited to your account in multiples of Rs. 500.,,,"{""domestic"": ""N/A"", ""international"": ""N/A""}",You have to fulfill the below-mentioned eligibility criteria in order to be eligible to apply for this card – The applicant should be of an age between 23 years to 60 years. The applicant should be either salaried or self-employed and have a decent credit score.,3.75% per month,3.5% of transaction amount,"1% fuel surcharge waived off at authorized IndianOil Corporation outlets. | 2.5% of the cash withdrawn, or Rs. 500, higher of the two. | Nil",Get a 0.5% cashback on all your spending. Get a 5% cashback on your telephone bill payments & movie ticket purchases. The cashback of 5% on utility bill payments is applicable through Citibank Online Bill Pay only Automatic adjustment of the cashback earned against the card’s statement balance in multiples of Rs. 500. Up to 20% off on dining bills at the participating restaurants. 1% fuel surcharge will be waived off on fuel transactions at fuel stations in India.,[],[],,cardinsider.com,https://cardinsider.com/citibank/citi-cash-back-credit-card/
Citibank Prestige Credit Card,Citibank,Citibank,,"[""Citibank"", ""Citibank Credit Cards""]","Rs. 20,000 + GST","Rs. 20,000 + GST",N/A,,Reward Points,"1 Reward Point = Re. 1, 1 RP = 4 Airmiles for redemption against airmiles, 1 RP = 1 Taj InnerCircle point and 1 reward point = 4 IHG points.",,,"{""domestic"": ""Unlimited with Priority Pass (for primary and add-on cardholders)"", ""international"": ""Unlimited with Priority Pass (for primary and add-on cardholders)""}","The eligibility criteria that need to be fulfilled in order to get approved for the Citi Prestige Credit Card are as mentioned below: Your age must be 21 years or above. Your annual income must be at least Rs. 25,00,000. You should have a decent credit score.",3.75% per month or 45% annually,3.5% (plus applicable taxes),"1% fuel surcharge waived at authorised Indian Oil outlets. | 2% of the withdrawn amount, subject to a minimum amount of Rs. 300. | Nil","Welcome benefit of 2,500 bonus reward points at the time of joining. An annual benefit worth Rs. 10,000 from Taj group / ITC hotels every year. 1 reward point for every Rs. 100 on domestic spends. 2x reward points on international spends. Reward points redeemable for gift vouchers and gadgets, transferable to frequent flyer points, hotel loyalty programs, and many more categories. Complimentary Taj Epicure and Taj InnerCircle membership. Unlimited airport lounge access around the world with Priority Pass for primary as well as add-on card members. Citi concierge service for day-to-day tasks. Overseas medical insurance cover worth USD 50,000. Lost card protection worth Rs. 10 lakh.",[],[],,cardinsider.com,https://cardinsider.com/citibank/citi-prestige-credit-card/
Citi Rewards Credit Card,Citibank,Citibank,,"[""Citibank"", ""Citibank Credit Cards""]","Rs. 1,000 plus applicable taxes (complimentary for Citibank Suvidha account holders)","Rs. 1,000 plus applicable taxes (complimentary for Citibank Suvidha account holders)","Get the renewal fee waiver on spending Rs. 30,000 or more in the previous year.",,Reward Points,"The Reward Points are redeemable against Air Miles, product catalog, or cash back whenever you want with a rate of 1 RP = up to Re. 0.30.",,"You get 300 bonus Reward Points on a minimum monthly spend of Rs. 30,000 on your Citi Rewards Credit Card.","{""domestic"": ""N/A"", ""international"": ""N/A""}",The following table shows the eligibility criteria to get approved for the Rewards credit card:,3.75% per month (45% per month),3.5% on all foreign currency spends,1% fuel surcharge is waived off at all Indian Oil outlets for a minimum fuel transaction of Rs. 10. | 2.5% of the amount withdrawn or Rs. 500 (whichever is higher) | Nil,"Up to 2,500 Reward Points as a welcome gift. 1 Reward Points per Rs. 125 you spend. 10x Reward Points on apparel & departmental stores. Get 300 bonus Reward Points by spending Rs. 30,000 or more every month. Spend Rs. 30,000 or more in the previous year and the renewal fee for the card can be waived off. 1% fuel surcharge waiver on all fuel transactions.",[],[],,cardinsider.com,https://cardinsider.com/citibank/citi-rewards-credit-card/
Citibank PremierMiles Credit Card,Citibank,Citibank,"Visa, Mastercard","[""Citibank"", ""Citibank Credit Cards""]","Rs. 3,000 plus applicable taxes (complimentary for Citi Gold account holders)","Rs. 3,000 plus applicable taxes (complimentary for Citi Gold account holders)",N/A,,Air Miles,"1 Mile = 0.5 AirMile for partner airlines, 1 Mile = Re. 0.45 for travel related categories, 1 Mile = Re. 0.30 for utility, fuel and retail categories, and 1 Mile = Re. 0.20 for other categories.",,,"{""domestic"": ""6 domestic lounge access/quarter with MasterCard variant.8 domestic lounge access/quarter with Visa Signature variant."", ""international"": ""N/A""}","In order to get approved for the Citibank Premiles Credit Card, the applicants need to fulfill some eligibility requirements and some of the basic requirements are as follows: The age of the applicant should be between 23 years and 70 years. The applicant should either be salaried or self-employed with a good annual income. The applicant should have a good credit score.",3.75% per month (or 45% per annum),3.5% of the transaction amount,"1% fuel surcharge reversed at authorized Indian Oil refill stations | 2% or the amount withdrawn, subject to a minimum charge of Rs. 300 | Nil","10,000 Miles as a Welcome Benefit on the expenditure of Rs. 1000 or more using Citibank PremierMiles Credit Card within 60 days of issuance of the card. 3,000 Miles every time the card membership is renewed. 10 Miles for every Rs. 100 spent on airline transactions or on the bank’s Premier Miles portal with Citibank PremierMiles Credit Card. 4 Miles/Rs. 100 spent for all other expenditures. Miles redeemable on 100+ Airlines and transferable to other partner airlines/hotel loyalty programs. Domestic lounge access at select airports across India. Up to 20 % discount on bills at partner restaurants.",[],[],,cardinsider.com,https://cardinsider.com/citibank/citibank-premiermiles-credit-card/
First Citizen Citi Credit Card,Citibank,Citibank,,"[""Citibank"", ""Citibank Credit Cards""]",Rs. 500 + GST,Rs. 500 + GST,"You can get the renewal fee waived off if you spend Rs. 30,000 or more in the previous year.",,Reward Points,"The First Citizen points earned will be automatically transferred to the Shoppers stop, and you can redeem the points available at Shoppers Stop instantly. 1 First Citizen Point = Re. 0.60.",,,"{""domestic"": ""N/A"", ""international"": ""N/A""}",,3.75% per month,3.5% on all foreign currency spends,1% fuel surcharge which is waived on Authorized IOCL Outlets | 2.5% of the transacted amount or Rs. 500 (whichever is higher) | Nil,"500 First Citizen Points on your first purchase if done within 30 days after receiving the card. 14 First Citizen Reward points on every spend of Rs. 200 at Shoppers Stop on private brand apparel. 10 First Citizen Reward points on every spend of Rs. 200 at Shoppers Stop on other brands. 2 First Citizen Reward Points on every other spend of Rs. 200. The annual fee is waived off on spending Rs. 30,000 or more in the previous year. Several other privileges including complimentary parking at Shoppers Stop. 1% fuel surcharge waiver.",[],[],,cardinsider.com,https://cardinsider.com/citibank/first-citizen-citi-credit-card/
IndianOil Citi Credit Card,Citibank,Citibank,,"[""Citibank"", ""Citibank Credit Cards""]","Rs. 1,000 + GST","Rs. 1,000 + GST","On spending Rs. 30,000 or more in the last year, the annual fee would be wavied off.",,Reward Points,"For redemption against fuel, 1 TP = Re.1, for other categories 1 TP = Re. 0.25 to Re. 0.35, and for AirMiles, 1 TP = 0.75 Airmile/Intermile.",,,"{""domestic"": ""N/A"", ""international"": ""N/A""}",Following are the eligibility criteria that one needs to follow if they want to get approved for the Indian Oil Citi Card:,3.75% per month,3.5% on all foreign currency transactions.,1% fuel surcharge waiver at all IndianOil outlets. | 2.5% of the amount withdrawn or a minimum of Rs. 500. | Nil,"1 Turbo Point for every Rs. 150 you spend. You get 2x Turbo Points for spending on groceries and supermarkets. You get 4x Turbo Points on spending on fuel at authorized IndianOil outlets. Get a welcome bonus of 250 Turbo Points. Turbo Points are redeemable against a variety of categories, including fuel, cashback, shopping, etc. Exciting dining discount offers across several participating restaurants. A 1% fuel surcharge waiver. Spending-based renewal fee waiver. 24*7 customer support.",[],[],,cardinsider.com,https://cardinsider.com/citibank/indianoil-citi-credit-card/
DBS Spark Credit Card,DBS Bank,Best DBS Bank,,"[""Best DBS Bank"", ""Best DBS Bank Credit Cards""]",Rs. 499 + GST,Rs. 499 + GST,"Renewal Fee at Spends of Rs. 1,50,000",,Reward Points,1 Cash Point = Rs. 0.20. Redemption at DBS Delights,,,"{""domestic"": ""One Free Visit Each Quarter (4 Per Year)"", ""international"": ""N/A""}",,3.5% – 4% Per Month (42% – 48% Per Annum),3.50%,1% Fuel Surcharge Waiver | 2.5% of the Amount Withdrawn | Rs. 99 + GST,"This card comes with three variants, which can be availed at a fee of Rs. 499, Rs. 999, and Rs. 1,499.","[""With the Spark Credit Card, customers can choose the variant that is most suited for them and opt for it. This card provides customers with the flexibility to choose options according to their budgets and needs.""]","[""No international lounge access is offered with this credit card.""]",,cardinsider.com,https://cardinsider.com/dbs-bank/dbs-spark-credit-card/
DBS Vantage Credit Card,DBS Bank,Best DBS Bank,,"[""Best DBS Bank"", ""Best DBS Bank Credit Cards""]","Rs. 50,000 + GST","Rs. 50,000 + GST","Annual Fee Waiver on Spends of Rs. 10,00,000 in a Year",,Reward Points,1 VP = Rs. 1 When Redeemed at DBS Delights,"Get 10,000 Vantage Points worth Rs. 10,000 on making the first transaction within 30 days of card issuance. Apart from these reward points, cardholders can also choose the luxury hotel membership of their choice from the following hotels: Taj Epicure, ITC Culinaire, and Club Marriott. Cardholders can only avail of one membership, which can be redeemed at DBS Delights.","Given below are the benefits you can accumulate by spending on your Vantage Card. 5,000 Vantage Points on spends above Rs. 3 lakh in a calendar quarter. 10,000 Vantage Points on spends above Rs. 5 lakh in a calendar quarter. 40,000 Vantage Points on spends above Rs. 20 lakh in a calendar year. A maximum of 40,000 Vantage Points can be earned in a year. Customers can earn bonus Vantage Points for various milestones by spending on fuel purchases, wallet loads, duty-free shopping, rent payments, cash withdrawals, and EMI conversions.","{""domestic"": ""Unlimited Visits Across India"", ""international"": ""Unlimited Visits Across the Globe""}",,3.5% – 4% Monthly (42- 48% Per Annum),1.75%/ Zero (For Singapore),1% Fuel Surcharge Waiver | 2.5% of the Cash Amount (Minimum Rs. 500) | Rs. 99 + GST,"This is a super premium credit card offered by DBS Bank India. The joining and renewal fee for this card is Rs. 50,000. Earn 4 Vantage Points with this card for domestic purchases and 8 Vantage Points for international spends. This card offers unlimited domestic and international lounge access.","[""International businessmen who often travel to Singapore can take advantage of the zero forex charges."", ""Vantage Credit Card holders enjoy unlimited domestic and international lounge access.""]","[""Unlimited lounge access is only valid for primary cardholders, not for add-on credit card holders.""]",,cardinsider.com,https://cardinsider.com/dbs-bank/dbs-vantage-credit-card/
Equitas Bank PowerMiles Credit Card,Equitas Small Finance Bank,Best Equitas Small Finance Bank,,"[""20+ Best Travel Credit Cards"", ""Best Credit Cards for International Travel 2026"", ""Best Equitas Small Finance Bank"", ""Best Equitas Small Finance Bank Credit Cards""]","₹5,000 + GST","₹5,000 + GST",Spend ₹4.8 Lakh in an Anniversary Year for Annual Fee Waiver,,Reward Points,Redeem Reward Points at 1:1 Ratio for Luxury Brands & Experiences,,,"{""domestic"": ""2 Complimentary Access Per Quarter"", ""international"": ""1 Complimentary Access Per Quarter""}",,3.75% Per Month (45% Annually),2%,"1% Waiver Up to ₹3,000 on Transactions Between ₹500 & ₹3,000 | 2.5% or ₹250, Whichever is Higher | N/A","The card’s premium metal body gives it a sophisticated, high-end feel, making it an attractive choice for luxury lovers. Cardholders who spend ₹4 lakh or more in an anniversary year can benefit from an annual fee waiver, making it a cost-effective option for high spenders. The card includes a ₹1 crore air accident cover, providing financial security and peace of mind for frequent travelers, especially those who book their flights using the card.","[""The card offers a low foreign currency markup of just 2%, making it a cost-effective option for those who frequently make international transactions."", ""It allows for seamless points transfer to partner loyalty programs at a 1:1 ratio, enabling cardholders to maximize their rewards for travel and luxury experiences."", ""The card provides an accelerated reward rate for international spending, granting 3X reward points on international POS and online purchases. It enhances its appeal for frequent travelers and individuals who spend significantly on foreign transactions.""]","[""The card comes with a ₹3,500 charge for add-on credit cards, which may be considered high compared to other premium offerings."", ""The card does not offer exclusive perks for movie or dining experiences, making it less appealing to those who frequently spend in these categories.""]",,cardinsider.com,https://cardinsider.com/equitas-small-finance-bank/powermiles-credit-card/
Equitas Bank Selfe Credit Card,Equitas Small Finance Bank,Best Equitas Small Finance Bank,,"[""Best Equitas Small Finance Bank"", ""Best Equitas Small Finance Bank Credit Cards""]","₹1,000 + GST","₹1,000 + GST",Spend ₹2 lakh in a Year,,Reward Points,"Redeem Reward Points for Products, Vouchers, Cashback, Flight Bookings, and Hotel Bookings",,,"{""domestic"": ""N/A"", ""international"": ""N/A""}",,"3.75% Per Month, 45% Yearly.",3.50%,"1% Waiver Up to ₹3,000 on Transactions Between ₹500 & ₹3,000 | 2.5% of the Amount Withdrawn or ₹250, Whichever is Higher. | N/A",Users earning between ₹5 lakh and ₹18 lakh annually are eligible to apply. The card offers 2X reward points on general spending and 5X points on select categories. The Equitas Selfe Credit Card allows users to choose their card variant in terms of style and payment network.,"[""Complimentary subscriptions to popular platforms like Amazon Prime and JioHotstar."", ""Spend-based waiver on the annual fee by spending ₹2 lakh in a year."", ""It gives users the convenience of choosing a billing cycle date and their preferred payment network.""]","[""No added travel benefits, lounge access, or dining privileges."", ""Additional charge for selecting a unique style variant of the card."", ""The reward redemption value for cashback can be as low as ₹0.15, which is only 0.30% back to the user.""]",,cardinsider.com,https://cardinsider.com/equitas-small-finance-bank/selfe-credit-card/
Equitas Bank Tiga Credit Card,Equitas Small Finance Bank,Best Equitas Small Finance Bank,,"[""Best Equitas Small Finance Bank"", ""Best Equitas Small Finance Bank Credit Cards""]",₹500 + GST,₹500 + GST,"Spend ₹50,000 In an Anniversary Year",,Reward Points,"Redeem Points for Various Products, Vouchers, and Cashback",,,"{""domestic"": ""N/A"", ""international"": ""N/A""}",,3.75% Per Month (45% Annually),3.40%,"1% Waiver Up to ₹3,000 on Transactions Between ₹500 & ₹3,000 | 2.5% or ₹250, Whichever is Higher | N/A","The card comes at a low annual fee of ₹500 + GST, making it an affordable option. It offers an accelerated reward rate of 3X Reward Points on UPI transactions, contactless payments, and Pay-by-3 merchants. An introductory low interest rate of 0.99% per month for the first three months, helping cardholders manage their initial spending more affordably.","[""The card automatically converts transactions made with select merchants into three-month EMIs, making it easier for cardholders to manage their expenses."", ""The annual fee of ₹500 plus GST can be waived if the cardholder spends ₹50,000 within an anniversary year, providing a cost-saving benefit."", ""Enjoy a highly competitive introductory interest rate of just 0.99% per month for the first three months.""]","[""The card does not offer any additional lifestyle perks such as dining discounts, travel benefits, or entertainment rewards, making it less appealing."", ""Lacks complimentary lounge access, which is a common feature in many competing credit cards within a similar price range."", ""Reward points earned on transactions have limited redemption value , especially when converted into cashback (1 RP = ₹0.10), reducing the rewards program’s overall benefits.""]",,cardinsider.com,https://cardinsider.com/equitas-small-finance-bank/tiga-credit-card/
Federal Bank Imperio Credit Card,Federal Bank,Best Federal Bank,"Visa, Mastercard","[""Best Federal Bank"", ""Best Federal Bank Credit Cards""]",Nil,Nil,N/A,,Reward Points,1 Reward Point is Valued at ₹0.25,,"You get complimentary Big Basket gift vouchers worth ₹300 when you spend ₹50,000 or more in a quarter.","{""domestic"": ""2 Complimentary Domestic Lounge Access Every Quarter (Based on Spending of ₹40,000 in the Previous Quarter)"", ""international"": ""N/A""}",,45% (3.75% Per Month),3.50%,1% Fuel Surcharge Waiver | 2.5% of Amount Withdrawn or ₹500 Whichever is Higher | ₹99 Per Redemption Request,"Get 3X Reward Points on groceries and healthcare-related spending with your Federal Bank Imperio Credit Card 2X Reward Points on utility spends and 1X on all other spends A welcome benefit worth ₹400 on spends of ₹5,000 during the first 30 days of card issuance Buy 1, Get 1 free offer on movie tickets with INOX Complimentary domestic airport lounge access Complimentary gift vouchers based on quarterly spending 1% fuel surcharge waiver","[""The card is a lifetime free credit card"", ""The card is available on the Visa and Mastercard networks""]","[""The card unfortunately does not provide complimentary international airport lounge access"", ""The card includes limited lifestyle perks""]",,cardinsider.com,https://cardinsider.com/federal-bank/federal-bank-imperio-credit-card/
Federal Bank RuPay Signet Credit Card,Federal Bank,Best Federal Bank,"Visa, RuPay","[""Best Federal Bank"", ""Best Federal Bank Credit Cards""]",Nil,Nil,N/A,,Reward Points,1 Reward Point = ₹0.25 & When Redeeming Against Statement – 1 RP = ₹0.10,,"Users can receive complimentary Swiggy vouchers when you spend ₹20,000 or more in a quarter using your Federal Bank RuPay Signet Credit Card.","{""domestic"": ""Complimentary Access Once a Quarter, Four Free Visits Annually"", ""international"": ""N/A""}",,From 0.69% Monthly (8.28% Annually),3.50%,"1% Fuel Surcharge Waiver on Fuel Transactions Between ₹400 and ₹5,000 | 2.5% of the Amount or a Minimum of ₹500, Whichever is Higher | ₹99 On Every Redemption Request",Amazon e-voucher worth ₹200 as a welcome gift Up to 3 Reward Points on everyday spending Buy 1 Get 1 Free offer on movie tickets Complimentary domestic lounge access Complimentary Swiggy vouchers on achieving the spend milestone Exciting dining discount offers,"[""Currently being offered as a lifetime free credit card"", ""Available on Visa as well as RuPay networks"", ""Users can link the RuPay variant of the credit card to UPI""]","[""There is no complimentary international airport lounge access with the card"", ""The card does not offer any lifestyle perks other than BOGO movie offers"", ""The card does not have an extraordinary reward rate, there are better reward rates with other lifetime free credit cards.""]",,cardinsider.com,https://cardinsider.com/federal-bank/federal-bank-rupay-signet-credit-card/
Federal Bank RuPay Wave Credit Card,Federal Bank,Best Federal Bank,"Visa, Mastercard, RuPay","[""Best Federal Bank"", ""Best Federal Bank Credit Cards""]",Nil,Nil,N/A,,Reward Points,Redeem for Vouchers and Other Options,,"On spending ₹50,000 in a quarter, cardholders would earn 1,000 additional reward points. These bonus reward points would ensure extra savings on reaching spend milestones. Through this, you can earn 4,000 bonus points in a year.","{""domestic"": ""N/A"", ""international"": ""N/A""}",,41.88% Yearly (3.49% Per Month),3.50%,N/A | N/A | ₹99,"This floater card is available on the RuPay variant and can be easily linked to UPI apps. Earn 1 Reward Point on each spend of ₹200 with this card. The Federal Wave Card offers 1,000 bonus reward points on quarterly spends of ₹50,000. This card comes with a shared limit (other existing Federal Cards).",[],"["""", """"]",,cardinsider.com,https://cardinsider.com/federal-bank/federal-bank-rupay-wave-credit-card/
Federal Bank Visa Celesta Credit Card,Federal Bank,Best Federal Bank,"Visa, Mastercard","[""Best Federal Bank"", ""Best Federal Bank Credit Cards""]",Nil,Nil,N/A,,Reward Points,The Reward Points can be Redeemed at Federal Rewards Portal at a Rate of 1 Reward Point = ₹0.25,,,"{""domestic"": ""2 Times Per Quarter at Domestic Airports on Spends of ₹60,000 in the Previous Quarter"", ""international"": ""Twice a Year at International Airports""}",,0.69% Monthly  (8.28% Yearly),2%,1% Fuel Surcharge Waiver | 2.5% of Amount Withdrawn or ₹500 Whichever is Higher | ₹99 + GST on Every Redemption Request,Get 3X Reward Points on travel and international categories 2X Reward Points on dining using your Federal Bank Visa Celesta Credit Card 1X Reward Points on all other categories Welcome gift of an Amazon voucher worth ₹600 Buy 1 Get 1 Free offer on movie tickets on INOX once every month 2 complimentary domestic lounge access every quarter 2 complimentary international lounge access every year,"[""The card comes with a low forex markup fee of 2%"", ""The card is available on the Visa as well as the Mastercard network""]","[""The card has an unsatisfactory reward rate as compared to other premium credit cards of its kind."", ""The credit card does not offer any lifestyle offers or benefits other than BOGO on movie tickets.""]",,cardinsider.com,https://cardinsider.com/federal-bank/federal-bank-visa-celesta-credit-card/
BOBCARD Uni GoldX Credit Card,Bank of Baroda,Best Fintech  in India,,"[""Best Fintech  in India"", ""Best Fintech Credit Cards in India""]",Nil,Nil,Nil,,Reward Points,Convert Uni Coins to 24K Digital Gold,,,"{""domestic"": ""N/A"", ""international"": ""N/A""}","The eligibility criteria for the card are straightforward and can be summarized by the following checklist: Must be an Indian resident Salaried/Self-employed (Must have a stable income) Must be aged between 21 and 60 years Must present a PAN Card Must have a permanent address proof (Passport, Driving License, Aadhaar Card, Voter’s ID, or any other Officially Valid Document)",3.99% per Month or 47.88% Annually,Nil,"1% Surcharge Waiver; Up to ₹7,500 Only | 2.5% or a Minimum Fee of ₹300 | Nil","Earn rewards of up to 5% when purchasing vouchers from leading brands, including Amazon, Zomato, Myntra, and others No extra Forex fees apply when using your card abroad No joining fees and no annual charges Get a 1% waiver for fuel surcharges at gas stations throughout India Gold rewards don’t expire and can increase in value over time","[""No joining fee or renewal fee applicable"", ""No Forex markup charges"", ""Rewards with appreciating value""]","[""No other lifestyle perks offered"", ""No airport lounge access offered"", ""No milestone perks available""]",,cardinsider.com,https://cardinsider.com/fintech-cards/bobcard-uni-goldx-credit-card/
CUB SalarySe Level Up Credit Card,City Union Bank,Best Fintech  in India,,"[""Best Fintech  in India"", ""Best Fintech Credit Cards in India""]",₹500 + GST,₹500 + GST,"Renewal Fee Waived on Annual spending of ₹2,00,000 or More",,Reward Points,5 SCoins = ₹1,,,"{""domestic"": ""1 Lounge Access per Month on Spending ₹10,000 in the Previous Billing Cycle"", ""international"": ""N/A""}",,3.5% Per Month or 42% Per Annum,1%,"1% Fuel Surcharge Waiver, Valid On Fuel Spends Of ₹400 – ₹3,000 At All Fuel Stations Across India | Up to 3% of Cash Withdrawal Amount or ₹250, Whichever is Higher | N/A","CUB SalarySe Level Up Credit Card is made to offer rewards according to the cardholder’s spending pattern. The card offers 25 Reward Points for every ₹100 spent on transactions made via SalarySe UPI. The card offers 1 Reward Point for every ₹100 spent on transactions made on other UPI Apps. Cardholders can earn 5 Reward Points per ₹100 when their monthly spend is below ₹20,000. Earn 10 RP per ₹100 when your current bill exceeds ₹20,000.","[""This card has a low Forex charge of 1%, which is significantly lower than the industry average of 3.5%.""]","[""Salary day bonus is only applicable on the first and last day of the month."", ""All Reward Points shall expire upon the completion of eighteen months from the date on which such points are earned, so the user has to use the Reward Points within eighteen months.""]",,cardinsider.com,https://cardinsider.com/fintech-cards/cub-salaryse-level-up-credit-card/
Edge CSB Bank RuPay Credit Card,CSB Bank,Best Fintech  in India,RuPay,"[""Best Fintech  in India"", ""Best Fintech Credit Cards in India""]",Nil,Nil,N/A,,Cashback,Cashback is Credited as Reward Points. 5 Jewels (RPs) = ₹1,,,"{""domestic"": ""N/A"", ""international"": ""N/A""}",,3.5% Monthly and 42% Annually on Outstanding Amount,3.5% on Each International Transaction,"1% Waiver on Transactions Above ₹400 Upto ₹3,000 | N/A | N/A","The Edge CSB Bank Credit Card can easily be linked to UPI and rewards payments made through it. This card is exclusively available on the Jupiter app. Cardholders can select one of three categories – dining, shopping, or travel – and earn accelerated 2% cashback on those purchases. All other spends shall be eligible for 0.4% cashback. Cashback is awarded as Reward Points, which can be redeemed for cash, vouchers, and even digital gold. A maximum of 15,000 Reward Points/₹3,000 cashback can be earned in a month.","[""Unlike most credit cards, which offer cashback only on specific categories, this card lets the user choose their preferred category. Whether you’re a shopper, foodie, or traveler, you can choose your preferred category to earn a flat 2% cashback on all purchases within that category.""]","[""The rate of rewards for spends other than accelerated ones could have been higher than 0.4%.""]",,cardinsider.com,https://cardinsider.com/fintech-cards/edge-csb-bank-rupay-credit-card/
IndusInd Bank Tiger Credit Card,IndusInd Bank,Best Fintech  in India,,"[""Best Credit Cards for Beginners"", ""Best Credit Cards for Complimentary Roadside Assistance"", ""Best Fintech  in India"", ""Best Fintech Credit Cards in India"", ""Best Golf Credit Cards in India""]",Nil,Nil,N/A,,Reward Points,1 RP = ₹0.40 against Statement Credit,,,"{""domestic"": ""8 Complimentary Lounge Access per Year"", ""international"": ""2 Complimentary Lounge Access per Year Through the Priority Pass Program""}",One must fulfill the following conditions to be eligible for the IndusInd Bank Tiger Credit Card Must be a resident of India. Must be above the age of 18. Must have a decent credit score. Must have a stable source of monthly income.,3.5% Per Month (42% Per Annum),1.50%,"1% Fuel Surcharge Waiver Across All Fuel Stations in India. Applicable Fuel Transactions Between ₹400 to ₹4,000 Only | 2.5% | N/A",BOGO offers movie tickets via BookMyShow every 6 months. Lower foreign currency markup fee of 1.50%. 1 complimentary golf game every quarter. 1% Fuel Surcharge Waiver. Get a complimentary priority pass membership.,"[""This is a LTF credit card with no annual charges."", ""Access to domestic and international lounges.""]","[""This card does not provide any dining benefits.""]",,cardinsider.com,https://cardinsider.com/fintech-cards/indusind-bank-tiger-credit-card/
OneCard Metal Credit Card,OneCard (Federal Bank/SBM),Best Fintech  in India,Visa,"[""5 Best Secured/FD-Based Credit Cards In India"", ""Best Fintech  in India"", ""Best Fintech Credit Cards in India""]",Lifetime Free,Lifetime Free,N/A,,Reward Points,Redeem RPs for Cashback. 1 Reward Point = ₹0.10,,,"{""domestic"": ""N/A"", ""international"": ""N/A""}","The eligibility criteria that need to be fulfilled in order to get a One Card Credit Card have not been defined clearly by the card issuer. However, the following are some basic eligibility requirements that you might need to fulfill: The applicant’s age should be at least 18 years. The applicant should have a stable source of income. To get a secured OneCard against a fixed deposit, no credit score will be required. However, if you want to get an unsecured card, you should have a decent credit score (preferably above 750).",3.75% Per Month or 45% Per Annum,1%,"1% Waiver on Fuel Transactions Up to ₹400 Each Month | 2.5% of the transaction amount, subject to a minimum amount of Rs. 300 | Nil","Metal credit card issued on the Visa Signature payment network. Lifetime free credit card- no joining/annual fee applicable. 1 Reward Point per ₹50 spent and 5x Reward Points on the top two spend categories. Reward Points are redeemable for cashback, 1 Reward Point = ₹0.10. Lower forex mark-up fee of just 1% of the transaction amount and a lower interest rate of 3.75% per month.",[],[],,cardinsider.com,https://cardinsider.com/fintech-cards/onecard-credit-card/
Poonawalla Fincorp IndusInd Bank eLITE RuPay Credit Card,IndusInd Bank,Best Fintech  in India,RuPay,"[""Best Fintech  in India""]",Nil,Nil,Not Applicable,,Reward Points,Redeem RP for Cash Credit where 1 RP = ₹0.40,,"The Poonawalla RuPay Credit Card provides a milestone benefit that offers significant value. Upon reaching a spending value of ₹4,00,000 within a year of card activation, cardholders will receive 3,000 bonus reward points. These reward points are credited to the cardholder’s account within 45 days after the completion of the first year. It is important to note that the milestone benefit target excludes specific categories such as utilities, government payments, education fees, and insurance premium payments. However, this card includes rent expenditures in the qualifying criteria to attain the spending target.","{""domestic"": ""N/A"", ""international"": ""N/A""}","To own the Poonawalla Fincorp IndusInd Bank eLITE RuPay Credit Card one should be between the ages of 21 and 65 years and have a minimum salary of ₹20,000. The potential cardholder should be a resident of India and have a decent credit score.",3.83% per month (46% Annually),3.50%,"1% Fuel Surcharge Waiver for Transactions Between ₹400 and ₹4,000 at all Petrol Stations. | Nil | N/A",Milestone Benefits worth 3000 reward points on spending ₹4 lakhs. BOGO offer on movie tickets capped at ₹200 per month. 1% fuel surcharge waiver on transactions at every petrol pump in India. ‘Total Protect’ has been introduced for insurance coverage.,"[""Lifetime-free credit card with no annual charges."", ""This card can be linked with UPI apps for hassle-free transactions.""]","[""No dining offers with this card."", ""This card does not offer a very good reward rate.""]",,cardinsider.com,https://cardinsider.com/fintech-cards/poonawalla-fincorp-induslnd-bank-elite-rupay-credit-card/
SBM ZET Credit Card,SBM Bank,Best Fintech  in India,RuPay,"[""Best Fintech  in India"", ""Best Fintech Credit Cards in India""]",Lifetime Free,Lifetime Free,N/A,,Zet Coins,Cash/Vouchers. 1 ZET Coin = ₹0.20 (for Cash Conversion). 1 ZET Coin = ₹0.25 (for Vouchers),,,"{""domestic"": ""N/A"", ""international"": ""N/A""}",,3.5% Per Month or 42% Per Annum,2.49%,N/A | 3.5% of the Amount Withdrawn or ₹300 (Whichever is Higher) | N/A,"The SBM ZET Credit Card is the quickest way to achieve a credit score of 750 or higher. This credit card is backed by a Fixed Deposit (FD) – Simply book a Fixed Deposit with SBM Bank to receive a secured credit card. Your deposit is completely safe and insured by the Reserve Bank of India. No income proof is required. Anyone can apply without uploading salary slips or having an existing credit history. The UPI-enabled RuPay Credit Card allows you to use your credit card across any UPI app. In addition to the rewards, customers will get up to 20% Instant off on Swiggy, Zomato, Instamart, BookMyShow, and Abhibus on making their payment using the SBM ZET Credit Card.",[],[],,cardinsider.com,https://cardinsider.com/fintech-cards/sbm-bank-zet-credit-card/
Scapia Credit Card,Scapia (Federal Bank),Best Fintech  in India,RuPay,"[""20+ Best Travel Credit Cards"", ""Best Credit Cards Offering Meet & Greet Airport Services"", ""Best Credit Cards for Beginners"", ""Best Credit Cards for Free Domestic Airport Lounge Access"", ""Best Credit Cards for International Travel 2026"", ""Best Federal Bank Credit Cards"", ""Best Fintech  in India"", ""Best Fintech Credit Cards in India"", ""Best Lifetime Free Credit Cards India 2026"", ""Top 20 Best Credit Cards in India 2026""]",Lifetime Free,Lifetime Free,N/A,,Reward Points,Redeem Coins on Scapia. 1 Scapia Coin = ₹0.20,,,"{""domestic"": ""Unlimited Airport Lounge Access on Making Monthly Spends of ₹20,000"", ""international"": ""N/A""}",,3.75% Per Month,Nil,"1% Fuel Surcharge Waiver on Transactions Upto ₹5,000 | 2.5% of the Total Amount Withdrawn or a Minimum of Rs. 500 | N/A","Earn 20% Scapia Coins while making bookings on Scapia. Earn 10% Scapia Coins on all offline and online transactions (with few exceptions like fuel, wallet reloads, etc).","[""This card is most suited for frequent travellers."", ""The Federal/BOBCARD Scapia Credit Card is also available on the RuPay network, making it perfect for spending via UPI.""]","[""Scapia Coins can only be redeemed while making bookings with Scapia."", ""Unlimited airport lounge access with this card is based on a minimum spending requirement each statement cycle.""]",,cardinsider.com,https://cardinsider.com/fintech-cards/scapia-credit-card/
slice UPI Credit Card,Slice (SBM Bank),Best Fintech  in India,,"[""Best Fintech  in India"", ""Best Fintech Credit Cards in India""]",N/A,N/A,N/A,,Cashback,N/A,,,"{""domestic"": ""N/A"", ""international"": ""N/A""}",,3.50%,Zero,"N/A | 2.5% of the Transaction Amount or ₹25, Whichever is Higher | N/A",The credit card has no joining or annual fee. Earn up to up to 3% cashback on every transaction with the card. The credit card offers zero foreign exchange charges while you spend internationally. Split purchases into 3 interest-free monthly installments (slice-in-3). Access to weekly brand deals and offers through the slice Spark.,"[""Users can enjoy a lifetime free credit card that offers up to 3% cashback on every purchase."", ""Make purchases abroad without paying extra conversion fees, saving money on international transactions.""]","[""The credit card is not best suited for high-end customers, as the card does not offer any extra benefits like travel insurance or lounge access.""]",,cardinsider.com,https://cardinsider.com/fintech-cards/slice-credit-card/
Unity Bank BharatPe RuPay Credit Card,Unity Small Finance Bank,Best Fintech  in India,RuPay,"[""Best Fintech  in India"", ""Best Fintech Credit Cards in India""]",LIFETIME FREE,LIFETIME FREE,N/A,,Reward Points,Zillion Coins can be Redeemed on Zillion app or for the Card’s Bill Payment,,,"{""domestic"": ""2 Free Visits per Quarter; 8 Visits Annually"", ""international"": ""2 Free Visits Annually""}",,2% per Month; 24% Annually,3.50%,1% | N/A | N/A,The card converts your unpaid balance to EMI automatically The interest rate charged on EMI conversion is as low as 2% monthly and follows the reducing balance method.,"[""No joining or renewal fee"", ""The auto-EMI feature makes repayment manageable"", ""Up to 2% cashback in Zillion Coins"", ""Complimentary domestic and international lounge access""]","[""No movie, dining, or travel-specific offers"", ""3.5% foreign currency markup"", ""EMI-based rewards mean you earn only when balances are not paid in full"", ""No insurance cover included""]",,cardinsider.com,https://cardinsider.com/fintech-cards/unity-bank-bharatpe-rupay-credit-card/
YES Bank Anq Phi Credit Card,Yes Bank,Best Fintech  in India,,"[""Best Fintech  in India""]",Nil,₹499 + GST,Renewal fee waiver on spending ₹1.2 lakhs in the previous year,,Reward Points,Earned RP can be redeemed for merchandise vouchers and gift cards,,,"{""domestic"": ""N/A"", ""international"": ""3 complimentary airport lounge visits annually""}","Age Requirement: Applicants must be between 21 and 60 years old. Employment Status: Both salaried and self-employed individuals can apply. Income Criteria: A minimum net salary of ₹25,000 per month is required, or an income tax return showing an income of ₹7.5 lakhs and above. Existing Customers: Current YES Bank credit cardholders are not eligible for this card. Documentation: Necessary documents proving age, income, and employment status will be needed during the application process.",3.99% (monthly); 47.88% (annually),3.40%,"1% waiver at petrol pumps across India for transactions between ₹400 to ₹5,000 | 2.5% of the amount withdrawn or ₹500 | ₹100 + GST",This card comes with no joining fee. International airport lounge visits are offered thrice every year. A 1% fuel surcharge waiver on fuel transactions is offered with this card.,"[""The renewal fee is waived if the cardholder spends more than ₹1.2 lakhs in the previous year.""]","[""The Forex Markup fee is quite high for this card."", ""Benefits such as dining perks, entertainment, etc., are not included in this card.""]",,cardinsider.com,https://cardinsider.com/fintech-cards/yes-bank-anq-phi-credit-card/
YES Bank POP CLUB Credit Card,Yes Bank,Best Fintech  in India,RuPay,"[""Best Fintech  in India"", ""Best Fintech Credit Cards in India"", ""Best RuPay Credit Cards for UPI Payments""]",LIFETIME FREE (Till 31st March 2027),LIFETIME FREE (Till 31st March 2027),N/A,,Reward Points,Redeem POPcoins for Vouchers or Directly at POPshop (1 POPcoin = Up to ₹1),,,"{""domestic"": ""N/A"", ""international"": ""N/A""}","Age Requirement: You must be between 21 and 60 years old. Employment Status: Open to both salaried individuals and self-employed persons. Credit History: You must not hold an existing YES BANK Credit Card to qualify for this card. Income Criteria: Minimum net salary of ₹25,000 per month Annual Income Tax Return of ₹5 lakhs or more. Minimum net salary of ₹25,000 per month Annual Income Tax Return of ₹5 lakhs or more.",3.99% (Monthly) or 47.88% (Annually),3.40%,"1% Waiver, Capped at ₹300 Every Month | 2.5% of the Amount Withdrawn or ₹500 | N/A","Earn 1,500 POPcoins on crossing the spending threshold of ₹1.5 lakhs in the previous quarter. Welcome benefits include a complimentary 3-month Zomato Gold membership, free deliveries on Blinkit, a voucher on Cleartrip, and much more. UPI apps can be easily linked with this card, as this is a RuPay Credit Card.","[""The POP CLUB Credit Card has no joining or annual fees, making it an excellent choice for everyone."", ""The Yes Bank POP CLUB Credit Card is available on the RuPay network, which allows it to connect to UPI and make payments."", ""Cardholders shall be eligible to earn 5% instant POPcoins when making spends via POP UPI.""]","[""This card does not offer airport lounge access, which is a feature many people consider essential these days."", ""Current Yes Bank Credit Cardholders cannot apply for the Yes POP CLUB Credit Card.""]",,cardinsider.com,https://cardinsider.com/fintech-cards/yes-bank-pop-club-credit-card/
Zagg Credit Card,Zagg (RBL Bank),Best Fintech  in India,,"[""Best Fintech  in India"", ""Best Fintech Credit Cards in India""]",N/A,N/A,N/A,,Reward Points,1 Zagg Coin = ₹0.25,,,"{""domestic"": ""2 Visits Per Calendar Quarter on a Spend of at least ₹50,000 in the Previous Quarter"", ""international"": ""N/A""}",,3.99% Per Month (47.88% Annually),3.50%,1% Fuel Surcharge Waiver on a Maximum Transaction Amount of ₹250. | 3.99% Monthly (47.88% Annually) | ₹100 + GST,The credit card does not have any joining or annual fees. Get 3% Zagg coins while making a UPI transaction through the Zagg app. 40% off on food ordered from Swiggy or Zomato. Enjoy buy one get one movie ticket offer on the District app and BookMyShow Waive 1% fuel surcharge on transactions up to ₹250.,"[""The Zagg Credit Card has no joining or annual fees and offers a discount on food delivery apps. The card also offers domestic lounge access.""]","[""There are no milestones or welcome benefits with the Zagg Credit Card. Therefore, even if you spend a significant amount, you will not receive any benefits.""]",,cardinsider.com,https://cardinsider.com/fintech-cards/zagg-credit-card/
Axis Bank Multi-Currency Forex Card,Axis Bank,Forex Cards,"Visa, Mastercard","[""20+ Best Forex Cards in India 2026"", ""Forex Cards""]",₹300 + GST,N/A,N/A,,N/A,N/A,,,"{""domestic"": ""N/A"", ""international"": ""N/A""}",There are no strict eligibility criteria that need to be fulfilled by the cardholders in order to get approved for Axis bank’s Multicurrency Forex Card. You just need to submit a few documents while applying for this card. All the required documents are listed below: A copy of your passport. Application form for the Axis Multicurrency Forex Card. Visa of the applicant. Copy of ticket. Address proof (in case your present address is different from the address mentioned on your passport).,N/A,3.50% of the transaction amount on cross-currency usage,N/A | 0.5% of the transaction (subject to a maximum charge of USD 75) or USD 2.25 on ATM withdrawals | N/A,"Can be loaded in 16 widely used currencies including USD, Euro, Pound, Dirham. Cashback of up to Rs. 1,000 on Vodafone India’s international roaming packs. No forex mark-up charge applicable on transactions made in the currency loaded on the card. Lower currency conversion rates on Southeast Asian currencies. 24×7 emergency assistance by TripAssist in case of loss of card/money. Card issuance fee of Rs. 300 waived off for Priority and Burgundy account holders. Locked-in currency exchange margin. Flat Rs. 0.30 discount on exchange margin to Axis Bank account holders on reloading the card via internet/mobile banking. Card widely accepted at all retail outlets and online stores accepting Visa/MasterCard credit/debit cards.",[],[],,cardinsider.com,https://cardinsider.com/forex-cards/axis-bank-multi-currency-forex-card/
Axis Bank World Traveller Forex Card,Axis Bank,Forex Cards,Mastercard,"[""20+ Best Forex Cards in India 2026"", ""Forex Cards""]",₹500 + GST,N/A,N/A,,,"Miles redeemable against flight bookings, hotel reservations, car rentals, shopping or for donations",,,"{""domestic"": ""N/A"", ""international"": ""N/A""}","Unlike credit cards, there are not so strict eligibility criteria that you need to fulfill in order to get approved for Axis bank’s World Traveler Forex Card. You just need to submit a few documents while applying for this card, which are listed below A copy of your passport. Visa of the applicant. Address proof (in case your present address is different from the address mentioned on your passport). Application form for the Axis Multicurrency Forex Card. Copy of ticket.",N/A,3.50% of the transaction amount on cross-currency usage,N/A | 0.5% of the transaction amount (subject to a maximum charge of USD 75) or USD 2.25 on ATM withdrawals | N/A,"Can be loaded in 16 widely used currencies including Euro, USD, Pounds, Dirham and many more. Card accepted at over 30 million retail outlets and over 1,00,000 e-commerce sites in India and internationally. Complimentary membership of Miles & More frequent flyer program. 1,000 award miles as a welcome benefit on loading the card for the first time. 2,000 Bonus Miles on loading more than USD 4,000. 5 Miles for every USD 5 spent with the card. Cashback of up to Rs. 1,000 on VI international roaming packs every time the card is loaded/reloaded. 24×7 emergency assistance during international travel by TripAssist in case of loss of card/wallet/baggage.",[],[],,cardinsider.com,https://cardinsider.com/forex-cards/axis-bank-world-traveller-forex-card/
BookMyForex YES Bank Forex Card,Yes Bank,Forex Cards,,"[""20+ Best Forex Cards in India 2026"", ""Forex Cards""]",Lifetime Free,Lifetime Free,N/A,,N/A,N/A,,,"{""domestic"": ""N/A"", ""international"": ""N/A""}","There are no such strict eligibility criteria that need to be fulfilled by the applicants in order to apply for the BMF YES Bank Forex Card. Any Indian citizen travelling abroad can apply for it. The only requirement is that the applicant should comply with the LRS limit of 250,000 USD in a financial year.",Nil,Exact interbank rate with no added margin*,Nil | 2% of the transaction amount | Nil,"Lifetime free Forex card. Exciting discounts and deals across different categories, including dining, health, and lifestyle. No loading, reloading and unloading charges. Paperless 24*7 services through the BookMyForex app. Lost card liability cover worth Rs. 1.5 lakhs. Zero forex markup fee.",[],[],,cardinsider.com,https://cardinsider.com/forex-cards/bookmyforex-yes-bank-prepaid-card/
Goibibo ICICI Bank Forex Prepaid Card,ICICI Bank,Forex Cards,Visa,"[""20+ Best Forex Cards in India 2026"", ""Forex Cards""]",Rs. 499 (plus applicable taxes),N/A,N/A,,,N/A,,,"{""domestic"": ""N/A"", ""international"": ""N/A""}",,N/A,Cross currency mark-up fee of 3.5% of the transaction amount applicable on transactions done in another currency,"N/A | USD 2 (or currency equivalent) on cash withdrawals from ATMs, 0.5% of the transaction amount on cash withdrawals from POS | N/A","goCash+ gift voucher worth Rs. 500. Goibibo vouchers worth Rs. 15,000. Complimentary card protection from OneAssist wallet assistance worth Rs. 1,600. Discount of Rs. 500 at Croma outlets (including online and airport outlets). Flat 15% discount on dining at Indian restaurants in 6 countries. Cab voucher worth Rs. 1,000 and a discount of Rs. 0.40 on forex rate on loading USD 1,000. Accepted at all international online stores accepting Visa credit/debit cards. Can be used for shopping at duty-free stores at airports.",[],[],,cardinsider.com,https://cardinsider.com/forex-cards/goibibo-icici-bank-forex-prepaid-card/
HDFC Bank Multicurrency Platinum ForexPlus Chip Card,HDFC Bank,Forex Cards,Visa,"[""20+ Best Forex Cards in India 2026"", ""Forex Cards""]",₹500 + GST,N/A,N/A,,N/A,N/A,,,"{""domestic"": ""N/A"", ""international"": ""N/A""}",The forex cards don’t come with very strict eligibility criteria like the credit cards. anyone who is traveling to different countries can get this card provided that he/she has all the valid travel documents. You just need to keep the following points in mind: The applicant doesn’t need to be an HDFC Bank customer. Non-customers can also get the card. Anyone above the age of 18 years can apply for this card.,N/A,"No mark-up fee on transactions made in the currency loaded on the card, a cross-currency mark-up fee of 2% of the transaction amount applicable on transactions made in a currency other than the one loaded on the card",N/A | USD 2 on ATM withdrawals | N/A,"Can be loaded in 22 different currencies including USD, Euro, and Dihram. Accepted at all online portals and retail stores that accept Visa credit/debit cards. Can be used for shopping at duty-free stores at international airports across India. Card issuance fee waived off on the first loading of a minimum of USD 1,000 (or its currency equivalent). Amazon voucher worth up to Rs. 1,500 on loading/reloading the card with USD 1,500 (or its currency equivalent) or more. Rs.0.20 cheaper exchange rate on loading/reloading the card via online channels. Emergency cash delivery assistance around the world in case of loss of card/card not working. 24×7 global concierge service for assistance regarding hotel reservations, car rentals, gift/flower delivery, medical services,, etc. Complimentary comprehensive insurance plan including insurance covers against air/rail/road accidents, loss of baggage/documents/cash, and misuse of card.",[],[],,cardinsider.com,https://cardinsider.com/forex-cards/hdfc-bank-multicurrency-platinum-forexplus-chip-card/
HDFC Bank Regalia ForexPlus Card,HDFC Bank,Forex Cards,Visa,"[""20+ Best Forex Cards in India 2026"", ""Forex Cards""]","₹1,000 + GST",Nil,N/A,,N/A,N/A,,,"{""domestic"": ""One Free Visit Each Quarter at International Airports in India"", ""international"": ""N/A""}","Unlike credit cards, forex cards do not have very strict eligibility criteria. If you want to get this card, you should just keep the following points in mind: The cardholder should be an Indian resident traveling abroad. HDFC Bank customers and non-banking customers can apply for this card.",N/A,Nil,N/A | USD 4 | N/A,"Balance is loaded on the card in US Dollars and can be used in any currency without any forex charges. The card can be used for online transactions at all major e-commerce portals with authentication via OTP or prepaid card net-banking password. No ATM access charges when used at All Point Network ATMs (regular ATM withdrawal charges applicable). 1 complimentary lounge access per quarter at international airports in India. Complimentary access to select airport lounges in case of delay of the flight. Global assistance in the event of loss of the card/card not working. Emergency cash delivery assistance across the globe. Multiple complementary insurance covers, including insurance against counterfeiting/skimming, air/rail/road accident cover, loss/damage of check-in luggage, and loss of personal documents, etc. Support for the PayWave technology (contactless transactions).",[],[],,cardinsider.com,https://cardinsider.com/forex-cards/hdfc-bank-regalia-forexplus-card/
ICICI Bank Coral Prepaid Forex Card,ICICI Bank,Forex Cards,Visa,"[""20+ Best Forex Cards in India 2026"", ""Forex Cards""]",₹499 + GST,Nil,N/A,,,N/A,,,"{""domestic"": ""N/A"", ""international"": ""N/A""}",,N/A,"No mark-up fee applicable on transactions made in the currency loaded on the card, a cross-currency usage fee of 3.5% of the transaction amount levied on transactions made in a currency other than the one loaded on the card.","N/A | USD 2 (or currency equivalent) on cash withdrawals from ATMs, 0.5% of the transaction amount on cash withdrawals from POS | N/A","BookMyShow vouchers worth ₹500 each as a joining benefit. Complimentary OneAssist complete card protection. Comprehensive insurance plan with insurance covers against air accident, loss of card, delay of check-in baggage, and many other insurance benefits. It can be used to shop at duty-free stores at international airports across India. Free replacement card provided with the card in the welcome kit. Emergency travel assistance including emergency cash delivery and concierge service during international travel. Exciting discounts on travel, dining and shopping around the world.",[],[],,cardinsider.com,https://cardinsider.com/forex-cards/icici-bank-coral-prepaid-forex-card/
ICICI Bank Sapphiro Forex Prepaid Card,ICICI Bank,Forex Cards,,"[""20+ Best Forex Cards in India 2026"", ""Forex Cards""]","₹2,999 + GST",Nil,N/A,,N/A,N/A,,,"{""domestic"": ""N/A"", ""international"": ""2 Complimentary Access Every Year With DreamFolks""}",,N/A,Nil (no foreign currency mark-up fee and no-cross currency usage charges),"N/A | USD 2 (or currency equivalent) on cash withdrawals from ATMs, 0.5% of the transaction amount on cash withdrawals from POS | N/A","Uber vouchers worth Rs. 1,000 as a welcome gift. Complimentary DreamFolks membership with 2 international lounge access per annum. Complimentary OneAssist complete card protection cover. 5% cashback on online hotel/flight bookings (max cashback capped at Rs. 3,000 per month). Comprehensive travel insurance including a personal air accident cover worth Rs. 10 lakh and many other travel-related insurance covers. Free replacement card provided with the primary card in the welcome kit. The card can be used for shopping at duty-free stores at airports within India. Exciting deals around the world on stay, travel, dining and shopping. Discounts on international roaming packs. Complimentary lost card liability cover worth Rs. 5 lakh.",[],[],,cardinsider.com,https://cardinsider.com/forex-cards/icici-bank-sapphiro-forex-prepaid-card/
ICICI Bank Student Forex Prepaid Card,ICICI Bank,Forex Cards,,"[""20+ Best Forex Cards in India 2026"", ""Forex Cards""]",Rs. 499 + GST,Rs. 499 + GST,NA,,,NA,,,"{""domestic"": ""NA"", ""international"": ""NA""}","Anyone travelling abroad (for study purposes) can get the Student Forex Card from ICICI bank as there are not so strict eligibility criteria to be fulfilled. But, you will have to submit certain documents while applying for this card, which is as follows: LRS declaration and form A2 plus an application form. PAN Card copy (self-attested). Original Passport of the applicant along with a self-attested photocopy. Original Aadhar Card of the applicant along with a self-attested photocopy. A Visa copy (self-attested) is also required).",,Cross currency markup fee of 3.5%,USD 2 (or equivalent value of other currencies) | Nil,"Get a complimentary ISIC membership as a welcome benefit. Get exciting deals and discounts on international travel-related spends. 40% discount on excess baggage and 20% discount on DHL courier services. Get card protection plus insurance cover worth Rs. 1,500. Get lost card liability cover worth up to Rs. 5 lakhs.",[],[],,cardinsider.com,https://cardinsider.com/forex-cards/icici-bank-student-forex-prepaid-card/
ICICI Bank Student Sapphiro Forex Prepaid Card,ICICI Bank,Forex Cards,,"[""20+ Best Forex Cards in India 2026"", ""Forex Cards""]","₹2,999 + GST",Nil,N/A,,Cashback,N/A,,,"{""domestic"": ""N/A"", ""international"": ""2 International Lounge Visits""}",,N/A,N/A,N/A | N/A | N/A,"This is a prepaid Forex card designed for students. This card has zero markup charges for international transactions. Cardholders get free access to international lounges with this card. Monthly three ATM fee waivers on cash withdrawals for five years. Lost Card Liability coverage up to ₹5,00,000.",[],"["""", """"]",,cardinsider.com,https://cardinsider.com/forex-cards/icici-bank-student-sapphiro-forex-prepaid-card/
ICICI Corporate Sapphiro Forex Prepaid Card,ICICI Bank,Forex Cards,Visa,"[""20+ Best Forex Cards in India 2026"", ""Forex Cards""]","₹2,999 + GST",Nil,N/A,,N/A,N/A,,,"{""domestic"": ""N/A"", ""international"": ""2 Free Visits Each Year""}",,N/A,Zero,N/A | 3 Monthly ATM Fee Waiver | N/A,"The ICICI Corporate Sapphiro Forex Card is most suited for corporate employees who often travel abroad for business. This is the world’s first prepaid card powered by Visa Infinite. Cardholders shall be eligible for several Visa Infinite benefits, such as International Airport Meet & Greet and a free international SIM.","[""This card can be used securely for foreign payments.""]","[""There are no rewards for international spending.""]",,cardinsider.com,https://cardinsider.com/forex-cards/icici-corporate-sapphiro-forex-prepaid-card/
ICICI Expressions Sapphiro Forex Card,ICICI Bank,Forex Cards,Visa,"[""20+ Best Forex Cards in India 2026"", ""Forex Cards""]","₹3,499 + GST",Nil,N/A,,N/A,N/A,,,"{""domestic"": ""N/A"", ""international"": ""2 International Complimentary Airport Lounge Access""}",,N/A,Nil,N/A | US $2 (or currency equivalent) on cash withdrawals from ATMs | N/A,"The card has a joining fee of ₹3,499 + GST It provides two complementary international lounge access The card comes with Card Protection Plus insurance worth ₹1,600","[""Zero foreign currency markup fee."", ""Choose from 150 designs to personalize cards."", ""2 complimentary international airport lounge access.""]","[""No reward points or cashback offered."", ""Comes at a high joining fee of ₹4,128.82 (including taxes)."", ""A fee of $27 is charged for each lounge visit after the first two complimentary visits have been used.""]",,cardinsider.com,https://cardinsider.com/forex-cards/icici-expressions-sapphiro-forex-card/
IDFC FIRST Multi-Currency Forex Card,IDFC FIRST Bank,Forex Cards,Visa,"[""20+ Best Forex Cards in India 2026"", ""Forex Cards""]",Nil,Nil,N/A,,N/A,N/A,,,"{""domestic"": ""N/A"", ""international"": ""N/A""}",All IDFC FIRST Bank Savings account customers who are planning to travel abroad can apply for a Forex Card.,N/A,N/A,N/A | N/A | N/A,There are no joining fees for this Forex card. You can load currencies of 140 different countries with this IDFC Forex card.,[],[],,cardinsider.com,https://cardinsider.com/forex-cards/idfc-first-multi-currency-forex-card/
IndusInd Bank Multi-Currency Travel Card,IndusInd Bank,Forex Cards,Visa,"[""20+ Best Forex Cards in India 2026"", ""Forex Cards""]",₹300 + GST,N/A,N/A,,,N/A,,,"{""domestic"": ""N/A"", ""international"": ""N/A""}","Since it is a prepaid card, there is no income-based eligibility criteria for IndusInd Bank Multi-Currency Travel Card.",N/A,"No mark-up fee on transactions made in the currency loaded on the card, a cross-currency mark-up of 3.5% of the transaction amount is applicable on transactions made in a currency other than the one loaded on the card",N/A | 1% of the transaction amount and ATM withdrawal fee of USD 2 | N/A,"Can be loaded in 14 different currencies including USD, Euro, Dirham, and many others. Accepted worldwide at all international merchants accepting Visa credit/debit cards. Air accident cover worth Rs. 10 lakh, fraudulent usage cover worth Rs. 2 lakhs, and many other travel-related insurance covers. Discount of up to Rs. 3,000 on experiences, sightseeing and activities on reloading the card. Free airport transfer worth up to Rs. 1,000 and a discount of Rs. 150 on card issuance charge on a minimum currency load equivalent to Rs. 50,000. Can be used for shopping at duty-free stores at international airports across Inida.",[],[],,cardinsider.com,https://cardinsider.com/forex-cards/indusind-bank-multi-currency-travel-card/
Kotak Forex Card,Kotak Mahindra Bank,Forex Cards,Visa,"[""20+ Best Forex Cards in India 2026"", ""Forex Cards""]",₹250 + GST,N/A,N/A,,N/A,N/A,,,"{""domestic"": ""N/A"", ""international"": ""N/A""}",The card can be instantly purchased or loaded at Kotak Mahindra branches by submitting the required documents. It is also available for Indian nationals traveling abroad and foreign nationals residing in India.,N/A,Zero,N/A | USD 2 | N/A,"The card is a prepaid Forex card on the Visa network, making it widely acceptable. It is a secured card with a chip and sends SMS alerts for every transaction.","[""Supports up to 13 different currencies"", ""Easy to reload and is accepted worldwide"", ""24/7 global assistance from Visa"", ""Easily replaceable worldwide"", ""Comes with complimentary insurance benefits""]","[""No reward points on spends made"", ""Currency Exchange markup fee of 3.5%""]",,cardinsider.com,https://cardinsider.com/forex-cards/kotak-forex-card/
MakeMyTrip HDFC Bank ForexPlus Card,HDFC Bank,Forex Cards,,"[""20+ Best Forex Cards in India 2026"", ""Forex Cards""]",Rs. 500 (plus applicable taxes),N/A,N/A,,N/A,N/A,,,"{""domestic"": ""N/A"", ""international"": ""2 lounge access at select international airports across India""}",There are not very strict eligibility criteria that you need to fulfill in order to get the HDFC Bank MakeMyTrip ForexPlus Card. Just keep the following points in mind and go for it: The applicant doesn’t need to be an HDFC Bank customer. HDFC customers as well as non-customers can apply for this card. The applicant should be an Indian resident traveling abroad. The applicant will need to submit the necessary travel documents that are mentioned below.,N/A,"No mark-up fee on transactions made in the currency loaded on the card, a cross-currency mark-up fee of 2% of the transaction amount applicable on transactions made in a currency other than the one loaded on the card",N/A | USD 2 on ATM withdrawals | N/A,"Can be loaded in 22 different currencies including USD, Euro, and UAE Dirham. Complimentary insurance plan including insurance against air/rail/road accident, misuse of card and many other insurance covers. Complimentary lounge access at select international airports across India. Amazon gift voucher worth Rs. 1,500 on loading/reloading the card with a minimum of USD 1,500 (or equivalent). Ola voucher worth Rs. 500 on loading a minimum of USD 1,000 on the card (valid only for the first loading only). Complimentary MMT Black membership- an invite-only loyalty program by MakeMyTrip. Discounts from MakeMyTrip on flight, hotel and holiday package bookings. Issuance fee waiver for customers with a valid MMT international flight/hotel/holiday booking ID. Issuance fee waiver on the minimum first loading of USD 1,000 (or its currency equivalent). Rs. 0.20 cheaper forex rate on loading the card via online channels.",[],[],,cardinsider.com,https://cardinsider.com/forex-cards/makemytrip-hdfc-bank-forexplus-card/
Niyo Global Card by Equitas Bank,Equitas Small Finance Bank,Forex Cards,Visa,"[""20+ Best Forex Cards in India 2026"", ""Forex Cards""]",Nil,Nil,N/A,,N/A,N/A,,,"{""domestic"": ""Yes"", ""international"": ""N/A""}","The eligibility requirements and other criteria for the Niyo Global card are quite simple. You must be an Indian citizen of 18+ years of age with a valid Aadhaar, PAN card, and an Indian Passport to open a Niyo Global digital savings account and get a Niyo Global Card.",Nil,Nil,N/A | Domestic ATM withdrawal charges – 3 free withdrawals per month and Rs. 21 plus taxes from the 4th withdrawal onwardsInternational ATM withdrawal charges – Rs. 110 plus taxes | N/A,Zero forex markup fees on international transactions Load in INR and make international payments in more than 130 currencies Accepted in over 150 countries by all merchants that accept Visa cards Earn up to 7% interest rate p.a. on your savings User-friendly mobile app with global ATM Locator and Currency Converter tool to check live forex rates Complimentary airport lounge access at international terminals in India Real-time security and card balance updates Get 2500 Niyo Coins worth ₹250 as bonus for every successful referral of the Niyo Global card,[],[],,cardinsider.com,https://cardinsider.com/forex-cards/niyo-global-card/
Standard Chartered Multi-Currency VISA Forex Card,Standard Chartered,Forex Cards,Visa,"[""20+ Best Forex Cards in India 2026"", ""Forex Cards""]",₹299 + GST (One Time Issuance Fee),N/A,N/A,,Reward Points,N/A,,,"{""domestic"": ""N/A"", ""international"": ""N/A""}","The eligibility criteria for obtaining a Forex card are more relaxed than those for credit cards. Keep the following points in mind if you are interested in getting this card: Should be an Indian Citizen traveling abroad. Should have a copy of a valid passport. Travel proof includes a visa, flight tickets, or any relevant travel proof.",Nil,3.5% of the transaction value,Nil | Nil | Nil,This card has only one-time joining fees. You can load currencies of 20 different countries with this Multi-Currency Forex card.,[],[],,cardinsider.com,https://cardinsider.com/forex-cards/standard-chartered-multi-currency-visa-forex-card/
State Bank Multi-Currency Foreign Travel Card,SBI Card,Forex Cards,Mastercard,"[""20+ Best Forex Cards in India 2026"", ""Forex Cards""]",Rs. 100 (plus applicable taxes),N/A,N/A,,,N/A,,,"{""domestic"": ""N/A"", ""international"": ""N/A""}",,N/A,Cross currency usage fee of 3% of the transaction amount on transactions made in a currency other than the one loaded on the card,N/A | USD 1.75 on every transaction (or its currency equivalent) | N/A,Can be loaded in 7 widely accepted currencies including USD and EUR. Accepted at all international retail outlets and online portals accepting MasterCard credit/debit cards. Card reloadable at any of the FTC (Foreign Travel Card) issuing branches. Chip and PIN Card with support for contactless payments. No foreign currency mark-up fee on transactions made in the currency loaded on the card.,[],[],,cardinsider.com,https://cardinsider.com/forex-cards/state-bank-multi-currency-foreign-travel-card/
Tata Neu IndusInd Bank Forex Card,IndusInd Bank,Forex Cards,Visa,"[""20+ Best Forex Cards in India 2026"", ""Forex Cards""]",₹299 + GST,N/A,N/A,,,N/A,,,"{""domestic"": ""N/A"", ""international"": ""N/A""}",,N/A,3.50%,N/A | N/A | N/A,Can be loaded in upto 14 currencies The card offers global acceptance It is easy to load or reload the card online,"[""Load up to 14 different currencies on a single card, making it ideal for multi-country trips."", ""It comes with chip technology, OTP-based access, and 24/7 customer support to block the card in case of loss or theft."", ""Includes insurance for fraudulent charges, baggage loss, passport loss, and even air accident coverage.""]","[""A quarterly inactivity fee of ₹250 (after 18 months of non-use) may apply, which could be a drawback for infrequent travelers."", ""Every reload and card re-issuance incurs additional charges (₹99 + GST), increasing costs over time.""]",,cardinsider.com,https://cardinsider.com/forex-cards/tata-neu-indusind-bank-forex-card/
TripMoney Global Cash Card,TripMoney (Yes Bank),Forex Cards,Visa,"[""Forex Cards""]",Nil,Nil,NA,,,NA,"Cardholders get MMT or MakeMyTrip Black Membership, discount coupon over Rs. 7,000 on the MMT app, etc. upon activating the card successfully.",,"{""domestic"": ""NA"", ""international"": ""NA""}",,Nil,NA,NA | NA | Nil,"MMT or MakeMyTrip Black Membership, discount coupon over Rs. 7,000 on the MMT app, etc. TripMoney Global Cash Card is a lifetime free credit card 0% foreign markup fee, only Visa exchange rates are applicable No balance inquiry fee in the application No charges to load money No extra hidden charges Easily load INR and further withdraw or use for domestic and international transactions Accepted on all POS and ATMs in over 150 countries across the globe Digitalised control over your expenses and transactions of the Visa-powered card",[],[],,cardinsider.com,https://cardinsider.com/forex-cards/tripmoney-global-cash-card/
Yes Bank Multicurrency Travel Card,Yes Bank,Forex Cards,"Visa, Mastercard","[""20+ Best Forex Cards in India 2026"", ""Forex Cards""]",Rs. 125 plus taxes,Rs. 125 plus taxes,N/A,,N/A,N/A,,,"{""domestic"": ""N/A"", ""international"": ""N/A""}",,N/A,2.75% of the transaction value,N/A | 2% of the transaction value | Nil,Contactless-enabled forex card with PIN and CHIP protection to save from unauthorized transactions Carry up to 15 currencies in the card and use for payment at more than 36 million merchants globally Reload the card remotely through Yes Bank branches Manage the card easily through Yes Pay mobile app and Self Care web portal Disable/enable and set or modify transaction limits on different modes Refund unused foreign currency balance to your account easily Email and SMS alerts for both financial as well as non-financial transactions,[],[],,cardinsider.com,https://cardinsider.com/forex-cards/yes-bank-multicurrency-travel-card/
6E Rewards – IndiGo HDFC Bank Credit Card,HDFC Bank,Best HDFC Bank,,"[""Best HDFC Bank"", ""Best HDFC Bank Credit Cards""]",₹500 + GST,₹500 + GST,N/A,,Air Miles,The 6E rewards you earn using your 6E Rewards IndiGo HDFC Credit Card can be redeemed through the 6E rewards portal. 1 6E Reward = Re. 1.,,,"{""domestic"": ""N/A"", ""international"": ""N/A""}",,3.75% Per Month (45% Annually),3.50%,No Waiver Applicable | 2.5% of the amount withdrawn subject to a minimum charge of Rs. 500 | ₹200 + GST,"Get 2.5% 6E Rewards on IndiGo ticket bookings using your 6E Rewards IndiGo HDFC Credit Card. Get 2% 6E Rewards on Dining, Groceries, and Entertainment, and 1% 6E Rewards on every other spend. Welcome benefits of 1 complimentary 6E Prime Add-on. Get 1 complimentary IndiGo air ticket of ₹1,500 on making three or more transactions in each of the first 3 months after your card set-up date.","[""You would get a complimentary IndiGo ticket voucher worth ₹1,500."", ""This card even offers rewards on fuel transactions.""]","[""Unfortunately, this card does not offer any complimentary access to domestic or international lounges."", ""While this credit card offers rewards on fuel purchases, it does not provide a waiver for fuel surcharges, making it less beneficial.""]",,cardinsider.com,https://cardinsider.com/hdfc-bank/6e-rewards-indigo-hdfc-bank-credit-card/
6E Rewards XL – IndiGo HDFC Bank Credit Card,HDFC Bank,Best HDFC Bank,Mastercard,"[""Best HDFC Bank"", ""Best HDFC Bank Credit Cards""]","₹1,500 + GST","₹1,500 + GST",N/A,,Air Miles,The IndiGo 6E rewards are redeemable for 6E Rewards’ Benefits including IndiGo flight tickets (1 6E Reward Point = Re. 1).,,,"{""domestic"": ""8 Domestic Lounge Visits Annually (Max 2 Each Quarter) for Both Primary and Add-On Cardholders"", ""international"": ""N/A""}",The eligibility criteria with respect to the age and income for the 6E Rewards XL HDFC Credit Card have been explained below:,3.75% Per Month (45% Annually),2.50%,"N/A | 2.5% of the Withdrawn Amount or ₹500, Whichever is Higher | Nil","1 Complimentary 6E Prime Add-On as a Welcome Benefit (Priority check-in, choice of seat, a complimentary meal & quicker baggage). A complimentary IndiGo air ticket worth Rs. 3,000 on making three or more purchases every 3 months after card activation (provided that the annual fee of Rs. 2,500 is realized). IndiGo 6E Rewards as Reward Points. IndiGo 6E Rewards- up to 5% on IndiGo, 3% on dining, grocery, and entertainment, and 2% on all other spends. 8 Complimentary Domestic Lounge Access per calendar year (2 per quarter) under the MasterCard Lounge Program.","[""You get 8 complimentary domestic airport lounge visits with this card. This applies to both international and domestic terminals at airports within the country."", ""A complimentary ticket worth ₹3,000 as a welcome benefit.""]","[""This card does not offer travel insurance benefits."", ""You won’t get access to any international airport lounges with the 6E Rewards XL IndiGo HDFC Bank Credit Card.""]",,cardinsider.com,https://cardinsider.com/hdfc-bank/6e-rewards-xl-indigo-hdfc-bank-credit-card/
HDFC Bank Harley Davidson Diners Club Credit Card,HDFC Bank,Best HDFC Bank,"Diners Club, Diners","[""Best HDFC Bank"", ""Best HDFC Bank Credit Cards""]","Rs. 2,500 + GST","Rs. 2,500 + GST",Renewal Fee Waived on Spends of ₹3 Lakh,,Reward Points,Redeem on Smartbuy or Netbanking. Value of 1 RP Up to ₹0.50 (₹0.20 for Cash Redemption),,,"{""domestic"": ""2 Visits Each Quarter"", ""international"": ""2 Visits Each Quarter""}","It is always best to check the eligibility requirements of a credit card before applying for it. Once you have gone through the eligibility criteria, you can apply for the card only if you meet the requirements. Applying for a card that is not within your income range may have a negative impact on your credit score in the future.",3.60% (Monthly) and 43.20% (Yearly),3.50%,Maximum Waiver Capped at ₹500 (Each Billing Cycle) | 2.5% of the Total Amount | ₹99 + GST,This card provides special benefits to Harley Davidson enthusiasts. Add-on and primary card holders can access international and domestic lounges for a limited number of times without any additional costs. Customers can enjoy various benefits at different milestones throughout the year. These benefits are available on a quarterly and yearly basis. Get 2 free movie tickets each month with the BOGO offers on this credit card.,"[""Free airport lounge access is provided for both primary and add-on cardholders."", ""This card offers great benefits when it comes to movies and food.""]","[""Since this card is centered around Harley Davidson, it should have offered more benefits like accelerated Reward Points for purchases made at the motorcycle store."", ""No reward points are offered on fuel.""]",,cardinsider.com,https://cardinsider.com/hdfc-bank/harley-davidson-diners-club-credit-card/
HDFC Bank All Miles Credit Card,HDFC Bank,Best HDFC Bank,,"[""Best HDFC Bank"", ""Best HDFC Bank Credit Cards""]","Rs. 1,000 + GST","Rs. 1,000 + GST","The joining fee is waived off on spending Rs. 15,000 or more within the first 90 days and the renewal fee is waived off if a minimum of Rs. 1 lakh were spent in the previous year",,Reward Points,The Reward Points you earn can be redeemed against various options from the HDFC Rewards catalog.,,,"{""domestic"": ""N/A"", ""international"": ""NA""}","For salaried employees, the eligible age to apply for this card is 21 years to 60 years. For self-employed individuals, the eligible age to apply for this card is 21 years to 65 years.",3.6% per month (or 43.2% per annum),3.5% on all foreign currency spends (plus applicable taxes),"1% fuel surcharge waiver on all fuel transactions above Rs. 400 (max waiver capped at Rs. 500) | 2.5% of the amount withdrawn, subject to a minimum charge of Rs. 500 | Rs. 99 on every redemption request (plus applicable taxes)","You get 3 Reward Points for every Rs. 150 you spend using your HDFC Bank All Miles Credit Card. You get 2x Reward Points on every spend of Rs. 150 on shopping, mobile recharge, or hotel bookings. Spend Rs. 15,000 in 3 months and get your joining fee waived off. Spend Rs. 1 lakh or more in one year and get your renewal fee waived off. Get a 1% fuel surcharge waiver.",[],[],,cardinsider.com,https://cardinsider.com/hdfc-bank/hdfc-bank-all-miles-credit-card/
HDFC Bank Diners Club Black Credit Card,HDFC Bank,Best HDFC Bank,"Diners Club, Diners","[""Best HDFC Bank"", ""Best HDFC Bank Credit Cards""]","₹10,000 + GST","₹10,000 + GST","Waiver of renewal fee on spending Rs. 5,00,000 in the previous year.",,Reward Points,"Redeem Points for Flight/Hotel Bookings, Against Cash, or Convert Them to Airmiles",,"Renewal of the subscriptions under the welcome benefits (Amazon Prime, Times Prime. etc.) on the annual expenditure of Rs. 8,00,000. Any 2 of the following monthly vouchers- Ola, cult.fit, BookMyShow, and TATA CLiQ (worth Rs. 500 each) on monthly spends of Rs. 80,000.","{""domestic"": ""Unlimited complimentary access to the domestic lounges"", ""international"": ""Unlimited complimentary access to the international lounges""}",,1.99% per month (or 23.88% annually),2% + GST,"1% fuel surcharge waived (max waiver capped at Rs. 1,000/month and min transaction of  Rs. 400 required). | Higher of 2.5% of the amount withdrawn or Rs. 500. | Nil","Complimentary annual membership of subscription platforms like Amazon Prime, Times Prime, etc, as a Welcome Benefit. These memberships are renewed at the expense of Rs. 8,00,000 in the anniversary year with the HDFC Bank Diners Club Black credit card. Complimentary Ola Select, TataCliQ, BookMyShow, and cult.fit, vouchers on spends of over Rs. 80,000 every month. 5 Reward Points for every Rs. 150 spent (Reward Rate = 3.3%). 10X Reward Points on select brands. 2X Reward Points on weekend dining. 6 complimentary golf games per quarter at some of the most premium golf destinations around the world. Low foreign currency markup fee of 2%. Unlimited lounge access at 1,000 plus airport lounges in India and abroad. Travel insurance benefits including an air accident cover worth Rs. 2 crore.",[],[],,cardinsider.com,https://cardinsider.com/hdfc-bank/hdfc-bank-diners-club-black-credit-card/
HDFC Bank Diners Club Black Metal Edition Credit Card,HDFC Bank,Best HDFC Bank,"Diners Club, Diners","[""10+ Best Rewards Credit Cards in India 2026"", ""20+ Best Travel Credit Cards"", ""Accor Live Limitless Reward Points – Best Ways to Earn & Redeem Your Points"", ""Best Credit Cards To Earn Club Vistara Points India"", ""Best Credit Cards for Club ITC Points/ITC Culinaire Membership"", ""Best Credit Cards for Free Domestic Airport Lounge Access"", ""Best Credit Cards for Free International Airport Lounge Access"", ""Best Credit Cards for IHG Hotels and Resorts in India"", ""Best Credit Cards for International Travel 2026"", ""Best Credit Cards for United Airlines MileagePlus Miles"", ""Best Credit Cards in India to Earn Etihad Guest Miles"", ""Best Credit Cards to Earn Turkish Miles & Smiles"", ""Best Credit Cards with Concierge Services"", ""Best Golf Credit Cards in India"", ""Best HDFC Bank"", ""Best HDFC Bank Credit Cards"", ""Best Hotel Credit Cards"", ""Best Low Interest Credit Cards 2026"", ""Top 20 Best Credit Cards in India 2026""]","₹10,000 + GST","₹10,000 + GST",Spends ₹8 Lakh in a Year to Waive Renewal Fee,,Reward Points,Redeem Rewards on SmartBuy or for Airmiles and Cashback,,"Receive a fantastic bonus of 10,000 Reward Points after spending Rs. 4 lakh in a quarter. The Reward Points shall be credited within ten days from the start of the next quarter. Please note a calendar quarter to be eligible for milestone benefit is termed as follows – January to March, April to June, July to September and October to December.","{""domestic"": ""Unlimited Complimentary Domestic Lounge Visits Across India"", ""international"": ""Unlimited Complimentary International Lounge Visits Across the World""}","You would need to fulfil the following criteria to be eligible for a Diners Club Black Metal Credit Card- Must be a citizen of India, Salaried individuals must have a monthly income greater than Rs. 1.75 lakh, and the age must be between 21 and 60 years. Self-employed individuals must have an annual income greater than Rs. 21 lakh, and the age must be between 21 and 65 years.",1.99% Monthly & 23.88% Annually,2% of Transaction Amount,N/A | 2.5% of the Total Amount or Rs. 500 (Whichever is Higher) | N/A,"This is a metal credit card. The joining fee is Rs. 10,000 plus taxes. 5 Reward Points on spends of Rs. 150. Complimentary Swiggy One, Club Marriott and Amazon Prime membership. Unlimited lounge access. 24 complimentary golf games in a year.","[""Unlimited international and lounge access for primary and add-on card holders."", ""6 complimentary golf games each quarter.""]","[""The joining fee is Rs. 10,000, which might be high for some individuals."", ""The renewal fee can be waived by spending Rs. 8 lakh in a card anniversary year. This amount might not be achieved by some people.""]",,cardinsider.com,https://cardinsider.com/hdfc-bank/hdfc-bank-diners-club-black-metal-edition-credit-card/
HDFC Bank Diners Club Miles Credit Card,HDFC Bank,Best HDFC Bank,"Diners Club, Diners","[""Best HDFC Bank"", ""Best HDFC Bank Credit Cards""]","Rs. 1,000 + GST","Rs. 1,000 + GST",The annual fee can be waived on spending Rs. 1 Lakh.,,Reward Points,"1 Reward Points = 1 Airmile, 1 RP = Re. 0.50 when redeemed against flight or hotel bookings on SmartBuy, 1 RP = Re. 0.35 for products/vouchers, and 1 RP = Re. 0.20 for cashback.",,,"{""domestic"": ""Up to 6 complimentary access to domestic lounges annually"", ""international"": ""Up to 6 complimentary access to international lounges annually.""}",The HDFC Bank Diners Club Miles Credit Card holds some basic eligibility criteria that have to be fulfilled: The applicant should be a resident of India and must be between 21-65 years of age. The credit score or credit history should be preferably above 700.,3.6% per month (or 43.2% per annum),3.00% of the total transaction value (plus applicable taxes),1% of Fuel Surcharge Waiver (waiver capped at Rs. 250 per billing cycle) at fuel stations all over India. | 2.5% of the total transaction amount (Minimum Rs. 500) | Rs. 99 per redemption request (plus applicable taxes),"HDFC Bank Diners Club Miles is offered at Rs. 1,000 + taxes. Earn 1,000 Reward Points on paying the Annual Joining Fee. Earn 4 Reward Points per Rs. 150 you retail spends and other purchases. Get 15% discounts and offers on Fine Dining and restaurants. Complimentary Airport Lounge access worldwide. Concierge benefits to cater to all your travel needs. Air Accidental Insurance worth Rs. 1 Crore. Credit Liability protection up to Rs. 9 Lakhs. 1% Fuel Surcharge Waiver at all fuel stations in India. Earn 1,000 bonus RPs on paying of annual fee.",[],[],,cardinsider.com,https://cardinsider.com/hdfc-bank/hdfc-bank-diners-club-miles-credit-card/
HDFC Bank Diners Club Premium Credit Card,HDFC Bank,Best HDFC Bank,"Diners Club, Diners","[""Best HDFC Bank"", ""Best HDFC Bank Credit Cards""]","Rs. 2,500 + GST","Rs. 2,500 + GST",Renewal fee waived off for this card on spending over Rs. 3 lakhs within one anniversary year,,Reward Points,"You can redeem reward points against air tickets, and for AirMiles across Singapore Airlines, Air India, and Jet Airways at a rate of 1 RP = 0.50 Air Miles. 1 RP = Rs. 0.50 for redemption against Flight/Hotel bookings through Smartbuy, 1 RP = up to Rs. 0.35 for redemption against products & vouchers, and 1 RP = Rs. 0.20 for CashBack",,,"{""domestic"": ""Up to 6 domestic airport lounge access every year"", ""international"": ""Up to 6 international airport lounge access every year""}","The basic eligibility criteria that you will have to fulfill in order to get approved for the HDFc Bank Diners Premium Credit card are given in the table below. However, the bank can have some internal criteria as well.",3.6% per month (or 43.2% annually),2% on all foreign currency transactions (plus applicable taxes),"1% fuel surcharge waived off on all fuel transactions between Rs. 400 to Rs. 5,000 | 2.5% of the cash amount withdrawn or Rs. 500 (whichever is higher) | Rs. 99 (plus applicable taxes)","Get a welcome benefit of 2,500 bonus Reward Points. Get 4 Reward Points for every Rs. 150 spent on retail purchases using your HDFC Diners Club Premium Card. Cardholders can redeem reward points against flight/hotel bookings across 150+ airlines. Up to 6 complimentary lounge access every year to over 1,000 airport lounges all across the world. Exclusive insurance benefits. 1% fuel surcharge waiver. Get your renewal fee waived on the basis of your spends.","[""Get 6 complimentary access to more than 1000 lounges worldwide"", ""Renewal fee waiver on spending Rs. 3 Lakhs in the year"", ""Cross-currency conversion charges are low and 2% forex markup fee""]","[""No complimentary movie ticket, entertainment, and dining offers"", ""No cashback on your spends made with the card"", ""Reward rate could have been a bit better""]",,cardinsider.com,https://cardinsider.com/hdfc-bank/hdfc-bank-diners-club-premium-credit-card/
HDFC Bank Diners Club Rewardz Credit Card,HDFC Bank,Best HDFC Bank,"Diners Club, Diners","[""Best HDFC Bank"", ""Best HDFC Bank Credit Cards""]","Rs. 1,000 + GST","Rs. 1,000 + GST",Renewal fee waived off on spending Rs. 1 lakh or more in the previous year.,,Reward Points,"For redemption against flight/hotel bookings on SmartBuy, 1 Reward Point = Rs. 0.30, 1 Reward Point = 0.30 Airmiles, 1 Reward Point = up to Rs. 0.25 for redemption against product catalogue, 1 Reward Point = Rs. 0.15 for redemption against cashback.",,,"{""domestic"": ""N/A"", ""international"": ""N/A""}",,3.6% per month (43.2% annually),3% (plus applicable taxes),"1% fuel surcharge waived off for all transactions between Rs. 400 & Rs. 5,000. | 2.5% of the amount transacted or a minimum of Rs. 500. | Rs. 99 on every redemption request (plus applicable taxes)","Get 3 Reward Points on every Rs. 150 you spend. Get 10x Reward Points on shopping through partner brands. Get  upto 5% cashback for spends via SmartBuy. Get 1000 bonus Reward Points as a welcome gift from the HDFC Diners Club Rewardz Credit Card. Redeem your earned Reward Points against flight/hotel bookings, Air Miles, or several other products. Renewal Bonus of 1000 Reward Points every year. Get your renewal fee waived off based on your spends. Get a 1% fuel surcharge waiver. Get 24*7 concierge services.","[""Double reward points on grocery, airline, and dining spends"", ""3 RPs per Rs. 150 spent and up to 3x reward points for spends at partner brands"", ""Complimentary 24×7 concierge service""]","[""No cashback earned on spends"", ""No complimentary airport lounge access with the card"", ""No complimentary movie ticket offers""]",,cardinsider.com,https://cardinsider.com/hdfc-bank/hdfc-bank-diners-club-rewardz-credit-card/
HDFC Bank Easy EMI Credit Card,HDFC Bank,Best HDFC Bank,,"[""Best HDFC Bank"", ""Best HDFC Bank Credit Cards""]",Rs. 500 + GST,Rs. 500 + GST,"The joining fee is waived off on spending Rs. 20,000 or more within the first 90 days after receiving the card. Renewal fee waived off on spending Rs. 50,000 or more in the previous year.",,Reward Points,"1 CashPoint = Re. 1 for redemption against cash and product/vouchers, 1 CashPoint = Rs. 0.30 for redemption against flight/hotel bookings.",,,"{""domestic"": ""N/A"", ""international"": ""N/A""}",,3.6% per month (43.2% per annum),3.5% on all foreign currency transactions (plus applicable taxes),"1% fuel surcharge is waived off for all fuel transactions between Rs. 400 and Rs. 5,000 (maximum benefit of Rs. 250 in a month). | 2.5% of the amount transacted or Rs. 500 (whichever is higher) | Rs. 99 (plus applicable taxes)","A welcome bonus of 500 CashPoints. A cashback of 5% on Amazon, Flipkart, Hotel, and Flight bookings on shopping through Payzapp using your HDFC Bank Easy EMI Credit Card. A cashback of 2.5% on all online purchases and 1% cashback on offline purchases. All the spends of Rs. 10,000 or above are automatically converted to Easy EMI. Spend-based waiver of joining fee and renewal fee. 1% fuel surcharge waiver. Gift vouchers worth Rs. 1,000 on spending Rs. 1,00,000 or more in one calendar quarter.",[],[],,cardinsider.com,https://cardinsider.com/hdfc-bank/hdfc-bank-easy-emi-credit-card/
HDFC Bank INFINIA Metal Credit Card,HDFC Bank,Best HDFC Bank,,"[""10+ Best Rewards Credit Cards in India 2026"", ""20+ Best Travel Credit Cards"", ""Accor Live Limitless Reward Points – Best Ways to Earn & Redeem Your Points"", ""Best Credit Cards for Air India Maharaja Club"", ""Best Credit Cards for Club ITC Points/ITC Culinaire Membership"", ""Best Credit Cards for Free International Airport Lounge Access"", ""Best Credit Cards for IHG Hotels and Resorts in India"", ""Best Credit Cards for Jewellery Spends"", ""Best Credit Cards for United Airlines MileagePlus Miles"", ""Best Credit Cards in India for Qatar Airways Privilege Club (Avios)"", ""Best Credit Cards to Earn KrisFlyer Miles"", ""Best Credit Cards to Earn Turkish Miles & Smiles"", ""Best Credit Cards with Concierge Services"", ""Best Golf Credit Cards in India"", ""Best HDFC Bank"", ""Best HDFC Bank Credit Cards"", ""Best Hotel Credit Cards"", ""Best ICICI Bank Credit Cards"", ""Best Low Interest Credit Cards 2026"", ""Top 20 Best Credit Cards in India 2026""]","₹12,500 + GST","₹12,500 + GST",Renewal Fee Waived on Spends of ₹10 Lakh,,Reward Points,"RPs can be redeemed for flight and hotel bookings via SmartBuy (1 RP = Re. 1), Airmiles through net banking (1 RP = 1 Airmile), products and vouchers via net banking or SmartBuy (1 RP = Rs. 0.50), Apple and Tanishq vouchers (1 RP = Re. 1) cashback (1 RP = Rs. 0.30)",,,"{""domestic"": ""Unlimited Free Domestic Airport Lounge Access"", ""international"": ""Unlimited Complimentary International Lounge Access for Primary and Add-On Cardholders Across the Globe with a Priority Pass""}","The Infinia Credit Card is an invite-only offering, so there are no fixed eligibility criteria to apply. However, starting April 2026, cardholders will need to meet certain conditions to continue holding the card. Effective 1st April 2026, continued access to the Infinia program will be linked to either a minimum annual spend or relationship value: Annual Spend Requirement: ₹18 lakh (including primary and add-on cards) OR Relationship Value: ₹50 lakh. The Relationship Value (RLV) is calculated as the combined average monthly balance across your savings, current, fixed deposit, and recurring deposit accounts with the bank. The financial year for this evaluation will be considered from 1st April to 31st March of the following year.",1.99% Per Month or 23.8% Annualized,2% + GST (~2.36%),"1% Fuel Surcharge Waiver (Up to ₹1,000 Each Statement Cycle) | Nil | Nil","1 year complimentary Club Marriott membership. 12,500 Reward Points as an introductory benefit. Unlimited access to airport lounges across the globe for both primary and add-on cardholders. Get 5 Reward Points on every Rs. 150 spent (except fuel transactions) with your HDFC Bank Infinia Card. 24×7 global concierge service. Unlimited golf games at leading golf destinations in India and abroad. 1+1 complimentary buffet on weekends at participating ITC hotels. 2+1 complimentary night stay at participating ITC hotels. Spend-based waiver annual membership fee.","[""Unlimited lounge access at domestic and select foreign airports."", ""Unlimited complimentary golf games at premier golf courses.""]","[""Infinia Credit Card is a highly rewarding card that benefits everyone. Although it is considered to be the ultimate card, only those who fulfill the strict eligibility criteria can get it. This can be termed the only drawback of this card.""]",,cardinsider.com,https://cardinsider.com/hdfc-bank/hdfc-bank-infinia-credit-card/
HDFC Bank Millennia Credit Card,HDFC Bank,Best HDFC Bank,,"[""Best Balance Transfer Credit Cards in India 2026"", ""Best Cashback Credit Cards in India"", ""Best Credit Cards for Food Ordering and Dining in India"", ""Best HDFC Bank"", ""Best HDFC Bank Credit Cards"", ""Best Online Shopping Credit Cards India"", ""Top 20 Best Credit Cards in India 2026""]","₹1,000 + GST","₹1,000 + GST",Annual Charges Waived on Spends of ₹1 Lakh or More,,Cashback,1 Cash Point = ₹1 When Redeemed Against Credit Card Statement,,,"{""domestic"": ""N/A"", ""international"": ""N/A""}",The following table illustrates the income-based and age-based eligibility criteria for HDFC Bank Millennia Credit Card-,3.75% Per Month (45% Annually),3.5% + GST,"A 1% Fuel surcharge is waived if you spend between Rs. 400 and Rs. 5,000 on fuel (Max Rs. 250 per statement cycle) | 2.5% of the transaction amount, subject to a minimum fee of Rs. 500 | ₹50 + GST Per Cash Redemption Request. ₹99 + GST for Other Redemptions","1,000 CashPoints as a welcome benefit on card setup (subject to realization of the joining fee). Gift vouchers worth ₹1000 on spending ₹1 lakh or above in a quarter. 5% cashback at select partner online merchants, including popular e-commerce websites like Amazon and Flipkart. 1% cashback on all other spends except fuel, rental, and government spends. Up to 20% discount on partner restaurants via Swiggy Dineout. Renewal fee waiver on spending ₹1,00,000 in the previous year.","[""Get high 5% cashback on partner merchants like Myntra, Amazon, Zomato, Swiggy, Uber, etc."", ""Renewal fee waiver on spending Rs. 1 Lakh in the card anniversary year""]","[""You earn a low 1% cash back on offline/online spends at non-partner merchants"", ""The accelerated Cashpoints are capped at 1000 per statement cycle and you can earn 1000 Cashpoints at the normal 1x rate."", ""A minimum of 500 Cashpoints are needed to redeem against the card statement balance""]",,cardinsider.com,https://cardinsider.com/hdfc-bank/hdfc-bank-millennia-credit-card/
HDFC Bank MoneyBack Plus Credit Card,HDFC Bank,Best HDFC Bank,,"[""Best Credit Cards for Beginners"", ""Best HDFC Bank"", ""Best HDFC Bank Credit Cards"", ""Best Student Credit Cards India 2026""]",₹500 + GST,₹500 + GST,"Renewal fee waived off on spending Rs. 50,000 or more in the previous year",,Reward Points,"CashPoints redeemable for cashback, purchasing products, flight/hotel bookings via SmartBuy and partner airlines’ AirMiles",,"Earn a gift voucher worth ₹500 on expenditure of ₹50,000 or more in a quarter. This means that you can earn gift vouchers worth ₹2,000 in a year.","{""domestic"": ""N/A"", ""international"": ""N/A""}","The following table illustrates the income-based and age-based eligibility criteria for the HDFC MoneyBack+ Credit card- Salary employees should be between 21 and 60 and earn at least ₹20,000 per month. The self-employed individuals should be between 21 and 65 years old and have a minimum annual income of ₹6 lakhs. The applicant should have a decent credit score.",3.75% Per Month (45% Annually),3.50%,1% fuel surcharge waiver applicable on all fuel transactions | 2.5% of the withdrawn amount (subject to a minimum charge of Rs. 500) | ₹99 + GST,"500 CashPoints as a welcome gift. 2 CashPoints for every ₹200 you spend with the card (except fuel, wallet reloads, prepaid card reloads, and voucher purchases). 10X CashPoints on partner brands, including Amazon, Flipkart, Reliance Smart Store, BigBasket, and Swiggy. Gift voucher worth ₹500 on spends of ₹50,000 in a calendar quarter (max benefit of ₹2,000 in a year). Up to ₹200 off on dining at over 2,000 premium restaurants in select cities. Get a waiver on the annual fee for an annual expenditure of a minimum of ₹50,000. A 1% waiver on fuel surcharge.",[],[],,cardinsider.com,https://cardinsider.com/hdfc-bank/hdfc-bank-moneyback-plus-credit-card/
HDFC Bank Pixel Go Credit Card,HDFC Bank,Best HDFC Bank,,"[""Best HDFC Bank"", ""Best HDFC Bank Credit Cards""]",₹250 + GST,₹250 + GST,"On Spends of Rs. 50,000 in a Year",,Cashback,Cashback Against Statement,,,"{""domestic"": ""N/A"", ""international"": ""N/A""}",,3.60% Monthly and 43.20% Yearly,3.50%,1% Across Fuel Stations in India | 2.5% | Nil,This card can be availed at a joining fee of Rs. 250 + applicable taxes. You can get 1% unlimited cashback with this card across all eligible categories. Discounts on dining with Swiggy.,"[""This card comes with a reasonable fee, which can be waived by spending Rs. 10,000 in the first 90 days of card activation. From the second year onwards, the fee can also be easily waived by spending Rs. 50,000 in a year.""]","[""This card offers 1% cashback across all categories. There is no accelerated or higher cashback rate for certain categories."", ""SmartBuy offers cannot be availed with this credit card.""]",,cardinsider.com,https://cardinsider.com/hdfc-bank/hdfc-bank-pixel-go-credit-card/
HDFC Bank Pixel Play Credit Card,HDFC Bank,Best HDFC Bank,,"[""Best HDFC Bank"", ""Best HDFC Bank Credit Cards""]",Lifetime Free,Lifetime Free,Spend Rs. 1 Lakh in a Card Anniversary Year,,Cashback,Redemption for Vouchers Via PayZapp,,,"{""domestic"": ""N/A"", ""international"": ""N/A""}",,3.60% Monthly and 43.20% Yearly,3.50%,1% Waiver Upto ₹250 Each Statement | 2.5% | Nil,"The card comes at a joining fee of ₹500. With this card, you can avail of 5% cashback on popular categories like fashion, entertainment, and dining. 5% cashback on Smartbuy spends. 1% cashback on all other eligible categories.","[""5% cashback on popular platforms and brands like Uber, Myntra, BookMyShow and Zomato.""]","[""Although this card charges a joining fee of ₹500, there are no welcome benefits associated with it.""]",,cardinsider.com,https://cardinsider.com/hdfc-bank/hdfc-bank-pixel-play-credit-card/
HDFC Bank Regalia Credit Card,HDFC Bank,Best HDFC Bank,,"[""Best HDFC Bank"", ""Best HDFC Bank Credit Cards""]","Rs. 2,500 + GST","Rs. 2,500 + GST",Get the annual fee waived off (second-year onwards) by spending more than 3 lakh in the previous year.,,Reward Points,"1 RP = Rs. 0.5 for redemption against flights and hotel bookings on HDFC Smartbuy website, 1 RP = up to Rs. 0.35 if you want to redeem against vouchers and poducts, 1 RP = Rs 0.20 for cash back, and Air miles conversion at a value of 1RP = 0.5 air mile.",,"Assured 10,000 Reward Points on spending over Rs. 5 lakhs in the anniversary year under the card’s milestone spend benefits. An additional bonus of 5,000 Reward Points on spending over Rs. 8 lakhs in the anniversary year.","{""domestic"": ""8 free airport lounge access per year within India."", ""international"": ""6 airport lounge access every year outside India through the Priority Pass.""}","Before applying for any card, it is really essential to check for its eligibility criteria so that your application doesn’t get rejected. The same should be followed with the Regalia Credit Card. The age and income eligibility criteria required in order to apply for the HDFC Bank Regalia Credit card are given below in the table: Other than this, the bank may have some internal eligibility criteria, which would be considered while approving or rejecting your application for the Regalia credit card. For example, fulfilling only the age and income criteria won’t be enough, but you should also have a good credit history.",3.6% per month or 43.2% annually,2% on all foreign currency transactions.,1% fuel surcharge waiver at all fuel stations in India on a minimum of Rs. 400 transaction and a maximum of Rs. 5000 transaction. | 2.5% of the transaction amount or Rs. 500 (whichever is higher) | Rs 99 (plus applicable taxes),"Welcome bonus of 2,500 Reward Points. 4 Reward Points on every Rs. 150 you spend on retail. Earn a total of 15,000 bonus Reward Points on spending Rs. 8 lakhs in an anniversary year. Get up to 20% off on partner restaurants via Swiggy Dineout Complimentary membership to the Priority Pass program. 6 complimentary Lounge Access at airports outside India and 12 within India. Low international transaction charges of 2%. Renewal fee waived off on spending over 3 lakhs in the previous year​​​​​​. 1% fuel surcharge waiver capped at a maximum Rs. 500 per month Travel insurance benefit in case air accident worth up to Rs. 1 crore.","[""Bonus reward points as welcome benefit and a high reward rate"", ""Low forex markup fee of 2%"", ""Complimentary domestic and international lounge access with Priority Pass membership""]","[""Regalia Gold charges a similar joining fee and has better benefits and redemption options"", ""Several spend categories are excluded from earning reward points and points expire after 2 years from accrual date.""]",,cardinsider.com,https://cardinsider.com/hdfc-bank/hdfc-bank-regalia-credit-card/
HDFC Bank Regalia First Credit Card,HDFC Bank,Best HDFC Bank,,"[""Best HDFC Bank"", ""Best HDFC Bank Credit Cards""]","Rs. 1,000 + GST","Rs. 1,000 + GST",Annual Fee Waiver on Spends of ₹1 Lakh,,Reward Points,"1 RP Can Be Redeemed at a Value of ₹0.30 on SmartBuy Travel Bookings, 0.30 Airmiles on Airline Transfers, ₹0.25 on Products & Vouchers, and ₹0.10 Against Cashback.",,"7,500 Reward Points on annual spends of ₹6,00,000 or more every anniversary year. An additional 5,000 Reward Points on annual spends of ₹9,00,000 or more every anniversary year.","{""domestic"": ""N/A"", ""international"": ""N/A""}",,3.75% Monthly (or 45% Annually),3.50%,"1% fuel surcharge waiver on all fuel transactions | 2.5% of the amount withdrawn or Rs. 500, higher of the two. | ₹99 + GST","1,000 Reward Points as a welcome bonus. For every ₹200 spent on retail purchases, you will get 3 Reward Points. Air accident insurance worth ₹50 lakhs. Credit liability cover worth up to ₹5 lakhs. 1% fuel surcharge waiver on fuel transactions. On payment of the renewal fee, you will get 1,000 bonus reward points.","[""Earn 5,000 reward points on a spend of Rs. 3 Lakhs or more.""]","[""There is a reward redemption fee of Rs. 99"", ""There are no entertainment benefits with the HDFC Bank Regalia Credit Card.""]",,cardinsider.com,https://cardinsider.com/hdfc-bank/hdfc-bank-regalia-first-credit-card/
HDFC Bank Regalia Gold Credit Card,HDFC Bank,Best HDFC Bank,,"[""10+ Best Rewards Credit Cards in India 2026"", ""20+ Best Travel Credit Cards"", ""Best Credit Cards for Club ITC Points/ITC Culinaire Membership"", ""Best Credit Cards for Free Domestic Airport Lounge Access"", ""Best Credit Cards for Free International Airport Lounge Access"", ""Best Credit Cards for IHG Hotels and Resorts in India"", ""Best Credit Cards for International Travel 2026"", ""Best Credit Cards in India for Qatar Airways Privilege Club (Avios)"", ""Best HDFC Bank"", ""Best HDFC Bank Credit Cards"", ""Best Hotel Credit Cards""]","₹2,500 + GST","₹2,500 + GST",Renewal Fee Waiver on Spending Rs. 4 Lakh in a Year,,Reward Points,"Redeem RPs for flight/hotel bookings via the Smartbuy portal at the rate of 1 RP = Rs. 0.50, convert RPs into airmiles through Netbanking at the rate of 1 RP = 0.50 Airmiles, Redeem RPs for products and gift vouchers on the Smartbuy portal at the rate of 1 RP = Rs. 0.35, and Redeem RPs against the Exclusive Gold Catalogue on Smartbuy at the rate of 1 RP = Rs. 0.65",,"You get complimentary flight tickets and gift vouchers for achieving annual and quarterly spend-based milestones. On spending ₹1.5 Lakhs in a calendar quarter, you get ₹1500 worth of vouchers from M&S, Myntra, Marriott, and Reliance Digital. You can redeem just one voucher from any merchant per quarter. If you spend ₹5 Lakhs, you will get ₹5,000 worth of flight vouchers. Spending ₹7.5 Lakhs in the card anniversary year earns you additional flight vouchers worth ₹5000.","{""domestic"": ""3 Complimentary Domestic Airport Lounge Access Every Quarter (12 Each Year) on Spends of ₹60,000 or More in the Previous Quarter"", ""international"": ""6 International Lounge Visits Via Priority Pass (For Both Primary and Add-on Cardholders)""}","You should thoroughly review the eligibility requirements of any credit card before applying for it. The following are the age and income requirements for the Regalia Gold credit card. In addition to these requirements, you must have a good credit score and credit history to be approved for the credit card.",3.75% (45% Annually),2% + GST,"N/A | 2.5% of total amount or Rs. 500, the higher one | ₹99 + GST","Complimentary MMT Black Gold and Swiggy One membership on spending over ₹1 lakh within 90 days of getting the card issued. 1,500 worth of vouchers from any one of M&S, Myntra, Reliance Digital, or Marriott on spending ₹1.5 Lakhs each quarter 5,000 worth of complimentary flight vouchers on spending ₹7.5 Lakhs in the card anniversary year 5 Reward Points on every retail spend of ₹200 and 5X accelerated Reward Points on every ₹200 spent on purchases at M&S, Nykaa, Myntra, and Reliance Digital 12 complimentary lounge access in India at both international and domestic terminals every year Six complimentary lounge access outside India through the Priority Pass Renewal fee waiver on spending ₹4 Lakhs in the card anniversary year Low foreign currency markup fee of 2%","[""Enjoy the exclusive 24/7 concierge service that comes with the Regalia Gold Credit Card."", ""You can enjoy access to both domestic and international lounges, with 12 and 6 visits per year, respectively.""]","[""A fee of ₹99 is applicable for reward redemption."", ""Card renewal fee waiver is at a high cost of ₹4 lakhs.""]",,cardinsider.com,https://cardinsider.com/hdfc-bank/hdfc-bank-regalia-gold-credit-card/
HDFC Bank RuPay IRCTC Credit Card,HDFC Bank,Best HDFC Bank,RuPay,"[""Best Credit Card For Complimentary Railway Lounge Access"", ""Best HDFC Bank"", ""Best HDFC Bank Credit Cards""]",Rs. 500 + GST,Rs. 500 + GST,The renewal fee is waived on spending Rs. 1.5 lakhs or more in the previous year.,,Reward Points,Redeem Points for IRCTC Bookings. 1 Cash Point = ₹1,,"You shall receive gift vouchers worth ₹500 on spends of ₹30,000 or more every calendar quarter.","{""domestic"": ""N/A"", ""international"": ""N/A""}",The basic eligibility requirements for the IRCTC HDFC Bank Credit Card are mentioned below: The applicant’s age should be between 21 and 65 years. The applicant should either be self-employed or salaried with a stable monthly income.,3.75% Per Month (45% Annually),3.50%,1% Fuel Surcharge Waiver Up to ₹250 Each Statement Cycle | 2.5% of the cash amount or Rs. 500 (whichever is higher) | ₹99 + GST,Amazon voucher worth ₹500 as a welcome benefit. 1 Reward Point for every ₹100 spent on retail purchases. 5X Reward Points on IRCTC spends. Complimentary railway lounge access every year. Spend-based waiver of the renewal fee. 1% fuel surcharge waiver.,"[""Highly beneficial card for frequent travels with complimentary access to Executive Lounges of IRTC (8 in a calendar year)."", ""5 reward points on each ₹100 spent on the IRCTC website and app and an additional 5% cashback on train ticket purchases through HDFC SmartBuy.""]","[""There is a minimum 100-point limit for redemption of rewards."", ""The reward points can only be used to purchase train tickets on the HDFC SmartBuy platform.""]",,cardinsider.com,https://cardinsider.com/hdfc-bank/hdfc-bank-rupay-irctc-credit-card/
HDFC Bank Titanium Times Credit Card,HDFC Bank,Best HDFC Bank,,"[""Best HDFC Bank"", ""Best HDFC Bank Credit Cards""]",NIL,Rs. 500 + GST,Renewal fee waived off on expenditure of Rs. 1.5 lakh in an anniversary year,,Reward Points,"The accumulated Reward Points can be redeemed for products, gift vouchers and discounts via net banking or through post.",,,"{""domestic"": ""N/A"", ""international"": ""N/A""}",,3.6% per month (or 43.2% per annum),3.5% of the transaction amount (plus applicable taxes),"1% fuel surcharge waiver for transactions between Rs. 400 and Rs. 5,000 at all fuel stations across India (maximum waiver capped at Rs. 250 per statement cycle) | 2.50% or Rs. 500, whichever is higher. | Rs. 99 per redemption request (plus applicable taxes)","Times Prime annual Membership as a welcome gift. Round the year discount at select dining, wellness, shopping and travel partners. 5 Reward Points on every Rs. 150 spent on dining spends on weekdays. 2 Reward Points on every Rs. 150 spent on this card. 25% off (up to Rs. 350 per transaction) on movie tickets on BookMyShow. Renewal fee waived off on expenditure of a minimum of Rs. 1.5 lakh in a year. Up to 20% off on online & offline – shopping, wellness & hotel stays at selected partners. Live GPS location based offers every single day.",[],[],,cardinsider.com,https://cardinsider.com/hdfc-bank/hdfc-bank-titanium-times-credit-card/
HDFC Bank UPI RuPay Credit Card,HDFC Bank,Best HDFC Bank,RuPay,"[""Best HDFC Bank"", ""Best HDFC Bank Credit Cards""]",Rs. 99 + GST,Rs. 99 + GST,"Renewal Fee is Waived on Annual Spends of ₹25,000",,Reward Points,"The Cashpoints can be redeemed against card statement balance, hotel and flight ticket bookings, on the Smartbuy rewards portal, where 1 Cashpoints = Rs. 0.25",,,"{""domestic"": ""N/A"", ""international"": ""N/A""}",,3.6% per month or 43.2% per annum,3.5% of the transactions amount,"N/A | 2.5% of the withdrawal amount or Rs. 500, whichever is higher | ₹99 + GST","3% Cashpoints on supermarket, dining, grocery, and PayZapp spends 2% Cashpoints on Utility spends 1% Cashpoints on other spends excluding some spend categories Up to 50 days of interest-free credit period Renewal fee waiver on spending Rs. 25000 or more in the previous year","[""Earn CashPoints on both regular and UPI payments made with the credit card"", ""Get up to 3% CashPoints on grocery, supermarket, dining, and PayZapp spends"", ""The card is issued only virtually and there is no hassle of keeping the physical variant""]","[""There are not many benefits apart from the UPI payments and cashback"", ""Many spend categories are excluded from earning cashback""]",,cardinsider.com,https://cardinsider.com/hdfc-bank/hdfc-bank-upi-rupay-credit-card/
HDFC Bank Bharat Credit Card,HDFC Bank,Best HDFC Bank,,"[""Best HDFC Bank"", ""Best HDFC Bank Credit Cards""]",Rs. 500 + GST,Rs. 500 + GST,"Renewal fee waived off on spending Rs. 20,000 in previous year",,Cashback,The reward points can be redeemed as cash back at the request of the cardholder. 1 Reward Point = Re. 1,,,"{""domestic"": ""N/A"", ""international"": ""N/A""}",The HDFC Bank follows an eligibility requirement for the issuance of an HDFC Bank Bharat credit card. Given below is the minimum requirement that needs to be fulfilled by the applicant.,3.6% p.m. (43.2% p.a.),3.5% on the conversion amount,1% fuel surcharge waiver on minimum transaction of Rs. 400. The waiver is capped at Rs. 250 per billing cycle | 2.5% or Rs. 500 whichever is higher | Rs. 99,"5% monthly cashback on Category A transactions (fuel expenses and ticket bookings through IRCTC, groceries, bill payments and mobile recharges). 5% monthly cashback on Category B transactions (on payments done through PayZapp, EasyEMI or SmartBuy) Cashback will be retained as reward points. Avail 50 days interest-free period.",[],[],,cardinsider.com,https://cardinsider.com/hdfc-bank/hdfc-bharat-credit-card/
HDFC Bank Diners Club Privilege Credit Card,HDFC Bank,Best HDFC Bank,"Diners Club, Diners","[""Best Credit Cards for Food Ordering and Dining in India"", ""Best Credit Cards for Free Domestic Airport Lounge Access"", ""Best HDFC Bank"", ""Best HDFC Bank Credit Cards""]","₹1,000 + GST","₹1,000 + GST",Annual Fee Waiver on Spends of ₹3 Lakh,,Reward Points,"1 reward point = Rs 0.5 redeemable on SmartBuy reward portal for flight & hotels bookings, 1 reward point = 0.5 Air miles.",,"To achieve retail spending of ₹1,50,000 or more per calendar quarter, cardholders can choose a ₹1500 voucher from any one of Marriott, O2 Spa, Lakme Salon, Barbeque Nation, or Decathlon. The benefit is unlocked within 48 hours of achieving the target spend amount, and the cardholder can download the voucher.","{""domestic"": ""2 Domestic Lounge Visits Each Quarter on ₹60,000 Spends in the Previous Quarter"", ""international"": ""One Free Visit Each Quarter on ₹60,000 Spends in the Previous Quarter""}",,3.75% Per Month (45% Per Annum),3.50%,N/A | 2.5% of the Amount Withdrawn or ₹500 (Whichever is Higher) | ₹99 + GST,"Get a Complimentary Membership of Swiggy One and Times Prime as a welcome benefit. 4 Reward Points on every ₹200 spent, and up to 10x Reward Points on Smartbuy spends, with your HDFC Bank Diners Club Privilege Credit card. Accelerated 5x RPs on your Swiggy and Zomato spends. Complimentary airport lounge visits both in India and abroad Insurance Cover worth up to ₹1 crore in case of an Air Accident.","[""4 RPs per ₹200 spent, and 5x RPs on Zomato and Swiggy spends."", ""Frequent travelers can benefit from complimentary domestic and international lounge access.""]","[""The welcome benefit includes Swiggy One and Times Prime memberships, which may not be wanted by some cardholders."", ""There is no cashback on online spending, and a higher annual fee than similar variants.""]",,cardinsider.com,https://cardinsider.com/hdfc-bank/hdfc-diners-club-privilege-credit-card/
HDFC Bank Doctor’s Regalia Credit Card,HDFC Bank,Best HDFC Bank,,"[""Best HDFC Bank"", ""Best HDFC Bank Credit Cards""]","Rs. 2,500 + GST","Rs. 2,500 + GST","Upon spending Rs. 3 Lakhs or more in the previous year, renewal fee of Rs. 2,500 for HDFC Bank Doctor’s Regalia Credit Card will be waived off",,Reward Points,"Reward points can easily be redeemed for hotel and flight bookings, premium products and vouchers through HDFC regalia Rewards Points can also be redeemed against cash","You get 2,500 Reward Points as a welcome gift.",,"{""domestic"": ""Complimentary Lounge Access at airports across India – 12 times in a calendar year"", ""international"": ""6 Complimentary International lounge visits using the Priority Pass Membership""}",,3.49% per month (or 41.88% annually),2% (plus applicable taxes),Fuel surcharge waiver of 1% on a minimum and maximum spend of Rs. 400 and Rs. 5000 respectively at all the petrol pumps across India | 2.5% of amount withdrawn or Rs. 500 whichever is higher | Rs. 99 (plus applicable taxes),"2,500 Reward Points as Welcome Benefit. 4 Reward Points on every Rs. 150 spent. Complimentary airport lounge access worldwide with complimentary Priority Pass membership Low foreign currency markup fee at 2%. Doctor’s Regalia Credit Card provides you protection worth up to Rs. 20 Lakh against costs arising due to professional negligence. Travel insurance benefit in case of air accident worth Rs. 1 Crore. Credit Liability Cover of up to Rs. 9 Lakhs.",[],[],,cardinsider.com,https://cardinsider.com/hdfc-bank/hdfc-doctors-regalia-credit-card/
HDFC Bank Doctor’s Superia Credit Card,HDFC Bank,Best HDFC Bank,,"[""Best HDFC Bank"", ""Best HDFC Bank Credit Cards""]","Rs. 1,000 + GST","Rs. 1,000 + GST",Spend Rs. 1 Lakh in a year and get waiver of next year’s annual membership fee,,Reward Points,The earned points can be redeemed to get AirMiles where 667 Reward Points = 100 AirMiles. The reward points can also be redeemed for exclusive gifts listed in the reward catalog.,,,"{""domestic"": ""N/A"", ""international"": ""N/A""}",The applicant must be an Indian Doctor If the applicant is a salaried doctor then he must be between 21 to 60 years of age If the applicant is a self-practicing doctor then he must be between 21 to 65 years of age,3.6% per month (43.2% per annum),3.5% on all international transactions,Get 1% fuel surcharge on transactions between Rs. 400 and Rs. 5000 (max waiver capped at Rs. 250 per statement cycle) | 2.5% of the amount withdrawn (subject to a minimum of Rs. 500) | N/A,"Welcome benefit of 1,000 Reward points Renewal benefit of 1,000 Reward points Reward Points are redeemable against Airmiles for several Airlines 50% more reward points are credited to your account on dining spends. Professional Indemnity Insurance coverage up to Rs. 20 Lakhs Up to 50 interest free days from the date of purchase.",[],[],,cardinsider.com,https://cardinsider.com/hdfc-bank/hdfc-doctors-superia-credit-card/
HDFC Bank Freedom Credit Card,HDFC Bank,Best HDFC Bank,,"[""Best HDFC Bank"", ""Best HDFC Bank Credit Cards""]",₹500 + GST,₹500 + GST,"Rs. 50,000 spent in the previous year",,Reward Points,1 CashPoint = ₹0.15 for Various Redemption Options,,,"{""domestic"": ""N/A"", ""international"": ""N/A""}","To be approved for the HDFC Bank Freedom Card, applicants must meet specific eligibility criteria that depend on factors such as age, income, and credit history. The basic eligibility requirements for the HDFC Freedom Credit Card are mentioned below in the table:",3.75% Monthly and 45.0% Annually,3.50%,"1% Surcharge Waived for Fuel Transactions Between ₹400 and ₹5,000 | 2.50% of the withdrawn amount (subject to a minimum charge of Rs. 500) | ₹99 + GST",Complimentary 500 Cash Points as a welcome benefit. Low interest rate of 0.99% for the first 90 days from the card issuance date. 10X CashPoints on various popular brands. 1 CashPoint/₹200 on all other spends with the card.,"[""Easy redemption of CashPoints against an array of categories."", ""Up to 10% off on partner restaurants via Swiggy Dineout""]","[""CashPoints expire after 2 years and are not valid for life."", ""This card does not offer benefits for entertainment or golf, nor does it provide access to domestic or international lounges.""]",,cardinsider.com,https://cardinsider.com/hdfc-bank/hdfc-freedom-credit-card/
HDFC MoneyBack Credit Card,HDFC Bank,Best HDFC Bank,,"[""Best HDFC Bank"", ""Best HDFC Bank Credit Cards""]",Rs. 500 + GST,Rs. 500 + GST,"The renewal fee is waived off on spending Rs. 50,000 or above in the previous year.",,Reward Points,1 Reward Point = Rs 0.20 for redemption against the statement balance. 1 Reward Point = Rs. 0.25  for redemption through Smartbuy Rewards portal,,"You get a gift voucher worth Rs 500 on spending Rs 50,000 in a calendar quarter. You can earn gift vouchers worth up to 2,000 in a year using this card.","{""domestic"": ""N/A"", ""international"": ""N/A""}",,3.6% per month (43.2% per annum),3.5% per currency conversion (plus applicable taxes),1% fuel surcharge waiver on all your fuel transactions using this credit card at all petrol pumps across India | 2.5% of the withdrawal amount subject to a minimum charge of Rs 500 | Rs. 99 per redemption request (plus applicable taxes),"Enjoy 500 Cash Points as a Welcome Benefit with HDFC MoneyBack credit card Get 4 Reward Points on every Rs 150 spent online, and 2 Reward Points on every other spend of Rs. 150. Get a Gift voucher worth Rs 500 every calendar quarter on the spending of Rs 50,000. Redeem your reward points against exciting rewards and offer on the Smartbuy rewards portal. Spend Based Waiver on Annual fee. 1% fuel surcharge waiver up to Rs. 250 per month.",[],[],,cardinsider.com,https://cardinsider.com/hdfc-bank/hdfc-moneyback-credit-card/
HDFC Platinum Times Credit Card,HDFC Bank,Best HDFC Bank,,"[""Best HDFC Bank"", ""Best HDFC Bank Credit Cards""]",NIL,"Rs. 1,000 + GST","Annual fee of Rs 1,000 waived off on annual spends of Rs. 2.5 lakhs or above.",,Reward Points,You can redeem rewards by logging into your HDFC Bank net banking account and clicking on the reward redemption link.,"With HDFC Platinum Times card, you get the following welcome benefits: Complimentary Times Prime annual Membership worth Rs. 999. The membership can be activated after performing 3 transactions of card insurance within a calendar quarter. Get E-Vouchers Worth Rs. 5000.",,"{""domestic"": ""N/A"", ""international"": ""N/A""}",Certain eligibility requirements need to be fulfilled by the applicants in order to get approved for this card. The eligibility criteria for this card are given below:,3.6% per month (or 43.2% annually),3.5% of the transaction amount (plus applicable taxes),"1% fuel surcharge waived off at all filling stations across India for transactions between Rs. 400 and Rs. 5,000 (max waiver of Rs. 250 per month) | 2.5% of the transaction fee subject to a minimum charge of Rs 500 | Rs. 99 (plus applicable taxes) per redemption request","Gift vouchers across shopping, dining and apparel, and many other categories. 50% off on movie ticket bookings on BookMyShow (max discount of Rs. 600 per transaction). Round the year offers and discounts on travel, shopping, dining and wellness categories at select partner merchants. 3 Reward Points per Rs. 150 spent with the card. Accelerated Reward Points (10 RPs per Rs. 150 spent) on dining spends on weekdays.",[],[],,cardinsider.com,https://cardinsider.com/hdfc-bank/hdfc-platinum-times-credit-card/
HDFC Bank Solitaire Credit Card,HDFC Bank,Best HDFC Bank,,"[""Best HDFC Bank"", ""Best HDFC Bank Credit Cards""]",Rs. 500 + GST,Rs. 500 + GST,"The annual fee is waived off on spending Rs. 50,000 or more in the previous year.",,Reward Points,1 Reward Point = Re. 0.20 for redemption against cashback.,,"You get a Shoppers Stop voucher worth Rs. 1,000 on achieving a spend of Rs. 75,000 in six months. You can get a maximum of 2 vouchers every year.","{""domestic"": ""N/A"", ""international"": ""N/A""}","Since this card is specifically designed for women, only women can apply for it. All women above the age of 21 years with a stable source of income are eligible to apply for this card. In the case of salaried women, the age should be between 21 years and 60 years. In the case of self-employed women, the age should be between 21 years and 65 years.",3.6% per month (43.2% annually),3.5% on all foreign currency spends.,"1% fuel surcharge waiver on all fuel transactions between Rs. 400 and Rs. 5,000. | 2.5% of the cash amount withdrawn or a minimum of Rs. 500. | Rs. 99 on every redemption request.","Get a complimentary wellness package from Thyrocare as a welcome benefit. 3 Reward Points on every spend of Rs. 100. Accelerated Reward Points on groceries and dining. 1,000 bonus Reward Points every year as a renewal benefit. Reward Points redeemable against various gifts, vouchers, and cashback. Get gift vouchers worth up to Rs. 2,000 every year on achieving the spend milestone. Spend-based waiver of the annual fee. 1% fuel surcharge waiver on all fuel transactions.","[""The card offers an accelerated reward rate on dining. Therefore, it is suitable for those who dine out often and want an affordable credit card to save more on their dining spending."", ""The spend-based waiver is another great benefit of this card, as one can avoid the annual fee of Rs. 1,000 just by spending Rs. 50,000 in the previous year.""]","[""There are no travel privileges. Therefore, the card may not be suitable for frequent travelers."", ""The reward redemption rate is slightly lower than most of the other basic cards in the market, i.e., 1 Reward Point = Re. 0.20.""]",,cardinsider.com,https://cardinsider.com/hdfc-bank/hdfc-solitaire-credit-card/
HDFC Bank Superia Credit Card,HDFC Bank,Best HDFC Bank,,"[""Best HDFC Bank"", ""Best HDFC Bank Credit Cards""]","Rs. 1,000 + GST","Rs. 1,000 + GST","Joining fee waived off on spending Rs. 15,000 within the first 90 days and the renewal fee waived off on spending Rs. 75,000 within one anniversary year.",,Reward Points,The earned Reward points can be redeemed against Airmiles at a rate of 1 RP = 0.7 Airmiles.,,,"{""domestic"": ""N/A"", ""international"": ""N/A""}",The basic eligibility criteria that need to be fulfilled by the applicants in order to get approved for the HDFC Bank Superia Credit Card are as follows: The age of salaried individuals should be between 21 years and 60 years. The age of the self-employed people should be between 21 years and 65 years. Applicants should have a stable source of income. Applicants should have a good credit history.,3.49% per month,3.5% of the transaction amount,"1% fuel surcharge waiver on all fuel transactions between Rs. 400 and Rs. 5,000. | 2.5% of the withdrawn amount subject to a minimum of Rs. 500. | Rs. 99 on every redemption request.","Welcome and renewal benefit of 1,000 Reward Points. 3 Reward Points on every spend of Rs. 150. 50% more Reward Points on dining at selected restaurants. Reward Points redeemable against Airmiles and a host of other options. Complimentary Priority Pass membership. Spend-based waiver of the joining & renewal fee. 1% fuel surcharge waiver.",[],[],,cardinsider.com,https://cardinsider.com/hdfc-bank/hdfc-superia-credit-card/
HDFC Bank Titanium Edge Credit Card,HDFC Bank,Best HDFC Bank,,"[""Best HDFC Bank"", ""Best HDFC Bank Credit Cards""]",Nil,"Nil (on spending Rs. 50,000 in a year)","The renewal fee is waived off if you have spent Rs. 50,000 or more in the previous year.",,Reward Points,The earned Reward Points can be redeemed against cash at a rate of 1 RP = Re. 0.10.,,,"{""domestic"": ""N/A"", ""international"": ""N/A""}",The eligibility criteria that need to be fulfilled in order to get approved for the HDFC Titanium Edge Credit Card are as mentioned below: The applicant should either be salaried or self-employed. The age of the salaried individuals should be between 21 years and 60 years. The age of the self-employed individuals should be between 21 years and 65 years. The applicant should have a decent credit history.,3.49% per month,3.5% on all foreign currency spends.,"1% fuel surcharge waiver on all fuel transactions between Rs. 400 and Rs. 5,000. | 2.5% of the withdrawn amount subject to a minimum of Rs. 500. | Rs. 99 on every redemption request.",No joining fee. 2 Reward Points on every spend of Rs. 150. Reward Points redeemable against cash credit. 50% more Reward Points on dining. Spend-based waiver of the renewal membership fee. 1% fuel surcharge waiver on all fuel transactions.,[],[],,cardinsider.com,https://cardinsider.com/hdfc-bank/hdfc-titanium-edge-credit-card/
HDFC Bank H.O.G Diners Club Credit Card,HDFC Bank,Best HDFC Bank,"Diners Club, Diners","[""Best HDFC Bank"", ""Best HDFC Bank Credit Cards""]","Rs. 10,000 + GST","Rs. 10,000 + GST",Renewal Fee Waived on Spends of ₹5 Lakh,,Reward Points,Redemption Via Smartbuy or Netbanking,,"H.O.G Credit Card holders who spend ₹80,000 in a month would be eligible for one out of the following two benefits- One Month Membership of Cult.fit ₹500 Vouchers of Ola, BookMyShow, or Tata CLiQ (Any One)","{""domestic"": ""Unlimited Lounge Access"", ""international"": ""Unlimited Free Lounge Visits""}",,1.99% Monthly and 23.88 Yearly,2%,1% Fuel Surcharge Waiver | 2.5% of the Total Amount | Nil,"This card is most suited for members of the Harley Owners Group. This card can be availed at a joining fee of Rs. 10,000 plus applicable taxes. Customers can avail of free unlimited international and domestic lounge access with this card.","[""Unlimited lounge access is offered for both primary and add-on credit card holders.""]","[""For a credit card with such a high joining fee, it should have offered some golf privileges.""]",,cardinsider.com,https://cardinsider.com/hdfc-bank/hog-diners-club-credit-card/
IndianOil HDFC Bank Credit Card,HDFC Bank,Best HDFC Bank,RuPay,"[""Best Fuel Credit Cards in India"", ""Best HDFC Bank"", ""Best HDFC Bank Credit Cards""]",₹500 + GST,₹500 + GST,"Renewal Fee on Annual Spends of ₹50,000",,Reward Points,"Fuel Points redeemable for Free Fuel using the complimentary IndianOil XTRAREWARDS Program (IXRP) membership at IndianOil outlets (1 FP = 96 Paise), through net-banking towards catalog products (1 FP = 20 Paise) and as cashback on the credit card (1 FP = 20 Paise)",,,"{""domestic"": ""N/A"", ""international"": ""N/A""}",Credit card applicants have to meet the below-mentioned eligibility criteria in order to apply for the IndianOil HDFC Bank Credit Card:,3.75% Per Month (45% Each Year),3.50%,1% Waiver Across All Petrol Pumps on a Minimum Transaction of ₹400. Maximum Waiver of ₹250 Each Statement Cycle | 2.5% of the amount withdrawn subject to a minimum charge of Rs 500. | ₹99 + GST,"Complimentary IndianOil XTRAREWARDS Program membership. Renewal fee waiver on annual spends of Rs 50,000 and above in the previous year. 5% of spends as Fuel Points at IndianOil outlets, groceries, and bill payments. 1 Fuel Point on every Rs 150 spent on all other purchases. Up to 50 liters of free fuel annually using an IndianOil HDFC Bank credit card. A fuel surcharge of 1% is waived on all fuel transactions at all fuel stations across India.","[""Since the HDFC IndianOil Card is available on the RuPay network, one can connect the card to UPI applications and make convenient and fast payments via their mobile.""]","[""Initially, cardholders will face a limit of 250 Fuel Points (reward earning) within the first six months of card issuance, which is then reduced to 150 Fuel Points after this period.""]",,cardinsider.com,https://cardinsider.com/hdfc-bank/indianoil-hdfc-bank-credit-card/
InterMiles HDFC Bank Diners Club Credit Card,HDFC Bank,Best HDFC Bank,"Diners Club, Diners","[""Best HDFC Bank"", ""Best HDFC Bank Credit Cards""]","Rs. 5,000 + GST","Rs. 5,000 + GST","Waiver of the renewal fee on the basis of the amount spent in the previous year, i.e., Rs. 8 Lakhs.",,Air Miles,InterMiles you be redeemed against travel-related bookings through intermiles.com.,,,"{""domestic"": ""Unlimited access to 1000+ airport lounges in India."", ""international"": ""Access to leading international lounges.""}","For salaried employees: The age should be between 21 years and 60 years. The monthly income should be Rs. 1,75,000 or more. For self-employed individuals: The age should be between 21 years and 65 years. The ITR should be more than 21 lakhs per annum.",1.99% per month,2% on all international spends,1% fuel surcharge waiver on fuel transactions. | Higher of Rs. 500 or 2.5% of the amount withdrawn. | Rs. 99 (plus applicable taxes),"Complimentary Intermiles Gold membership for the first year. Up to 25,000 bonus intermiles in the form of welcome benefit. Earn 10,000 bonus intermiles every year on spending an amount exceeding Rs. 20,000 within the first 30 days after card renewal. 8 InterMiles on every Rs. 150 spent on retail spends using your InterMiles HDFC Bank Diners Club Credit Card. 2x InterMiles on every Rs. 150 spent on flight bookings through InterMiles, and on hotel bookings through the official InterMiles website. Exclusive discount offers on Etihad Airways Tickets. Unlimited airport lounge access through the Domestic Lounge Program. Complimentary Dineout Passport Membership. Spend-based renewal fee waiver.",[],[],,cardinsider.com,https://cardinsider.com/hdfc-bank/intermiles-hdfc-bank-diners-club-credit-card/
InterMiles HDFC Bank Signature Credit Card,HDFC Bank,Best HDFC Bank,"Visa, Mastercard, Diners","[""Best HDFC Bank"", ""Best HDFC Bank Credit Cards""]","Rs. 2,500 + GST","Rs. 2,500 + GST",You can get the renewal fee waived off if you have spent Rs. 3 lacs or more in the previous year.,,Air Miles,The Inter Miles you earn through your InterMiles HDFC Bank Signature credit card can be redeemed easily on www.intermiles.com .,,,"{""domestic"": ""16 complimentary domestic lounge access at selected lounges in India."", ""international"": ""Up to 5 complimentary visits to International lounges via priority pass""}","The basic eligibility criteria (age and income requirements) that needs to be fulfilled by the applicants in order to get approved for the Intermiles HDFC Signature Credit Card is as follows: Other than this, you will be required to have a good credit score. Moreover, the bank may have some internal eligibility criteria as well, based on which, your application for this card might be approved or rejected.",3.6% per month,2% on all foreign currency spends,2.5% fuel surcharge will be replaced by a convenience fee of 1% plus GST. | 2.5% of the transacted amount or Rs. 500 (whichever is higher) | Rs. 99 (plus applicable taxes),"Welcome benefit of up to 8,000 InterMiles. 6 Inter Miles on every spend of Rs. 150 on retail purchases using your InterMiles HDFC Bank Signature Credit Card. 2x Inter Miles on every spend of Rs. 150 on flight bookings on the intermiles website. 2x Inter Miles on every spend of Rs. 150 on hotel bookings on www.intermiles.com/hotels. Complimentary Priority Pass membership. 16 complimentary domestic lounge visits per year 5 free visits to International lounges every year through the Priority Pass membership. Exclusive Dine out Passport membership. The renewal fee is waived off on spending Rs. 3 lacs or more in the previous year. 1% fuel surcharge waiver.","[""InterMiles as welcome benefit and reward points"", ""Domestic and international lounge access with Priority Pass"", ""Low forex markup fee of 2% of the transaction amount""]","[""InterMiles can only be used for travel bookings on the InterMiles website"", ""Other travel credit cards offer more redemption options""]",,cardinsider.com,https://cardinsider.com/hdfc-bank/intermiles-hdfc-bank-signature-credit-card/
InterMiles HDFC Bank Platinum Credit Card,HDFC Bank,Best HDFC Bank,"Diners Club, Diners","[""Best HDFC Bank"", ""Best HDFC Bank Credit Cards""]","Rs. 1,000 + GST","Rs. 1,000 + GST",The renewal fee can be waived off if you have spent Rs. 2.50 Lakhs or more in the previous year.,,Air Miles,The InterMiles that you have been rewarded with can easily be redeemed through www.intermiles.com.,,,"{""domestic"": ""Complimentary Lounge Access at domestic airports – 8 times in a calendar year, maximum 2 times in a quarter"", ""international"": ""NA""}",,3.6% per month (or 43.2% annually),3.5% (plus applicable taxes),Fuel surcharge waiver of 1% on a minimum spend of Rs. 400 (waiver maximum up-to Rs. 250 per billing cycle) at all the petrol pumps across India | 2.5% of amount withdrawn or Rs. 500 whichever is higher | NA,"Welcome benefit of up to 3,000 InterMiles Discount vouchers on hotel and flight bookings 4 InterMiles on every Rs. 150 spent on retail purchases made through InterMiles HDFC Bank Platinum Credit Card 8 InterMiles for every Rs. 150 spent on booking flights and hotels through the InterMiles website. 5% discount on Etihad Airways Economy class tickets and 5x InterMiles for Etihad Airways tickets booked through the intermiles website. Complimentary domestic lounge visits every year. Spend based waiver of the annual fee.",[],[],,cardinsider.com,https://cardinsider.com/hdfc-bank/intermiles-hdfc-platinum-credit-card/
Marriott Bonvoy HDFC Bank Credit Card,HDFC Bank,Best HDFC Bank,,"[""20+ Best Travel Credit Cards"", ""Best Credit Cards for United Airlines MileagePlus Miles"", ""Best Credit Cards to Earn Marriott Bonvoy Points"", ""Best Golf Credit Cards in India"", ""Best HDFC Bank"", ""Best HDFC Bank Credit Cards"", ""Best Hotel Credit Cards""]","₹3,000 + GST (~₹3,540)","₹3,000 + GST (~₹3,540)",N/A,,Reward Points,"Marriott Bonvoy points are credited to your membership account and you can redeem them for discounted hotel stays, dining offers, etc. at participating Marriott Hotels",,"You can earn up to 3 additional Free Night Awards on reaching the target spend milestone, in addition to the one you get as a welcome benefit. Get an extra free night award, worth up to 15,000 points, when you reach the target spend threshold of ₹6 lakh, ₹9 lakh, and ₹15 lakh in the card anniversary year. This benefit is only for the primary cardholder; add-on cardholders are not eligible to claim it. The free night award is credited to your Marriott Bonvoy membership account within 8 to 12 weeks.","{""domestic"": ""12 Complimentary Lounge Access at Both Domestic and International Terminals"", ""international"": ""12 Free International Lounge Visits""}","You must pass the following eligibility requirements in order to be eligible for the Marriott Bonvoy HDFC Bank credit card – Self-employed citizens of India should be between 21 and 65 years of age and must have an annual ITR of over ₹15 lakh per year. Salaried citizens of India must be between 21 and 60 years of age and have a gross monthly income exceeding ₹1 lakh. The application will be approved within 3 to 5 working days, and once approved, you will receive the credit card within seven business days.",3.75% Per Month (45% Annually),3.50%,"1% fuel surcharge waiver on transactions between Rs. 400 to Rs. 5000 | 2.5% or ₹500, Whichever is Higher | N/A","1 Free Night Award as a welcome benefit, valid for 1 year at participating Marriott hotels. Complimentary Marriott Bonvoy Silver Elite status. 8 Marriott Bonvoy Points on spends at participating Marriott hotels, 4 Marriott Bonvoy Points on travel, entertainment, and dining spends, and 2 Marriott Bonvoy Points on all other spends. Up to 3 bonus free night awards on reaching the target spend milestone. 12 Complimentary domestic and international lounge access. 2 Complimentary golf course access and golf lessons per quarter worldwide. Air accident cover, credit shield, loss liability cover, and other insurance benefits.","[""One of the major benefits of this card lies in its fee structure. With reasonable joining and annual charges, it offers significantly more value than it costs. Considering the benefits it provides at this price point, it is certainly worth having."", ""From complimentary airport lounge access to Free Night Awards as milestone benefits, this card offers numerous lifestyle and hotel benefits.""]","[""When it comes to redeeming Marriott Bonvoy Points, one needs to find the perfect opportunity for redemption. Ideally, one can get ₹0.50 per point, but it varies from property to property, meaning there is no clear redemption value for points."", ""As a welcome benefit, cardholders are offered Silver Elite status, which is one step above the basic tier. However, considering this is one of the most premium and the only co-branded Marriott offerings in India, a higher complimentary tier could have been more fitting.""]",,cardinsider.com,https://cardinsider.com/hdfc-bank/marriott-bonvoy-hdfc-bank-credit-card/
Paytm HDFC Bank Credit Card,HDFC Bank,Best HDFC Bank,,"[""Best HDFC Bank"", ""Best HDFC Bank Credit Cards""]",Rs. 500 + GST,Rs. 500 + GST,"Annual Fee is Waived on Spending ₹50,000 in a Year",,Cashback,The earned cashback is sent to the cardholders in the form of Paytm vouchers or Redeem your Cashpoints as Cashback along with other redemption options.,,"You get 1% cashback on spending ₹10,000 or more in a month. The maximum cashback that can be availed in a month is capped at ₹100, which means you can earn up to ₹1,200 cashback annually.","{""domestic"": ""N/A"", ""international"": ""N/A""}","The eligibility criteria required to be approved for the HDFC Bank Paytm Credit Card are as follows: The age of the applicants should be a minimum of 21 years. The applicant should have a stable source of income, i.e., the applicant should either be salaried or self-employed. The applicant should have a decent credit score.",3.6% per month (43.2% per annum),3.5% on all international transactions,1% fuel surcharge waiver on all fuel transactions worth Rs. 400 or more. | 2.5% of the cash amount withdrawn or Rs. 500 (whichever is higher) | Nil,"Paytm First membership as a welcome gift. Get up to 3% cashback on Paytm recharge, utility, movies, and Mini App spends. Get up to 2% cashback on other Paytm spends Get up to 1% cashback on other retail spends Earn a cashback of up to Rs. 1,200 annually under the milestone program. Spend-based waiver of monthly membership fee. 1% fuel surcharge waiver up to Rs. 250 per month.","[""This card is most useful for daily users of Paytm."", ""You get decent cashback and offers on spends made with Paytm.""]","[""There is no lounge access provided with this credit card."", ""The cashback received on transactions other than the eligible category is relatively low at 1%.""]",,cardinsider.com,https://cardinsider.com/hdfc-bank/paytm-hdfc-bank-credit-card/
Paytm HDFC Bank Mobile Credit Card,HDFC Bank,Best HDFC Bank,,"[""Best HDFC Bank"", ""Best HDFC Bank Credit Cards""]",₹149 + GST,₹149 + GST,"Annual Fee Waiver on Spends of ₹25,000",,Cashback,Redeem your Cashpoints as Cashback along with other redemption options.Re.1 Cashpoint =Re.1 Cashback for redemption against the statement balance. Re.1 Cashpoint = Re.0.3 for redemption against travel benefits like Flight & Hotel bookings and Rewards Catalogue at the SmartBuy Rewards Portal.,,"On achieving a spend of ₹10,000 or more in 3 consecutive months, you can unlock the benefits of the Paytm HDFC Bank Credit Card, which is a superior version of the Paytm HDFC Bank Mobile Credit Card.","{""domestic"": ""NA"", ""international"": ""NA""}",,3.75% per month (45% annually),3.5% on all foreign currency transactions,1% fuel surcharge waiver capped at Rs. 250 per month. | 2.5% of the transacted amount subject to a minimum of Rs. 500. | Nil,A cashback of 1%-2% on your spends on the Paytm app. An assured cashback of 0.5% on all other retail spends. Get all the exclusive benefits of the Paytm HDFC Credit Card when you reach the milestone spend. Spend-based waiver of the annual membership fee. 1% fuel surcharge waiver on all transactions above Rs. 250.,[],[],,cardinsider.com,https://cardinsider.com/hdfc-bank/paytm-hdfc-bank-mobile-credit-card/
Paytm HDFC Bank Select Credit Card,HDFC Bank,Best HDFC Bank,,"[""Best HDFC Bank"", ""Best HDFC Bank Credit Cards""]","Rs. 1,000 + GST","Rs. 1,000 + GST","Joining fee waived off on spending a minimum of Rs. 50,000 within the first 90 days of card issuance, annual fee (second year onwards) waived off on the expenditure of a minimum of Rs. 1.5 lacs in the preceding 12 months.",,Cashback,Redeem your Cashpoints as Cashback along with other redemption options.Re.1 Cashpoint =Re.1 Cashback for redemption against the statement balance. Re.1 Cashpoint = Re.0.3 for redemption against travel benefits like Flight & Hotel bookings and Rewards Catalogue at the SmartBuy Rewards Portal.,,"Gift vouchers worth Rs. 500 on spending a minimum of Rs. 50,000 (only non-EMI spends considered) in a calendar quarter. The gift voucher can be chosen from the Health & Wellness, Shopping, Entertainment, Food delivery, etc. categories. The joining fee (first year’s membership fee) of the card is waived off on a minimum expenditure of Rs. 50,000 in the first 90 days of card issuance. The annual renewal fee (second year onwards) of the card is waived on an expenditure of a minimum of Rs. 1.5 lacs in the preceding year.","{""domestic"": ""8 complimentary domestic airport lounge access every year (max 2 per quarter)"", ""international"": ""N/A""}",,3.6% per month or 43.2% annually,3.5% of the transaction amount,1% fuel surcharge waived off on fuel purchases of a minimum of Rs. 400 (maximum waived amount capped at Rs. 500 per month) | 2.5% of the transaction amount (subject to a minimum charge of Rs. 500) | Nil,"5% cashback on all purchases at Paytm Mall/Movies/Mini app. 2% cashback on all other spends on Paytm. 1% cashback on all other retail spends with the card. 8 complimentary domestic airport lounge access across the country (max 2 per quarter). Gift vouchers worth Rs. 500 on the quarterly expenditure of a minimum of Rs. 50,000. Joining fee is waived off on spending a minimum of Rs. 50,000 within 90 days of card issuance. The card’s annual membership fee (second year onwards) is waived if you spend a minimum of Rs. 1.5 lacs in the preceding year.","[""Most premium variants out of the HDFC Paytm co-branded cards"", ""5% cashback on Paytm purchases, and 2% cash back on other spends made via Paytm"", ""8 complimentary domestic lounge access, max twice per quarter""]","[""Milestone benefits could have been better"", ""The rate of cashback is just 1% on non-Paytm spends"", ""There are several better cards at Rs. 1000 membership fees""]",,cardinsider.com,https://cardinsider.com/hdfc-bank/paytm-hdfc-select-credit-card/
PhonePe HDFC Bank Ultimo Credit Card,HDFC Bank,Best HDFC Bank,RuPay,"[""Best Credit Cards for Utility Bill Payments"", ""Best HDFC Bank"", ""Best HDFC Bank Credit Cards""]",₹999 + GST,₹999 + GST,Renewal Fee Waiver on Annual Spends of ₹2 Lakh or More,,Reward Points,"1 Reward Point = ₹1 (Redemption Against Statement). 1 Reward Point = ₹0.30 When Redeemed for Airmiles, Product Catalogue or Smartbuy",,,"{""domestic"": ""2 Lounge Visits Each Quarter on Spends of ₹75,000 or More"", ""international"": ""N/A""}",,3.75% Monthly/45% Annually,3.50%,"1% Waiver on Transactions Between ₹400 and ₹5,000 (Maximum ₹250 Each Statement Cycle) | 2.5% or ₹500 (Whichever is Higher) | No Charges for Reward Point Redemption Against Statement","The PhonePe HDFC Bank Ultimo Credit Card is the ideal credit card for making utility bill payments, spending via PhonePe, and UPI payments. Apart from all the savings via PhonePe, cardholders can also earn 5% Reward Points on popular online platforms like Flipkart, Amazon, Ajio, Swiggy, Zomato, and more. One can take advantage of free airport lounge access and relax before their journey. 1% fuel surcharge waiver allows cardholders to refuel their vehicles without having to pay extra.","[""10% Reward Points on bill payments via PhonePe up to 1,000 Reward Points, is quite generous. This is a benefit that most of us can take advantage of, as we all have electricity, mobile recharges, and other bills that we need to pay on a regular basis.""]","[""Although the PhonePe HDFC Ultimo Credit Card offers free airport lounge access, it requires a minimum spending of ₹75,000 or more each quarter, making it suitable only for high spenders.""]",,cardinsider.com,https://cardinsider.com/hdfc-bank/phonepe-hdfc-bank-ultimo-credit-card/
PhonePe HDFC Bank Uno Credit Card,HDFC Bank,Best HDFC Bank,RuPay,"[""Best Credit Cards for Beginners"", ""Best Credit Cards for Utility Bill Payments"", ""Best HDFC Bank"", ""Best HDFC Bank Credit Cards""]",₹499 + GST,₹499 + GST,Renewal Fee Waiver on Annual Spends of ₹1 Lakh or More,,Reward Points,"1 Reward Point = ₹1 (Redemption Against Statement). 1 Reward Point = ₹0.30 When Redeemed for Airmiles, Product Catalogue or Smartbuy","50% of the Joining Fee, which amounts to ₹249, is provided as a PhonePe Gift Card for your first RuPay credit card (CC) transaction using UPI on the PhonePe app. The remaining 50% of the Joining Fee is distributed across 10 subsequent Rupay CC UPI transactions, offering a Gift Card of ₹25 for each transaction.",,"{""domestic"": ""N/A"", ""international"": ""N/A""}",,3.75% Monthly/45% Annually,3.50%,"1% Waiver on Transactions Between ₹400 and ₹5,000 (Maximum ₹250 Each Statement Cycle) | 2.5% or ₹500 (Whichever is Higher) | No Charges for Reward Point Redemption Against Statement","PhonePe HDFC Uno Credit Card is available on the RuPay network. Cardholders can earn 2% Rewards on bill payments, recharges, and more through PhonePe. Scan and Pay payments are eligible for 1% Reward Points. 1 Reward Point = ₹1.","[""This card comes at an affordable price of ₹499.""]","[""There are no lifestyle perks, such as airport lounge access, offered with this card. This is primarily due to its low fees.""]",,cardinsider.com,https://cardinsider.com/hdfc-bank/phonepe-hdfc-bank-uno-credit-card/
Shoppers Stop Black HDFC Bank Credit Card,HDFC Bank,Best HDFC Bank,,"[""Best HDFC Bank"", ""Best HDFC Bank Credit Cards""]","₹4,500 + GST","₹4,500 + GST",N/A,,Reward Points,The points can be redeemed against the purchases made at the Shoppers Stop Outlet or through their official website.,"You get a Shoppers Stop voucher worth ₹4,500 as a welcome gift, which will be redeemable on shopping at Shoppers Stop.","Earn ₹1,500 per month for a single purchase of ₹50,000 or more on Shoppers Stop over the weekend (capped to once a month and a maximum of once a month and 5 times a year). Friday, Saturday, and Sunday can be considered as the weekend.","{""domestic"": ""16 complimentary lounge access at domestic airports (maximum 4 times in a quarter)."", ""international"": ""Complimentary Lounge Access at international airports – 8 times in a calendar year, maximum 2 times in a quarter""}","The eligibility criteria to be the owner of the Shoppers Stop Black HDFC Credit Card are as follows: In the case of a salaried individual, the minimum age of the applicant should be 21 years, the maximum age of the applicant should be 60 years, and his net monthly income should be more than ₹70,000. In the case of a self-employed individual, the minimum age of the applicant should be 21 years, and the maximum age of the applicant should be 65 years, and he should be submitting an ITR (Income Tax Return) of more than ₹8.4 Lakhs.",3.75% Per Month (or 45% Annually),3.5% + GST,"Fuel surcharge waiver of 1%, maximum up-to Rs. 500 per statement cycle, at all the petrol pumps across India | 2.5% of amount withdrawn or Rs. 500 whichever is higher | ₹50 for Cash Redemption and ₹99 for Other Reward Redemptions","Complimentary First Citizen BLACK membership. Get 7% Reward Points on every SS spends. Maximum cap at 2,000 Reward Points per month 2% Reward Points on Non-SS spends. Maximum cap at 2,000 Reward Points per month Complimentary access to the domestic lounge and international lounge.","[""Enjoy a complimentary First Citizen Black membership worth ₹4,500."", ""Get 16 domestic and 8 international lounge access annually with a Shoppers Stop Black HDFC Bank Credit Card.""]","[""This card does not provide any dining or movie benefits."", ""The Shoppers Stop Credit Card comes at a high joining and annual charge of ₹4,500 + GST.""]",,cardinsider.com,https://cardinsider.com/hdfc-bank/shoppers-stop-black-hdfc-credit-card/