card_name,issuing_bank,issuing_bank_raw,card_network,categories,joining_fee,annual_fee,fee_waiver_condition,reward_rate,reward_structure,redemption_options,welcome_benefits,milestone_benefits,lounge_access,eligibility,interest_rate_apr,forex_markup,other_charges,key_features,pros,cons,rating,source_site,source_url
Yes Bank Reserv credit card,Yes Bank,Yes Bank,,[],2499,,,NA,"[{""child"": ""Earn 6 Reward Points per ₹200 spent"", ""name"": ""Base Rewards""}, {""child"": ""Earn 24 Reward Points per ₹200 spent"", ""name"": ""Online""}, {""child"": ""Earn 12 Reward Points per ₹200 spent"", ""name"": ""International""}, {""child"": ""Earn 6 Reward Points per ₹200 spent"", ""name"": ""Utilities""}, {""child"": ""Earn 6 Reward Points per ₹200 spent"", ""name"": ""Railways""}, {""child"": ""Earn 6 Reward Points per ₹200 spent"", ""name"": ""Transportation""}, {""child"": "" No Reward Points on this category."", ""name"": ""Jewellery""}, {""child"": "" No Reward Points on this category."", ""name"": ""Rent""}, {""child"": "" No Reward Points on this category."", ""name"": ""Wallets""}, {""child"": "" No Reward Points on this category."", ""name"": ""UPI""}, {""child"": "" No Reward Points on this category."", ""name"": ""Fuel""}, {""child"": "" No Reward Points on this category."", ""name"": ""Government""}]","[{""title"": "" Discover Reward Points Redemption Options"", ""subtitle"": ""To explore the full range of redemption options for this card, download the SaveSage Club app now."", ""barCodeImageUrl"": ""/"", ""appUrl"": ""https://savesage.co/ZH8bLjZqSPb""}]",,"[{""milestoneNumber"": 1, ""spent"": 40000, ""cycleType"": ""STATEMENT"", ""benefits"": ""The joining fee will be waived."", ""milestoneType"": ""YEAR""}]","[{""maintitle"": ""Domestic lounge"", ""limit"": [""3 per quarter""], ""eligibility"": [""Spend ₹1,00,000 or more in the previous quarter (Jan-Mar, Apr-Jun, Jul-Sep, Oct-Dec), you automatically qualify for this privilege in the subsequent quarter (Apr-Jun,  Jul-Sep, Oct-Dec, Jan-Mar).""]}]",,,,"[{""mainTitle"": ""BookMyShow"", ""child"": ""25% Discount on All Movie Tickets""}, {""mainTitle"": ""Insurance"", ""child"": ""Personal Accident""}]","[""25% Discount on All Movie Tickets"", ""Personal Accident""]",,,,savesage.club,https://savesage.club/credit-card/yes-bank-reserv
Yes Bank Elite+ credit card,Yes Bank,Yes Bank,,"[""Cashback""]",999,,,0.5% to 1%,"[{""child"": ""Earn 4 Reward Points per ₹200 spent"", ""name"": ""Base Rewards""}, {""child"": ""Earn 12 Reward Points per ₹200 spent"", ""name"": ""Online""}, {""child"": ""Earn 6 Reward Points per ₹200 spent"", ""name"": ""Offline""}, {""child"": ""Earn 4 Reward Points per ₹200 spent"", ""name"": ""Rent""}, {""child"": ""Earn 4 Reward Points per ₹200 spent"", ""name"": ""Utilities""}, {""child"": ""Earn 4 Reward Points per ₹200 spent"", ""name"": ""Railways""}, {""child"": ""Earn 4 Reward Points per ₹200 spent"", ""name"": ""Transportation""}, {""child"": ""Earn 4 Reward Points per ₹200 spent"", ""name"": ""Education""}, {""child"": "" No Reward Points on this category."", ""name"": ""UPI""}, {""child"": "" No Reward Points on this category."", ""name"": ""Wallets""}, {""child"": "" No Reward Points on this category."", ""name"": ""Fuel""}]","[{""title"": "" Discover Reward Points Redemption Options"", ""subtitle"": ""To explore the full range of redemption options for this card, download the SaveSage Club app now."", ""barCodeImageUrl"": ""/"", ""appUrl"": ""https://savesage.co/ZH8bLjZqSPb""}]",,"[{""milestoneNumber"": 1, ""spent"": 20000, ""cycleType"": ""STATEMENT"", ""benefits"": ""The joining fee will be waived."", ""milestoneType"": ""YEAR""}, {""milestoneNumber"": 2, ""spent"": 200000, ""cycleType"": ""STATEMENT"", ""benefits"": ""The renewal fee will be waived."", ""milestoneType"": ""YEAR""}]","[{""maintitle"": ""Domestic lounge"", ""limit"": [""2 per quarter""], ""eligibility"": [""Spend ₹50,000 or more in the previous quarter (Jan-Mar, Apr-Jun, Jul-Sep, Oct-Dec), you automatically qualify for this privilege in the subsequent quarter (Apr-Jun,  Jul-Sep, Oct-Dec, Jan-Mar).""]}, {""maintitle"": ""International lounge"", ""limit"": [""3 per year""], ""eligibility"": [""No explicit spend condition""]}]",,,,"[{""mainTitle"": ""BookMyShow"", ""child"": ""25% off on booking movie tickets via BookMyShow.""}, {""mainTitle"": ""Golf"", ""child"": ""Complimentary golf lesson.""}]","[""25% off on booking movie tickets via BookMyShow."", ""Complimentary golf lesson.""]",,,,savesage.club,https://savesage.club/credit-card/yes-bank-elite
Yes Bank Prosperity Reward Plus credit card,Yes Bank,Yes Bank,,[],399,,,NA,"[{""child"": ""Earn 4 Reward Points per ₹200 spent"", ""name"": ""Base Rewards""}, {""child"": ""Earn 8 Reward Points per ₹200 spent"", ""name"": ""International""}, {""child"": ""Earn 8 Reward Points per ₹200 spent"", ""name"": ""Travel""}, {""child"": ""Earn 4 Reward Points per ₹200 spent"", ""name"": ""Railways""}, {""child"": ""Earn 4 Reward Points per ₹200 spent"", ""name"": ""Transportation""}, {""child"": ""Earn 2 Reward Points per ₹200 spent"", ""name"": ""Wallets""}, {""child"": ""Earn 2 Reward Points per ₹200 spent"", ""name"": ""Insurance""}, {""child"": ""Earn 2 Reward Points per ₹200 spent"", ""name"": ""Fuel""}, {""child"": ""Earn 2 Reward Points per ₹200 spent"", ""name"": ""Education""}, {""child"": ""Earn 2 Reward Points per ₹200 spent"", ""name"": ""Rent""}, {""child"": ""Earn 2 Reward Points per ₹200 spent"", ""name"": ""Utilities""}, {""child"": ""Earn 2 Reward Points per ₹200 spent"", ""name"": ""Government""}, {""child"": "" No Reward Points on this category."", ""name"": ""Jewellery""}]","[{""title"": "" Discover Reward Points Redemption Options"", ""subtitle"": ""To explore the full range of redemption options for this card, download the SaveSage Club app now."", ""barCodeImageUrl"": ""/"", ""appUrl"": ""https://savesage.co/ZH8bLjZqSPb""}]",,"[{""milestoneNumber"": 1, ""spent"": 5000, ""cycleType"": ""STATEMENT"", ""benefits"": ""The joining fee will be waived."", ""milestoneType"": ""YEAR""}, {""milestoneNumber"": 2, ""spent"": 50000, ""cycleType"": ""STATEMENT"", ""benefits"": ""The renewal fee will be waived."", ""milestoneType"": ""YEAR""}]",[],,,,[],[],,,,savesage.club,https://savesage.club/credit-card/yes-bank-prosperity-reward-plus
Yes Bank Prosperity Reward Edge credit card,Yes Bank,Yes Bank,,[],399,,,NA,"[{""child"": ""Earn 4 Reward Points per ₹200 spent"", ""name"": ""Base Rewards""}, {""child"": ""Earn 8 Reward Points per ₹200 spent"", ""name"": ""Online""}, {""child"": ""Earn 4 Reward Points per ₹200 spent"", ""name"": ""Transportation""}, {""child"": ""Earn 4 Reward Points per ₹200 spent"", ""name"": ""Railways""}, {""child"": ""Earn 2 Reward Points per ₹200 spent"", ""name"": ""Rent""}, {""child"": ""Earn 2 Reward Points per ₹200 spent"", ""name"": ""Government""}, {""child"": ""Earn 2 Reward Points per ₹200 spent"", ""name"": ""Education""}, {""child"": ""Earn 2 Reward Points per ₹200 spent"", ""name"": ""Utilities""}, {""child"": ""Earn 2 Reward Points per ₹200 spent"", ""name"": ""Wallets""}, {""child"": ""Earn 2 Reward Points per ₹200 spent"", ""name"": ""Insurance""}, {""child"": "" No Reward Points on this category."", ""name"": ""Jewellery""}, {""child"": "" No Reward Points on this category."", ""name"": ""Fuel""}]","[{""title"": "" Discover Reward Points Redemption Options"", ""subtitle"": ""To explore the full range of redemption options for this card, download the SaveSage Club app now."", ""barCodeImageUrl"": ""/"", ""appUrl"": ""https://savesage.co/ZH8bLjZqSPb""}]",,"[{""milestoneNumber"": 1, ""spent"": 15000, ""cycleType"": ""STATEMENT"", ""benefits"": ""The joining fee will be waived."", ""milestoneType"": ""QUARTER""}, {""milestoneNumber"": 2, ""spent"": 75000, ""cycleType"": ""STATEMENT"", ""benefits"": ""The renewal fee will be waived."", ""milestoneType"": ""YEAR""}]","[{""maintitle"": ""International lounge"", ""limit"": [""1 per year""], ""eligibility"": [""Minimum spend of ₹1 Lakh in the preceding calendar quarter.|Complimentary Lounge Access using Priority Pass.""]}]",,,,[],[],,,,savesage.club,https://savesage.club/credit-card/yes-bank-prosperity-reward-edge
Yes Bank Select credit card,Yes Bank,Yes Bank,,[],599,,,NA,"[{""child"": ""Earn 4 Reward Points per ₹200 spent"", ""name"": ""Base Rewards""}, {""child"": ""Earn 8 Reward Points per ₹200 spent"", ""name"": ""Online""}, {""child"": ""Earn 4 Reward Points per ₹200 spent"", ""name"": ""Transportation""}, {""child"": ""Earn 4 Reward Points per ₹200 spent"", ""name"": ""Railways""}, {""child"": ""Earn 2 Reward Points per ₹200 spent"", ""name"": ""Utilities""}, {""child"": ""Earn 2 Reward Points per ₹200 spent"", ""name"": ""Insurance""}, {""child"": ""Earn 2 Reward Points per ₹200 spent"", ""name"": ""Wallets""}, {""child"": ""Earn 2 Reward Points per ₹200 spent"", ""name"": ""Rent""}, {""child"": ""Earn 2 Reward Points per ₹200 spent"", ""name"": ""Education""}, {""child"": ""Earn 2 Reward Points per ₹200 spent"", ""name"": ""Government""}, {""child"": "" No Reward Points on this category."", ""name"": ""Jewellery""}, {""child"": "" No Reward Points on this category."", ""name"": ""Fuel""}]","[{""title"": "" Discover Reward Points Redemption Options"", ""subtitle"": ""To explore the full range of redemption options for this card, download the SaveSage Club app now."", ""barCodeImageUrl"": ""/"", ""appUrl"": ""https://savesage.co/ZH8bLjZqSPb""}]",,"[{""milestoneNumber"": 1, ""spent"": 15000, ""cycleType"": ""STATEMENT"", ""benefits"": ""The joining fee will be waived."", ""milestoneType"": ""QUARTER""}, {""milestoneNumber"": 2, ""spent"": 75000, ""cycleType"": ""STATEMENT"", ""benefits"": ""The renewal fee will be waived."", ""milestoneType"": ""YEAR""}]","[{""maintitle"": ""International lounge"", ""limit"": [""1 per year""], ""eligibility"": [""minimum spend of ₹1 Lakh in the preceding calendar quarter""]}]",,,,"[{""mainTitle"": ""Golf"", ""child"": ""Complimentary Golf Rounds""}]","[""Complimentary Golf Rounds""]",,,,savesage.club,https://savesage.club/credit-card/yes-bank-select
Yes Bank Marquee credit card,Yes Bank,Yes Bank,,"[""Cashback"", ""Travel Booking""]",9999,,,1.5% to 3%,"[{""child"": ""Earn 18 Reward Points per ₹200 spent"", ""name"": ""Base Rewards""}, {""child"": ""Earn 36 Reward Points per ₹200 spent"", ""name"": ""Online""}, {""child"": ""Earn 10 Reward Points per ₹200 spent"", ""name"": ""Government""}, {""child"": ""Earn 10 Reward Points per ₹200 spent"", ""name"": ""Utilities""}, {""child"": "" No Reward Points on this category."", ""name"": ""Fuel""}, {""child"": "" No Reward Points on this category."", ""name"": ""Jewellery""}, {""child"": "" No Reward Points on this category."", ""name"": ""Education""}, {""child"": "" No Reward Points on this category."", ""name"": ""Rent""}, {""child"": "" No Reward Points on this category."", ""name"": ""Insurance""}, {""child"": "" No Reward Points on this category."", ""name"": ""Transportation & Tolls""}, {""child"": "" No Reward Points on this category."", ""name"": ""Railways""}, {""child"": "" No Reward Points on this category."", ""name"": ""EMI""}, {""child"": "" No Reward Points on this category."", ""name"": ""Wallets""}]","[{""title"": "" Discover Reward Points Redemption Options"", ""subtitle"": ""To explore the full range of redemption options for this card, download the SaveSage Club app now."", ""barCodeImageUrl"": ""/"", ""appUrl"": ""https://savesage.co/ZH8bLjZqSPb""}]",,"[{""milestoneNumber"": 1, ""spent"": 0, ""cycleType"": ""STATEMENT"", ""benefits"": ""40,000 YES Rewardz Points"", ""milestoneType"": ""YEAR""}, {""milestoneNumber"": 2, ""spent"": 1000000, ""cycleType"": ""STATEMENT"", ""benefits"": ""The renewal fee will be waived."", ""milestoneType"": ""YEAR""}]","[{""maintitle"": ""Domestic lounge"", ""limit"": [""6 per quarter""], ""eligibility"": [""Spend ₹1,00,000 or more in the previous quarter (Jan-Mar, Apr-Jun, Jul-Sep, Oct-Dec), you automatically qualify for this privilege in the subsequent quarter (Apr-Jun,  Jul-Sep, Oct-Dec, Jan-Mar).""]}, {""maintitle"": ""International lounge"", ""limit"": [""Unlimited""], ""eligibility"": [""No explicit spend condition""]}, {""maintitle"": ""Add on card domestic lounge"", ""limit"": [""Available - limit as per primary card""], ""eligibility"": [""As per primary card.""]}, {""maintitle"": ""Add on card international lounge"", ""limit"": [""Available - limit as per primary card""], ""eligibility"": [""As per primary card.""]}]",,,,"[{""mainTitle"": ""BookMyShow"", ""child"": ""Buy One Get One Free""}, {""mainTitle"": ""Golf"", ""child"": ""Complimentary Golf Rounds""}]","[""Buy One Get One Free"", ""Complimentary Golf Rounds""]",,,,savesage.club,https://savesage.club/credit-card/yes-bank-marquee
Yes Bank BYOC credit card,Yes Bank,Yes Bank,,"[""Cashback""]",588,,,1% to 2%,"[{""child"": ""Earn 8 Reward Points per ₹200 spent"", ""name"": ""Base Rewards""}, {""child"": ""Earn 8 Reward Points per ₹200 spent"", ""name"": ""Transportation""}, {""child"": ""Earn 8 Reward Points per ₹200 spent"", ""name"": ""Railways""}, {""child"": "" No Reward Points on this category."", ""name"": ""Wallets""}, {""child"": "" No Reward Points on this category."", ""name"": ""Jewellery""}, {""child"": "" No Reward Points on this category."", ""name"": ""Fuel""}, {""child"": "" No Reward Points on this category."", ""name"": ""Rent""}, {""child"": "" No Reward Points on this category."", ""name"": ""Utilities""}]","[{""title"": "" Discover Reward Points Redemption Options"", ""subtitle"": ""To explore the full range of redemption options for this card, download the SaveSage Club app now."", ""barCodeImageUrl"": ""/"", ""appUrl"": ""https://savesage.co/ZH8bLjZqSPb""}]",,[],"[{""maintitle"": ""Domestic lounge"", ""limit"": [""1 per quarter""], ""eligibility"": [""Spend ₹50,000 or more in the previous quarter (Jan-Mar, Apr-Jun, Jul-Sep, Oct-Dec), you automatically qualify for this privilege in the subsequent quarter (Apr-Jun,  Jul-Sep, Oct-Dec, Jan-Mar).""]}]",,,,"[{""mainTitle"": ""Golf"", ""child"": ""Complimentary Golf Rounds""}]","[""Complimentary Golf Rounds""]",,,,savesage.club,https://savesage.club/credit-card/yes-bank-byoc
Yes Bank Rupay credit card,Yes Bank,Yes Bank,,[],0,,,NA,"[{""child"": ""Earn 2 Reward Points per ₹200 spent"", ""name"": ""Base Rewards""}, {""child"": ""Earn 4 Reward Points per ₹200 spent"", ""name"": ""UPI > ₹2K""}, {""child"": ""Earn 2 Reward Points per ₹200 spent"", ""name"": ""Railways""}, {""child"": ""Earn 2 Reward Points per ₹200 spent"", ""name"": ""Utilities""}, {""child"": ""Earn 2 Reward Points per ₹200 spent"", ""name"": ""Transportation""}, {""child"": "" No Reward Points on this category."", ""name"": ""Rent""}, {""child"": "" No Reward Points on this category."", ""name"": ""Government""}, {""child"": "" No Reward Points on this category."", ""name"": ""Marketing""}, {""child"": "" No Reward Points on this category."", ""name"": ""Fuel""}, {""child"": "" No Reward Points on this category."", ""name"": ""Wallets""}]","[{""title"": "" Discover Reward Points Redemption Options"", ""subtitle"": ""To explore the full range of redemption options for this card, download the SaveSage Club app now."", ""barCodeImageUrl"": ""/"", ""appUrl"": ""https://savesage.co/ZH8bLjZqSPb""}]",,[],[],,,,[],[],,,,savesage.club,https://savesage.club/credit-card/yes-bank-rupay
Yes Bank EMI credit card,Yes Bank,Yes Bank,,"[""Experience"", ""Travel Booking""]",499,,,2% to 3%,"[{""child"": ""Earn 1 Reward Points per ₹100 spent"", ""name"": ""Base Rewards""}, {""child"": ""Earn 3 Reward Points per ₹100 spent"", ""name"": ""Select Merchants""}, {""child"": ""Earn 1 Reward Points per ₹100 spent"", ""name"": ""Railways""}, {""child"": ""Earn 1 Reward Points per ₹100 spent"", ""name"": ""Transportation""}, {""child"": "" No Reward Points on this category."", ""name"": ""Utilities""}, {""child"": "" No Reward Points on this category."", ""name"": ""Wallets""}, {""child"": "" No Reward Points on this category."", ""name"": ""Jewellery""}, {""child"": "" No Reward Points on this category."", ""name"": ""Rent""}, {""child"": "" No Reward Points on this category."", ""name"": ""Fuel""}]","[{""title"": "" Discover Reward Points Redemption Options"", ""subtitle"": ""To explore the full range of redemption options for this card, download the SaveSage Club app now."", ""barCodeImageUrl"": ""/"", ""appUrl"": ""https://savesage.co/ZH8bLjZqSPb""}]",,"[{""milestoneNumber"": 1, ""spent"": 120000, ""cycleType"": ""STATEMENT"", ""benefits"": ""The joining fee will be waived."", ""milestoneType"": ""YEAR""}]",[],,,,[],[],,,,savesage.club,https://savesage.club/credit-card/yes-bank-emi
Yes Bank Wellness credit card,Yes Bank,Yes Bank,,[],499,,,NA,"[{""child"": ""Earn 4 Reward Points per ₹200 spent"", ""name"": ""Base Rewards""}, {""child"": ""Earn 20 Reward Points per ₹200 spent"", ""name"": ""Pharmacy""}, {""child"": ""Earn 4 Reward Points per ₹200 spent"", ""name"": ""Railways""}, {""child"": ""Earn 4 Reward Points per ₹200 spent"", ""name"": ""Transportation""}, {""child"": "" No Reward Points on this category."", ""name"": ""Jewellery""}, {""child"": "" No Reward Points on this category."", ""name"": ""Wallets""}, {""child"": "" No Reward Points on this category."", ""name"": ""Rent""}, {""child"": "" No Reward Points on this category."", ""name"": ""Utilities""}, {""child"": "" No Reward Points on this category."", ""name"": ""Fuel""}]","[{""title"": "" Discover Reward Points Redemption Options"", ""subtitle"": ""To explore the full range of redemption options for this card, download the SaveSage Club app now."", ""barCodeImageUrl"": ""/"", ""appUrl"": ""https://savesage.co/ZH8bLjZqSPb""}]",,[],[],,,,[],[],,,,savesage.club,https://savesage.club/credit-card/yes-bank-wellness
Yes Bank Wellness Plus credit card,Yes Bank,Yes Bank,,[],1499,,,NA,"[{""child"": ""Earn 6 Reward Points per ₹200 spent"", ""name"": ""Base Rewards""}, {""child"": ""Earn 30 Reward Points per ₹200 spent"", ""name"": ""Pharmacy""}, {""child"": ""Earn 6 Reward Points per ₹200 spent"", ""name"": ""Railways""}, {""child"": ""Earn 6 Reward Points per ₹200 spent"", ""name"": ""Transportation""}, {""child"": "" No Reward Points on this category."", ""name"": ""Utilities""}, {""child"": "" No Reward Points on this category."", ""name"": ""Wallets""}, {""child"": "" No Reward Points on this category."", ""name"": ""Fuel""}, {""child"": "" No Reward Points on this category."", ""name"": ""Jewellery""}, {""child"": "" No Reward Points on this category."", ""name"": ""Rent""}]","[{""title"": "" Discover Reward Points Redemption Options"", ""subtitle"": ""To explore the full range of redemption options for this card, download the SaveSage Club app now."", ""barCodeImageUrl"": ""/"", ""appUrl"": ""https://savesage.co/ZH8bLjZqSPb""}]",,[],"[{""maintitle"": ""Domestic lounge"", ""limit"": [""2 per quarter""], ""eligibility"": [""Spend ₹50,000 or more in the previous quarter (Jan-Mar, Apr-Jun, Jul-Sep, Oct-Dec), you automatically qualify for this privilege in the subsequent quarter (Apr-Jun,  Jul-Sep, Oct-Dec, Jan-Mar).""]}]",,,,"[{""mainTitle"": ""Health & Wellness"", ""child"": ""12 Complimentary Fitness Sessions""}, {""mainTitle"": ""Insurance"", ""child"": ""Life Insurance""}]","[""12 Complimentary Fitness Sessions"", ""Life Insurance""]",,,,savesage.club,https://savesage.club/credit-card/yes-bank-wellness-plus
Yes Bank First Exclusive credit card,Yes Bank,Yes Bank,,"[""Cashback""]",1999,,,0.5% to 1%,"[{""child"": ""Earn 12 Reward Points per ₹200 spent"", ""name"": ""Base Rewards""}, {""child"": ""Earn 24 Reward Points per ₹200 spent"", ""name"": ""Online""}, {""child"": ""Earn 12 Reward Points per ₹200 spent"", ""name"": ""Transportation""}, {""child"": ""Earn 12 Reward Points per ₹200 spent"", ""name"": ""Railways""}, {""child"": ""Earn 6 Reward Points per ₹200 spent"", ""name"": ""Government""}, {""child"": ""Earn 6 Reward Points per ₹200 spent"", ""name"": ""Education""}, {""child"": ""Earn 6 Reward Points per ₹200 spent"", ""name"": ""Insurance""}, {""child"": "" No Reward Points on this category."", ""name"": ""Utilities""}, {""child"": "" No Reward Points on this category."", ""name"": ""Wallets""}, {""child"": "" No Reward Points on this category."", ""name"": ""Fuel""}, {""child"": "" No Reward Points on this category."", ""name"": ""Jewellery""}, {""child"": "" No Reward Points on this category."", ""name"": ""Rent""}]","[{""title"": "" Discover Reward Points Redemption Options"", ""subtitle"": ""To explore the full range of redemption options for this card, download the SaveSage Club app now."", ""barCodeImageUrl"": ""/"", ""appUrl"": ""https://savesage.co/ZH8bLjZqSPb""}]",,"[{""milestoneNumber"": 1, ""spent"": 40000, ""cycleType"": ""STATEMENT"", ""benefits"": ""The joining fee will be waived."", ""milestoneType"": ""YEAR""}, {""milestoneNumber"": 2, ""spent"": 300000, ""cycleType"": ""STATEMENT"", ""benefits"": ""The renewal fee will be waived."", ""milestoneType"": ""YEAR""}]","[{""maintitle"": ""Domestic lounge"", ""limit"": [""3 per quarter""], ""eligibility"": [""No explicit spend condition""]}, {""maintitle"": ""International lounge"", ""limit"": [""6 per year""], ""eligibility"": [""Complimentary Lounge Access using Priority Pass.""]}]",,,,"[{""mainTitle"": ""BookMyShow"", ""child"": ""25% Discount on All Movie Tickets""}, {""mainTitle"": ""Insurance"", ""child"": ""Personal Accident""}]","[""25% Discount on All Movie Tickets"", ""Personal Accident""]",,,,savesage.club,https://savesage.club/credit-card/yes-bank-first-exclusive
Yes Bank Premia credit card,Yes Bank,Yes Bank,,[],999,,,NA,"[{""child"": ""Earn 4 Reward Points per ₹200 spent"", ""name"": ""Base Rewards""}, {""child"": ""Earn 12 Reward Points per ₹200 spent"", ""name"": ""Online""}, {""child"": ""Earn 6 Reward Points per ₹200 spent"", ""name"": ""Offline""}, {""child"": ""Earn 4 Reward Points per ₹200 spent"", ""name"": ""Insurance""}, {""child"": ""Earn 4 Reward Points per ₹200 spent"", ""name"": ""Railways""}, {""child"": ""Earn 4 Reward Points per ₹200 spent"", ""name"": ""Government""}, {""child"": ""Earn 4 Reward Points per ₹200 spent"", ""name"": ""Transportation""}, {""child"": "" No Reward Points on this category."", ""name"": ""Utilities""}, {""child"": "" No Reward Points on this category."", ""name"": ""Wallets""}, {""child"": "" No Reward Points on this category."", ""name"": ""Fuel""}, {""child"": "" No Reward Points on this category."", ""name"": ""Jewellery""}, {""child"": "" No Reward Points on this category."", ""name"": ""Education""}, {""child"": "" No Reward Points on this category."", ""name"": ""Rent""}]","[{""title"": "" Discover Reward Points Redemption Options"", ""subtitle"": ""To explore the full range of redemption options for this card, download the SaveSage Club app now."", ""barCodeImageUrl"": ""/"", ""appUrl"": ""https://savesage.co/ZH8bLjZqSPb""}]",,"[{""milestoneNumber"": 1, ""spent"": 20000, ""cycleType"": ""STATEMENT"", ""benefits"": ""The joining fee will be waived."", ""milestoneType"": ""YEAR""}, {""milestoneNumber"": 2, ""spent"": 200000, ""cycleType"": ""STATEMENT"", ""benefits"": ""The renewal fee will be waived."", ""milestoneType"": ""YEAR""}]","[{""maintitle"": ""Domestic lounge"", ""limit"": [""2 per quarter""], ""eligibility"": [""On spends ₹10,000 for April to June and Rs 35,000 for July to September.""]}, {""maintitle"": ""International lounge"", ""limit"": [""3 per year""], ""eligibility"": [""Complimentary Lounge Access using Priority Pass.""]}]",,,,"[{""mainTitle"": ""BookMyShow"", ""child"": ""25% Discount on All Movie Tickets""}, {""mainTitle"": ""Golf"", ""child"": ""Complimentary Golf Rounds""}, {""mainTitle"": ""Insurance"", ""child"": ""Lost Card Liability""}]","[""25% Discount on All Movie Tickets"", ""Complimentary Golf Rounds"", ""Lost Card Liability""]",,,,savesage.club,https://savesage.club/credit-card/yes-bank-premia
Yes Bank Private credit card,Yes Bank,Yes Bank,,[],50000,,,NA,"[{""child"": ""Earn 20 Reward Points per ₹200 spent"", ""name"": ""Base Rewards""}, {""child"": ""Earn 40 Reward Points per ₹200 spent"", ""name"": ""International""}, {""child"": ""Earn 20 Reward Points per ₹200 spent"", ""name"": ""Railways""}, {""child"": ""Earn 20 Reward Points per ₹200 spent"", ""name"": ""Utilities""}, {""child"": ""Earn 20 Reward Points per ₹200 spent"", ""name"": ""Transportation""}, {""child"": "" No Reward Points on this category."", ""name"": ""Jewellery""}, {""child"": "" No Reward Points on this category."", ""name"": ""Rent""}, {""child"": "" No Reward Points on this category."", ""name"": ""Wallets""}, {""child"": "" No Reward Points on this category."", ""name"": ""UPI""}, {""child"": "" No Reward Points on this category."", ""name"": ""Fuel""}]","[{""title"": "" Discover Reward Points Redemption Options"", ""subtitle"": ""To explore the full range of redemption options for this card, download the SaveSage Club app now."", ""barCodeImageUrl"": ""/"", ""appUrl"": ""https://savesage.co/ZH8bLjZqSPb""}]",,"[{""milestoneNumber"": 1, ""spent"": 0, ""cycleType"": ""STATEMENT"", ""benefits"": ""Oberoi Hotels voucher worth ₹9,000.2L Reward Points."", ""milestoneType"": ""YEAR""}, {""milestoneNumber"": 2, ""spent"": 1, ""cycleType"": ""STATEMENT"", ""benefits"": ""Oberoi Hotels voucher worth ₹9,000."", ""milestoneType"": ""YEAR""}, {""milestoneNumber"": 3, ""spent"": 1000000, ""cycleType"": ""STATEMENT"", ""benefits"": ""50,000 Reward Points"", ""milestoneType"": ""YEAR""}, {""milestoneNumber"": 4, ""spent"": 2500000, ""cycleType"": ""STATEMENT"", ""benefits"": ""The renewal fee will be waived."", ""milestoneType"": ""YEAR""}]","[{""maintitle"": ""Domestic lounge"", ""limit"": [""Unlimited""], ""eligibility"": [""Spend ₹50,000 or more in the previous quarter (Jan-Mar, Apr-Jun, Jul-Sep, Oct-Dec), you automatically qualify for this privilege in the subsequent quarter (Apr-Jun,  Jul-Sep, Oct-Dec, Jan-Mar).""]}, {""maintitle"": ""International lounge"", ""limit"": [""Unlimited""], ""eligibility"": [""No explicit spend condition""]}, {""maintitle"": ""Add on card domestic lounge"", ""limit"": [""10 per year""], ""eligibility"": [""As per primary card.""]}, {""maintitle"": ""Add on card international lounge"", ""limit"": [""10 per year""], ""eligibility"": [""As per primary card.""]}, {""maintitle"": ""Guest lounge"", ""limit"": [""12 per year""], ""eligibility"": [""""]}]",,,,"[{""mainTitle"": ""BookMyShow"", ""child"": ""Buy One Get One Free""}, {""mainTitle"": ""Events"", ""child"": ""Events/Experiences""}, {""mainTitle"": ""Golf"", ""child"": ""Complimentary Golf Rounds""}, {""mainTitle"": ""Insurance"", ""child"": ""Air Accident Cover""}, {""mainTitle"": ""Lounge Key"", ""child"": ""Lounge Key membership""}, {""mainTitle"": ""Medical Assistance"", ""child"": ""Medical Assistance""}]","[""Buy One Get One Free"", ""Events/Experiences"", ""Complimentary Golf Rounds"", ""Air Accident Cover"", ""Lounge Key membership"", ""Medical Assistance""]",,,,savesage.club,https://savesage.club/credit-card/yes-bank-private
Yes Bank Private Prime credit card,Yes Bank,Yes Bank,,[],20000,,,NA,"[{""child"": ""Earn 20 Reward Points per ₹200 spent"", ""name"": ""Base Rewards""}, {""child"": ""Earn 40 Reward Points per ₹200 spent"", ""name"": ""International""}, {""child"": ""Earn 20 Reward Points per ₹200 spent"", ""name"": ""Transportation""}, {""child"": ""Earn 20 Reward Points per ₹200 spent"", ""name"": ""Railways""}, {""child"": "" No Reward Points on this category."", ""name"": ""Jewellery""}, {""child"": "" No Reward Points on this category."", ""name"": ""Rent""}, {""child"": "" No Reward Points on this category."", ""name"": ""Utilities""}, {""child"": "" No Reward Points on this category."", ""name"": ""Marketing/Advertising""}, {""child"": "" No Reward Points on this category."", ""name"": ""Wallets""}, {""child"": "" No Reward Points on this category."", ""name"": ""Fuel""}, {""child"": "" No Reward Points on this category."", ""name"": ""UPI""}, {""child"": "" No Reward Points on this category."", ""name"": ""Government""}]","[{""title"": "" Discover Reward Points Redemption Options"", ""subtitle"": ""To explore the full range of redemption options for this card, download the SaveSage Club app now."", ""barCodeImageUrl"": ""/"", ""appUrl"": ""https://savesage.co/ZH8bLjZqSPb""}]",,"[{""milestoneNumber"": 1, ""spent"": 2000000, ""cycleType"": ""STATEMENT"", ""benefits"": ""The renewal fee will be waived."", ""milestoneType"": ""YEAR""}]","[{""maintitle"": ""Domestic lounge"", ""limit"": [""Unlimited""], ""eligibility"": [""Spend ₹50,000 or more in the previous quarter (Jan-Mar, Apr-Jun, Jul-Sep, Oct-Dec), you automatically qualify for this privilege in the subsequent quarter (Apr-Jun,  Jul-Sep, Oct-Dec, Jan-Mar).""]}, {""maintitle"": ""International lounge"", ""limit"": [""Unlimited""], ""eligibility"": [""No explicit spend condition""]}, {""maintitle"": ""Add on card domestic lounge"", ""limit"": [""10 per year""], ""eligibility"": [""As per primary card.""]}, {""maintitle"": ""Add on card international lounge"", ""limit"": [""10 per year""], ""eligibility"": [""As per primary card.""]}, {""maintitle"": ""Guest lounge"", ""limit"": [""4 per year""], ""eligibility"": [""""]}]",,,,"[{""mainTitle"": ""BookMyShow"", ""child"": ""Buy One Get One Free""}, {""mainTitle"": ""Golf"", ""child"": ""Complimentary Golf Rounds""}, {""mainTitle"": ""Insurance"", ""child"": ""Air Accident Cover""}, {""mainTitle"": ""Lounge Key"", ""child"": ""Lounge Key membership""}]","[""Buy One Get One Free"", ""Complimentary Golf Rounds"", ""Air Accident Cover"", ""Lounge Key membership""]",,,,savesage.club,https://savesage.club/credit-card/yes-bank-private-prime
HDFC Pixel Play credit card,HDFC Bank,HDFC,,"[""Pay by Points"", ""Travel Booking""]",500,,,1.5% to 2.5%,"[{""child"": ""Earn 1 Reward Points per ₹100 spent"", ""name"": ""Base Rewards""}, {""child"": ""Earn 5 Reward Points per ₹100 spent"", ""name"": ""Myntra""}, {""child"": ""Earn 5 Reward Points per ₹100 spent"", ""name"": ""Nykaa""}, {""child"": ""Earn 5 Reward Points per ₹100 spent"", ""name"": ""Croma""}, {""child"": ""Earn 5 Reward Points per ₹100 spent"", ""name"": ""Uber""}, {""child"": ""Earn 5 Reward Points per ₹100 spent"", ""name"": ""Zomato""}, {""child"": ""Earn 5 Reward Points per ₹100 spent"", ""name"": ""Reliance Smart Bazaar""}, {""child"": ""Earn 5 Reward Points per ₹100 spent"", ""name"": ""BookMyShow""}, {""child"": ""Earn 5 Reward Points per ₹100 spent"", ""name"": ""Reliance Digital""}, {""child"": ""Earn 5 Reward Points per ₹100 spent"", ""name"": ""Blinkit""}, {""child"": ""Earn 5 Reward Points per ₹100 spent"", ""name"": ""SmartBuy""}, {""child"": ""Earn 5 Reward Points per ₹100 spent"", ""name"": ""MakeMyTrip""}, {""child"": ""Earn 3 Reward Points per ₹100 spent"", ""name"": ""Flipkart""}, {""child"": ""Earn 3 Reward Points per ₹100 spent"", ""name"": ""Amazon""}, {""child"": "" No Reward Points on this category."", ""name"": ""Fuel""}, {""child"": "" No Reward Points on this category."", ""name"": ""Rent""}, {""child"": "" No Reward Points on this category."", ""name"": ""Wallets""}, {""child"": "" No Reward Points on this category."", ""name"": ""UPI""}, {""child"": "" No Reward Points on this category."", ""name"": ""Government""}]","[{""title"": "" Discover Reward Points Redemption Options"", ""subtitle"": ""To explore the full range of redemption options for this card, download the SaveSage Club app now."", ""barCodeImageUrl"": ""/"", ""appUrl"": ""https://savesage.co/ZH8bLjZqSPb""}]",,"[{""milestoneNumber"": 1, ""spent"": 20000, ""cycleType"": ""STATEMENT"", ""benefits"": ""The joining fee will be waived."", ""milestoneType"": ""QUARTER""}, {""milestoneNumber"": 2, ""spent"": 100000, ""cycleType"": ""STATEMENT"", ""benefits"": ""The renewal fee will be waived."", ""milestoneType"": ""YEAR""}]",[],,,,[],[],,,,savesage.club,https://savesage.club/credit-card/hdfc-pixel-play
ICICI Times Black credit card,ICICI Bank,ICICI,,"[""Cashback"", ""Catalogue Products""]",20000,,,0.5% to 1.5%,"[{""child"": ""Earn 2 Reward Points per ₹100 spent"", ""name"": ""Base Rewards""}, {""child"": ""Earn 24 Reward Points per ₹100 spent"", ""name"": ""Hotels via iShop""}, {""child"": ""Earn 12 Reward Points per ₹100 spent"", ""name"": ""Vouchers via iShop""}, {""child"": ""Earn 12 Reward Points per ₹100 spent"", ""name"": ""Flights via iShop""}, {""child"": ""Earn 2.5 Reward Points per ₹100 spent"", ""name"": ""International""}, {""child"": ""Earn 2 Reward Points per ₹100 spent"", ""name"": ""Government""}, {""child"": ""Earn 2 Reward Points per ₹100 spent"", ""name"": ""Utilities""}, {""child"": ""Earn 2 Reward Points per ₹100 spent"", ""name"": ""Education""}, {""child"": ""Earn 2 Reward Points per ₹100 spent"", ""name"": ""Insurance""}, {""child"": "" No Reward Points on this category."", ""name"": ""EMI""}, {""child"": "" No Reward Points on this category."", ""name"": ""Skill Based Gaming""}, {""child"": "" No Reward Points on this category."", ""name"": ""Education (Third-Party)""}, {""child"": "" No Reward Points on this category."", ""name"": ""Fuel""}, {""child"": "" No Reward Points on this category."", ""name"": ""Wallets""}, {""child"": "" No Reward Points on this category."", ""name"": ""UPI""}, {""child"": "" No Reward Points on this category."", ""name"": ""Rent""}]","[{""title"": "" Discover Reward Points Redemption Options"", ""subtitle"": ""To explore the full range of redemption options for this card, download the SaveSage Club app now."", ""barCodeImageUrl"": ""/"", ""appUrl"": ""https://savesage.co/ZH8bLjZqSPb""}]",,"[{""milestoneNumber"": 1, ""spent"": 0, ""cycleType"": ""STATEMENT"", ""benefits"": ""Rs 10,000 Lohono voucher or Rs 10,000 EaseMyTrip Hotel Voucher.Rs 10,000 Onevasco & More Visa Services Premium Lounge Voucher.Annual complimentary Zomato Gold membership.₹3,000 Toni & Guy voucher.₹1,000 Interflora Floral Gift voucher."", ""milestoneType"": ""YEAR""}, {""milestoneNumber"": 2, ""spent"": 200000, ""cycleType"": ""STATEMENT"", ""benefits"": ""₹10,000 Klook Voucher."", ""milestoneType"": ""YEAR""}, {""milestoneNumber"": 3, ""spent"": 500000, ""cycleType"": ""STATEMENT"", ""benefits"": ""₹10,000 worth of airport transfers in a luxury sedan (₹5,000 x 2) or helicopter service (₹10,000 x 1) by BLADE/AVIS (available only from Bangalore Airport to select destinations)."", ""milestoneType"": ""YEAR""}, {""milestoneNumber"": 4, ""spent"": 1000000, ""cycleType"": ""STATEMENT"", ""benefits"": ""₹10,000 Tata Cliq Luxury Voucher."", ""milestoneType"": ""YEAR""}, {""milestoneNumber"": 5, ""spent"": 2000000, ""cycleType"": ""STATEMENT"", ""benefits"": ""₹20,000 complimentary stay voucher at Avanta Resorts or lohono stays."", ""milestoneType"": ""YEAR""}, {""milestoneNumber"": 6, ""spent"": 2500000, ""cycleType"": ""STATEMENT"", ""benefits"": ""The renewal fee will be waived."", ""milestoneType"": ""YEAR""}]","[{""maintitle"": ""Domestic lounge"", ""limit"": [""Unlimited""], ""eligibility"": [""No explicit spend condition""]}, {""maintitle"": ""International lounge"", ""limit"": [""Unlimited""], ""eligibility"": [""Unlimited through Priority Pass membership""]}, {""maintitle"": ""Add on card domestic lounge"", ""limit"": [""Unlimited""], ""eligibility"": [""""]}, {""maintitle"": ""Add on card international lounge"", ""limit"": [""Unlimited""], ""eligibility"": [""""]}]",,,,"[{""mainTitle"": ""Concierge"", ""child"": ""Concierge""}, {""mainTitle"": ""Criblife concierge"", ""child"": ""Criblife concierge""}, {""mainTitle"": ""Events"", ""child"": ""Access to exclusive events""}, {""mainTitle"": ""Meet and Greet"", ""child"": ""Meet and Greet""}, {""mainTitle"": ""Private dining booking"", ""child"": ""Private dining booking""}, {""mainTitle"": ""The Quorum"", ""child"": ""Complimentary membership of The Quorum""}]","[""Concierge"", ""Criblife concierge"", ""Access to exclusive events"", ""Meet and Greet"", ""Private dining booking"", ""Complimentary membership of The Quorum""]",,,,savesage.club,https://savesage.club/credit-card/icici-times-black
IDFC Ashva credit card,IDFC FIRST Bank,IDFC,,"[""Experience"", ""Travel Booking"", ""Hotel Transfer""]",2999,,,1% to 3%,"[{""child"": ""Earn 5 Reward Points per ₹150 spent"", ""name"": ""Base Rewards""}, {""child"": ""Earn 50 Reward Points per ₹150 spent"", ""name"": ""Hotels via IDFC App""}, {""child"": ""Earn 30 Reward Points per ₹150 spent"", ""name"": ""Flights via IDFC App""}, {""child"": ""Earn 10 Reward Points per ₹150 spent"", ""name"": ""Monthly spends > 20K""}, {""child"": ""Earn 3 Reward Points per ₹150 spent"", ""name"": ""Education""}, {""child"": ""Earn 3 Reward Points per ₹150 spent"", ""name"": ""Government""}, {""child"": ""Earn 3 Reward Points per ₹150 spent"", ""name"": ""Rent""}, {""child"": ""Earn 3 Reward Points per ₹150 spent"", ""name"": ""Wallets""}, {""child"": ""Earn 1 Reward Points per ₹150 spent"", ""name"": ""Insurance""}, {""child"": ""Earn 1 Reward Points per ₹150 spent"", ""name"": ""Utilities""}, {""child"": "" No Reward Points on this category."", ""name"": ""UPI""}, {""child"": "" No Reward Points on this category."", ""name"": ""Fuel""}]","[{""title"": "" Discover Reward Points Redemption Options"", ""subtitle"": ""To explore the full range of redemption options for this card, download the SaveSage Club app now."", ""barCodeImageUrl"": ""/"", ""appUrl"": ""https://savesage.co/ZH8bLjZqSPb""}]",,"[{""milestoneNumber"": 1, ""spent"": 800000, ""cycleType"": ""STATEMENT"", ""benefits"": ""7,500 Reward Points."", ""milestoneType"": ""YEAR""}]","[{""maintitle"": ""Domestic lounge"", ""limit"": [""4 per quarter""], ""eligibility"": [""Spending ₹20,000 in the current month.""]}, {""maintitle"": ""Domestic airport spa"", ""limit"": [""4 per quarter""], ""eligibility"": [""Spending ₹20,000 in the current month.""]}, {""maintitle"": ""International lounge"", ""limit"": [""4 per quarter""], ""eligibility"": [""Spending ₹20,000 in the current month.|Complimentary unlimited international airport lounge access under the Dreamfolks program membership""]}, {""maintitle"": ""Railway lounge"", ""limit"": [""4 per quarter""], ""eligibility"": [""No explicit spend condition""]}]",,,,"[{""mainTitle"": ""District by Zomato"", ""child"": ""Buy One and Get One Movie ticket""}, {""mainTitle"": ""EazyDiner"", ""child"": ""Upto ₹400 off""}, {""mainTitle"": ""Insurance"", ""child"": ""Trip Cancellation Cover""}, {""mainTitle"": ""Road Side Assistance"", ""child"": ""Road Side Assistance""}]","[""Buy One and Get One Movie ticket"", ""Upto ₹400 off"", ""Trip Cancellation Cover"", ""Road Side Assistance""]",,,,savesage.club,https://savesage.club/credit-card/idfc-ashva
IDFC Mayura credit card,IDFC FIRST Bank,IDFC,,"[""Experience"", ""Travel Booking"", ""Hotel Transfer""]",5999,,,1% to 2%,"[{""child"": ""Earn 5 Reward Points per ₹150 spent"", ""name"": ""Base Rewards""}, {""child"": ""Earn 60 Reward Points per ₹150 spent"", ""name"": ""Hotels via IDFC App""}, {""child"": ""Earn 40 Reward Points per ₹150 spent"", ""name"": ""Flights via IDFC App""}, {""child"": ""Earn 10 Reward Points per ₹150 spent"", ""name"": ""Monthly Spends > 20K""}, {""child"": ""Earn 3 Reward Points per ₹150 spent"", ""name"": ""Government""}, {""child"": ""Earn 3 Reward Points per ₹150 spent"", ""name"": ""Education""}, {""child"": ""Earn 3 Reward Points per ₹150 spent"", ""name"": ""Rent""}, {""child"": ""Earn 3 Reward Points per ₹150 spent"", ""name"": ""Wallets""}, {""child"": ""Earn 1 Reward Points per ₹150 spent"", ""name"": ""Utilities""}, {""child"": ""Earn 1 Reward Points per ₹150 spent"", ""name"": ""Insurance""}, {""child"": "" No Reward Points on this category."", ""name"": ""Fuel""}, {""child"": "" No Reward Points on this category."", ""name"": ""UPI""}]","[{""title"": "" Discover Reward Points Redemption Options"", ""subtitle"": ""To explore the full range of redemption options for this card, download the SaveSage Club app now."", ""barCodeImageUrl"": ""/"", ""appUrl"": ""https://savesage.co/ZH8bLjZqSPb""}]",,"[{""milestoneNumber"": 1, ""spent"": 0, ""cycleType"": ""STATEMENT"", ""benefits"": ""4000 Reward Points."", ""milestoneType"": ""YEAR""}, {""milestoneNumber"": 2, ""spent"": 1, ""cycleType"": ""STATEMENT"", ""benefits"": ""4000 Reward Points."", ""milestoneType"": ""YEAR""}, {""milestoneNumber"": 3, ""spent"": 2, ""cycleType"": ""STATEMENT"", ""benefits"": ""4000 Reward Points."", ""milestoneType"": ""YEAR""}, {""milestoneNumber"": 4, ""spent"": 800000, ""cycleType"": ""STATEMENT"", ""benefits"": ""7,500 Reward Points."", ""milestoneType"": ""YEAR""}, {""milestoneNumber"": 5, ""spent"": 1500000, ""cycleType"": ""STATEMENT"", ""benefits"": ""Additional 7,500 Reward Points ."", ""milestoneType"": ""YEAR""}]","[{""maintitle"": ""Domestic lounge"", ""limit"": [""4 per quarter""], ""eligibility"": [""Spending ₹20,000 in the current month.""]}, {""maintitle"": ""Guest lounge"", ""limit"": [""1 per quarter""], ""eligibility"": [""Spending ₹20,000 in the current month.""]}, {""maintitle"": ""International lounge"", ""limit"": [""4 per quarter""], ""eligibility"": [""Spending ₹20,000 in the current month.""]}, {""maintitle"": ""Railway lounge"", ""limit"": [""4 per quarter""], ""eligibility"": [""No explicit spend condition""]}]",,,,"[{""mainTitle"": ""CLUB ITC"", ""child"": ""2+1 complimentary night @ ITC Hotels""}, {""mainTitle"": ""CLUB ITC"", ""child"": ""Get 50% off your 2nd night at ITC Hotels""}, {""mainTitle"": ""District by Zomato"", ""child"": ""Buy One and Get One Movie ticket""}, {""mainTitle"": ""EazyDiner"", ""child"": ""Upto ₹400 off""}, {""mainTitle"": ""Elivaas Properties"", ""child"": ""Stay for 3, Pay for 2 at Elivaas""}, {""mainTitle"": ""Elivaas Properties"", ""child"": ""Get 50% off your 2nd night at Elivaas""}, {""mainTitle"": ""Golf"", ""child"": ""Complimentary Golf lessons/Rounds""}, {""mainTitle"": ""Insurance"", ""child"": ""Insurance cover""}, {""mainTitle"": ""Insurance"", ""child"": ""Travel Insurance""}, {""mainTitle"": ""Meet and Greet"", ""child"": ""Complimentary meet & greet service""}, {""mainTitle"": ""Postcard Hotels"", ""child"": ""The Postcard’s luxury hotels and resorts""}, {""mainTitle"": ""Road Side Assistance"", ""child"": ""Road Side Assistance""}]","[""2+1 complimentary night @ ITC Hotels"", ""Get 50% off your 2nd night at ITC Hotels"", ""Buy One and Get One Movie ticket"", ""Upto ₹400 off"", ""Stay for 3, Pay for 2 at Elivaas"", ""Get 50% off your 2nd night at Elivaas"", ""Complimentary Golf lessons/Rounds"", ""Insurance cover"", ""Travel Insurance"", ""Complimentary meet & greet service"", ""The Postcard’s luxury hotels and resorts"", ""Road Side Assistance""]",,,,savesage.club,https://savesage.club/credit-card/idfc-mayura
HDFC Business Regalia credit card,HDFC Bank,HDFC,,"[""Cashback""]",2500,,,0.5% to 1%,"[{""child"": ""Earn 4 Reward Points per ₹200 spent"", ""name"": ""Base Rewards""}, {""child"": ""Earn 5 Reward Points per ₹200 spent"", ""name"": ""Government""}, {""child"": "" No Reward Points on this category."", ""name"": ""Travel""}, {""child"": "" No Reward Points on this category."", ""name"": ""Wallets""}, {""child"": "" No Reward Points on this category."", ""name"": ""UPI""}, {""child"": "" No Reward Points on this category."", ""name"": ""Education""}, {""child"": "" No Reward Points on this category."", ""name"": ""Rent""}, {""child"": "" No Reward Points on this category."", ""name"": ""EMI""}, {""child"": "" No Reward Points on this category."", ""name"": ""Fuel""}, {""child"": "" No Reward Points on this category."", ""name"": ""Grocery""}]","[{""title"": "" Discover Reward Points Redemption Options"", ""subtitle"": ""To explore the full range of redemption options for this card, download the SaveSage Club app now."", ""barCodeImageUrl"": ""/"", ""appUrl"": ""https://savesage.co/ZH8bLjZqSPb""}]",,"[{""milestoneNumber"": 1, ""spent"": 300000, ""cycleType"": ""STATEMENT"", ""benefits"": ""The renewal fee will be waived."", ""milestoneType"": ""YEAR""}, {""milestoneNumber"": 2, ""spent"": 500000, ""cycleType"": ""STATEMENT"", ""benefits"": ""10,000 RPs."", ""milestoneType"": ""YEAR""}, {""milestoneNumber"": 3, ""spent"": 800000, ""cycleType"": ""STATEMENT"", ""benefits"": ""Additional 5,000 RPs."", ""milestoneType"": ""YEAR""}]","[{""maintitle"": ""Domestic lounge"", ""limit"": [""2 per quarter""], ""eligibility"": [""No explicit spend condition""]}]",,,,"[{""mainTitle"": ""Swiggy"", ""child"": ""Upto 20% Discount on Partnered Restaurant at Swiggy Dineout""}]","[""Upto 20% Discount on Partnered Restaurant at Swiggy Dineout""]",,,,savesage.club,https://savesage.club/credit-card/hdfc-business-regalia
HDFC Business Regalia First credit card,HDFC Bank,HDFC,,"[""Cashback""]",1000,,,1% to 2%,"[{""child"": ""Earn 3 Reward Points per ₹200 spent"", ""name"": ""Base Rewards""}, {""child"": "" No Reward Points on this category."", ""name"": ""EMI""}, {""child"": "" No Reward Points on this category."", ""name"": ""Grocery""}, {""child"": "" No Reward Points on this category."", ""name"": ""UPI""}, {""child"": "" No Reward Points on this category."", ""name"": ""Rent""}, {""child"": "" No Reward Points on this category."", ""name"": ""Travel""}, {""child"": "" No Reward Points on this category."", ""name"": ""Fuel""}, {""child"": "" No Reward Points on this category."", ""name"": ""Wallets""}]","[{""title"": "" Discover Reward Points Redemption Options"", ""subtitle"": ""To explore the full range of redemption options for this card, download the SaveSage Club app now."", ""barCodeImageUrl"": ""/"", ""appUrl"": ""https://savesage.co/ZH8bLjZqSPb""}]",,"[{""milestoneNumber"": 1, ""spent"": 100000, ""cycleType"": ""STATEMENT"", ""benefits"": ""The renewal fee will be waived."", ""milestoneType"": ""YEAR""}, {""milestoneNumber"": 2, ""spent"": 600000, ""cycleType"": ""STATEMENT"", ""benefits"": ""5,000 RPs."", ""milestoneType"": ""YEAR""}, {""milestoneNumber"": 3, ""spent"": 900000, ""cycleType"": ""STATEMENT"", ""benefits"": ""2,500 RPs."", ""milestoneType"": ""YEAR""}]",[],,,,"[{""mainTitle"": ""Swiggy"", ""child"": ""Upto 20% Discount on Partnered Restaurant at Swiggy Dineout""}]","[""Upto 20% Discount on Partnered Restaurant at Swiggy Dineout""]",,,,savesage.club,https://savesage.club/credit-card/hdfc-business-regalia-first
Amex Centurion (Black) credit card,American Express,Amex,,"[""Experience""]",700000,,,3% to 30%,"[{""child"": ""Earn 6 Reward Points per ₹200 spent"", ""name"": ""Base Rewards""}, {""child"": ""Earn 120 Reward Points per ₹200 spent"", ""name"": ""RAS""}, {""child"": ""Earn 120 Reward Points per ₹200 spent"", ""name"": ""Newby London""}, {""child"": ""Earn 120 Reward Points per ₹200 spent"", ""name"": ""Darveys""}, {""child"": ""Earn 60 Reward Points per ₹200 spent"", ""name"": ""Aurelia""}, {""child"": ""Earn 60 Reward Points per ₹200 spent"", ""name"": ""Flipkart""}, {""child"": ""Earn 60 Reward Points per ₹200 spent"", ""name"": ""Moi Jewels""}, {""child"": ""Earn 60 Reward Points per ₹200 spent"", ""name"": ""Croma""}, {""child"": ""Earn 60 Reward Points per ₹200 spent"", ""name"": ""Farfetch""}, {""child"": ""Earn 60 Reward Points per ₹200 spent"", ""name"": ""Kamal Watch""}, {""child"": ""Earn 60 Reward Points per ₹200 spent"", ""name"": ""Lenovo""}, {""child"": ""Earn 60 Reward Points per ₹200 spent"", ""name"": ""IGP""}, {""child"": ""Earn 60 Reward Points per ₹200 spent"", ""name"": ""Kama Ayurveda""}, {""child"": ""Earn 60 Reward Points per ₹200 spent"", ""name"": ""Koskii""}, {""child"": ""Earn 60 Reward Points per ₹200 spent"", ""name"": ""Chawla Art Gallery""}, {""child"": ""Earn 60 Reward Points per ₹200 spent"", ""name"": ""Tanishq""}, {""child"": ""Earn 60 Reward Points per ₹200 spent"", ""name"": ""Myntra""}, {""child"": ""Earn 60 Reward Points per ₹200 spent"", ""name"": ""Tata Cliq Fashion""}, {""child"": ""Earn 60 Reward Points per ₹200 spent"", ""name"": ""MakeMyTrip""}, {""child"": ""Earn 60 Reward Points per ₹200 spent"", ""name"": ""Air India""}, {""child"": ""Earn 60 Reward Points per ₹200 spent"", ""name"": ""Nykaa""}, {""child"": ""Earn 60 Reward Points per ₹200 spent"", ""name"": ""Wellbeing Nutrition""}, {""child"": ""Earn 60 Reward Points per ₹200 spent"", ""name"": ""Nykaa Fashion""}, {""child"": ""Earn 60 Reward Points per ₹200 spent"", ""name"": ""Ajio""}, {""child"": ""Earn 60 Reward Points per ₹200 spent"", ""name"": ""Puma""}, {""child"": ""Earn 60 Reward Points per ₹200 spent"", ""name"": ""Meatigo""}, {""child"": ""Earn 60 Reward Points per ₹200 spent"", ""name"": ""Tata Cliq Luxury""}, {""child"": ""Earn 60 Reward Points per ₹200 spent"", ""name"": ""The Form Art""}, {""child"": ""Earn 60 Reward Points per ₹200 spent"", ""name"": ""Galeries Lafayette""}, {""child"": ""Earn 60 Reward Points per ₹200 spent"", ""name"": ""Uniqlo""}, {""child"": ""Earn 60 Reward Points per ₹200 spent"", ""name"": ""Forest Essentials""}, {""child"": ""Earn 60 Reward Points per ₹200 spent"", ""name"": ""Bili Hu""}, {""child"": ""Earn 60 Reward Points per ₹200 spent"", ""name"": ""Bvlgari""}, {""child"": ""Earn 60 Reward Points per ₹200 spent"", ""name"": ""Apple""}, {""child"": ""Earn 60 Reward Points per ₹200 spent"", ""name"": ""Acer""}, {""child"": ""Earn 60 Reward Points per ₹200 spent"", ""name"": ""Amex Shopwise""}, {""child"": ""Earn 60 Reward Points per ₹200 spent"", ""name"": ""Mokobara""}, {""child"": ""Earn 60 Reward Points per ₹200 spent"", ""name"": ""Mercedes-Benz""}, {""child"": ""Earn 60 Reward Points per ₹200 spent"", ""name"": ""Zoya""}, {""child"": ""Earn 60 Reward Points per ₹200 spent"", ""name"": ""Dyson""}, {""child"": ""Earn 6 Reward Points per ₹200 spent"", ""name"": ""Fuel""}, {""child"": "" No Reward Points on this category."", ""name"": ""UPI""}]","[{""title"": "" Discover Reward Points Redemption Options"", ""subtitle"": ""To explore the full range of redemption options for this card, download the SaveSage Club app now."", ""barCodeImageUrl"": ""/"", ""appUrl"": ""https://savesage.co/ZH8bLjZqSPb""}]",,[],"[{""maintitle"": ""Domestic lounge"", ""limit"": [""Unlimited""], ""eligibility"": [""No explicit spend condition""]}, {""maintitle"": ""International lounge"", ""limit"": [""Unlimited""], ""eligibility"": [""Complimentary access to over 1,400+ arpcrt lourges around the world With American Express Global Lounge Collection.""]}]",,,,"[{""mainTitle"": ""Air accident cover"", ""child"": ""Air accident cover of Rs. 1Cr.""}, {""mainTitle"": ""Comorin"", ""child"": ""Complimentary welcome drink and dessert platter at Comorin""}, {""mainTitle"": ""Cyber Threat"", ""child"": ""Complimentary Cyber Threat Coverage""}, {""mainTitle"": ""Dr. Dangs"", ""child"": ""25% off on health check-ups""}, {""mainTitle"": ""Eco Rent A Car"", ""child"": ""Enjoy 50% off on booking""}, {""mainTitle"": ""Emirates"", ""child"": ""Emirates Gold membership""}, {""mainTitle"": ""Etihad"", ""child"": ""Etihad Upgrade""}, {""mainTitle"": ""Hertz"", ""child"": ""Hertz President Circle Five Star""}, {""mainTitle"": ""Hilton"", ""child"": ""Hilton Honors Diamond Tier""}, {""mainTitle"": ""Hosa"", ""child"": ""Complimentary welcome drink and dessert platter at Hosa.""}, {""mainTitle"": ""Indian Accent"", ""child"": ""Enjoy a complimentary bottle of wine (red/white) worth Rs.5.000 at Indian Accent, Delhi and Mumbai.""}, {""mainTitle"": ""ITC"", ""child"": ""ITC Culinaire membership""}, {""mainTitle"": ""Marriott Bonvoy"", ""child"": ""Marriott Bonvoy Gold Elite""}, {""mainTitle"": ""Oberoi"", ""child"": ""Guaranteed table reservation""}, {""mainTitle"": ""Oberoi"", ""child"": ""Complimentary Night in any Oberoi Hotel""}, {""mainTitle"": ""Oberoi"", ""child"": ""Enjoy 50% savings at best available rates for suites and other complimentary benfits at Oberoi.""}, {""mainTitle"": ""Overseas medical cover"", ""child"": ""Overseas medical cover $2,50,00 for the first 7 days of the trip.""}, {""mainTitle"": ""Radisson"", ""child"": ""Radisson Rewards Gold Tier (now known as Premium Status)""}, {""mainTitle"": ""Taj"", ""child"": ""Get 25% off on dining and takeaways with complimentary Taj Epicure Plus membership.""}, {""mainTitle"": ""Taj"", ""child"": ""Enjoy a glass/bottle of wine and a dessert for you and your guest on dine-ins at participating Taj restaurants.""}, {""mainTitle"": ""Taj"", ""child"": ""Get 25% off on food delivery from Taj Qmin.""}, {""mainTitle"": ""Taj"", ""child"": ""Complimentary Suite Night at Taj Hotels""}, {""mainTitle"": ""Taj"", ""child"": ""Indulge with 25% off on booking a suite at Taj Hotels.""}, {""mainTitle"": ""Taj"", ""child"": ""Rs 50,000 Worth of Taj Vouchers""}, {""mainTitle"": ""Taj Epicure"", ""child"": ""Taj Epicure""}, {""mainTitle"": ""Tangible Goods"", ""child"": ""Coverage for Tangible Goods""}, {""mainTitle"": ""The Quorum"", ""child"": ""Complimentary membership of The Quorum""}, {""mainTitle"": ""Travel"", ""child"": ""25% off on Economy, Premium economy, Business Class fares when you fly with Virgin Atlantic, Qatar Airways, Etihad, Air France""}, {""mainTitle"": ""Travel"", ""child"": ""Centurion Fare Guarantee""}, {""mainTitle"": ""Travel"", ""child"": ""International Meet and Greet services across leading airports around the globe Including London. Pans. Abu Dhabi. Sydney. Bangkok and more""}, {""mainTitle"": ""Travel"", ""child"": ""Domestic Meet and Greet at Delhi Airport""}, {""mainTitle"": ""Travel"", ""child"": ""Domestic Kaizen Offer. make a domestic fight and/or hotel booking worth (1,00,000 or more and get Taj vouchers worth rs. 50,000.)This benefit is availabfe twice a year.""}, {""mainTitle"": ""Travel"", ""child"": ""International Kaizen offer""}, {""mainTitle"": ""Travel"", ""child"": ""The Hotel Collection program""}]","[""Air accident cover of Rs. 1Cr."", ""Complimentary welcome drink and dessert platter at Comorin"", ""Complimentary Cyber Threat Coverage"", ""25% off on health check-ups"", ""Enjoy 50% off on booking"", ""Emirates Gold membership"", ""Etihad Upgrade"", ""Hertz President Circle Five Star"", ""Hilton Honors Diamond Tier"", ""Complimentary welcome drink and dessert platter at Hosa."", ""Enjoy a complimentary bottle of wine (red/white) worth Rs.5.000 at Indian Accent, Delhi and Mumbai."", ""ITC Culinaire membership"", ""Marriott Bonvoy Gold Elite"", ""Guaranteed table reservation"", ""Complimentary Night in any Oberoi Hotel"", ""Enjoy 50% savings at best available rates for suites and other complimentary benfits at Oberoi."", ""Overseas medical cover $2,50,00 for the first 7 days of the trip."", ""Radisson Rewards Gold Tier (now known as Premium Status)"", ""Get 25% off on dining and takeaways with complimentary Taj Epicure Plus membership."", ""Enjoy a glass/bottle of wine and a dessert for you and your guest on dine-ins at participating Taj restaurants."", ""Get 25% off on food delivery from Taj Qmin."", ""Complimentary Suite Night at Taj Hotels"", ""Indulge with 25% off on booking a suite at Taj Hotels."", ""Rs 50,000 Worth of Taj Vouchers"", ""Taj Epicure"", ""Coverage for Tangible Goods"", ""Complimentary membership of The Quorum"", ""25% off on Economy, Premium economy, Business Class fares when you fly with Virgin Atlantic, Qatar Airways, Etihad, Air France"", ""Centurion Fare Guarantee"", ""International Meet and Greet services across leading airports around the globe Including London. Pans. Abu Dhabi. Sydney. Bangkok and more"", ""Domestic Meet and Greet at Delhi Airport"", ""Domestic Kaizen Offer. make a domestic fight and/or hotel booking worth (1,00,000 or more and get Taj vouchers worth rs. 50,000.)This benefit is availabfe twice a year."", ""International Kaizen offer"", ""The Hotel Collection program""]",,,,savesage.club,https://savesage.club/credit-card/amex-centurion-black
IndusInd Tiger credit card,IndusInd Bank,IndusInd,,[],0,,,NA,"[{""child"": ""Earn 1 Reward Points per ₹100 spent"", ""name"": ""Base Rewards""}, {""child"": ""Earn 6 Reward Points per ₹100 spent"", ""name"": ""Spends >5L""}, {""child"": ""Earn 4 Reward Points per ₹100 spent"", ""name"": ""2.5L - 5L""}, {""child"": ""Earn 2 Reward Points per ₹100 spent"", ""name"": ""₹1L - ₹2.5L""}, {""child"": ""Earn 1 Reward Points per ₹100 spent"", ""name"": ""Education""}, {""child"": ""Earn 1 Reward Points per ₹100 spent"", ""name"": ""Utilities""}, {""child"": ""Earn 1 Reward Points per ₹100 spent"", ""name"": ""Rent""}, {""child"": "" No Reward Points on this category."", ""name"": ""Fuel""}, {""child"": "" No Reward Points on this category."", ""name"": ""UPI""}]","[{""title"": "" Discover Reward Points Redemption Options"", ""subtitle"": ""To explore the full range of redemption options for this card, download the SaveSage Club app now."", ""barCodeImageUrl"": ""/"", ""appUrl"": ""https://savesage.co/ZH8bLjZqSPb""}]",,[],"[{""maintitle"": ""Domestic lounge"", ""limit"": [""2 per quarter""], ""eligibility"": [""No explicit spend condition""]}, {""maintitle"": ""International lounge"", ""limit"": [""2 per year""], ""eligibility"": [""2 Complimentary Lounge Access using Priority Pass.""]}]",,,,"[{""mainTitle"": ""BookMyShow"", ""child"": ""Get one complimentary movie ticket upto Rs 500 on bookmyshow.com every 6 months in a calendar year""}, {""mainTitle"": ""Concierge"", ""child"": ""Assistance""}, {""mainTitle"": ""Golf"", ""child"": ""Complimentary Golf Rounds/Lessons""}, {""mainTitle"": ""Insurance"", ""child"": ""Get a complimentary personal Air Accident Insurance cover of up to Rs 25,00,000.""}]","[""Get one complimentary movie ticket upto Rs 500 on bookmyshow.com every 6 months in a calendar year"", ""Assistance"", ""Complimentary Golf Rounds/Lessons"", ""Get a complimentary personal Air Accident Insurance cover of up to Rs 25,00,000.""]",,,,savesage.club,https://savesage.club/credit-card/indusind-tiger
Axis LIC Platinum credit card,Axis Bank,Axis,,"[""Catalogue Products""]",0,,,1% to 3%,"[{""child"": ""Earn 1 Reward Points per ₹100 spent"", ""name"": ""Base Rewards""}, {""child"": ""Earn 2 Reward Points per ₹100 spent"", ""name"": ""LIC""}, {""child"": ""Earn 2 Reward Points per ₹100 spent"", ""name"": ""International""}, {""child"": "" No Reward Points on this category."", ""name"": ""Fuel""}, {""child"": "" No Reward Points on this category."", ""name"": ""Wallets""}, {""child"": "" No Reward Points on this category."", ""name"": ""EMI""}]","[{""title"": "" Discover Reward Points Redemption Options"", ""subtitle"": ""To explore the full range of redemption options for this card, download the SaveSage Club app now."", ""barCodeImageUrl"": ""/"", ""appUrl"": ""https://savesage.co/ZH8bLjZqSPb""}]",,[],[],,,,"[{""mainTitle"": ""EazyDiner"", ""child"": ""15% off via Dining Delights Program""}, {""mainTitle"": ""Insurance"", ""child"": ""Complimentary lost card liability insurance cover up to credit limit.""}]","[""15% off via Dining Delights Program"", ""Complimentary lost card liability insurance cover up to credit limit.""]",,,,savesage.club,https://savesage.club/credit-card/axis-lic-platinum
Axis LIC Signature credit card,Axis Bank,Axis,,"[""Experience"", ""Travel Booking"", ""Hotel Transfer"", ""Pay by Points""]",0,,,3% to 6%,"[{""child"": ""Earn 1 Reward Points per ₹100 spent"", ""name"": ""Base Rewards""}, {""child"": ""Earn 2 Reward Points per ₹100 spent"", ""name"": ""LIC Premium""}, {""child"": ""Earn 2 Reward Points per ₹100 spent"", ""name"": ""International""}, {""child"": "" No Reward Points on this category."", ""name"": ""EMI""}, {""child"": "" No Reward Points on this category."", ""name"": ""Wallets""}, {""child"": "" No Reward Points on this category."", ""name"": ""Fuel""}]","[{""title"": "" Discover Reward Points Redemption Options"", ""subtitle"": ""To explore the full range of redemption options for this card, download the SaveSage Club app now."", ""barCodeImageUrl"": ""/"", ""appUrl"": ""https://savesage.co/ZH8bLjZqSPb""}]",,[],"[{""maintitle"": ""Domestic lounge"", ""limit"": [""8 per year""], ""eligibility"": [""Minimum eligible spend of ₹50,000 in the previous three calendar months.\nHowever, if your card has been newly issued, this spend requirement is waived for the month of issuance and the following three months.\nYou can easily check your eligible spends from your billed transactions over the past three calendar months through Axis Bank Net Banking or the Mobile Banking App.""]}]",,,,"[{""mainTitle"": ""EazyDiner"", ""child"": ""15% off via Dining Delights Program""}, {""mainTitle"": ""Insurance"", ""child"": ""Complimentary lost card liability insurance cover up to credit limit.""}]","[""15% off via Dining Delights Program"", ""Complimentary lost card liability insurance cover up to credit limit.""]",,,,savesage.club,https://savesage.club/credit-card/axis-lic-signature
Federal Rupay Wave credit card,Federal Bank,Federal,,"[""Cashback""]",0,,,0.5% to 1.5%,"[{""child"": ""Earn 1 Reward Points per ₹200 spent"", ""name"": ""Base Rewards""}, {""child"": "" No Reward Points on this category."", ""name"": ""Fuel""}, {""child"": "" No Reward Points on this category."", ""name"": ""Wallets""}, {""child"": "" No Reward Points on this category."", ""name"": ""Government""}]","[{""title"": "" Discover Reward Points Redemption Options"", ""subtitle"": ""To explore the full range of redemption options for this card, download the SaveSage Club app now."", ""barCodeImageUrl"": ""/"", ""appUrl"": ""https://savesage.co/ZH8bLjZqSPb""}]",,"[{""milestoneNumber"": 1, ""spent"": 50000, ""cycleType"": ""STATEMENT"", ""benefits"": ""1,000 bonus reward points."", ""milestoneType"": ""QUARTER""}]",[],,,,"[{""mainTitle"": ""Cashback"", ""child"": ""Unlock 10% cashback on your first 5 UPI transactions made within the first 30 days of card issuance (upto Rs 200/-).""}]","[""Unlock 10% cashback on your first 5 UPI transactions made within the first 30 days of card issuance (upto Rs 200/-).""]",,,,savesage.club,https://savesage.club/credit-card/federal-rupay-wave
IDBI Royale Signature credit card,IDBI Bank,IDBI,,"[""Cashback"", ""Catalogue Products""]",0,,,1% to 2%,"[{""child"": ""Earn 3 Reward Points per ₹100 spent"", ""name"": ""Base Rewards""}, {""child"": "" No Reward Points on this category."", ""name"": ""Fuel""}, {""child"": "" No Reward Points on this category."", ""name"": ""Government""}, {""child"": "" No Reward Points on this category."", ""name"": ""Insurance""}]","[{""title"": "" Discover Reward Points Redemption Options"", ""subtitle"": ""To explore the full range of redemption options for this card, download the SaveSage Club app now."", ""barCodeImageUrl"": ""/"", ""appUrl"": ""https://savesage.co/ZH8bLjZqSPb""}]",,"[{""milestoneNumber"": 1, ""spent"": 0, ""cycleType"": ""STATEMENT"", ""benefits"": ""500 Delight Points."", ""milestoneType"": ""YEAR""}]","[{""maintitle"": ""Domestic lounge"", ""limit"": [""1 per quarter""], ""eligibility"": [""No explicit spend condition""]}]",,,,"[{""mainTitle"": ""Insurance"", ""child"": ""Air travel accident insurance cover worth Rs 25 lakhs.""}]","[""Air travel accident insurance cover worth Rs 25 lakhs.""]",,,,savesage.club,https://savesage.club/credit-card/idbi-royale-signature
IDBI Euphoria credit card,IDBI Bank,IDBI,,"[""Cashback"", ""Catalogue Products""]",0,,,1% to 2%,"[{""child"": ""Earn 3 Reward Points per ₹100 spent"", ""name"": ""Base Rewards""}, {""child"": ""Earn 6 Reward Points per ₹100 spent"", ""name"": ""Travel""}, {""child"": "" No Reward Points on this category."", ""name"": ""Government""}, {""child"": "" No Reward Points on this category."", ""name"": ""Insurance""}, {""child"": "" No Reward Points on this category."", ""name"": ""Fuel""}]","[{""title"": "" Discover Reward Points Redemption Options"", ""subtitle"": ""To explore the full range of redemption options for this card, download the SaveSage Club app now."", ""barCodeImageUrl"": ""/"", ""appUrl"": ""https://savesage.co/ZH8bLjZqSPb""}]",,"[{""milestoneNumber"": 1, ""spent"": 150000, ""cycleType"": ""STATEMENT"", ""benefits"": ""The renewal fee will be waived."", ""milestoneType"": ""YEAR""}]","[{""maintitle"": ""Domestic lounge"", ""limit"": [""Unlimited""], ""eligibility"": [""No explicit spend condition""]}]",,,,"[{""mainTitle"": ""Insurance"", ""child"": ""Air travel accident insurance cover worth Rs 25 lakhs.""}]","[""Air travel accident insurance cover worth Rs 25 lakhs.""]",,,,savesage.club,https://savesage.club/credit-card/idbi-euphoria
IDBI Aspire Platinum credit card,IDBI Bank,IDBI,,"[""Cashback"", ""Catalogue Products""]",0,,,1% to 3%,"[{""child"": ""Earn 2 Reward Points per ₹150 spent"", ""name"": ""Base Rewards""}, {""child"": "" No Reward Points on this category."", ""name"": ""Fuel""}, {""child"": "" No Reward Points on this category."", ""name"": ""Insurance""}, {""child"": "" No Reward Points on this category."", ""name"": ""Government""}]","[{""title"": "" Discover Reward Points Redemption Options"", ""subtitle"": ""To explore the full range of redemption options for this card, download the SaveSage Club app now."", ""barCodeImageUrl"": ""/"", ""appUrl"": ""https://savesage.co/ZH8bLjZqSPb""}]",,"[{""milestoneNumber"": 1, ""spent"": 0, ""cycleType"": ""STATEMENT"", ""benefits"": ""500 Delight Points."", ""milestoneType"": ""YEAR""}]",[],,,,[],[],,,,savesage.club,https://savesage.club/credit-card/idbi-aspire-platinum
IDBI Imperium Platinum credit card,IDBI Bank,IDBI,,"[""Cashback"", ""Catalogue Products""]",0,,,1% to 2%,"[{""child"": ""Earn 2 Reward Points per ₹150 spent"", ""name"": ""Base Rewards""}, {""child"": "" No Reward Points on this category."", ""name"": ""Government""}, {""child"": "" No Reward Points on this category."", ""name"": ""Fuel""}, {""child"": "" No Reward Points on this category."", ""name"": ""Insurance""}, {""child"": "" No Reward Points on this category."", ""name"": ""Railways""}]","[{""title"": "" Discover Reward Points Redemption Options"", ""subtitle"": ""To explore the full range of redemption options for this card, download the SaveSage Club app now."", ""barCodeImageUrl"": ""/"", ""appUrl"": ""https://savesage.co/ZH8bLjZqSPb""}]",,"[{""milestoneNumber"": 1, ""spent"": 0, ""cycleType"": ""STATEMENT"", ""benefits"": ""500 Delight Points."", ""milestoneType"": ""YEAR""}]",[],,,,[],[],,,,savesage.club,https://savesage.club/credit-card/idbi-imperium-platinum
IDBI Winnings credit card,IDBI Bank,IDBI,,"[""Experience"", ""Travel Booking"", ""Hotel Transfer""]",0,,,2% to 5%,"[{""child"": ""Earn 2 Reward Points per ₹100 spent"", ""name"": ""Base Rewards""}, {""child"": "" No Reward Points on this category."", ""name"": ""Insurance""}, {""child"": "" No Reward Points on this category."", ""name"": ""Government""}, {""child"": "" No Reward Points on this category."", ""name"": ""Fuel""}]","[{""title"": "" Discover Reward Points Redemption Options"", ""subtitle"": ""To explore the full range of redemption options for this card, download the SaveSage Club app now."", ""barCodeImageUrl"": ""/"", ""appUrl"": ""https://savesage.co/ZH8bLjZqSPb""}]",,"[{""milestoneNumber"": 1, ""spent"": 5000, ""cycleType"": ""STATEMENT"", ""benefits"": ""Earn 500 more Delight Points with just 5 transactions of value ₹1000 each per month."", ""milestoneType"": ""MONTH""}, {""milestoneNumber"": 2, ""spent"": 90000, ""cycleType"": ""STATEMENT"", ""benefits"": ""The renewal fee will be waived."", ""milestoneType"": ""YEAR""}]","[{""maintitle"": ""Domestic lounge"", ""limit"": [""2 per quarter""], ""eligibility"": [""No explicit spend condition""]}, {""maintitle"": ""International lounge"", ""limit"": [""1 per quarter""], ""eligibility"": [""Complimentary Lounge Access using Priority Pass.""]}]",,,,"[{""mainTitle"": ""Insurance"", ""child"": ""Air travel accident insurance cover worth Rs 25 lakhs.""}]","[""Air travel accident insurance cover worth Rs 25 lakhs.""]",,,,savesage.club,https://savesage.club/credit-card/idbi-winnings
IndusInd Vrddhi credit card,IndusInd Bank,IndusInd,,"[""Cashback""]",10000,,,1% to 10%,"[{""child"": ""Earn 2 Reward Points per ₹100 spent"", ""name"": ""Base Rewards""}, {""child"": ""Earn 4 Reward Points per ₹100 spent"", ""name"": ""International""}, {""child"": ""Earn 2 Reward Points per ₹100 spent"", ""name"": ""Utilities""}, {""child"": "" No Reward Points on this category."", ""name"": ""Fuel""}]","[{""title"": "" Discover Reward Points Redemption Options"", ""subtitle"": ""To explore the full range of redemption options for this card, download the SaveSage Club app now."", ""barCodeImageUrl"": ""/"", ""appUrl"": ""https://savesage.co/ZH8bLjZqSPb""}]",,"[{""milestoneNumber"": 1, ""spent"": 0, ""cycleType"": ""STATEMENT"", ""benefits"": ""1000 Reward Points on 6 utility bill payments for the 1st 6 months of card setup."", ""milestoneType"": ""DAYS""}, {""milestoneNumber"": 2, ""spent"": 100000, ""cycleType"": ""STATEMENT"", ""benefits"": ""The renewal fee will be waived."", ""milestoneType"": ""YEAR""}, {""milestoneNumber"": 3, ""spent"": 400000, ""cycleType"": ""STATEMENT"", ""benefits"": ""The joining fee will be waived."", ""milestoneType"": ""QUARTER""}]","[{""maintitle"": ""Domestic lounge"", ""limit"": [""3 per quarter""], ""eligibility"": [""No explicit spend condition""]}]",,,,[],[],,,,savesage.club,https://savesage.club/credit-card/indusind-vrddhi
RBL Paisabazaar Duet credit card,RBL Bank,RBL,,[],0,,,NA,"[{""child"": ""Earn 1 Reward Points per ₹100 spent"", ""name"": ""Base Rewards""}, {""child"": "" No Reward Points on this category."", ""name"": ""Government""}, {""child"": "" No Reward Points on this category."", ""name"": ""Trains""}, {""child"": "" No Reward Points on this category."", ""name"": ""Rent""}, {""child"": "" No Reward Points on this category."", ""name"": ""Utilities""}, {""child"": "" No Reward Points on this category."", ""name"": ""Wallets""}, {""child"": "" No Reward Points on this category."", ""name"": ""Fuel""}, {""child"": "" No Reward Points on this category."", ""name"": ""Education""}, {""child"": "" No Reward Points on this category."", ""name"": ""Insurance""}]","[{""title"": "" Discover Reward Points Redemption Options"", ""subtitle"": ""To explore the full range of redemption options for this card, download the SaveSage Club app now."", ""barCodeImageUrl"": ""/"", ""appUrl"": ""https://savesage.co/ZH8bLjZqSPb""}]",,[],[],,,,[],[],,,,savesage.club,https://savesage.club/credit-card/rbl-paisabazaar-duet
RBL Indian Oil (RBL) credit card,RBL Bank,RBL,,"[""Cashback""]",0,,,0% to 1%,"[{""child"": ""Earn 1 Reward Points per ₹100 spent"", ""name"": ""Base Rewards""}, {""child"": ""Earn 10 Reward Points per ₹100 spent"", ""name"": ""IOCL""}, {""child"": "" No Reward Points on this category."", ""name"": ""Trains""}, {""child"": "" No Reward Points on this category."", ""name"": ""Rent""}, {""child"": "" No Reward Points on this category."", ""name"": ""Utilities""}, {""child"": "" No Reward Points on this category."", ""name"": ""Wallets""}, {""child"": "" No Reward Points on this category."", ""name"": ""Fuel (Other than IOCL)""}, {""child"": "" No Reward Points on this category."", ""name"": ""Insurance""}, {""child"": "" No Reward Points on this category."", ""name"": ""Education""}, {""child"": "" No Reward Points on this category."", ""name"": ""UPI""}, {""child"": "" No Reward Points on this category."", ""name"": ""Government""}]","[{""title"": "" Discover Reward Points Redemption Options"", ""subtitle"": ""To explore the full range of redemption options for this card, download the SaveSage Club app now."", ""barCodeImageUrl"": ""/"", ""appUrl"": ""https://savesage.co/ZH8bLjZqSPb""}]",,"[{""milestoneNumber"": 1, ""spent"": 500, ""cycleType"": ""STATEMENT"", ""benefits"": ""Get 1,000 Fuel Points."", ""milestoneType"": ""YEAR""}, {""milestoneNumber"": 2, ""spent"": 175000, ""cycleType"": ""STATEMENT"", ""benefits"": ""The renewal fee will be waived."", ""milestoneType"": ""YEAR""}]",[],,,,[],[],,,,savesage.club,https://savesage.club/credit-card/rbl-indian-oil-rbl
RBL Indian Oil XTRA credit card,RBL Bank,RBL,,"[""Cashback""]",1500,,,1% to 2%,"[{""child"": ""Earn 2 Reward Points per ₹100 spent"", ""name"": ""Base Rewards""}, {""child"": ""Earn 15 Reward Points per ₹100 spent"", ""name"": ""IOCL""}, {""child"": "" No Reward Points on this category."", ""name"": ""Utilities""}, {""child"": "" No Reward Points on this category."", ""name"": ""Wallets""}, {""child"": "" No Reward Points on this category."", ""name"": ""Education""}, {""child"": "" No Reward Points on this category."", ""name"": ""EMI""}, {""child"": "" No Reward Points on this category."", ""name"": ""Fuel (Other than IOCL)""}, {""child"": "" No Reward Points on this category."", ""name"": ""Insurance""}, {""child"": "" No Reward Points on this category."", ""name"": ""Trains""}, {""child"": "" No Reward Points on this category."", ""name"": ""Government""}, {""child"": "" No Reward Points on this category."", ""name"": ""UPI""}, {""child"": "" No Reward Points on this category."", ""name"": ""Rent""}]","[{""title"": "" Discover Reward Points Redemption Options"", ""subtitle"": ""To explore the full range of redemption options for this card, download the SaveSage Club app now."", ""barCodeImageUrl"": ""/"", ""appUrl"": ""https://savesage.co/ZH8bLjZqSPb""}]",,"[{""milestoneNumber"": 1, ""spent"": 500, ""cycleType"": ""STATEMENT"", ""benefits"": ""Get 3,000 Fuel Points."", ""milestoneType"": ""DAYS""}, {""milestoneNumber"": 2, ""spent"": 75000, ""cycleType"": ""STATEMENT"", ""benefits"": ""Get 1,000 Fuel Points."", ""milestoneType"": ""QUARTER""}, {""milestoneNumber"": 3, ""spent"": 275000, ""cycleType"": ""STATEMENT"", ""benefits"": ""The renewal fee will be waived."", ""milestoneType"": ""YEAR""}]",[],,,,[],[],,,,savesage.club,https://savesage.club/credit-card/rbl-indian-oil-xtra
RBL Bajaj Finserv Platinum Edge Supercard (Freedom) credit card,RBL Bank,RBL,,"[""Cashback"", ""Travel Booking""]",0,,,1% to 3%,"[{""child"": ""Earn 2 Reward Points per ₹100 spent"", ""name"": ""Base Rewards""}, {""child"": ""Earn 4 Reward Points per ₹100 spent"", ""name"": ""Online""}, {""child"": "" No Reward Points on this category."", ""name"": ""Rent""}, {""child"": "" No Reward Points on this category."", ""name"": ""Wallets""}, {""child"": "" No Reward Points on this category."", ""name"": ""Fuel""}, {""child"": "" No Reward Points on this category."", ""name"": ""Utilities""}, {""child"": "" No Reward Points on this category."", ""name"": ""Insurance""}, {""child"": "" No Reward Points on this category."", ""name"": ""Education""}]","[{""title"": "" Discover Reward Points Redemption Options"", ""subtitle"": ""To explore the full range of redemption options for this card, download the SaveSage Club app now."", ""barCodeImageUrl"": ""/"", ""appUrl"": ""https://savesage.co/ZH8bLjZqSPb""}]",,"[{""milestoneNumber"": 1, ""spent"": 2000, ""cycleType"": ""STATEMENT"", ""benefits"": ""Get 8,000 Reward Points"", ""milestoneType"": ""DAYS""}, {""milestoneNumber"": 2, ""spent"": 150000, ""cycleType"": ""STATEMENT"", ""benefits"": ""Get 10,000 Fuel Points."", ""milestoneType"": ""YEAR""}, {""milestoneNumber"": 3, ""spent"": 200000, ""cycleType"": ""STATEMENT"", ""benefits"": ""The renewal fee will be waived."", ""milestoneType"": ""YEAR""}, {""milestoneNumber"": 4, ""spent"": 250000, ""cycleType"": ""STATEMENT"", ""benefits"": ""Get 5,000 Fuel Points."", ""milestoneType"": ""YEAR""}]","[{""maintitle"": ""Domestic lounge"", ""limit"": [""1 per quarter""], ""eligibility"": [""Spends of INR 15,000 (or more) made in the preceding calendar quarter will unlock the lounge access for the subsequent quarter.""]}]",,,,"[{""mainTitle"": ""BookMyShow"", ""child"": ""Buy One Get One Free""}]","[""Buy One Get One Free""]",,,,savesage.club,https://savesage.club/credit-card/rbl-bajaj-finserv-platinum-edge-supercard-freedom
Utkarsh Bank SuperCard (FD) credit card,Utkarsh Small Finance Bank,Utkarsh Bank,,[],0,,,NA,"[{""child"": ""Earn 1 Reward Points per ₹100 spent"", ""name"": ""Base Rewards""}, {""child"": ""Earn 5 Reward Points per ₹100 spent"", ""name"": ""Myntra""}, {""child"": ""Earn 2 Reward Points per ₹100 spent"", ""name"": ""Flipkart""}, {""child"": ""Earn 1 Reward Points per ₹100 spent"", ""name"": ""UPI""}, {""child"": "" No Reward Points on this category."", ""name"": ""Insurance""}, {""child"": "" No Reward Points on this category."", ""name"": ""Fuel""}, {""child"": "" No Reward Points on this category."", ""name"": ""Rent""}, {""child"": "" No Reward Points on this category."", ""name"": ""Utilities""}, {""child"": "" No Reward Points on this category."", ""name"": ""Government""}, {""child"": "" No Reward Points on this category."", ""name"": ""Jewellery""}, {""child"": "" No Reward Points on this category."", ""name"": ""Wallets""}]","[{""title"": "" Discover Reward Points Redemption Options"", ""subtitle"": ""To explore the full range of redemption options for this card, download the SaveSage Club app now."", ""barCodeImageUrl"": ""/"", ""appUrl"": ""https://savesage.co/ZH8bLjZqSPb""}]",,[],[],,,,[],[],,,,savesage.club,https://savesage.club/credit-card/utkarsh-supercard-fd
Kotak Infinite Visa credit card,Kotak Mahindra Bank,Kotak,,"[""Cashback"", ""Catalogue Products""]",0,,,0.5% to 1%,"[{""child"": ""Earn 1 Reward Points per ₹125 spent"", ""name"": ""Base Rewards""}, {""child"": ""Earn 1 Reward Points per ₹125 spent"", ""name"": ""Utilities""}, {""child"": "" No Reward Points on this category."", ""name"": ""Fuel""}, {""child"": "" No Reward Points on this category."", ""name"": ""Education""}, {""child"": "" No Reward Points on this category."", ""name"": ""EMI""}, {""child"": "" No Reward Points on this category."", ""name"": ""Online Gaming""}]","[{""title"": "" Discover Reward Points Redemption Options"", ""subtitle"": ""To explore the full range of redemption options for this card, download the SaveSage Club app now."", ""barCodeImageUrl"": ""/"", ""appUrl"": ""https://savesage.co/ZH8bLjZqSPb""}]",,[],"[{""maintitle"": ""Domestic lounge"", ""limit"": [""4 per  quarter""], ""eligibility"": [""No explicit spend condition""]}]",,,,"[{""mainTitle"": ""Golf"", ""child"": ""Golf round""}]","[""Golf round""]",,,,savesage.club,https://savesage.club/credit-card/kotak-infinite-visa
Yes Bank Pop-Club credit card,Yes Bank,Yes Bank,,[],0,,,NA,"[{""child"": ""Earn 2 Reward Points per ₹100 spent"", ""name"": ""Base Rewards""}, {""child"": ""Earn 10 Reward Points per ₹100 spent"", ""name"": ""Online""}, {""child"": ""Earn 2 Reward Points per ₹100 spent"", ""name"": ""Railways""}, {""child"": ""Earn 2 Reward Points per ₹100 spent"", ""name"": ""Transportation""}]","[{""title"": "" Discover Reward Points Redemption Options"", ""subtitle"": ""To explore the full range of redemption options for this card, download the SaveSage Club app now."", ""barCodeImageUrl"": ""/"", ""appUrl"": ""https://savesage.co/ZH8bLjZqSPb""}]",,"[{""milestoneNumber"": 1, ""spent"": 150000, ""cycleType"": ""STATEMENT"", ""benefits"": ""1,500 Pop Coins."", ""milestoneType"": ""YEAR""}]",[],,,,[],[],,,,savesage.club,https://savesage.club/credit-card/yes-bank-popclub
ICICI Expressions credit card,ICICI Bank,ICICI,,"[""Travel Booking"", ""Hotel Transfer""]",499,,,0.5% to 1%,"[{""child"": ""Earn 3 Reward Points per ₹100 spent"", ""name"": ""Base Rewards""}, {""child"": ""Earn 3 Reward Points per ₹100 spent"", ""name"": ""Wallets""}, {""child"": ""Earn 3 Reward Points per ₹100 spent"", ""name"": ""Government""}, {""child"": ""Earn 3 Reward Points per ₹100 spent"", ""name"": ""Rent""}, {""child"": ""Earn 1 Reward Points per ₹100 spent"", ""name"": ""Utilities""}, {""child"": ""Earn 1 Reward Points per ₹100 spent"", ""name"": ""Insurance""}, {""child"": "" No Reward Points on this category."", ""name"": ""Fuel""}, {""child"": "" No Reward Points on this category."", ""name"": ""Skill Based Gaming""}]","[{""title"": "" Discover Reward Points Redemption Options"", ""subtitle"": ""To explore the full range of redemption options for this card, download the SaveSage Club app now."", ""barCodeImageUrl"": ""/"", ""appUrl"": ""https://savesage.co/ZH8bLjZqSPb""}]",,[],"[{""maintitle"": ""Domestic lounge"", ""limit"": [""1 per quarter""], ""eligibility"": [""Spend ₹75k in previous calendar quarter.""]}]",,,,"[{""mainTitle"": ""BookMyShow"", ""child"": ""25% Discount upto Rs 100 on Movie Tickets.""}]","[""25% Discount upto Rs 100 on Movie Tickets.""]",,,,savesage.club,https://savesage.club/credit-card/icici-expressions
Axis Shoppers Stop credit card,Axis Bank,Axis,,[],500,,,NA,"[{""child"": ""Earn 2 Reward Points per ₹200 spent"", ""name"": ""Base Rewards""}, {""child"": ""Earn 20 Reward Points per ₹200 spent"", ""name"": ""Shoppers Stop (Exclusive)""}, {""child"": ""Earn 12 Reward Points per ₹200 spent"", ""name"": ""Shoppers Stop (Others)""}, {""child"": "" No Reward Points on this category."", ""name"": ""Government""}, {""child"": "" No Reward Points on this category."", ""name"": ""Rent""}, {""child"": "" No Reward Points on this category."", ""name"": ""Transportation & Tolls""}, {""child"": "" No Reward Points on this category."", ""name"": ""Utilities""}, {""child"": "" No Reward Points on this category."", ""name"": ""Education""}, {""child"": "" No Reward Points on this category."", ""name"": ""Wallets""}, {""child"": "" No Reward Points on this category."", ""name"": ""Fuel""}, {""child"": "" No Reward Points on this category."", ""name"": ""Insurance""}]","[{""title"": "" Discover Reward Points Redemption Options"", ""subtitle"": ""To explore the full range of redemption options for this card, download the SaveSage Club app now."", ""barCodeImageUrl"": ""/"", ""appUrl"": ""https://savesage.co/ZH8bLjZqSPb""}]",,[],[],,,,"[{""mainTitle"": ""EazyDiner"", ""child"": ""15% off via Dining Delights Program""}, {""mainTitle"": ""Shoppers Stop"", ""child"": ""Rs 500 worth of Shoppers Stop voucher from Shoppers Stop.""}, {""mainTitle"": ""Silver Edge"", ""child"": ""Complimentary Shoppers Stop Silver Edge membership worth Rs 350""}]","[""15% off via Dining Delights Program"", ""Rs 500 worth of Shoppers Stop voucher from Shoppers Stop."", ""Complimentary Shoppers Stop Silver Edge membership worth Rs 350""]",,,,savesage.club,https://savesage.club/credit-card/axis-shoppers-stop
Axis IKEA Family credit card,Axis Bank,Axis,,"[""Brand Wallet"", ""Cashback""]",0,,,3% to 4%,"[{""child"": ""Earn 1 Reward Points per ₹100 spent"", ""name"": ""Base Rewards""}, {""child"": ""Earn 3 Reward Points per ₹100 spent"", ""name"": ""IKEA""}, {""child"": ""Earn 2 Reward Points per ₹100 spent"", ""name"": ""Dining""}, {""child"": "" No Reward Points on this category."", ""name"": ""Transportation & Tolls""}, {""child"": "" No Reward Points on this category."", ""name"": ""Utilities""}, {""child"": "" No Reward Points on this category."", ""name"": ""Education""}, {""child"": "" No Reward Points on this category."", ""name"": ""Insurance""}, {""child"": "" No Reward Points on this category."", ""name"": ""Fuel""}, {""child"": "" No Reward Points on this category."", ""name"": ""Wallets""}, {""child"": "" No Reward Points on this category."", ""name"": ""Government""}, {""child"": "" No Reward Points on this category."", ""name"": ""Rent""}]","[{""title"": "" Discover Reward Points Redemption Options"", ""subtitle"": ""To explore the full range of redemption options for this card, download the SaveSage Club app now."", ""barCodeImageUrl"": ""/"", ""appUrl"": ""https://savesage.co/ZH8bLjZqSPb""}]",,[],[],,,,"[{""mainTitle"": ""EazyDiner"", ""child"": ""15% off via Dining Delights Program""}]","[""15% off via Dining Delights Program""]",,,,savesage.club,https://savesage.club/credit-card/axis-ikea-family
HDFC H.O.G Diners Club credit card,HDFC Bank,HDFC,,"[""Brand Wallet"", ""Cashback""]",10000,,,1% to 2%,"[{""child"": ""Earn 5 Reward Points per ₹150 spent"", ""name"": ""Base Rewards""}, {""child"": ""Earn 50 Reward Points per ₹150 spent"", ""name"": ""SmartBuy""}, {""child"": ""Earn 50 Reward Points per ₹150 spent"", ""name"": ""Harley-Davidson Merchandise""}, {""child"": ""Earn 10 Reward Points per ₹150 spent"", ""name"": ""Dining""}, {""child"": ""Earn 5 Reward Points per ₹150 spent"", ""name"": ""Wallets""}, {""child"": ""Earn 5 Reward Points per ₹150 spent"", ""name"": ""Rent""}, {""child"": "" No Reward Points on this category."", ""name"": ""Education""}, {""child"": "" No Reward Points on this category."", ""name"": ""Utilities""}, {""child"": "" No Reward Points on this category."", ""name"": ""Fuel""}, {""child"": "" No Reward Points on this category."", ""name"": ""Transportation & Tolls""}, {""child"": "" No Reward Points on this category."", ""name"": ""Jewellery""}, {""child"": "" No Reward Points on this category."", ""name"": ""Insurance""}]","[{""title"": "" Discover Reward Points Redemption Options"", ""subtitle"": ""To explore the full range of redemption options for this card, download the SaveSage Club app now."", ""barCodeImageUrl"": ""/"", ""appUrl"": ""https://savesage.co/ZH8bLjZqSPb""}]",,"[{""milestoneNumber"": 1, ""spent"": 0, ""cycleType"": ""STATEMENT"", ""benefits"": ""Gift Card by Harley-Davidson worth ₹2500"", ""milestoneType"": ""YEAR""}, {""milestoneNumber"": 2, ""spent"": 80000, ""cycleType"": ""STATEMENT"", ""benefits"": ""HDFC Bank H.O.G Diners Club Credit Card​​ can select any 2 benefits amongst Cult.fit live 1 month membership or ₹500 TataCliq, BookMyShow, Ola vouchers."", ""milestoneType"": ""MONTH""}]","[{""maintitle"": ""Domestic lounge"", ""limit"": [""Unlimited""], ""eligibility"": [""No explicit spend condition""]}, {""maintitle"": ""International lounge"", ""limit"": [""Unlimited""], ""eligibility"": [""Unlimited through Priority Pass membership""]}]",,,,"[{""mainTitle"": ""Amazon Prime"", ""child"": ""Get an annual membership of Amazon Prime.""}, {""mainTitle"": ""Club Marriott"", ""child"": ""Get an annual membership of Club Marriott.""}, {""mainTitle"": ""Concierge"", ""child"": ""Avail concierge services with your card.""}, {""mainTitle"": ""Forbes"", ""child"": ""Get an annual membership of Forbes.""}, {""mainTitle"": ""Golf"", ""child"": ""Complimentary Golf games across the finest courses in the world ( 6 per quarter).""}, {""mainTitle"": ""MMT Black"", ""child"": ""Get an annual membership of MMT Black.""}, {""mainTitle"": ""Swiggy"", ""child"": ""Swiggy One membership of 3 months.""}]","[""Get an annual membership of Amazon Prime."", ""Get an annual membership of Club Marriott."", ""Avail concierge services with your card."", ""Get an annual membership of Forbes."", ""Complimentary Golf games across the finest courses in the world ( 6 per quarter)."", ""Get an annual membership of MMT Black."", ""Swiggy One membership of 3 months.""]",,,,savesage.club,https://savesage.club/credit-card/hdfc-hog-diners-club
HDFC Diners Club Premium credit card,HDFC Bank,HDFC,,"[""Brand Wallet"", ""Cashback""]",2500,,,2% to 4%,"[{""child"": ""Earn 4 Reward Points per ₹200 spent"", ""name"": ""Base Rewards""}, {""child"": ""Earn 4 Reward Points per ₹200 spent"", ""name"": ""Utilities""}, {""child"": ""Earn 4 Reward Points per ₹200 spent"", ""name"": ""Wallets""}, {""child"": ""Earn 4 Reward Points per ₹200 spent"", ""name"": ""Insurance""}, {""child"": ""Earn 4 Reward Points per ₹200 spent"", ""name"": ""Education""}]","[{""title"": "" Discover Reward Points Redemption Options"", ""subtitle"": ""To explore the full range of redemption options for this card, download the SaveSage Club app now."", ""barCodeImageUrl"": ""/"", ""appUrl"": ""https://savesage.co/ZH8bLjZqSPb""}]",,[],[],,,,"[{""mainTitle"": ""Insurance"", ""child"": ""Air travel accident insurance.""}]","[""Air travel accident insurance.""]",,,,savesage.club,https://savesage.club/credit-card/hdfc-diners-club-premium
SBI Elite Advantage credit card,SBI Card,SBI,,[],4999,,,NA,"[{""child"": ""Earn 2 Reward Points per ₹100 spent"", ""name"": ""Base Rewards""}, {""child"": ""Earn 10 Reward Points per ₹100 spent"", ""name"": ""Grocery""}, {""child"": ""Earn 10 Reward Points per ₹100 spent"", ""name"": ""Dining""}, {""child"": ""Earn 10 Reward Points per ₹100 spent"", ""name"": ""Departmental Stores""}, {""child"": ""Earn 2 Reward Points per ₹100 spent"", ""name"": ""Utilities""}, {""child"": ""Earn 2 Reward Points per ₹100 spent"", ""name"": ""Wallets""}, {""child"": ""Earn 2 Reward Points per ₹100 spent"", ""name"": ""Rent""}, {""child"": "" No Reward Points on this category."", ""name"": ""Fuel""}, {""child"": "" No Reward Points on this category."", ""name"": ""Education (Third-party)""}]","[{""title"": "" Discover Reward Points Redemption Options"", ""subtitle"": ""To explore the full range of redemption options for this card, download the SaveSage Club app now."", ""barCodeImageUrl"": ""/"", ""appUrl"": ""https://savesage.co/ZH8bLjZqSPb""}]",,"[{""milestoneNumber"": 1, ""spent"": 0, ""cycleType"": ""STATEMENT"", ""benefits"": ""E- Gift Voucher worth Rs. 5,000 from any of the following brands: Yatra, Hush Puppies / Bata, Aditya Birla Fashion,Pantaloons"", ""milestoneType"": ""YEAR""}, {""milestoneNumber"": 2, ""spent"": 300000, ""cycleType"": ""STATEMENT"", ""benefits"": ""10,000 reward points."", ""milestoneType"": ""YEAR""}, {""milestoneNumber"": 3, ""spent"": 400000, ""cycleType"": ""STATEMENT"", ""benefits"": ""10,000 reward points."", ""milestoneType"": ""YEAR""}, {""milestoneNumber"": 4, ""spent"": 500000, ""cycleType"": ""STATEMENT"", ""benefits"": ""15,000 reward points."", ""milestoneType"": ""YEAR""}, {""milestoneNumber"": 5, ""spent"": 800000, ""cycleType"": ""STATEMENT"", ""benefits"": ""15,000 reward points."", ""milestoneType"": ""YEAR""}, {""milestoneNumber"": 6, ""spent"": 1000000, ""cycleType"": ""STATEMENT"", ""benefits"": ""The renewal fee will be waived."", ""milestoneType"": ""YEAR""}]","[{""maintitle"": ""Domestic lounge"", ""limit"": [""2 per quarter""], ""eligibility"": [""No explicit spend condition""]}, {""maintitle"": ""International lounge"", ""limit"": [""6 per year (2 per quarter)""], ""eligibility"": [""6 Complimentary Lounge Access using Priority Pass.""]}]",,,,"[{""mainTitle"": ""Aditya Birla"", ""child"": ""Aditya Birla Retail Voucher.""}, {""mainTitle"": ""BookMyShow"", ""child"": ""Free movie tickets.""}]","[""Aditya Birla Retail Voucher."", ""Free movie tickets.""]",,,,savesage.club,https://savesage.club/credit-card/sbi-elite-advantage
SBI Prime Advantage (Mastercard) credit card,SBI Card,SBI,Mastercard,"[""Airline Transfer"", ""Hotel Transfer"", ""Travel Booking""]",2999,,,1% to 3%,"[{""child"": ""Earn 2 Reward Points per ₹100 spent"", ""name"": ""Base Rewards""}, {""child"": ""Earn 20 Reward Points per ₹100 spent"", ""name"": ""Utilities""}, {""child"": ""Earn 20 Reward Points per ₹100 spent"", ""name"": ""Birthday""}, {""child"": ""Earn 10 Reward Points per ₹100 spent"", ""name"": ""Dining""}, {""child"": ""Earn 10 Reward Points per ₹100 spent"", ""name"": ""Grocery""}, {""child"": ""Earn 10 Reward Points per ₹100 spent"", ""name"": ""Departmental Stores""}, {""child"": ""Earn 10 Reward Points per ₹100 spent"", ""name"": ""Movies""}, {""child"": ""Earn 2 Reward Points per ₹100 spent"", ""name"": ""Rent""}, {""child"": ""Earn 2 Reward Points per ₹100 spent"", ""name"": ""Wallets""}, {""child"": "" No Reward Points on this category."", ""name"": ""Fuel""}, {""child"": "" No Reward Points on this category."", ""name"": ""Education (Third-party)""}]","[{""title"": "" Discover Reward Points Redemption Options"", ""subtitle"": ""To explore the full range of redemption options for this card, download the SaveSage Club app now."", ""barCodeImageUrl"": ""/"", ""appUrl"": ""https://savesage.co/ZH8bLjZqSPb""}]",,"[{""milestoneNumber"": 1, ""spent"": 0, ""cycleType"": ""STATEMENT"", ""benefits"": ""E-gift Voucher worth Rs. 3,000 from any of the following brands: Bata/Hush Puppies, Pantaloons, Aditya Birla Fashion, Shoppers Stop and Yatra.com"", ""milestoneType"": ""YEAR""}, {""milestoneNumber"": 2, ""spent"": 50000, ""cycleType"": ""STATEMENT"", ""benefits"": ""Pizza Hut voucher worth ₹1,000."", ""milestoneType"": ""QUARTER""}, {""milestoneNumber"": 3, ""spent"": 300000, ""cycleType"": ""STATEMENT"", ""benefits"": ""The renewal fee will be waived."", ""milestoneType"": ""YEAR""}, {""milestoneNumber"": 4, ""spent"": 500000, ""cycleType"": ""STATEMENT"", ""benefits"": ""E-gift voucher worth ₹7,000 from Yatra.com / Pantaloons."", ""milestoneType"": ""YEAR""}]","[{""maintitle"": ""Domestic lounge"", ""limit"": [""2 per quarter""], ""eligibility"": [""8 complimentary domestic Visa/Mastercard lounge visits per year in India (max 2 per quarter).""]}, {""maintitle"": ""International lounge"", ""limit"": [""2 per quarter""], ""eligibility"": [""4 Complimentary Lounge Access using Priority Pass (max 2 per quarter).""]}]",,,,"[{""mainTitle"": ""Avis"", ""child"": ""Up to 35% off on Avis car rentals.""}, {""mainTitle"": ""Golf"", ""child"": ""Complimentary golf rounds.""}, {""mainTitle"": ""Hertz"", ""child"": ""10% discount on Hertz car rental.""}, {""mainTitle"": ""Insurance"", ""child"": ""Air travel accident insurance.""}, {""mainTitle"": ""Lalit Hotels"", ""child"": ""Discount on F&B at Lalit Hotels""}]","[""Up to 35% off on Avis car rentals."", ""Complimentary golf rounds."", ""10% discount on Hertz car rental."", ""Air travel accident insurance."", ""Discount on F&B at Lalit Hotels""]",,,,savesage.club,https://savesage.club/credit-card/sbi-prime-advantage-mastercard
SBI Prime Advantage (Visa) credit card,SBI Card,SBI,Visa,[],2999,,,NA,"[{""child"": ""Earn 2 Reward Points per ₹100 spent"", ""name"": ""Base Rewards""}, {""child"": ""Earn 20 Reward Points per ₹100 spent"", ""name"": ""Utilities""}, {""child"": ""Earn 20 Reward Points per ₹100 spent"", ""name"": ""Birthday""}, {""child"": ""Earn 10 Reward Points per ₹100 spent"", ""name"": ""Dining""}, {""child"": ""Earn 10 Reward Points per ₹100 spent"", ""name"": ""Grocery""}, {""child"": ""Earn 10 Reward Points per ₹100 spent"", ""name"": ""Departmental Stores""}, {""child"": ""Earn 10 Reward Points per ₹100 spent"", ""name"": ""Movies""}, {""child"": ""Earn 2 Reward Points per ₹100 spent"", ""name"": ""Rent""}, {""child"": ""Earn 2 Reward Points per ₹100 spent"", ""name"": ""Wallets""}, {""child"": "" No Reward Points on this category."", ""name"": ""Fuel""}, {""child"": "" No Reward Points on this category."", ""name"": ""Education (Third-party)""}]","[{""title"": "" Discover Reward Points Redemption Options"", ""subtitle"": ""To explore the full range of redemption options for this card, download the SaveSage Club app now."", ""barCodeImageUrl"": ""/"", ""appUrl"": ""https://savesage.co/ZH8bLjZqSPb""}]",,"[{""milestoneNumber"": 1, ""spent"": 0, ""cycleType"": ""STATEMENT"", ""benefits"": ""E-gift Voucher worth Rs. 3,000 from any of the following brands: Bata/Hush Puppies, Pantaloons, Aditya Birla Fashion, Shoppers Stop and Yatra.com"", ""milestoneType"": ""YEAR""}, {""milestoneNumber"": 2, ""spent"": 50000, ""cycleType"": ""STATEMENT"", ""benefits"": ""Pizza Hut voucher worth ₹1,000."", ""milestoneType"": ""QUARTER""}, {""milestoneNumber"": 3, ""spent"": 300000, ""cycleType"": ""STATEMENT"", ""benefits"": ""The renewal fee will be waived."", ""milestoneType"": ""YEAR""}, {""milestoneNumber"": 4, ""spent"": 500000, ""cycleType"": ""STATEMENT"", ""benefits"": ""E-gift voucher worth ₹7,000 from Yatra.com / Pantaloons."", ""milestoneType"": ""YEAR""}]","[{""maintitle"": ""Domestic lounge"", ""limit"": [""2 per quarter""], ""eligibility"": [""8 complimentary domestic Visa/Mastercard lounge visits per year in India (max 2 per quarter).""]}, {""maintitle"": ""International lounge"", ""limit"": [""2 per quarter""], ""eligibility"": [""4 Complimentary Lounge Access using Priority Pass (max 2 per quarter).""]}]",,,,"[{""mainTitle"": ""Avis"", ""child"": ""Up to 35% off on Avis car rentals.""}, {""mainTitle"": ""Golf"", ""child"": ""Complimentary golf rounds.""}, {""mainTitle"": ""Hertz"", ""child"": ""10% discount on Hertz car rental.""}, {""mainTitle"": ""Insurance"", ""child"": ""Air travel accident insurance.""}, {""mainTitle"": ""Lalit Hotels"", ""child"": ""Discount on F&B at Lalit Hotels""}]","[""Up to 35% off on Avis car rentals."", ""Complimentary golf rounds."", ""10% discount on Hertz car rental."", ""Air travel accident insurance."", ""Discount on F&B at Lalit Hotels""]",,,,savesage.club,https://savesage.club/credit-card/sbi-prime-advantage-visa
SBI Prime Advantage (AMEX) credit card,SBI Card,SBI,Amex,[],2999,,,NA,"[{""child"": ""Earn 2 Reward Points per ₹100 spent"", ""name"": ""Base Rewards""}, {""child"": ""Earn 20 Reward Points per ₹100 spent"", ""name"": ""Birthday""}, {""child"": ""Earn 20 Reward Points per ₹100 spent"", ""name"": ""Utilities""}, {""child"": ""Earn 10 Reward Points per ₹100 spent"", ""name"": ""Movies""}, {""child"": ""Earn 10 Reward Points per ₹100 spent"", ""name"": ""Departmental Stores""}, {""child"": ""Earn 10 Reward Points per ₹100 spent"", ""name"": ""Dining""}, {""child"": ""Earn 10 Reward Points per ₹100 spent"", ""name"": ""Grocery""}, {""child"": ""Earn 2 Reward Points per ₹100 spent"", ""name"": ""Wallets""}, {""child"": ""Earn 2 Reward Points per ₹100 spent"", ""name"": ""Rent""}, {""child"": "" No Reward Points on this category."", ""name"": ""Fuel""}, {""child"": "" No Reward Points on this category."", ""name"": ""Education (Third-party)""}]","[{""title"": "" Discover Reward Points Redemption Options"", ""subtitle"": ""To explore the full range of redemption options for this card, download the SaveSage Club app now."", ""barCodeImageUrl"": ""/"", ""appUrl"": ""https://savesage.co/ZH8bLjZqSPb""}]",,"[{""milestoneNumber"": 1, ""spent"": 0, ""cycleType"": ""STATEMENT"", ""benefits"": ""E-gift Voucher worth Rs. 3,000 from any of the following brands: Bata/Hush Puppies, Pantaloons, Aditya Birla Fashion, Shoppers Stop and Yatra.com"", ""milestoneType"": ""YEAR""}, {""milestoneNumber"": 2, ""spent"": 50000, ""cycleType"": ""STATEMENT"", ""benefits"": ""Pizza Hut voucher worth ₹1,000."", ""milestoneType"": ""QUARTER""}, {""milestoneNumber"": 3, ""spent"": 300000, ""cycleType"": ""STATEMENT"", ""benefits"": ""The renewal fee will be waived."", ""milestoneType"": ""YEAR""}, {""milestoneNumber"": 4, ""spent"": 500000, ""cycleType"": ""STATEMENT"", ""benefits"": ""E-gift voucher worth ₹7,000 from Yatra.com / Pantaloons."", ""milestoneType"": ""YEAR""}]","[{""maintitle"": ""Domestic lounge"", ""limit"": [""2 per quarter""], ""eligibility"": [""8 complimentary domestic Visa/Mastercard lounge visits per year in India (max 2 per quarter).""]}, {""maintitle"": ""International lounge"", ""limit"": [""2 per quarter""], ""eligibility"": [""4 Complimentary Lounge Access using Priority Pass (max 2 per quarter).""]}]",,,,"[{""mainTitle"": ""Avis"", ""child"": ""Up to 35% off on Avis car rentals.""}, {""mainTitle"": ""Golf"", ""child"": ""Complimentary golf rounds.""}, {""mainTitle"": ""Hertz"", ""child"": ""10% discount on Hertz car rental.""}, {""mainTitle"": ""Insurance"", ""child"": ""Air travel accident insurance.""}, {""mainTitle"": ""Lalit Hotels"", ""child"": ""Discount on F&B at Lalit Hotels""}]","[""Up to 35% off on Avis car rentals."", ""Complimentary golf rounds."", ""10% discount on Hertz car rental."", ""Air travel accident insurance."", ""Discount on F&B at Lalit Hotels""]",,,,savesage.club,https://savesage.club/credit-card/sbi-prime-advantage-amex
SBI SimplyClick Advantage credit card,SBI Card,SBI,,[],499,,,NA,"[{""child"": ""Earn 1 Reward Points per ₹100 spent"", ""name"": ""Base Rewards""}, {""child"": ""Earn 10 Reward Points per ₹100 spent"", ""name"": ""Shopping (Select Brands)""}, {""child"": ""Earn 5 Reward Points per ₹100 spent"", ""name"": ""Shopping (Others)""}, {""child"": ""Earn 5 Reward Points per ₹100 spent"", ""name"": ""Online""}, {""child"": ""Earn 1 Reward Points per ₹100 spent"", ""name"": ""Wallets""}, {""child"": ""Earn 1 Reward Points per ₹100 spent"", ""name"": ""Utilities""}, {""child"": ""Earn 1 Reward Points per ₹100 spent"", ""name"": ""Rent""}, {""child"": "" No Reward Points on this category."", ""name"": ""Fuel""}, {""child"": "" No Reward Points on this category."", ""name"": ""Education (Third-party)""}]","[{""title"": "" Discover Reward Points Redemption Options"", ""subtitle"": ""To explore the full range of redemption options for this card, download the SaveSage Club app now."", ""barCodeImageUrl"": ""/"", ""appUrl"": ""https://savesage.co/ZH8bLjZqSPb""}]",,"[{""milestoneNumber"": 1, ""spent"": 100000, ""cycleType"": ""STATEMENT"", ""benefits"": ""The renewal fee will be waived.E-Vouchers worth  Rs. 2,000."", ""milestoneType"": ""YEAR""}, {""milestoneNumber"": 2, ""spent"": 200000, ""cycleType"": ""STATEMENT"", ""benefits"": ""E-Vouchers worth  Rs. 2,000."", ""milestoneType"": ""YEAR""}]",[],,,,"[{""mainTitle"": ""Amazon"", ""child"": ""Get an Amazon gift card worth Rs 500 on joining.""}, {""mainTitle"": ""IRCTC"", ""child"": ""Use this card to book railway tickets online on the IRCTC website.""}]","[""Get an Amazon gift card worth Rs 500 on joining."", ""Use this card to book railway tickets online on the IRCTC website.""]",,,,savesage.club,https://savesage.club/credit-card/sbi-simplyclick-advantage
SBI SimplySave Advantage credit card,SBI Card,SBI,,[],499,,,NA,"[{""child"": ""Earn 5 Reward Points per ₹150 spent"", ""name"": ""Base Rewards""}, {""child"": ""Earn 10 Reward Points per ₹150 spent"", ""name"": ""Departmental Stores""}, {""child"": ""Earn 10 Reward Points per ₹150 spent"", ""name"": ""Dining""}, {""child"": ""Earn 10 Reward Points per ₹150 spent"", ""name"": ""Movies""}, {""child"": ""Earn 1 Reward Points per ₹150 spent"", ""name"": ""Insurance""}, {""child"": ""Earn 1 Reward Points per ₹150 spent"", ""name"": ""Education""}, {""child"": ""Earn 1 Reward Points per ₹150 spent"", ""name"": ""Government""}, {""child"": ""Earn 1 Reward Points per ₹150 spent"", ""name"": ""Jewellery""}, {""child"": ""Earn 1 Reward Points per ₹150 spent"", ""name"": ""Wallets""}, {""child"": ""Earn 1 Reward Points per ₹150 spent"", ""name"": ""Rent""}, {""child"": ""Earn 1 Reward Points per ₹150 spent"", ""name"": ""Utilities""}, {""child"": "" No Reward Points on this category."", ""name"": ""Education (Third-party)""}, {""child"": "" No Reward Points on this category."", ""name"": ""Fuel""}]","[{""title"": "" Discover Reward Points Redemption Options"", ""subtitle"": ""To explore the full range of redemption options for this card, download the SaveSage Club app now."", ""barCodeImageUrl"": ""/"", ""appUrl"": ""https://savesage.co/ZH8bLjZqSPb""}]",,[],[],,,,[],[],,,,savesage.club,https://savesage.club/credit-card/sbi-simplysave-advantage
SBI Unnati (FD) credit card,SBI Card,SBI,,[],0,,,NA,"[{""child"": ""Earn 1 Reward Points per ₹100 spent"", ""name"": ""Base Rewards""}, {""child"": ""Earn 1 Reward Points per ₹100 spent"", ""name"": ""Rent""}, {""child"": ""Earn 1 Reward Points per ₹100 spent"", ""name"": ""Utilities""}, {""child"": ""Earn 1 Reward Points per ₹100 spent"", ""name"": ""Wallets""}, {""child"": "" No Reward Points on this category."", ""name"": ""Fuel""}, {""child"": "" No Reward Points on this category."", ""name"": ""Education (Third-party)""}]","[{""title"": "" Discover Reward Points Redemption Options"", ""subtitle"": ""To explore the full range of redemption options for this card, download the SaveSage Club app now."", ""barCodeImageUrl"": ""/"", ""appUrl"": ""https://savesage.co/ZH8bLjZqSPb""}]",,"[{""milestoneNumber"": 1, ""spent"": 50000, ""cycleType"": ""STATEMENT"", ""benefits"": ""Get ₹500 Cashback"", ""milestoneType"": ""YEAR""}]",[],,,,[],[],,,,savesage.club,https://savesage.club/credit-card/sbi-unnati-fd
SBI Central Select credit card,SBI Card,SBI,,"[""Catalogue Brand Vouchers""]",4999,,,1% to 5%,"[{""child"": ""Earn 1 Reward Points per ₹100 spent"", ""name"": ""Base Rewards""}, {""child"": ""Earn 10 Reward Points per ₹100 spent"", ""name"": ""Central Store""}, {""child"": ""Earn 5 Reward Points per ₹100 spent"", ""name"": ""Dining""}, {""child"": ""Earn 5 Reward Points per ₹100 spent"", ""name"": ""Movies""}, {""child"": ""Earn 1 Reward Points per ₹100 spent"", ""name"": ""Wallets""}, {""child"": ""Earn 1 Reward Points per ₹100 spent"", ""name"": ""Utilities""}, {""child"": ""Earn 1 Reward Points per ₹100 spent"", ""name"": ""Rent""}, {""child"": "" No Reward Points on this category."", ""name"": ""Fuel""}, {""child"": "" No Reward Points on this category."", ""name"": ""Education (Third-party)""}]","[{""title"": "" Discover Reward Points Redemption Options"", ""subtitle"": ""To explore the full range of redemption options for this card, download the SaveSage Club app now."", ""barCodeImageUrl"": ""/"", ""appUrl"": ""https://savesage.co/ZH8bLjZqSPb""}]",,"[{""milestoneNumber"": 1, ""spent"": 75000, ""cycleType"": ""STATEMENT"", ""benefits"": ""2,000 Select Points."", ""milestoneType"": ""YEAR""}, {""milestoneNumber"": 2, ""spent"": 150000, ""cycleType"": ""STATEMENT"", ""benefits"": ""6,000 Select Points."", ""milestoneType"": ""YEAR""}, {""milestoneNumber"": 3, ""spent"": 300000, ""cycleType"": ""STATEMENT"", ""benefits"": ""8,000 Select Points."", ""milestoneType"": ""YEAR""}, {""milestoneNumber"": 4, ""spent"": 125000, ""cycleType"": ""STATEMENT"", ""benefits"": ""12,000 Select Points worth ₹3,000."", ""milestoneType"": ""YEAR""}, {""milestoneNumber"": 5, ""spent"": 150000, ""cycleType"": ""STATEMENT"", ""benefits"": ""6,000 Select Points."", ""milestoneType"": ""YEAR""}, {""milestoneNumber"": 6, ""spent"": 300000, ""cycleType"": ""STATEMENT"", ""benefits"": ""10,000 Select Points."", ""milestoneType"": ""YEAR""}, {""milestoneNumber"": 7, ""spent"": 600000, ""cycleType"": ""STATEMENT"", ""benefits"": ""16,000 Select Points."", ""milestoneType"": ""YEAR""}]",[],,,,[],[],,,,savesage.club,https://savesage.club/credit-card/sbi-central-select
SBI Central Select credit card,SBI Card,SBI,,"[""Catalogue Brand Vouchers""]",4999,,,1% to 2.5%,"[{""child"": ""Earn 1 Reward Points per ₹100 spent"", ""name"": ""Base Rewards""}, {""child"": ""Earn 10 Reward Points per ₹100 spent"", ""name"": ""Central Store""}, {""child"": ""Earn 5 Reward Points per ₹100 spent"", ""name"": ""Dining""}, {""child"": ""Earn 5 Reward Points per ₹100 spent"", ""name"": ""Movies""}, {""child"": ""Earn 1 Reward Points per ₹100 spent"", ""name"": ""Wallets""}, {""child"": ""Earn 1 Reward Points per ₹100 spent"", ""name"": ""Utilities""}, {""child"": ""Earn 1 Reward Points per ₹100 spent"", ""name"": ""Rent""}, {""child"": "" No Reward Points on this category."", ""name"": ""Fuel""}, {""child"": "" No Reward Points on this category."", ""name"": ""Education (Third-party)""}]","[{""title"": "" Discover Reward Points Redemption Options"", ""subtitle"": ""To explore the full range of redemption options for this card, download the SaveSage Club app now."", ""barCodeImageUrl"": ""/"", ""appUrl"": ""https://savesage.co/ZH8bLjZqSPb""}]",,"[{""milestoneNumber"": 1, ""spent"": 75000, ""cycleType"": ""STATEMENT"", ""benefits"": ""2,000 Select Points."", ""milestoneType"": ""YEAR""}, {""milestoneNumber"": 2, ""spent"": 150000, ""cycleType"": ""STATEMENT"", ""benefits"": ""6,000 Select Points."", ""milestoneType"": ""YEAR""}, {""milestoneNumber"": 3, ""spent"": 300000, ""cycleType"": ""STATEMENT"", ""benefits"": ""8,000 Select Points."", ""milestoneType"": ""YEAR""}, {""milestoneNumber"": 4, ""spent"": 125000, ""cycleType"": ""STATEMENT"", ""benefits"": ""12,000 Select Points worth ₹3,000."", ""milestoneType"": ""YEAR""}, {""milestoneNumber"": 5, ""spent"": 150000, ""cycleType"": ""STATEMENT"", ""benefits"": ""6,000 Select Points."", ""milestoneType"": ""YEAR""}, {""milestoneNumber"": 6, ""spent"": 300000, ""cycleType"": ""STATEMENT"", ""benefits"": ""10,000 Select Points."", ""milestoneType"": ""YEAR""}, {""milestoneNumber"": 7, ""spent"": 600000, ""cycleType"": ""STATEMENT"", ""benefits"": ""16,000 Select Points."", ""milestoneType"": ""YEAR""}]",[],,,,[],[],,,,savesage.club,https://savesage.club/credit-card/sbi-central-select
SBI FBB Styleup credit card,SBI Card,SBI,,[],499,,,NA,"[{""child"": ""Earn 1 Reward Points per ₹100 spent"", ""name"": ""Base Rewards""}, {""child"": ""Earn 1 Reward Points per ₹100 spent"", ""name"": ""Rent""}, {""child"": ""Earn 1 Reward Points per ₹100 spent"", ""name"": ""Utilities""}, {""child"": ""Earn 1 Reward Points per ₹100 spent"", ""name"": ""Wallets""}, {""child"": "" No Reward Points on this category."", ""name"": ""Fuel""}, {""child"": "" No Reward Points on this category."", ""name"": ""Education (Third-party)""}]","[{""title"": "" Discover Reward Points Redemption Options"", ""subtitle"": ""To explore the full range of redemption options for this card, download the SaveSage Club app now."", ""barCodeImageUrl"": ""/"", ""appUrl"": ""https://savesage.co/ZH8bLjZqSPb""}]",,"[{""milestoneNumber"": 1, ""spent"": 100000, ""cycleType"": ""STATEMENT"", ""benefits"": ""The renewal fee will be waived."", ""milestoneType"": ""YEAR""}]",[],,,,"[{""mainTitle"": ""FBB"", ""child"": ""10% upfront discount in shopping.""}]","[""10% upfront discount in shopping.""]",,,,savesage.club,https://savesage.club/credit-card/sbi-fbb-styleup
SBI Spar Select credit card,SBI Card,SBI,,[],1499,,,NA,"[{""child"": ""Earn 2 Reward Points per ₹100 spent"", ""name"": ""Base Rewards""}, {""child"": ""Earn 10 Reward Points per ₹100 spent"", ""name"": ""Spar""}, {""child"": ""Earn 10 Reward Points per ₹100 spent"", ""name"": ""Homecentre""}, {""child"": ""Earn 10 Reward Points per ₹100 spent"", ""name"": ""Lifestyle""}, {""child"": ""Earn 10 Reward Points per ₹100 spent"", ""name"": ""Max""}, {""child"": ""Earn 10 Reward Points per ₹100 spent"", ""name"": ""Movies""}, {""child"": ""Earn 10 Reward Points per ₹100 spent"", ""name"": ""Dining""}, {""child"": ""Earn 2 Reward Points per ₹100 spent"", ""name"": ""Rent""}, {""child"": ""Earn 2 Reward Points per ₹100 spent"", ""name"": ""Wallets""}, {""child"": ""Earn 2 Reward Points per ₹100 spent"", ""name"": ""Utilities""}, {""child"": "" No Reward Points on this category."", ""name"": ""Fuel""}, {""child"": "" No Reward Points on this category."", ""name"": ""Education (Third-party)""}]","[{""title"": "" Discover Reward Points Redemption Options"", ""subtitle"": ""To explore the full range of redemption options for this card, download the SaveSage Club app now."", ""barCodeImageUrl"": ""/"", ""appUrl"": ""https://savesage.co/ZH8bLjZqSPb""}]",,"[{""milestoneNumber"": 1, ""spent"": 1500, ""cycleType"": ""STATEMENT"", ""benefits"": ""Get 6,000 bonus reward points equivalent to INR 1,500."", ""milestoneType"": ""YEAR""}, {""milestoneNumber"": 2, ""spent"": 25000, ""cycleType"": ""STATEMENT"", ""benefits"": ""Earn 2,400 bonus Reward Points."", ""milestoneType"": ""YEAR""}, {""milestoneNumber"": 3, ""spent"": 75000, ""cycleType"": ""STATEMENT"", ""benefits"": ""Earn 8,000 bonus Reward Points."", ""milestoneType"": ""YEAR""}, {""milestoneNumber"": 4, ""spent"": 150000, ""cycleType"": ""STATEMENT"", ""benefits"": ""Earn 12,000 bonus Reward Points."", ""milestoneType"": ""YEAR""}]",[],,,,[],[],,,,savesage.club,https://savesage.club/credit-card/sbi-spar-select
SBI Lifestyle Home Centre Select credit card,SBI Card,SBI,,"[""Experience"", ""Travel Booking"", ""Hotel Transfer"", ""Pay by Points""]",1499,,,1% to 2.5%,"[{""child"": ""Earn 2 Reward Points per ₹100 spent"", ""name"": ""Base Rewards""}, {""child"": ""Earn 10 Reward Points per ₹100 spent"", ""name"": ""Spar""}, {""child"": ""Earn 10 Reward Points per ₹100 spent"", ""name"": ""Dining""}, {""child"": ""Earn 10 Reward Points per ₹100 spent"", ""name"": ""Homecentre""}, {""child"": ""Earn 10 Reward Points per ₹100 spent"", ""name"": ""Lifestyle""}, {""child"": ""Earn 10 Reward Points per ₹100 spent"", ""name"": ""Max""}, {""child"": ""Earn 10 Reward Points per ₹100 spent"", ""name"": ""Movies""}, {""child"": ""Earn 2 Reward Points per ₹100 spent"", ""name"": ""Rent""}, {""child"": ""Earn 2 Reward Points per ₹100 spent"", ""name"": ""Utilities""}, {""child"": ""Earn 2 Reward Points per ₹100 spent"", ""name"": ""Wallets""}, {""child"": "" No Reward Points on this category."", ""name"": ""Fuel""}, {""child"": "" No Reward Points on this category."", ""name"": ""Education (Third-party)""}]","[{""title"": "" Discover Reward Points Redemption Options"", ""subtitle"": ""To explore the full range of redemption options for this card, download the SaveSage Club app now."", ""barCodeImageUrl"": ""/"", ""appUrl"": ""https://savesage.co/ZH8bLjZqSPb""}]",,"[{""milestoneNumber"": 1, ""spent"": 1500, ""cycleType"": ""STATEMENT"", ""benefits"": ""Get 6,000 bonus reward points equivalent to INR 1,500."", ""milestoneType"": ""YEAR""}, {""milestoneNumber"": 2, ""spent"": 25000, ""cycleType"": ""STATEMENT"", ""benefits"": ""Earn 2400 bonus Reward Points."", ""milestoneType"": ""YEAR""}, {""milestoneNumber"": 3, ""spent"": 75000, ""cycleType"": ""STATEMENT"", ""benefits"": ""Earn 8,000 bonus Reward Points."", ""milestoneType"": ""YEAR""}, {""milestoneNumber"": 4, ""spent"": 150000, ""cycleType"": ""STATEMENT"", ""benefits"": ""Earn 12,000 bonus Reward Points."", ""milestoneType"": ""YEAR""}]",[],,,,[],[],,,,savesage.club,https://savesage.club/credit-card/sbi-lifestyle-home-centre-select
SBI Krisflyer credit card,SBI Card,SBI,,"[""Airline Transfer""]",2999,,,3% to 6%,"[{""child"": ""Earn 2 Reward Points per ₹200 spent"", ""name"": ""Base Rewards""}, {""child"": ""Earn 5 Reward Points per ₹200 spent"", ""name"": ""Singapore Airlines""}, {""child"": ""Earn 5 Reward Points per ₹200 spent"", ""name"": ""International""}, {""child"": ""Earn 2 Reward Points per ₹200 spent"", ""name"": ""Utilities""}, {""child"": "" No Reward Points on this category."", ""name"": ""UPI""}, {""child"": "" No Reward Points on this category."", ""name"": ""Insurance""}, {""child"": "" No Reward Points on this category."", ""name"": ""Education (Third-party)""}, {""child"": "" No Reward Points on this category."", ""name"": ""EMI""}, {""child"": "" No Reward Points on this category."", ""name"": ""Rent""}, {""child"": "" No Reward Points on this category."", ""name"": ""Wallets""}, {""child"": "" No Reward Points on this category."", ""name"": ""Fuel""}]","[{""title"": "" Discover Reward Points Redemption Options"", ""subtitle"": ""To explore the full range of redemption options for this card, download the SaveSage Club app now."", ""barCodeImageUrl"": ""/"", ""appUrl"": ""https://savesage.co/ZH8bLjZqSPb""}]",,"[{""milestoneNumber"": 1, ""spent"": 0, ""cycleType"": ""STATEMENT"", ""benefits"": ""Get 3,000 KrisFlyer miles on payment of annual fees and first transaction within 60 days of card issuance."", ""milestoneType"": ""YEAR""}, {""milestoneNumber"": 2, ""spent"": 250000, ""cycleType"": ""STATEMENT"", ""benefits"": ""Tier upgrade to KrisFlyer Elite Silver membership."", ""milestoneType"": ""YEAR""}, {""milestoneNumber"": 3, ""spent"": 300000, ""cycleType"": ""STATEMENT"", ""benefits"": ""Additional 3,000 KrisFlyer miles."", ""milestoneType"": ""YEAR""}]","[{""maintitle"": ""Domestic lounge"", ""limit"": [""1 per quarter""], ""eligibility"": [""1 complimentary domestic airport lounge visit every quarter.""]}, {""maintitle"": ""International lounge"", ""limit"": [""1 per quarter""], ""eligibility"": [""Complimentary Lounge Access using Priority Pass.""]}]",,,,"[{""mainTitle"": ""Insurance"", ""child"": ""Air Accident cover of Rs 1 Cr.""}, {""mainTitle"": ""Insurance"", ""child"": ""Baggage loss/ delay cover of Rs 1 lakh.""}, {""mainTitle"": ""Insurance"", ""child"": ""Fraud loss cover of Rs 1 lakh.""}, {""mainTitle"": ""Priority Pass"", ""child"": ""Complimentary membership to the Priority Pass Program worth $99.""}]","[""Air Accident cover of Rs 1 Cr."", ""Baggage loss/ delay cover of Rs 1 lakh."", ""Fraud loss cover of Rs 1 lakh."", ""Complimentary membership to the Priority Pass Program worth $99.""]",,,,savesage.club,https://savesage.club/credit-card/sbi-krisflyer
SBI Krisflyer Apex credit card,SBI Card,SBI,,"[""Airline Transfer""]",9999,,,3% to 6%,"[{""child"": ""Earn 6 Reward Points per ₹200 spent"", ""name"": ""Base Rewards""}, {""child"": ""Earn 10 Reward Points per ₹200 spent"", ""name"": ""Singapore Airlines""}, {""child"": ""Earn 8 Reward Points per ₹200 spent"", ""name"": ""International""}, {""child"": "" No Reward Points on this category."", ""name"": ""Rent""}, {""child"": "" No Reward Points on this category."", ""name"": ""Government""}, {""child"": "" No Reward Points on this category."", ""name"": ""Utilities""}, {""child"": "" No Reward Points on this category."", ""name"": ""Education (Third-party)""}, {""child"": "" No Reward Points on this category."", ""name"": ""Wallets""}, {""child"": "" No Reward Points on this category."", ""name"": ""Fuel""}, {""child"": "" No Reward Points on this category."", ""name"": ""UPI""}, {""child"": "" No Reward Points on this category."", ""name"": ""Insurance""}, {""child"": "" No Reward Points on this category."", ""name"": ""EMI""}]","[{""title"": "" Discover Reward Points Redemption Options"", ""subtitle"": ""To explore the full range of redemption options for this card, download the SaveSage Club app now."", ""barCodeImageUrl"": ""/"", ""appUrl"": ""https://savesage.co/ZH8bLjZqSPb""}]",,"[{""milestoneNumber"": 1, ""spent"": 0, ""cycleType"": ""STATEMENT"", ""benefits"": ""Get 10,000 KrisFlyer miles on payment of annual fees and first transaction within 60 days of card issuance."", ""milestoneType"": ""YEAR""}, {""milestoneNumber"": 2, ""spent"": 500000, ""cycleType"": ""STATEMENT"", ""benefits"": ""Additional 10,000 KrisFlyer miles."", ""milestoneType"": ""YEAR""}, {""milestoneNumber"": 3, ""spent"": 750000, ""cycleType"": ""STATEMENT"", ""benefits"": ""Tier upgrade to KrisFlyer Elite Gold membership."", ""milestoneType"": ""YEAR""}, {""milestoneNumber"": 4, ""spent"": 1000000, ""cycleType"": ""STATEMENT"", ""benefits"": ""3,000 additional bonus KrisFlyer miles."", ""milestoneType"": ""YEAR""}]","[{""maintitle"": ""Domestic lounge"", ""limit"": [""2 per quarter""], ""eligibility"": [""2 complimentary domestic airport lounge visits every quarter.""]}, {""maintitle"": ""International lounge"", ""limit"": [""2 per quarter""], ""eligibility"": [""8 complimentary international airport lounge visits per year (max 2 per quarter).\nComplimentary Lounge Access using Priority Pass.""]}]",,,,"[{""mainTitle"": ""Insurance"", ""child"": ""Air Accident cover of Rs 3.5 Cr.""}, {""mainTitle"": ""Insurance"", ""child"": ""Baggage loss/ delay cover of Rs 1 lakh.""}, {""mainTitle"": ""Insurance"", ""child"": ""Fraud loss cover of Rs 10 lakh.""}, {""mainTitle"": ""Priority Pass"", ""child"": ""Complimentary membership to the Priority Pass Program worth $99.""}]","[""Air Accident cover of Rs 3.5 Cr."", ""Baggage loss/ delay cover of Rs 1 lakh."", ""Fraud loss cover of Rs 10 lakh."", ""Complimentary membership to the Priority Pass Program worth $99.""]",,,,savesage.club,https://savesage.club/credit-card/sbi-krisflyer-apex
SBI Miles Elite credit card,SBI Card,SBI,,"[""Cashback"", ""Pay by Points""]",4999,,,1% to 2%,"[{""child"": ""Earn 2 Reward Points per ₹200 spent"", ""name"": ""Base Rewards""}, {""child"": ""Earn 6 Reward Points per ₹200 spent"", ""name"": ""Travel""}, {""child"": "" No Reward Points on this category."", ""name"": ""Education (Third-party)""}, {""child"": "" No Reward Points on this category."", ""name"": ""Wallets""}, {""child"": "" No Reward Points on this category."", ""name"": ""Rent""}, {""child"": "" No Reward Points on this category."", ""name"": ""Fuel""}, {""child"": "" No Reward Points on this category."", ""name"": ""Utilities""}]","[{""title"": "" Discover Reward Points Redemption Options"", ""subtitle"": ""To explore the full range of redemption options for this card, download the SaveSage Club app now."", ""barCodeImageUrl"": ""/"", ""appUrl"": ""https://savesage.co/ZH8bLjZqSPb""}]",,"[{""milestoneNumber"": 1, ""spent"": 100000, ""cycleType"": ""STATEMENT"", ""benefits"": ""5000 Travel Credits."", ""milestoneType"": ""DAYS""}, {""milestoneNumber"": 2, ""spent"": 100000, ""cycleType"": ""STATEMENT"", ""benefits"": ""Cardholder gets 1 complimentary Domestic Airport Lounge visit over & above the complimentary visits with every spend of ₹1L."", ""milestoneType"": ""YEAR""}, {""milestoneNumber"": 3, ""spent"": 1200000, ""cycleType"": ""STATEMENT"", ""benefits"": ""20,000 Bonus Travel Credits."", ""milestoneType"": ""YEAR""}, {""milestoneNumber"": 4, ""spent"": 1500000, ""cycleType"": ""STATEMENT"", ""benefits"": ""The renewal fee will be waived."", ""milestoneType"": ""YEAR""}]","[{""maintitle"": ""Domestic lounge"", ""limit"": [""1 per quarter""], ""eligibility"": [""8 complimentary domestic airport lounge visits per year (max 2 per quarter).|Cardholders can avail additional lounge visits basis their Card variant with every spend of INR 1 Lakh(max 12/yr)""]}, {""maintitle"": ""International lounge"", ""limit"": [""6 per year""], ""eligibility"": [""6 Complimentary Lounge Access using Priority Pass.""]}]",,,,"[{""mainTitle"": ""Insurance"", ""child"": ""Up to 6 flight cancellations per year, each limited to Rs 3,500.""}, {""mainTitle"": ""Insurance"", ""child"": ""Lost card liability up to Rs 1 Lakh.""}, {""mainTitle"": ""Insurance"", ""child"": ""Air Accident Cover up to Rs 1 Crore.""}, {""mainTitle"": ""Insurance"", ""child"": ""Loss of check-in baggage up to Rs 72,000.""}, {""mainTitle"": ""Insurance"", ""child"": ""Delay of check-in baggage Rs 7,500.""}, {""mainTitle"": ""Insurance"", ""child"": ""Loss of travel documents up to Rs 12,500.""}, {""mainTitle"": ""Insurance"", ""child"": ""Baggage damage cover up to Rs 5,000.""}, {""mainTitle"": ""Priority Pass"", ""child"": ""Complimentary Priority Pass membership.""}]","[""Up to 6 flight cancellations per year, each limited to Rs 3,500."", ""Lost card liability up to Rs 1 Lakh."", ""Air Accident Cover up to Rs 1 Crore."", ""Loss of check-in baggage up to Rs 72,000."", ""Delay of check-in baggage Rs 7,500."", ""Loss of travel documents up to Rs 12,500."", ""Baggage damage cover up to Rs 5,000."", ""Complimentary Priority Pass membership.""]",,,,savesage.club,https://savesage.club/credit-card/sbi-miles-elite
SBI Miles Prime credit card,SBI Card,SBI,,"[""Cashback"", ""Pay by Points""]",2999,,,1% to 2%,"[{""child"": ""Earn 2 Reward Points per ₹200 spent"", ""name"": ""Base Rewards""}, {""child"": ""Earn 4 Reward Points per ₹200 spent"", ""name"": ""Insurance""}, {""child"": ""Earn 4 Reward Points per ₹200 spent"", ""name"": ""Utilities""}, {""child"": ""Earn 4 Reward Points per ₹200 spent"", ""name"": ""Wallets""}, {""child"": ""Earn 4 Reward Points per ₹200 spent"", ""name"": ""Education""}, {""child"": ""Earn 4 Reward Points per ₹200 spent"", ""name"": ""Government""}, {""child"": ""Earn 4 Reward Points per ₹200 spent"", ""name"": ""Jewellery""}, {""child"": ""Earn 4 Reward Points per ₹200 spent"", ""name"": ""Rent""}, {""child"": ""Earn 4 Reward Points per ₹200 spent"", ""name"": ""Travel""}, {""child"": "" No Reward Points on this category."", ""name"": ""Education (Third-party)""}, {""child"": "" No Reward Points on this category."", ""name"": ""Fuel""}]","[{""title"": "" Discover Reward Points Redemption Options"", ""subtitle"": ""To explore the full range of redemption options for this card, download the SaveSage Club app now."", ""barCodeImageUrl"": ""/"", ""appUrl"": ""https://savesage.co/ZH8bLjZqSPb""}]",,"[{""milestoneNumber"": 1, ""spent"": 60000, ""cycleType"": ""STATEMENT"", ""benefits"": ""3,000 Travel Credits."", ""milestoneType"": ""DAYS""}, {""milestoneNumber"": 2, ""spent"": 800000, ""cycleType"": ""STATEMENT"", ""benefits"": ""10,000 Bonus Travel Credits."", ""milestoneType"": ""YEAR""}, {""milestoneNumber"": 3, ""spent"": 1000000, ""cycleType"": ""STATEMENT"", ""benefits"": ""The renewal fee will be waived."", ""milestoneType"": ""YEAR""}]","[{""maintitle"": ""Domestic lounge"", ""limit"": [""2 per quarter""], ""eligibility"": [""8 complimentary domestic airport lounge visits per year (max 2 per quarter).|Cardholders can avail additional lounge visits basis their Card variant with every spend of INR 1 Lakh(max 15/yr)""]}, {""maintitle"": ""International lounge"", ""limit"": [""2 per quarter""], ""eligibility"": [""6 Complimentary Lounge Access using Priority Pass.""]}]",,,,"[{""mainTitle"": ""Insurance"", ""child"": ""Loss of check-in baggage up to Rs 72,000.""}, {""mainTitle"": ""Insurance"", ""child"": ""Delay of check-in baggage Rs 7,500.""}, {""mainTitle"": ""Insurance"", ""child"": ""Loss of travel documents up to Rs 12,500.""}, {""mainTitle"": ""Insurance"", ""child"": ""Baggage damage cover up to Rs 5,000.""}, {""mainTitle"": ""Insurance"", ""child"": ""Up to 6 flight cancellations per year, each limited to Rs 3,500.""}, {""mainTitle"": ""Insurance"", ""child"": ""Lost card liability up to Rs 1 Lakh.""}, {""mainTitle"": ""Insurance"", ""child"": ""Air Accident Cover up to Rs 1 Crore.""}, {""mainTitle"": ""Priority Pass"", ""child"": ""Complimentary Priority Pass membership.""}]","[""Loss of check-in baggage up to Rs 72,000."", ""Delay of check-in baggage Rs 7,500."", ""Loss of travel documents up to Rs 12,500."", ""Baggage damage cover up to Rs 5,000."", ""Up to 6 flight cancellations per year, each limited to Rs 3,500."", ""Lost card liability up to Rs 1 Lakh."", ""Air Accident Cover up to Rs 1 Crore."", ""Complimentary Priority Pass membership.""]",,,,savesage.club,https://savesage.club/credit-card/sbi-miles-prime
SBI Miles credit card,SBI Card,SBI,,"[""Experience"", ""Travel Booking"", ""Hotel Transfer"", ""Pay by Points""]",1499,,,1% to 2.5%,"[{""child"": ""Earn 1 Reward Points per ₹200 spent"", ""name"": ""Base Rewards""}, {""child"": ""Earn 2 Reward Points per ₹200 spent"", ""name"": ""Travel""}, {""child"": ""Earn 1 Reward Points per ₹200 spent"", ""name"": ""Rent""}, {""child"": ""Earn 1 Reward Points per ₹200 spent"", ""name"": ""Utilities""}, {""child"": ""Earn 1 Reward Points per ₹200 spent"", ""name"": ""Wallets""}, {""child"": "" No Reward Points on this category."", ""name"": ""Fuel""}, {""child"": "" No Reward Points on this category."", ""name"": ""Education (Third-party)""}]","[{""title"": "" Discover Reward Points Redemption Options"", ""subtitle"": ""To explore the full range of redemption options for this card, download the SaveSage Club app now."", ""barCodeImageUrl"": ""/"", ""appUrl"": ""https://savesage.co/ZH8bLjZqSPb""}]",,[],"[{""maintitle"": ""Domestic lounge"", ""limit"": [""1 per quarter""], ""eligibility"": [""4 complimentary domestic airport lounge visits per year (max 1 per quarter).|Cardholders can avail additional lounge visits basis their Card variant with every spend of INR 1 Lakh(max 8/yr)""]}]",,,,"[{""mainTitle"": ""Priority Pass"", ""child"": ""Complimentary Priority Pass membership.""}]","[""Complimentary Priority Pass membership.""]",,,,savesage.club,https://savesage.club/credit-card/sbi-miles
SBI Titan credit card,SBI Card,SBI,,[],2999,,,NA,"[{""child"": ""Earn 6 Reward Points per ₹100 spent"", ""name"": ""Base Rewards""}, {""child"": ""Earn 7.5 Reward Points per ₹100 spent"", ""name"": ""Titan""}, {""child"": ""Earn 5 Reward Points per ₹100 spent"", ""name"": ""Zoya""}, {""child"": ""Earn 5 Reward Points per ₹100 spent"", ""name"": ""Mia""}, {""child"": ""Earn 5 Reward Points per ₹100 spent"", ""name"": ""Cartlane""}, {""child"": ""Earn 3 Reward Points per ₹100 spent"", ""name"": ""Tanishq""}, {""child"": "" No Reward Points on this category."", ""name"": ""Wallets""}, {""child"": "" No Reward Points on this category."", ""name"": ""Fuel""}, {""child"": "" No Reward Points on this category."", ""name"": ""Rent""}, {""child"": "" No Reward Points on this category."", ""name"": ""Utilities""}, {""child"": "" No Reward Points on this category."", ""name"": ""Education (Third-party)""}]","[{""title"": "" Discover Reward Points Redemption Options"", ""subtitle"": ""To explore the full range of redemption options for this card, download the SaveSage Club app now."", ""barCodeImageUrl"": ""/"", ""appUrl"": ""https://savesage.co/ZH8bLjZqSPb""}]",,"[{""milestoneNumber"": 1, ""spent"": 2999, ""cycleType"": ""STATEMENT"", ""benefits"": ""12000 RPs"", ""milestoneType"": ""YEAR""}, {""milestoneNumber"": 2, ""spent"": 300000, ""cycleType"": ""STATEMENT"", ""benefits"": ""The renewal fee will be waived."", ""milestoneType"": ""YEAR""}, {""milestoneNumber"": 3, ""spent"": 500000, ""cycleType"": ""STATEMENT"", ""benefits"": ""Additional 5000 worth Gift Vouchers."", ""milestoneType"": ""YEAR""}, {""milestoneNumber"": 4, ""spent"": 1000000, ""cycleType"": ""STATEMENT"", ""benefits"": ""Additional 10,000 worth Gift Voucher."", ""milestoneType"": ""YEAR""}]","[{""maintitle"": ""Domestic lounge"", ""limit"": [""2 per quarter""], ""eligibility"": [""8 domestic lounge access per year capped at 2 per quarter.""]}, {""maintitle"": ""International lounge"", ""limit"": [""2 per quarter""], ""eligibility"": [""4 complimentary international airport lounge visits per year capped at 2 per quarter.""]}]",,,,"[{""mainTitle"": ""Priority Pass"", ""child"": ""Complimentary Priority Pass membership.""}]","[""Complimentary Priority Pass membership.""]",,,,savesage.club,https://savesage.club/credit-card/sbi-titan
HSBC Taj credit card,HSBC,HSBC,,[],110000,,,NA,"[{""child"": ""Earn 1.5 Reward Points per ₹100 spent"", ""name"": ""Base Rewards""}, {""child"": ""Earn 5 Reward Points per ₹100 spent"", ""name"": ""Taj""}, {""child"": "" No Reward Points on this category."", ""name"": ""Jewellery""}, {""child"": "" No Reward Points on this category."", ""name"": ""UPI""}]","[{""title"": "" Discover Reward Points Redemption Options"", ""subtitle"": ""To explore the full range of redemption options for this card, download the SaveSage Club app now."", ""barCodeImageUrl"": ""/"", ""appUrl"": ""https://savesage.co/ZH8bLjZqSPb""}]",,"[{""milestoneNumber"": 1, ""spent"": 0, ""cycleType"": ""STATEMENT"", ""benefits"": ""Taj Epicure Membership.NeuPass Taj InnerCircle Platinum Tier membership.Get two nights breakfast-inclusive stays at hotels across India and a one-night stay at Taj Palaces, Also get a voucher for an extra one-night stay at Taj Palaces with every new or renewed card.Offer valid until 31 March 2026"", ""milestoneType"": ""YEAR""}, {""milestoneNumber"": 2, ""spent"": 1, ""cycleType"": ""STATEMENT"", ""benefits"": ""Taj Epicure Membership.NeuPass Taj InnerCircle Platinum Tier membership.Get two nights breakfast-inclusive stays at hotels across India and a one-night stay at Taj Palaces, Also get a voucher for an extra one-night stay at Taj Palaces with every new or renewed card.Offer valid until 31 March 2026"", ""milestoneType"": ""YEAR""}]","[{""maintitle"": ""Add on card international lounge"", ""limit"": [""Unlimited""], ""eligibility"": [""""]}, {""maintitle"": ""International lounge"", ""limit"": [""Unlimited""], ""eligibility"": [""Unlimited airport lounge access globally.""]}]",,,,"[{""mainTitle"": ""AdaniOne"", ""child"": ""15% savings on duty-free with AdaniOne (once per month; min order Rs 3,000; max order Rs 7,500).""}, {""mainTitle"": ""Blacklane"", ""child"": ""4 chauffeur-driven limousine transfers a year offered via Blacklane.""}, {""mainTitle"": ""District"", ""child"": ""BOGO""}, {""mainTitle"": ""Croma"", ""child"": ""5% off at Croma (min spend Rs 20,000; max total savings Rs 2,000).""}, {""mainTitle"": ""EazyDiner"", ""child"": ""30% off upto ₹1500""}, {""mainTitle"": ""Emirates"", ""child"": ""Up to 5% off on Emirates flights originating in India using code ‘INHSBCT’.""}, {""mainTitle"": ""Just In Time"", ""child"": ""10% off at Just In Time.""}, {""mainTitle"": ""PVR Cinemas"", ""child"": ""10% off at PVR Cinemas (On Gold Class movie tickets, food and beverages).""}, {""mainTitle"": ""Starbucks"", ""child"": ""50% off at Starbucks 4 times a month (max total savings Rs 150).""}, {""mainTitle"": ""Swiggy"", ""child"": ""10% off at Swiggy.""}, {""mainTitle"": ""Tira"", ""child"": ""25% off at Tira (min spend Rs 2,499; max total savings Rs 750).""}, {""mainTitle"": ""VKYC"", ""child"": ""Get Amazon voucher""}, {""mainTitle"": ""Zomato"", ""child"": ""12% off at Zomato (min spend Rs 2,499; max total savings Rs 500).""}]","[""15% savings on duty-free with AdaniOne (once per month; min order Rs 3,000; max order Rs 7,500)."", ""4 chauffeur-driven limousine transfers a year offered via Blacklane."", ""BOGO"", ""5% off at Croma (min spend Rs 20,000; max total savings Rs 2,000)."", ""30% off upto ₹1500"", ""Up to 5% off on Emirates flights originating in India using code ‘INHSBCT’."", ""10% off at Just In Time."", ""10% off at PVR Cinemas (On Gold Class movie tickets, food and beverages)."", ""50% off at Starbucks 4 times a month (max total savings Rs 150)."", ""10% off at Swiggy."", ""25% off at Tira (min spend Rs 2,499; max total savings Rs 750)."", ""Get Amazon voucher"", ""12% off at Zomato (min spend Rs 2,499; max total savings Rs 500).""]",,,,savesage.club,https://savesage.club/credit-card/hsbc-taj
HSBC TravelOne credit card,HSBC,HSBC,,[],4999,,,NA,"[{""child"": ""Earn 2 Reward Points per ₹100 spent"", ""name"": ""Base Rewards""}, {""child"": ""Earn 24 Reward Points per ₹100 spent"", ""name"": ""HSBC - Hotels""}, {""child"": ""Earn 16 Reward Points per ₹100 spent"", ""name"": ""HSBC - Flights""}, {""child"": ""Earn 8 Reward Points per ₹100 spent"", ""name"": ""HSBC - Car Rentals""}, {""child"": ""Earn 4 Reward Points per ₹100 spent"", ""name"": ""Flights""}, {""child"": ""Earn 4 Reward Points per ₹100 spent"", ""name"": ""Online Travel Agencies""}, {""child"": ""Earn 4 Reward Points per ₹100 spent"", ""name"": ""International""}, {""child"": "" No Reward Points on this category."", ""name"": ""Jewellery""}, {""child"": "" No Reward Points on this category."", ""name"": ""Utilities""}, {""child"": "" No Reward Points on this category."", ""name"": ""Wallets""}, {""child"": "" No Reward Points on this category."", ""name"": ""UPI""}, {""child"": "" No Reward Points on this category."", ""name"": ""Rent""}, {""child"": "" No Reward Points on this category."", ""name"": ""Education""}, {""child"": "" No Reward Points on this category."", ""name"": ""Insurance""}, {""child"": "" No Reward Points on this category."", ""name"": ""Fuel""}, {""child"": "" No Reward Points on this category."", ""name"": ""Financial Institutions""}, {""child"": "" No Reward Points on this category."", ""name"": ""Government""}, {""child"": "" No Reward Points on this category."", ""name"": ""Bail & Bond Payment""}]","[{""title"": "" Discover Reward Points Redemption Options"", ""subtitle"": ""To explore the full range of redemption options for this card, download the SaveSage Club app now."", ""barCodeImageUrl"": ""/"", ""appUrl"": ""https://savesage.co/ZH8bLjZqSPb""}]",,"[{""milestoneNumber"": 1, ""spent"": 0, ""cycleType"": ""STATEMENT"", ""benefits"": ""₹1,000 cashback, a ₹3,000 PostCard voucher, and a 3-month EazyDiner Prime membership."", ""milestoneType"": ""YEAR""}, {""milestoneNumber"": 2, ""spent"": 800000, ""cycleType"": ""STATEMENT"", ""benefits"": ""The renewal fee will be waived."", ""milestoneType"": ""YEAR""}, {""milestoneNumber"": 3, ""spent"": 1200000, ""cycleType"": ""STATEMENT"", ""benefits"": ""10,000 Reward Points."", ""milestoneType"": ""YEAR""}]","[{""maintitle"": ""International lounge"", ""limit"": [""4 per year""], ""eligibility"": [""4 Complimentary Lounge Access using Priority Pass.""]}, {""maintitle"": ""Domestic lounge"", ""limit"": [""6 per year""], ""eligibility"": [""6 complimentary domestic airport lounge visits per year.""]}, {""maintitle"": ""Add on card domestic lounge"", ""limit"": [""4 per year""], ""eligibility"": [""""]}, {""maintitle"": ""Add on card international lounge"", ""limit"": [""6 per year""], ""eligibility"": [""""]}]",,,,"[{""mainTitle"": ""AdaniOne"", ""child"": ""Save 20% on duty-free shopping via the AdaniOne app or website (minimum order value INR 8,000; once per card per year; max savings INR 3,000).""}, {""mainTitle"": ""Airport Transfer"", ""child"": ""4 Airport Transfer""}, {""mainTitle"": ""District"", ""child"": ""BOGO""}, {""mainTitle"": ""ClearTrip"", ""child"": ""15% off at cleartrip.""}, {""mainTitle"": ""EaseMyTrip"", ""child"": ""15% off at EaseMyTrip.""}, {""mainTitle"": ""EazyDiner"", ""child"": ""10% off upto ₹1000""}, {""mainTitle"": ""Golf"", ""child"": ""Golf lesson/round""}, {""mainTitle"": ""Paytm"", ""child"": ""15% off at Paytm.""}, {""mainTitle"": ""StayVista"", ""child"": ""11% off at StayVista.""}, {""mainTitle"": ""VKYC"", ""child"": ""Get Amazon voucher""}, {""mainTitle"": ""Yatra"", ""child"": ""15% off at Yatra.""}, {""mainTitle"": ""Zomato"", ""child"": ""Enjoy up to 10% off on events and dining through the Zomato app. Plus, get 2 for 1 movie tickets (max 2 times per month; max single ticket value INR200).""}]","[""Save 20% on duty-free shopping via the AdaniOne app or website (minimum order value INR 8,000; once per card per year; max savings INR 3,000)."", ""4 Airport Transfer"", ""BOGO"", ""15% off at cleartrip."", ""15% off at EaseMyTrip."", ""10% off upto ₹1000"", ""Golf lesson/round"", ""15% off at Paytm."", ""11% off at StayVista."", ""Get Amazon voucher"", ""15% off at Yatra."", ""Enjoy up to 10% off on events and dining through the Zomato app. Plus, get 2 for 1 movie tickets (max 2 times per month; max single ticket value INR200).""]",,,,savesage.club,https://savesage.club/credit-card/hsbc-travelone
IDFC LIC Classic credit card,IDFC FIRST Bank,IDFC,,"[""Experience"", ""Travel Booking"", ""Hotel Transfer""]",0,,,3% to 5%,"[{""child"": ""Earn 1 Reward Points per ₹125 spent"", ""name"": ""Base Rewards""}, {""child"": ""Earn 6 Reward Points per ₹125 spent"", ""name"": ""LIC""}, {""child"": ""Earn 1 Reward Points per ₹125 spent"", ""name"": ""Government""}, {""child"": ""Earn 1 Reward Points per ₹125 spent"", ""name"": ""Trains""}, {""child"": ""Earn 1 Reward Points per ₹125 spent"", ""name"": ""Education""}, {""child"": ""Earn 1 Reward Points per ₹125 spent"", ""name"": ""Utilities""}, {""child"": "" No Reward Points on this category."", ""name"": ""Rent""}, {""child"": "" No Reward Points on this category."", ""name"": ""Fuel""}, {""child"": "" No Reward Points on this category."", ""name"": ""Insurance""}, {""child"": "" No Reward Points on this category."", ""name"": ""EMI""}]","[{""title"": "" Discover Reward Points Redemption Options"", ""subtitle"": ""To explore the full range of redemption options for this card, download the SaveSage Club app now."", ""barCodeImageUrl"": ""/"", ""appUrl"": ""https://savesage.co/ZH8bLjZqSPb""}]",,"[{""milestoneNumber"": 1, ""spent"": 5000, ""cycleType"": ""STATEMENT"", ""benefits"": ""1,000 Reward Points"", ""milestoneType"": ""DAYS""}]","[{""maintitle"": ""Domestic lounge"", ""limit"": [""1 per quarter""], ""eligibility"": [""Minimum monthly spends of ₹20,000.""]}, {""maintitle"": ""Railway lounge"", ""limit"": [""2 per quarter""], ""eligibility"": [""2 railway lounge access per quarter.""]}]",,,,"[{""mainTitle"": ""Dining"", ""child"": ""Up to 15% discount on dining across 300+ cities.""}, {""mainTitle"": ""Insurance"", ""child"": ""This card offers roadside assistance of Rs 1,399.""}, {""mainTitle"": ""Insurance"", ""child"": ""offers Rs 25,000 as credit shield cover and purchase protection cover.""}, {""mainTitle"": ""Lenskart"", ""child"": ""Lenskart Gold membership worth Rs 500 will also be available free of cost for one year.""}, {""mainTitle"": ""MYGLAMM"", ""child"": ""A discount of Rs 500 can also be availed on sending Rs 899 and above on MYGLAMM purchases""}, {""mainTitle"": ""PharmEasy Plus"", ""child"": ""Card holdeRs will also get PharmEasy Plus membership worth Rs 399 which is free for six months.""}, {""mainTitle"": ""Road Side Assistance"", ""child"": ""Road Side Assistance""}, {""mainTitle"": ""Yatra"", ""child"": ""On booking flight tickets on Yatra.""}]","[""Up to 15% discount on dining across 300+ cities."", ""This card offers roadside assistance of Rs 1,399."", ""offers Rs 25,000 as credit shield cover and purchase protection cover."", ""Lenskart Gold membership worth Rs 500 will also be available free of cost for one year."", ""A discount of Rs 500 can also be availed on sending Rs 899 and above on MYGLAMM purchases"", ""Card holdeRs will also get PharmEasy Plus membership worth Rs 399 which is free for six months."", ""Road Side Assistance"", ""On booking flight tickets on Yatra.""]",,,,savesage.club,https://savesage.club/credit-card/idfc-lic-classic
IDFC LIC Select credit card,IDFC FIRST Bank,IDFC,,"[""Cashback"", ""Pay by Points""]",0,,,1% to 2.5%,"[{""child"": ""Earn 1 Reward Points per ₹125 spent"", ""name"": ""Base Rewards""}, {""child"": ""Earn 10 Reward Points per ₹125 spent"", ""name"": ""LIC""}, {""child"": ""Earn 1 Reward Points per ₹125 spent"", ""name"": ""Education""}, {""child"": ""Earn 1 Reward Points per ₹125 spent"", ""name"": ""Utilities""}, {""child"": "" No Reward Points on this category."", ""name"": ""Insurance""}, {""child"": "" No Reward Points on this category."", ""name"": ""Fuel""}, {""child"": "" No Reward Points on this category."", ""name"": ""Rent""}, {""child"": "" No Reward Points on this category."", ""name"": ""EMI""}]","[{""title"": "" Discover Reward Points Redemption Options"", ""subtitle"": ""To explore the full range of redemption options for this card, download the SaveSage Club app now."", ""barCodeImageUrl"": ""/"", ""appUrl"": ""https://savesage.co/ZH8bLjZqSPb""}]",,"[{""milestoneNumber"": 1, ""spent"": 10000, ""cycleType"": ""STATEMENT"", ""benefits"": ""2,000 reward points"", ""milestoneType"": ""DAYS""}]","[{""maintitle"": ""Domestic lounge"", ""limit"": [""2 per quarter""], ""eligibility"": [""2 complimentary domestic airport lounge visits per quarter on spending ₹5,000 every month.""]}, {""maintitle"": ""Railway lounge"", ""limit"": [""4 per quarter""], ""eligibility"": [""4 complimentary railway lounge access per quarter.""]}]",,,,"[{""mainTitle"": ""Insurance"", ""child"": ""Get Personal Accident cover worth Rs 5 lakh.""}, {""mainTitle"": ""Insurance"", ""child"": ""Get lost card liability cover worth Rs 50,000 valid on doing minimum one transaction in last 30 days.""}, {""mainTitle"": ""Insurance"", ""child"": ""Get complimentary roadside assistance of value Rs 1,399.""}, {""mainTitle"": ""Insurance"", ""child"": ""Get a purchase protection cover and credit shield cover worth Rs 25,000.""}, {""mainTitle"": ""Insurance"", ""child"": ""Get air accident cover worth Rs 1 crore.""}, {""mainTitle"": ""Lenskart"", ""child"": ""Get a one-year free Lenskart Gold membership of worth Rs 500.""}, {""mainTitle"": ""MYGLAMM"", ""child"": ""Earn a discount of Rs 500 on buying products worth Rs 899 and above from MYGLAMM.""}, {""mainTitle"": ""PharmEasy Plus"", ""child"": ""Get free membership of PharmEasy Plus woth Rs 399 for 6 months.""}, {""mainTitle"": ""Road Side Assistance"", ""child"": ""Road Side Assistance""}, {""mainTitle"": ""Yatra"", ""child"": ""Earn a discount of Rs 500 on flight booking through Yatra.""}]","[""Get Personal Accident cover worth Rs 5 lakh."", ""Get lost card liability cover worth Rs 50,000 valid on doing minimum one transaction in last 30 days."", ""Get complimentary roadside assistance of value Rs 1,399."", ""Get a purchase protection cover and credit shield cover worth Rs 25,000."", ""Get air accident cover worth Rs 1 crore."", ""Get a one-year free Lenskart Gold membership of worth Rs 500."", ""Earn a discount of Rs 500 on buying products worth Rs 899 and above from MYGLAMM."", ""Get free membership of PharmEasy Plus woth Rs 399 for 6 months."", ""Road Side Assistance"", ""Earn a discount of Rs 500 on flight booking through Yatra.""]",,,,savesage.club,https://savesage.club/credit-card/idfc-lic-select
IndusInd Duo credit card,IndusInd Bank,IndusInd,,"[""Experience"", ""Travel Booking"", ""Hotel Transfer""]",0,,,2% to 5%,"[{""child"": ""Earn 1 Reward Points per ₹150 spent"", ""name"": ""Base Rewards""}, {""child"": ""Earn 1 Reward Points per ₹150 spent"", ""name"": ""Utilities""}, {""child"": ""Earn 1 Reward Points per ₹150 spent"", ""name"": ""Wallets""}, {""child"": ""Earn 1 Reward Points per ₹150 spent"", ""name"": ""Education""}, {""child"": ""Earn 1 Reward Points per ₹150 spent"", ""name"": ""Rent""}, {""child"": "" No Reward Points on this category."", ""name"": ""Fuel""}]","[{""title"": "" Discover Reward Points Redemption Options"", ""subtitle"": ""To explore the full range of redemption options for this card, download the SaveSage Club app now."", ""barCodeImageUrl"": ""/"", ""appUrl"": ""https://savesage.co/ZH8bLjZqSPb""}]",,[],[],,,,"[{""mainTitle"": ""Air Accident Insurance"", ""child"": ""Get an insurance benefit of Rs 25 lakh.""}, {""mainTitle"": ""BookMyShow"", ""child"": ""Earn free movie tickets.""}, {""mainTitle"": ""Concierge"", ""child"": ""24x7 access to concierge assistance for hotel reservations, flight booking, sports, and entertainment bookings.""}, {""mainTitle"": ""Delayed baggage"", ""child"": ""Get an insurance benefit of Rs 25,000.""}, {""mainTitle"": ""Loss of passport"", ""child"": ""Get an insurance benefit of Rs 50,000.""}, {""mainTitle"": ""Lost baggage"", ""child"": ""Get an insurance benefit of Rs 1 lakh.""}, {""mainTitle"": ""Lost card liability"", ""child"": ""Get an insurance benefit of Rs 3 lakh for your Lost card liability.""}, {""mainTitle"": ""Lost ticket"", ""child"": ""Get an insurance benefit of Rs 25,000.""}, {""mainTitle"": ""Missed connection"", ""child"": ""Get an insurance benefit of Rs 25,000.""}, {""mainTitle"": ""Personal accident cover"", ""child"": ""Get an insurance benefit of Rs 2 lakh.""}, {""mainTitle"": ""Purchase protection"", ""child"": ""Get an insurance benefit of Rs 50,000.""}]","[""Get an insurance benefit of Rs 25 lakh."", ""Earn free movie tickets."", ""24x7 access to concierge assistance for hotel reservations, flight booking, sports, and entertainment bookings."", ""Get an insurance benefit of Rs 25,000."", ""Get an insurance benefit of Rs 50,000."", ""Get an insurance benefit of Rs 1 lakh."", ""Get an insurance benefit of Rs 3 lakh for your Lost card liability."", ""Get an insurance benefit of Rs 25,000."", ""Get an insurance benefit of Rs 25,000."", ""Get an insurance benefit of Rs 2 lakh."", ""Get an insurance benefit of Rs 50,000.""]",,,,savesage.club,https://savesage.club/credit-card/indusind-duo
IndusInd Avios Visa Infinite credit card,IndusInd Bank,IndusInd,,"[""Experience"", ""Travel Booking"", ""Hotel Transfer"", ""Pay by Points""]",10000,,,1% to 3%,"[{""child"": ""Earn 3 Reward Points per ₹200 spent"", ""name"": ""Base Rewards""}, {""child"": ""Earn 6 Reward Points per ₹200 spent"", ""name"": ""Preferred International (POS)""}, {""child"": ""Earn 5 Reward Points per ₹200 spent"", ""name"": ""Qatar Airways""}, {""child"": ""Earn 5 Reward Points per ₹200 spent"", ""name"": ""British Airways""}, {""child"": ""Earn 3 Reward Points per ₹200 spent"", ""name"": ""International""}, {""child"": ""Earn 1 Reward Points per ₹200 spent"", ""name"": ""Insurance""}, {""child"": ""Earn 1 Reward Points per ₹200 spent"", ""name"": ""Online Travel Agencies""}, {""child"": ""Earn 1 Reward Points per ₹200 spent"", ""name"": ""Rent""}, {""child"": ""Earn 1 Reward Points per ₹200 spent"", ""name"": ""Utilities""}, {""child"": ""Earn 1 Reward Points per ₹200 spent"", ""name"": ""Education""}, {""child"": ""Earn 1 Reward Points per ₹200 spent"", ""name"": ""Government""}, {""child"": "" No Reward Points on this category."", ""name"": ""UPI""}, {""child"": "" No Reward Points on this category."", ""name"": ""Fuel""}]","[{""title"": "" Discover Reward Points Redemption Options"", ""subtitle"": ""To explore the full range of redemption options for this card, download the SaveSage Club app now."", ""barCodeImageUrl"": ""/"", ""appUrl"": ""https://savesage.co/ZH8bLjZqSPb""}]",,"[{""milestoneNumber"": 1, ""spent"": 0, ""cycleType"": ""STATEMENT"", ""benefits"": ""20,000 bonus for choosing Qatar Airways Privilege Club as Preferred Airline Loyalty Programme or 20,000 bonus for choosing British Airways Executive Club as Preferred Airline Loyalty Programme."", ""milestoneType"": ""YEAR""}, {""milestoneNumber"": 2, ""spent"": 1, ""cycleType"": ""STATEMENT"", ""benefits"": ""5,000 Bonus Avios would be credited after 15 days of receipt of renewal fees for Qatar Airways Privilege Club as Preferred Airline Loyalty Programme or 5,000 Bonus Avios would be credited after 15 days of receipt of renewal fees for British Airways Executive Club as Preferred Airline Loyalty Programme."", ""milestoneType"": ""YEAR""}, {""milestoneNumber"": 3, ""spent"": 800000, ""cycleType"": ""STATEMENT"", ""benefits"": ""18,000 bonus Avios"", ""milestoneType"": ""YEAR""}, {""milestoneNumber"": 4, ""spent"": 1600000, ""cycleType"": ""STATEMENT"", ""benefits"": ""18,000 bonus Avios"", ""milestoneType"": ""YEAR""}]","[{""maintitle"": ""Domestic lounge"", ""limit"": [""2 per quarter""], ""eligibility"": [""2 visits per quarter.""]}, {""maintitle"": ""International lounge"", ""limit"": [""2 per quarter""], ""eligibility"": [""Complimentary Lounge Access using Priority Pass.\n6 complimentary lounge visits outside India per year (can be shared with guests).""]}]",,,,"[{""mainTitle"": ""Concierge"", ""child"": ""Health""}, {""mainTitle"": ""Insurance"", ""child"": ""Travel Insurance Benefits""}, {""mainTitle"": ""Insurance"", ""child"": ""International Travel Health Insurance""}, {""mainTitle"": ""Meet and Greet"", ""child"": ""Meet and Greet""}, {""mainTitle"": ""Priority Pass"", ""child"": ""Complimentary Priority Pass membership""}, {""mainTitle"": ""Privilege Club Members"", ""child"": ""10% additional discount for Privilege Club members on all flights""}]","[""Health"", ""Travel Insurance Benefits"", ""International Travel Health Insurance"", ""Meet and Greet"", ""Complimentary Priority Pass membership"", ""10% additional discount for Privilege Club members on all flights""]",,,,savesage.club,https://savesage.club/credit-card/indusind-avios-visa-infinite
IndusInd Poonawalla Fincorp Elite (Rupay) credit card,IndusInd Bank,IndusInd,Rupay,"[""Cashback""]",0,,,1% to 2%,"[{""child"": ""Earn 1 Reward Points per ₹100 spent"", ""name"": ""Base Rewards""}, {""child"": ""Earn 2.5 Reward Points per ₹100 spent"", ""name"": ""E-Commerce""}, {""child"": ""Earn 0.5 Reward Points per ₹100 spent"", ""name"": ""Jewellery""}, {""child"": ""Earn 0.5 Reward Points per ₹100 spent"", ""name"": ""Rent""}, {""child"": ""Earn 0.5 Reward Points per ₹100 spent"", ""name"": ""Utilities""}, {""child"": ""Earn 0.5 Reward Points per ₹100 spent"", ""name"": ""Insurance""}, {""child"": ""Earn 0.5 Reward Points per ₹100 spent"", ""name"": ""Education""}, {""child"": ""Earn 0.5 Reward Points per ₹100 spent"", ""name"": ""Government""}, {""child"": "" No Reward Points on this category."", ""name"": ""Fuel""}]","[{""title"": "" Discover Reward Points Redemption Options"", ""subtitle"": ""To explore the full range of redemption options for this card, download the SaveSage Club app now."", ""barCodeImageUrl"": ""/"", ""appUrl"": ""https://savesage.co/ZH8bLjZqSPb""}]",,"[{""milestoneNumber"": 1, ""spent"": 400000, ""cycleType"": ""STATEMENT"", ""benefits"": ""3,000 bonus reward points."", ""milestoneType"": ""YEAR""}]",[],,,,[],[],,,,savesage.club,https://savesage.club/credit-card/indusind-poonawalla-fincorp-elite-rupay
RBL Insignia Preferred Banking credit card,RBL Bank,RBL,,"[""Cashback"", ""Brand Wallet""]",0,,,1% to 2.5%,"[{""child"": ""Earn 5 Reward Points per ₹100 spent"", ""name"": ""Base Rewards""}, {""child"": ""Earn 10 Reward Points per ₹100 spent"", ""name"": ""International""}, {""child"": "" No Reward Points on this category."", ""name"": ""Fuel""}]","[{""title"": "" Discover Reward Points Redemption Options"", ""subtitle"": ""To explore the full range of redemption options for this card, download the SaveSage Club app now."", ""barCodeImageUrl"": ""/"", ""appUrl"": ""https://savesage.co/ZH8bLjZqSPb""}]",,"[{""milestoneNumber"": 1, ""spent"": 800000, ""cycleType"": ""STATEMENT"", ""benefits"": ""Unlock vouchers worth INR 8,000 on your favourite brands (Amazon, Myntra, Croma, MakeMyTrip & Taj Experiences)."", ""milestoneType"": ""YEAR""}]","[{""maintitle"": ""Domestic lounge"", ""limit"": [""2 per quarter""], ""eligibility"": [""No explicit spend condition""]}, {""maintitle"": ""International lounge"", ""limit"": [""6 per year""], ""eligibility"": [""6 Complimentary Lounge Access using Priority Pass.""]}]",,,,"[{""mainTitle"": ""Accor Plus"", ""child"": ""AccorPlus membership""}, {""mainTitle"": ""BookMyShow"", ""child"": ""Get flat Rs 500 off on Movie tickets via BookMyShow every month.""}, {""mainTitle"": ""Concierge"", ""child"": ""Use the service to get referrals or make reservations at Golf courses, hotels, car rental, limousine services and so on.""}, {""mainTitle"": ""EazyDiner"", ""child"": ""EazyDiner Prime Membership""}, {""mainTitle"": ""Events and Concerts"", ""child"": ""Get access to world-class events and concerts. offers are regularly updated with all the local and international events.""}, {""mainTitle"": ""Golf"", ""child"": ""Free golf rounds.""}, {""mainTitle"": ""Intercontinental Hotels Group"", ""child"": ""Get VIP Treatment.""}, {""mainTitle"": ""Priority Pass"", ""child"": ""Priority Pass Membership""}]","[""AccorPlus membership"", ""Get flat Rs 500 off on Movie tickets via BookMyShow every month."", ""Use the service to get referrals or make reservations at Golf courses, hotels, car rental, limousine services and so on."", ""EazyDiner Prime Membership"", ""Get access to world-class events and concerts. offers are regularly updated with all the local and international events."", ""Free golf rounds."", ""Get VIP Treatment."", ""Priority Pass Membership""]",,,,savesage.club,https://savesage.club/credit-card/rbl-insignia-preferred-banking
RBL iGlobe credit card,RBL Bank,RBL,,[],0,,,NA,"[{""child"": ""Earn 5 Reward Points per ₹100 spent"", ""name"": ""Base Rewards""}, {""child"": ""Earn 10 Reward Points per ₹100 spent"", ""name"": ""International""}, {""child"": "" No Reward Points on this category."", ""name"": ""Trains""}, {""child"": "" No Reward Points on this category."", ""name"": ""Rent""}, {""child"": "" No Reward Points on this category."", ""name"": ""Fuel""}]","[{""title"": "" Discover Reward Points Redemption Options"", ""subtitle"": ""To explore the full range of redemption options for this card, download the SaveSage Club app now."", ""barCodeImageUrl"": ""/"", ""appUrl"": ""https://savesage.co/ZH8bLjZqSPb""}]",,"[{""milestoneNumber"": 1, ""spent"": 500000, ""cycleType"": ""STATEMENT"", ""benefits"": ""10,000 bonus Reward Points."", ""milestoneType"": ""YEAR""}, {""milestoneNumber"": 2, ""spent"": 800000, ""cycleType"": ""STATEMENT"", ""benefits"": ""Additional 10,000 bonus Reward Points."", ""milestoneType"": ""YEAR""}]","[{""maintitle"": ""Domestic lounge"", ""limit"": [""2 per quarter""], ""eligibility"": [""6 complimentary international lounge visits per year.""]}, {""maintitle"": ""International lounge"", ""limit"": [""6 per year""], ""eligibility"": [""6 Complimentary Lounge Access using Priority Pass.""]}]",,,,"[{""mainTitle"": ""Golf"", ""child"": ""Get free rounds of Golf.""}, {""mainTitle"": ""MakeMyTrip"", ""child"": ""MakeMyTrip voucher woth Rs. 3000.""}]","[""Get free rounds of Golf."", ""MakeMyTrip voucher woth Rs. 3000.""]",,,,savesage.club,https://savesage.club/credit-card/rbl-iglobe
RBL Platinum Maxima credit card,RBL Bank,RBL,,"[""Experience""]",0,,,1.5% to 3%,"[{""child"": ""Earn 2 Reward Points per ₹100 spent"", ""name"": ""Base Rewards""}, {""child"": ""Earn 10 Reward Points per ₹100 spent"", ""name"": ""Entertainment""}, {""child"": ""Earn 10 Reward Points per ₹100 spent"", ""name"": ""Grocery""}, {""child"": ""Earn 10 Reward Points per ₹100 spent"", ""name"": ""International""}, {""child"": ""Earn 10 Reward Points per ₹100 spent"", ""name"": ""Dining""}, {""child"": "" No Reward Points on this category."", ""name"": ""Wallets""}, {""child"": "" No Reward Points on this category."", ""name"": ""Fuel""}, {""child"": "" No Reward Points on this category."", ""name"": ""Education""}, {""child"": "" No Reward Points on this category."", ""name"": ""Insurance""}, {""child"": "" No Reward Points on this category."", ""name"": ""Government""}, {""child"": "" No Reward Points on this category."", ""name"": ""Trains""}, {""child"": "" No Reward Points on this category."", ""name"": ""Rent""}, {""child"": "" No Reward Points on this category."", ""name"": ""Utilities""}]","[{""title"": "" Discover Reward Points Redemption Options"", ""subtitle"": ""To explore the full range of redemption options for this card, download the SaveSage Club app now."", ""barCodeImageUrl"": ""/"", ""appUrl"": ""https://savesage.co/ZH8bLjZqSPb""}]",,"[{""milestoneNumber"": 1, ""spent"": 250000, ""cycleType"": ""STATEMENT"", ""benefits"": ""10,000 reward points."", ""milestoneType"": ""YEAR""}, {""milestoneNumber"": 2, ""spent"": 400000, ""cycleType"": ""STATEMENT"", ""benefits"": ""Additional 10,000 bonus reward points."", ""milestoneType"": ""YEAR""}]","[{""maintitle"": ""Domestic lounge"", ""limit"": [""2 per quarter""], ""eligibility"": [""8 complimentary railway lounge access per year (max 2 per quarter).""]}]",,,,"[{""mainTitle"": ""BookMyShow"", ""child"": ""Complimentry movie tickets (BookMyShow)""}]","[""Complimentry movie tickets (BookMyShow)""]",,,,savesage.club,https://savesage.club/credit-card/rbl-platinum-maxima
RBL Movies & More credit card,RBL Bank,RBL,,[],0,,,NA,"[{""child"": ""Earn 1 Reward Points per ₹100 spent"", ""name"": ""Base Rewards""}, {""child"": ""Earn 20 Reward Points per ₹100 spent"", ""name"": ""Dining""}, {""child"": ""Earn 10 Reward Points per ₹100 spent"", ""name"": ""BookMyShow""}, {""child"": ""Earn 10 Reward Points per ₹100 spent"", ""name"": ""KFC""}, {""child"": ""Earn 10 Reward Points per ₹100 spent"", ""name"": ""Pizza Hut""}, {""child"": "" No Reward Points on this category."", ""name"": ""Utilities""}, {""child"": "" No Reward Points on this category."", ""name"": ""Wallets""}, {""child"": "" No Reward Points on this category."", ""name"": ""Fuel""}, {""child"": "" No Reward Points on this category."", ""name"": ""Education""}, {""child"": "" No Reward Points on this category."", ""name"": ""Insurance""}, {""child"": "" No Reward Points on this category."", ""name"": ""EMI""}, {""child"": "" No Reward Points on this category."", ""name"": ""Government""}, {""child"": "" No Reward Points on this category."", ""name"": ""Trains""}, {""child"": "" No Reward Points on this category."", ""name"": ""Rent""}]","[{""title"": "" Discover Reward Points Redemption Options"", ""subtitle"": ""To explore the full range of redemption options for this card, download the SaveSage Club app now."", ""barCodeImageUrl"": ""/"", ""appUrl"": ""https://savesage.co/ZH8bLjZqSPb""}]",,"[{""milestoneNumber"": 1, ""spent"": 200000, ""cycleType"": ""STATEMENT"", ""benefits"": ""5,000 bonus reward points."", ""milestoneType"": ""YEAR""}, {""milestoneNumber"": 2, ""spent"": 350000, ""cycleType"": ""STATEMENT"", ""benefits"": ""Additional 10,000 bonus reward points."", ""milestoneType"": ""YEAR""}]",[],,,,"[{""mainTitle"": ""BookMyShow"", ""child"": ""Complimentry movie tickets (BookMyShow)""}]","[""Complimentry movie tickets (BookMyShow)""]",,,,savesage.club,https://savesage.club/credit-card/rbl-movies-more
RBL Titanium Delight credit card,RBL Bank,RBL,,"[""Airline Transfer"", ""Travel Booking""]",0,,,3% to 5%,"[{""child"": ""Earn 1 Reward Points per ₹100 spent"", ""name"": ""Base Rewards""}, {""child"": ""Earn 20 Reward Points per ₹100 spent"", ""name"": ""Dining""}, {""child"": ""Earn 10 Reward Points per ₹100 spent"", ""name"": ""Grocery""}, {""child"": "" No Reward Points on this category."", ""name"": ""Insurance""}, {""child"": "" No Reward Points on this category."", ""name"": ""Government""}, {""child"": "" No Reward Points on this category."", ""name"": ""Trains""}, {""child"": "" No Reward Points on this category."", ""name"": ""Rent""}, {""child"": "" No Reward Points on this category."", ""name"": ""Utilities""}, {""child"": "" No Reward Points on this category."", ""name"": ""Wallets""}, {""child"": "" No Reward Points on this category."", ""name"": ""Fuel""}, {""child"": "" No Reward Points on this category."", ""name"": ""Education""}]","[{""title"": "" Discover Reward Points Redemption Options"", ""subtitle"": ""To explore the full range of redemption options for this card, download the SaveSage Club app now."", ""barCodeImageUrl"": ""/"", ""appUrl"": ""https://savesage.co/ZH8bLjZqSPb""}]",,"[{""milestoneNumber"": 1, ""spent"": 150000, ""cycleType"": ""STATEMENT"", ""benefits"": ""The renewal fee will be waived.4,000 reward points."", ""milestoneType"": ""YEAR""}]",[],,,,"[{""mainTitle"": ""BookMyShow"", ""child"": ""Complimentry movie tickets (BookMyShow)""}]","[""Complimentry movie tickets (BookMyShow)""]",,,,savesage.club,https://savesage.club/credit-card/rbl-titanium-delight
RBL Fun+ credit card,RBL Bank,RBL,,"[""Experience""]",undefined,,,1.5% to 3%,[],"[{""title"": "" Discover Reward Points Redemption Options"", ""subtitle"": ""To explore the full range of redemption options for this card, download the SaveSage Club app now."", ""barCodeImageUrl"": ""/"", ""appUrl"": ""https://savesage.co/ZH8bLjZqSPb""}]",,"[{""milestoneNumber"": 1, ""spent"": 5000, ""cycleType"": ""STATEMENT"", ""benefits"": ""BookMyShow movie voucher worth INR 500."", ""milestoneType"": ""MONTH""}, {""milestoneNumber"": 2, ""spent"": 400000, ""cycleType"": ""STATEMENT"", ""benefits"": ""12,000 Reward Points."", ""milestoneType"": ""YEAR""}]",[],,,,[],[],,,,savesage.club,https://savesage.club/credit-card/rbl-fun
RBL MoneyTap credit card,RBL Bank,RBL,,"[""Cashback""]",0,,,1% to 2%,"[{""child"": ""Earn 1 Reward Points per ₹100 spent"", ""name"": ""Base Rewards""}, {""child"": ""Earn 2 Reward Points per ₹100 spent"", ""name"": ""Online""}, {""child"": "" No Reward Points on this category."", ""name"": ""Education""}, {""child"": "" No Reward Points on this category."", ""name"": ""EMI""}, {""child"": "" No Reward Points on this category."", ""name"": ""Government""}, {""child"": "" No Reward Points on this category."", ""name"": ""Trains""}, {""child"": "" No Reward Points on this category."", ""name"": ""Rent""}, {""child"": "" No Reward Points on this category."", ""name"": ""Utilities""}, {""child"": "" No Reward Points on this category."", ""name"": ""Wallets""}, {""child"": "" No Reward Points on this category."", ""name"": ""Fuel""}, {""child"": "" No Reward Points on this category."", ""name"": ""Insurance""}]","[{""title"": "" Discover Reward Points Redemption Options"", ""subtitle"": ""To explore the full range of redemption options for this card, download the SaveSage Club app now."", ""barCodeImageUrl"": ""/"", ""appUrl"": ""https://savesage.co/ZH8bLjZqSPb""}]",,"[{""milestoneNumber"": 1, ""spent"": 200000, ""cycleType"": ""STATEMENT"", ""benefits"": ""The renewal fee will be waived."", ""milestoneType"": ""YEAR""}, {""milestoneNumber"": 2, ""spent"": 250000, ""cycleType"": ""STATEMENT"", ""benefits"": ""Get an INR 1,000 Amazon voucher."", ""milestoneType"": ""YEAR""}]","[{""maintitle"": ""Domestic lounge"", ""limit"": [""1 per quarter""], ""eligibility"": [""4 complimentary international airport lounge visits per year for the primary cardholder.""]}]",,,,"[{""mainTitle"": ""BookMyShow"", ""child"": ""1+1 free movie ticket every month up to INR 200/- at BookMyShow.""}, {""mainTitle"": ""Zomato"", ""child"": ""Earn 20% cashback on all Zomato Orders.""}]","[""1+1 free movie ticket every month up to INR 200/- at BookMyShow."", ""Earn 20% cashback on all Zomato Orders.""]",,,,savesage.club,https://savesage.club/credit-card/rbl-moneytap
RBL BankBazaar SaveMax credit card,RBL Bank,RBL,,"[""Travel Booking""]",0,,,3% to 5%,"[{""child"": ""Earn 1 Reward Points per ₹100 spent"", ""name"": ""Base Rewards""}, {""child"": ""Earn 5 Reward Points per ₹100 spent"", ""name"": ""Grocery""}, {""child"": "" No Reward Points on this category."", ""name"": ""Government""}, {""child"": "" No Reward Points on this category."", ""name"": ""Trains""}, {""child"": "" No Reward Points on this category."", ""name"": ""Rent""}, {""child"": "" No Reward Points on this category."", ""name"": ""Utilities""}, {""child"": "" No Reward Points on this category."", ""name"": ""Wallets""}, {""child"": "" No Reward Points on this category."", ""name"": ""Fuel""}, {""child"": "" No Reward Points on this category."", ""name"": ""Education""}, {""child"": "" No Reward Points on this category."", ""name"": ""Insurance""}, {""child"": "" No Reward Points on this category."", ""name"": ""EMI""}]","[{""title"": "" Discover Reward Points Redemption Options"", ""subtitle"": ""To explore the full range of redemption options for this card, download the SaveSage Club app now."", ""barCodeImageUrl"": ""/"", ""appUrl"": ""https://savesage.co/ZH8bLjZqSPb""}]",,[],[],,,,"[{""mainTitle"": ""BookMyShow"", ""child"": ""10% up to INR 100 every month on BookMyShow.""}, {""mainTitle"": ""Goibibo"", ""child"": ""Up to 15% off on flights and hotels on Goibibo.""}, {""mainTitle"": ""Swiggy"", ""child"": ""10% off on Swiggy Instamart (min. spend of Rs 499).""}, {""mainTitle"": ""Swiggy"", ""child"": ""10% off on Swiggy (min. spend of Rs 499).""}, {""mainTitle"": ""Yatra"", ""child"": ""Up to 15% off on flights and hotels on Yatra.""}, {""mainTitle"": ""Zepto"", ""child"": ""10% off on Zepto (min. spend of Rs 600).""}, {""mainTitle"": ""Zomato"", ""child"": ""10% up to INR 100 every month on Zomato.""}]","[""10% up to INR 100 every month on BookMyShow."", ""Up to 15% off on flights and hotels on Goibibo."", ""10% off on Swiggy Instamart (min. spend of Rs 499)."", ""10% off on Swiggy (min. spend of Rs 499)."", ""Up to 15% off on flights and hotels on Yatra."", ""10% off on Zepto (min. spend of Rs 600)."", ""10% up to INR 100 every month on Zomato.""]",,,,savesage.club,https://savesage.club/credit-card/rbl-bankbazaar-savemax
RBL BankBazaar SaveMax Pro credit card,RBL Bank,RBL,,"[""Cashback""]",0,,,1% to 2%,"[{""child"": ""Earn 2 Reward Points per ₹100 spent"", ""name"": ""Base Rewards""}, {""child"": ""Earn 10 Reward Points per ₹100 spent"", ""name"": ""Grocery""}, {""child"": ""Earn 5 Reward Points per ₹100 spent"", ""name"": ""Fuel""}, {""child"": "" No Reward Points on this category."", ""name"": ""Insurance""}, {""child"": "" No Reward Points on this category."", ""name"": ""Education""}, {""child"": "" No Reward Points on this category."", ""name"": ""Rent""}, {""child"": "" No Reward Points on this category."", ""name"": ""Utilities""}, {""child"": "" No Reward Points on this category."", ""name"": ""EMI""}, {""child"": "" No Reward Points on this category."", ""name"": ""Wallets""}, {""child"": "" No Reward Points on this category."", ""name"": ""Government""}, {""child"": "" No Reward Points on this category."", ""name"": ""Trains""}]","[{""title"": "" Discover Reward Points Redemption Options"", ""subtitle"": ""To explore the full range of redemption options for this card, download the SaveSage Club app now."", ""barCodeImageUrl"": ""/"", ""appUrl"": ""https://savesage.co/ZH8bLjZqSPb""}]",,"[{""milestoneNumber"": 1, ""spent"": 200000, ""cycleType"": ""STATEMENT"", ""benefits"": ""Get 2,000 reward points."", ""milestoneType"": ""YEAR""}, {""milestoneNumber"": 2, ""spent"": 400000, ""cycleType"": ""STATEMENT"", ""benefits"": ""Get 4,000 reward points."", ""milestoneType"": ""YEAR""}]",[],,,,"[{""mainTitle"": ""BookMyShow"", ""child"": ""10% up to INR 100 every month on BookMyShow.""}, {""mainTitle"": ""Zomato"", ""child"": ""10% up to INR 100 every month on Zomato.""}]","[""10% up to INR 100 every month on BookMyShow."", ""10% up to INR 100 every month on Zomato.""]",,,,savesage.club,https://savesage.club/credit-card/rbl-bankbazaar-savemax-pro
RBL PaisaBazaar Duet Plus credit card,RBL Bank,RBL,,[],0,,,NA,"[{""child"": ""Earn 1 Reward Points per ₹100 spent"", ""name"": ""Base Rewards""}, {""child"": "" No Reward Points on this category."", ""name"": ""Education""}, {""child"": "" No Reward Points on this category."", ""name"": ""Government""}, {""child"": "" No Reward Points on this category."", ""name"": ""Trains""}, {""child"": "" No Reward Points on this category."", ""name"": ""Rent""}, {""child"": "" No Reward Points on this category."", ""name"": ""Utilities""}, {""child"": "" No Reward Points on this category."", ""name"": ""Wallets""}, {""child"": "" No Reward Points on this category."", ""name"": ""Fuel""}, {""child"": "" No Reward Points on this category."", ""name"": ""Insurance""}]","[{""title"": "" Discover Reward Points Redemption Options"", ""subtitle"": ""To explore the full range of redemption options for this card, download the SaveSage Club app now."", ""barCodeImageUrl"": ""/"", ""appUrl"": ""https://savesage.co/ZH8bLjZqSPb""}]",,"[{""milestoneNumber"": 1, ""spent"": 400000, ""cycleType"": ""STATEMENT"", ""benefits"": ""The renewal fee will be waived."", ""milestoneType"": ""YEAR""}]",[],,,,"[{""mainTitle"": ""BookMyShow"", ""child"": ""1+1 BookMyShow offer on tickets for weekend shows.""}]","[""1+1 BookMyShow offer on tickets for weekend shows.""]",,,,savesage.club,https://savesage.club/credit-card/rbl-paisabazaar-duet-plus
RBL LazyPay credit card,RBL Bank,RBL,,[],0,,,NA,"[{""child"": "" No Reward Points on this category."", ""name"": ""Base Rewards""}, {""child"": "" No Reward Points on this category."", ""name"": ""Education""}, {""child"": "" No Reward Points on this category."", ""name"": ""Rent""}, {""child"": "" No Reward Points on this category."", ""name"": ""Utilities""}, {""child"": "" No Reward Points on this category."", ""name"": ""Fuel""}]","[{""title"": "" Discover Reward Points Redemption Options"", ""subtitle"": ""To explore the full range of redemption options for this card, download the SaveSage Club app now."", ""barCodeImageUrl"": ""/"", ""appUrl"": ""https://savesage.co/ZH8bLjZqSPb""}]",,[],[],,,,[],[],,,,savesage.club,https://savesage.club/credit-card/rbl-lazypay
RBL Patanjali Swarn credit card,RBL Bank,RBL,,[],0,,,NA,"[{""child"": ""Earn 1 Reward Points per ₹100 spent"", ""name"": ""Base Rewards""}, {""child"": "" No Reward Points on this category."", ""name"": ""Education""}, {""child"": "" No Reward Points on this category."", ""name"": ""Government""}, {""child"": "" No Reward Points on this category."", ""name"": ""Trains""}, {""child"": "" No Reward Points on this category."", ""name"": ""Rent""}, {""child"": "" No Reward Points on this category."", ""name"": ""Utilities""}, {""child"": "" No Reward Points on this category."", ""name"": ""Wallets""}, {""child"": "" No Reward Points on this category."", ""name"": ""Insurance""}, {""child"": "" No Reward Points on this category."", ""name"": ""Fuel""}]","[{""title"": "" Discover Reward Points Redemption Options"", ""subtitle"": ""To explore the full range of redemption options for this card, download the SaveSage Club app now."", ""barCodeImageUrl"": ""/"", ""appUrl"": ""https://savesage.co/ZH8bLjZqSPb""}]",,"[{""milestoneNumber"": 1, ""spent"": 300000, ""cycleType"": ""STATEMENT"", ""benefits"": ""INR 1,500 Patanjali Voucher including minimum spends of INR 12,000 at Patanjali stores/website."", ""milestoneType"": ""YEAR""}, {""milestoneNumber"": 2, ""spent"": 500000, ""cycleType"": ""STATEMENT"", ""benefits"": ""4 nights / 5 days stay at Patanjali wellness centre including minimum spends of INR 15,000 at Patanjali stores/website."", ""milestoneType"": ""YEAR""}]",[],,,,"[{""mainTitle"": ""BookMyShow"", ""child"": ""1+1 offer on movie tickets at Bookmyshow.""}, {""mainTitle"": ""Patanjali"", ""child"": ""10% cashback at Patanjali.""}]","[""1+1 offer on movie tickets at Bookmyshow."", ""10% cashback at Patanjali.""]",,,,savesage.club,https://savesage.club/credit-card/rbl-patanjali-swarn
RBL Patanjali Vishisht credit card,RBL Bank,RBL,,[],0,,,NA,"[{""child"": ""Earn 1 Reward Points per ₹100 spent"", ""name"": ""Base Rewards""}, {""child"": "" No Reward Points on this category."", ""name"": ""Government""}, {""child"": "" No Reward Points on this category."", ""name"": ""Trains""}, {""child"": "" No Reward Points on this category."", ""name"": ""Rent""}, {""child"": "" No Reward Points on this category."", ""name"": ""Utilities""}, {""child"": "" No Reward Points on this category."", ""name"": ""Wallets""}, {""child"": "" No Reward Points on this category."", ""name"": ""Fuel""}, {""child"": "" No Reward Points on this category."", ""name"": ""Education""}, {""child"": "" No Reward Points on this category."", ""name"": ""Insurance""}]","[{""title"": "" Discover Reward Points Redemption Options"", ""subtitle"": ""To explore the full range of redemption options for this card, download the SaveSage Club app now."", ""barCodeImageUrl"": ""/"", ""appUrl"": ""https://savesage.co/ZH8bLjZqSPb""}]",,"[{""milestoneNumber"": 1, ""spent"": 150000, ""cycleType"": ""STATEMENT"", ""benefits"": ""The renewal fee will be waived."", ""milestoneType"": ""YEAR""}, {""milestoneNumber"": 2, ""spent"": 250000, ""cycleType"": ""STATEMENT"", ""benefits"": ""INR 500 Patanjali Voucher including minimum spends of INR 12,000 at Patanjali stores/website."", ""milestoneType"": ""YEAR""}, {""milestoneNumber"": 3, ""spent"": 400000, ""cycleType"": ""STATEMENT"", ""benefits"": ""2 nights/3 days stay at Patanjali wellness centre including minimum spends of INR 15,000 at Patanjali stores/website."", ""milestoneType"": ""YEAR""}]",[],,,,"[{""mainTitle"": ""Patanjali"", ""child"": ""10% cashback at Patanjali online and offline stores, on transactions of INR 500 or more.""}]","[""10% cashback at Patanjali online and offline stores, on transactions of INR 500 or more.""]",,,,savesage.club,https://savesage.club/credit-card/rbl-patanjali-vishisht
RBL IRCTC credit card,RBL Bank,RBL,,[],0,,,NA,"[{""child"": ""Earn 1 Reward Points per ₹200 spent"", ""name"": ""Base Rewards""}, {""child"": ""Earn 5 Reward Points per ₹200 spent"", ""name"": ""IRCTC""}, {""child"": ""Earn 3 Reward Points per ₹200 spent"", ""name"": ""FASTag (NCMC)""}, {""child"": ""Earn 3 Reward Points per ₹200 spent"", ""name"": ""FASTag (RBL Bank)""}, {""child"": ""Earn 3 Reward Points per ₹200 spent"", ""name"": ""FASTag recharge (UTS)""}, {""child"": ""Earn 2 Reward Points per ₹200 spent"", ""name"": ""Flights""}, {""child"": ""Earn 2 Reward Points per ₹200 spent"", ""name"": ""Hotels (IRCTC)""}, {""child"": "" No Reward Points on this category."", ""name"": ""Rent""}, {""child"": "" No Reward Points on this category."", ""name"": ""Utilities""}, {""child"": "" No Reward Points on this category."", ""name"": ""Wallets""}, {""child"": "" No Reward Points on this category."", ""name"": ""Fuel""}, {""child"": "" No Reward Points on this category."", ""name"": ""Education""}]","[{""title"": "" Discover Reward Points Redemption Options"", ""subtitle"": ""To explore the full range of redemption options for this card, download the SaveSage Club app now."", ""barCodeImageUrl"": ""/"", ""appUrl"": ""https://savesage.co/ZH8bLjZqSPb""}]",,[],[],,,,"[{""mainTitle"": ""Cancellations"", ""child"": ""Complimentary train cancellation protection cover of up to Rs 5,000.""}]","[""Complimentary train cancellation protection cover of up to Rs 5,000.""]",,,,savesage.club,https://savesage.club/credit-card/rbl-irctc
RBL DMI Finance credit card,RBL Bank,RBL,,"[""Cashback""]",0,,,1% to 2%,"[{""child"": ""Earn 1 Reward Points per ₹100 spent"", ""name"": ""Base Rewards""}, {""child"": ""Earn 2 Reward Points per ₹100 spent"", ""name"": ""Online""}, {""child"": "" No Reward Points on this category."", ""name"": ""Fuel""}]","[{""title"": "" Discover Reward Points Redemption Options"", ""subtitle"": ""To explore the full range of redemption options for this card, download the SaveSage Club app now."", ""barCodeImageUrl"": ""/"", ""appUrl"": ""https://savesage.co/ZH8bLjZqSPb""}]",,"[{""milestoneNumber"": 1, ""spent"": 0, ""cycleType"": ""STATEMENT"", ""benefits"": ""Rs 200 BookMyShow voucher"", ""milestoneType"": ""YEAR""}, {""milestoneNumber"": 2, ""spent"": 50000, ""cycleType"": ""STATEMENT"", ""benefits"": ""2,000 Reward Points."", ""milestoneType"": ""QUARTER""}, {""milestoneNumber"": 3, ""spent"": 100000, ""cycleType"": ""STATEMENT"", ""benefits"": ""A Swiggy voucher worth ₹200."", ""milestoneType"": ""YEAR""}, {""milestoneNumber"": 4, ""spent"": 200000, ""cycleType"": ""STATEMENT"", ""benefits"": ""₹500 Amazon voucher."", ""milestoneType"": ""YEAR""}]",[],,,,"[{""mainTitle"": ""BookMyShow"", ""child"": ""Buy 1 Get 1 offer (up to Rs 200) at BookMyShow every month on spending Rs 5,000.""}]","[""Buy 1 Get 1 offer (up to Rs 200) at BookMyShow every month on spending Rs 5,000.""]",,,,savesage.club,https://savesage.club/credit-card/rbl-dmi-finance
RBL SalarySe UP credit card,RBL Bank,RBL,,[],0,,,NA,"[{""child"": ""Earn 1 Reward Points per ₹100 spent"", ""name"": ""Base Rewards""}, {""child"": ""Earn 10 Reward Points per ₹100 spent"", ""name"": ""UPI""}, {""child"": ""Earn 5 Reward Points per ₹100 spent"", ""name"": ""UPI (SalarySe Platform)""}, {""child"": "" No Reward Points on this category."", ""name"": ""Education""}, {""child"": "" No Reward Points on this category."", ""name"": ""Utilities""}, {""child"": "" No Reward Points on this category."", ""name"": ""Government""}, {""child"": "" No Reward Points on this category."", ""name"": ""Trains""}, {""child"": "" No Reward Points on this category."", ""name"": ""Rent""}, {""child"": "" No Reward Points on this category."", ""name"": ""Fuel""}, {""child"": "" No Reward Points on this category."", ""name"": ""Wallets""}, {""child"": "" No Reward Points on this category."", ""name"": ""Insurance""}]","[{""title"": "" Discover Reward Points Redemption Options"", ""subtitle"": ""To explore the full range of redemption options for this card, download the SaveSage Club app now."", ""barCodeImageUrl"": ""/"", ""appUrl"": ""https://savesage.co/ZH8bLjZqSPb""}]",,"[{""milestoneNumber"": 1, ""spent"": 500, ""cycleType"": ""STATEMENT"", ""benefits"": ""2,500 reward pointsAdditional 2,000 reward points on making 15 UPI transactions worth INR 500 each within 30 days of card issuance."", ""milestoneType"": ""DAYS""}, {""milestoneNumber"": 2, ""spent"": 30000, ""cycleType"": ""STATEMENT"", ""benefits"": ""You get additional 1,500 reward points"", ""milestoneType"": ""YEAR""}, {""milestoneNumber"": 3, ""spent"": 200000, ""cycleType"": ""STATEMENT"", ""benefits"": ""The renewal fee will be waived."", ""milestoneType"": ""YEAR""}]",[],,,,[],[],,,,savesage.club,https://savesage.club/credit-card/rbl-salaryse-up
RBL TVS Credit Gold credit card,RBL Bank,RBL,,[],0,,,NA,"[{""child"": ""Earn 2 Reward Points per ₹100 spent"", ""name"": ""Base Rewards""}, {""child"": ""Earn 10 Reward Points per ₹100 spent"", ""name"": ""International""}, {""child"": "" No Reward Points on this category."", ""name"": ""Fuel""}, {""child"": "" No Reward Points on this category."", ""name"": ""Insurance""}, {""child"": "" No Reward Points on this category."", ""name"": ""Government""}, {""child"": "" No Reward Points on this category."", ""name"": ""Trains""}, {""child"": "" No Reward Points on this category."", ""name"": ""Rent""}, {""child"": "" No Reward Points on this category."", ""name"": ""Utilities""}, {""child"": "" No Reward Points on this category."", ""name"": ""Wallets""}, {""child"": "" No Reward Points on this category."", ""name"": ""Education""}]","[{""title"": "" Discover Reward Points Redemption Options"", ""subtitle"": ""To explore the full range of redemption options for this card, download the SaveSage Club app now."", ""barCodeImageUrl"": ""/"", ""appUrl"": ""https://savesage.co/ZH8bLjZqSPb""}]",,"[{""milestoneNumber"": 1, ""spent"": 50000, ""cycleType"": ""STATEMENT"", ""benefits"": ""₹500 Amazon/Flipkart/Swiggy/Zomato voucher."", ""milestoneType"": ""QUARTER""}, {""milestoneNumber"": 2, ""spent"": 250000, ""cycleType"": ""STATEMENT"", ""benefits"": ""6,000 Reward Points."", ""milestoneType"": ""YEAR""}]","[{""maintitle"": ""Domestic lounge"", ""limit"": [""2 per quarter""], ""eligibility"": [""2 complimentary visits per quarter on spending ₹75K.""]}, {""maintitle"": ""International lounge"", ""limit"": [""1 per quarter""], ""eligibility"": [""1 complimentary domestic lounge visit per quarter on spending ₹50K; 2 visits on spending ₹75K.""]}]",,,,"[{""mainTitle"": ""EazyDiner"", ""child"": ""Savor the finest dining experiences with 5% cashback on EazyDiner up to INR 250 every month.""}]","[""Savor the finest dining experiences with 5% cashback on EazyDiner up to INR 250 every month.""]",,,,savesage.club,https://savesage.club/credit-card/rbl-tvs-credit-gold
RBL Monthly Treats credit card,RBL Bank,RBL,,[],0,,,NA,"[{""child"": ""Earn 1 Reward Points per ₹100 spent"", ""name"": ""Base Rewards""}, {""child"": ""Earn 5 Reward Points per ₹100 spent"", ""name"": ""Online""}, {""child"": "" No Reward Points on this category."", ""name"": ""Insurance""}, {""child"": "" No Reward Points on this category."", ""name"": ""Education""}, {""child"": "" No Reward Points on this category."", ""name"": ""Government""}, {""child"": "" No Reward Points on this category."", ""name"": ""Trains""}, {""child"": "" No Reward Points on this category."", ""name"": ""Rent""}, {""child"": "" No Reward Points on this category."", ""name"": ""Utilities""}, {""child"": "" No Reward Points on this category."", ""name"": ""Wallets""}, {""child"": "" No Reward Points on this category."", ""name"": ""Fuel""}]","[{""title"": "" Discover Reward Points Redemption Options"", ""subtitle"": ""To explore the full range of redemption options for this card, download the SaveSage Club app now."", ""barCodeImageUrl"": ""/"", ""appUrl"": ""https://savesage.co/ZH8bLjZqSPb""}]",,"[{""milestoneNumber"": 1, ""spent"": 5000, ""cycleType"": ""STATEMENT"", ""benefits"": ""The renewal fee will be waived."", ""milestoneType"": ""YEAR""}, {""milestoneNumber"": 2, ""spent"": 200000, ""cycleType"": ""STATEMENT"", ""benefits"": ""Vouchers from popular brands like Amazon, Flipkart, Myntra, Croma and Shoppers Stop worth ₹2000."", ""milestoneType"": ""YEAR""}, {""milestoneNumber"": 3, ""spent"": 500000, ""cycleType"": ""STATEMENT"", ""benefits"": ""Vouchers from popular brands like Amazon, Flipkart, Myntra, Croma and Shoppers Stop worth ₹5000."", ""milestoneType"": ""YEAR""}]",[],,,,"[{""mainTitle"": ""BookMyShow"", ""child"": ""Instant discount on BookMyShow.""}, {""mainTitle"": ""Mynta"", ""child"": ""Instant discount on Myntra.""}, {""mainTitle"": ""Uber"", ""child"": ""Instant discount on Uber.""}, {""mainTitle"": ""Zomato"", ""child"": ""Instant discount on Zomato.""}]","[""Instant discount on BookMyShow."", ""Instant discount on Myntra."", ""Instant discount on Uber."", ""Instant discount on Zomato.""]",,,,savesage.club,https://savesage.club/credit-card/rbl-monthly-treats
RBL BlockBuster credit card,RBL Bank,RBL,,"[""Cashback""]",0,,,1% to 2%,"[{""child"": ""Earn 2 Reward Points per ₹100 spent"", ""name"": ""Base Rewards""}, {""child"": ""Earn 20 Reward Points per ₹100 spent"", ""name"": ""Dining (Weekends)""}, {""child"": "" No Reward Points on this category."", ""name"": ""Government""}, {""child"": "" No Reward Points on this category."", ""name"": ""Trains""}, {""child"": "" No Reward Points on this category."", ""name"": ""Rent""}, {""child"": "" No Reward Points on this category."", ""name"": ""Utilities""}, {""child"": "" No Reward Points on this category."", ""name"": ""Fuel""}, {""child"": "" No Reward Points on this category."", ""name"": ""Insurance""}, {""child"": "" No Reward Points on this category."", ""name"": ""Wallets""}, {""child"": "" No Reward Points on this category."", ""name"": ""UPI""}, {""child"": "" No Reward Points on this category."", ""name"": ""Education""}]","[{""title"": "" Discover Reward Points Redemption Options"", ""subtitle"": ""To explore the full range of redemption options for this card, download the SaveSage Club app now."", ""barCodeImageUrl"": ""/"", ""appUrl"": ""https://savesage.co/ZH8bLjZqSPb""}]",,"[{""milestoneNumber"": 1, ""spent"": 0, ""cycleType"": ""STATEMENT"", ""benefits"": ""Enjoy movies and events worth INR 1,000 at BookMyShow.Adding more to your enjoyment are additional 8,000 Reward Points."", ""milestoneType"": ""YEAR""}, {""milestoneNumber"": 2, ""spent"": 350000, ""cycleType"": ""STATEMENT"", ""benefits"": ""10,000 Reward Points."", ""milestoneType"": ""YEAR""}, {""milestoneNumber"": 3, ""spent"": 500000, ""cycleType"": ""STATEMENT"", ""benefits"": ""15,000 Reward Points."", ""milestoneType"": ""YEAR""}]",[],,,,[],[],,,,savesage.club,https://savesage.club/credit-card/rbl-blockbuster
RBL MoneyTap Black credit card,RBL Bank,RBL,,[],0,,,NA,"[{""child"": ""Earn 2 Reward Points per ₹100 spent"", ""name"": ""Base Rewards""}, {""child"": ""Earn 10 Reward Points per ₹100 spent"", ""name"": ""Online""}, {""child"": "" No Reward Points on this category."", ""name"": ""Government""}, {""child"": "" No Reward Points on this category."", ""name"": ""Trains""}, {""child"": "" No Reward Points on this category."", ""name"": ""Rent""}, {""child"": "" No Reward Points on this category."", ""name"": ""Utilities""}, {""child"": "" No Reward Points on this category."", ""name"": ""Fuel""}, {""child"": "" No Reward Points on this category."", ""name"": ""Wallets""}, {""child"": "" No Reward Points on this category."", ""name"": ""Insurance""}, {""child"": "" No Reward Points on this category."", ""name"": ""Education""}]","[{""title"": "" Discover Reward Points Redemption Options"", ""subtitle"": ""To explore the full range of redemption options for this card, download the SaveSage Club app now."", ""barCodeImageUrl"": ""/"", ""appUrl"": ""https://savesage.co/ZH8bLjZqSPb""}]",,"[{""milestoneNumber"": 1, ""spent"": 5000, ""cycleType"": ""STATEMENT"", ""benefits"": ""Get 1,000 Reward Points every month on making at least 5 transactions of INR 1,000 or more."", ""milestoneType"": ""MONTH""}, {""milestoneNumber"": 2, ""spent"": 250000, ""cycleType"": ""STATEMENT"", ""benefits"": ""Get 8,000 reward points."", ""milestoneType"": ""YEAR""}, {""milestoneNumber"": 3, ""spent"": 400000, ""cycleType"": ""STATEMENT"", ""benefits"": ""Additional 8,000 reward points."", ""milestoneType"": ""YEAR""}]",[],,,,"[{""mainTitle"": ""BookMyShow"", ""child"": ""10% discount on movie bookings on bookmyshow.""}]","[""10% discount on movie bookings on bookmyshow.""]",,,,savesage.club,https://savesage.club/credit-card/rbl-moneytap-black
Yes Bank First Preferred credit card,Yes Bank,Yes Bank,,[],999,,,NA,"[{""child"": ""Earn 8 Reward Points per ₹200 spent"", ""name"": ""Base Rewards""}, {""child"": ""Earn 8 Reward Points per ₹200 spent"", ""name"": ""Railways""}, {""child"": ""Earn 4 Reward Points per ₹200 spent"", ""name"": ""Departmental Stores""}, {""child"": ""Earn 4 Reward Points per ₹200 spent"", ""name"": ""Insurance""}, {""child"": ""Earn 4 Reward Points per ₹200 spent"", ""name"": ""Education""}, {""child"": ""Earn 4 Reward Points per ₹200 spent"", ""name"": ""Rent""}, {""child"": ""Earn 4 Reward Points per ₹200 spent"", ""name"": ""Bus""}, {""child"": ""Earn 4 Reward Points per ₹200 spent"", ""name"": ""Government""}, {""child"": ""Earn 4 Reward Points per ₹200 spent"", ""name"": ""Grocery""}, {""child"": ""Earn 4 Reward Points per ₹200 spent"", ""name"": ""Transportation & Tolls""}, {""child"": ""Earn 4 Reward Points per ₹200 spent"", ""name"": ""Utilities""}, {""child"": "" No Reward Points on this category."", ""name"": ""Fuel""}]","[{""title"": "" Discover Reward Points Redemption Options"", ""subtitle"": ""To explore the full range of redemption options for this card, download the SaveSage Club app now."", ""barCodeImageUrl"": ""/"", ""appUrl"": ""https://savesage.co/ZH8bLjZqSPb""}]",,"[{""milestoneNumber"": 1, ""spent"": 250000, ""cycleType"": ""STATEMENT"", ""benefits"": ""The renewal fee will be waived."", ""milestoneType"": ""YEAR""}, {""milestoneNumber"": 2, ""spent"": 750000, ""cycleType"": ""STATEMENT"", ""benefits"": ""20,000 bonus reward points."", ""milestoneType"": ""YEAR""}]","[{""maintitle"": ""Domestic lounge"", ""limit"": [""2 per quarter""], ""eligibility"": [""Spend ₹75,000 or more in the previous quarter (Jan-Mar, Apr-Jun, Jul-Sep, Oct-Dec), you automatically qualify for this privilege in the subsequent quarter (Apr-Jun,  Jul-Sep, Oct-Dec, Jan-Mar).""]}, {""maintitle"": ""International lounge"", ""limit"": [""4 per year""], ""eligibility"": [""4 Complimentary Lounge Access using Priority Pass.""]}]",,,,"[{""mainTitle"": ""BookMyShow"", ""child"": ""Avail 25% discount on movie tickets booked through BookMyShow website or mobile app.""}, {""mainTitle"": ""Flight Accident"", ""child"": ""Flight Accident Cover of up to Rs 1 crore.""}, {""mainTitle"": ""Golf"", ""child"": ""Complimentary golf lesson""}, {""mainTitle"": ""Hospitalization"", ""child"": ""Emergency overseas hospitalization cover Rs 25 lakh.""}, {""mainTitle"": ""Insurance"", ""child"": ""Credit Shield cover in case of accidental death of the primary cardholder.""}]","[""Avail 25% discount on movie tickets booked through BookMyShow website or mobile app."", ""Flight Accident Cover of up to Rs 1 crore."", ""Complimentary golf lesson"", ""Emergency overseas hospitalization cover Rs 25 lakh."", ""Credit Shield cover in case of accidental death of the primary cardholder.""]",,,,savesage.club,https://savesage.club/credit-card/yes-bank-first-preferred
Yes Bank First Business credit card,Yes Bank,Yes Bank,,[],999,,,NA,"[{""child"": ""Earn 8 Reward Points per ₹200 spent"", ""name"": ""Base Rewards""}, {""child"": ""Earn 16 Reward Points per ₹200 spent"", ""name"": ""Hotels""}, {""child"": ""Earn 16 Reward Points per ₹200 spent"", ""name"": ""Dining""}, {""child"": ""Earn 16 Reward Points per ₹200 spent"", ""name"": ""Travel""}, {""child"": ""Earn 8 Reward Points per ₹200 spent"", ""name"": ""Railways""}, {""child"": ""Earn 4 Reward Points per ₹200 spent"", ""name"": ""Legal""}, {""child"": ""Earn 4 Reward Points per ₹200 spent"", ""name"": ""Utilities""}, {""child"": ""Earn 4 Reward Points per ₹200 spent"", ""name"": ""Transportation & Tolls""}, {""child"": ""Earn 4 Reward Points per ₹200 spent"", ""name"": ""Grocery""}, {""child"": ""Earn 4 Reward Points per ₹200 spent"", ""name"": ""Insurance""}, {""child"": ""Earn 4 Reward Points per ₹200 spent"", ""name"": ""Education""}, {""child"": ""Earn 4 Reward Points per ₹200 spent"", ""name"": ""Government""}, {""child"": ""Earn 4 Reward Points per ₹200 spent"", ""name"": ""Rent""}, {""child"": "" No Reward Points on this category."", ""name"": ""Fuel""}]","[{""title"": "" Discover Reward Points Redemption Options"", ""subtitle"": ""To explore the full range of redemption options for this card, download the SaveSage Club app now."", ""barCodeImageUrl"": ""/"", ""appUrl"": ""https://savesage.co/ZH8bLjZqSPb""}]",,"[{""milestoneNumber"": 1, ""spent"": 300000, ""cycleType"": ""STATEMENT"", ""benefits"": ""The renewal fee will be waived."", ""milestoneType"": ""YEAR""}, {""milestoneNumber"": 2, ""spent"": 1200000, ""cycleType"": ""STATEMENT"", ""benefits"": ""Earn 20,000 reward points."", ""milestoneType"": ""YEAR""}]","[{""maintitle"": ""Domestic lounge"", ""limit"": [""2 per quarter""], ""eligibility"": [""Spend ₹75,000 or more in the previous quarter (Jan-Mar, Apr-Jun, Jul-Sep, Oct-Dec), you automatically qualify for this privilege in the subsequent quarter (Apr-Jun,  Jul-Sep, Oct-Dec, Jan-Mar).""]}, {""maintitle"": ""International lounge"", ""limit"": [""4 per year""], ""eligibility"": [""No explicit spend condition""]}]",,,,"[{""mainTitle"": ""Golf"", ""child"": ""Complimentary golf lesson.""}, {""mainTitle"": ""Insurance"", ""child"": ""Coverage of up to Rs 8 lakhs for accidental death of the primary cardholder and lost card liability protection of up to Rs 8 lakhs.""}]","[""Complimentary golf lesson."", ""Coverage of up to Rs 8 lakhs for accidental death of the primary cardholder and lost card liability protection of up to Rs 8 lakhs.""]",,,,savesage.club,https://savesage.club/credit-card/yes-bank-first-business
Yes Bank Ace credit card,Yes Bank,Yes Bank,,"[""Experience"", ""Travel Booking""]",499,,,1% to 3%,"[{""child"": ""Earn 2 Reward Points per ₹200 spent"", ""name"": ""Base Rewards""}, {""child"": ""Earn 8 Reward Points per ₹200 spent"", ""name"": ""Online""}, {""child"": ""Earn 4 Reward Points per ₹200 spent"", ""name"": ""Offline""}, {""child"": ""Earn 2 Reward Points per ₹200 spent"", ""name"": ""Education""}, {""child"": ""Earn 2 Reward Points per ₹200 spent"", ""name"": ""Utilities""}, {""child"": ""Earn 2 Reward Points per ₹200 spent"", ""name"": ""Transportation""}, {""child"": ""Earn 2 Reward Points per ₹200 spent"", ""name"": ""Railways""}, {""child"": "" No Reward Points on this category."", ""name"": ""Fuel""}, {""child"": "" No Reward Points on this category."", ""name"": ""UPI""}, {""child"": "" No Reward Points on this category."", ""name"": ""Rent""}, {""child"": "" No Reward Points on this category."", ""name"": ""Government""}, {""child"": "" No Reward Points on this category."", ""name"": ""Wallets""}]","[{""title"": "" Discover Reward Points Redemption Options"", ""subtitle"": ""To explore the full range of redemption options for this card, download the SaveSage Club app now."", ""barCodeImageUrl"": ""/"", ""appUrl"": ""https://savesage.co/ZH8bLjZqSPb""}]",,[],[],,,,[],[],,,,savesage.club,https://savesage.club/credit-card/yes-bank-ace
Yes Bank Prosperity Business credit card,Yes Bank,Yes Bank,,[],499,,,NA,"[{""child"": ""Earn 4 Reward Points per ₹200 spent"", ""name"": ""Base Rewards""}, {""child"": ""Earn 8 Reward Points per ₹200 spent"", ""name"": ""Dining""}, {""child"": ""Earn 8 Reward Points per ₹200 spent"", ""name"": ""Hotels""}, {""child"": ""Earn 8 Reward Points per ₹200 spent"", ""name"": ""Travel""}, {""child"": ""Earn 4 Reward Points per ₹200 spent"", ""name"": ""Railways""}, {""child"": ""Earn 2 Reward Points per ₹200 spent"", ""name"": ""Legal""}, {""child"": ""Earn 2 Reward Points per ₹200 spent"", ""name"": ""Transportation & Tolls""}, {""child"": ""Earn 2 Reward Points per ₹200 spent"", ""name"": ""Education""}, {""child"": ""Earn 2 Reward Points per ₹200 spent"", ""name"": ""Utilities""}, {""child"": ""Earn 2 Reward Points per ₹200 spent"", ""name"": ""Insurance""}, {""child"": ""Earn 2 Reward Points per ₹200 spent"", ""name"": ""Government""}, {""child"": ""Earn 2 Reward Points per ₹200 spent"", ""name"": ""Departmental Stores""}, {""child"": "" No Reward Points on this category."", ""name"": ""Fuel""}, {""child"": "" No Reward Points on this category."", ""name"": ""Wallets""}, {""child"": "" No Reward Points on this category."", ""name"": ""Rent""}]","[{""title"": "" Discover Reward Points Redemption Options"", ""subtitle"": ""To explore the full range of redemption options for this card, download the SaveSage Club app now."", ""barCodeImageUrl"": ""/"", ""appUrl"": ""https://savesage.co/ZH8bLjZqSPb""}]",,"[{""milestoneNumber"": 1, ""spent"": 10000, ""cycleType"": ""STATEMENT"", ""benefits"": ""The joining fee will be waived."", ""milestoneType"": ""YEAR""}, {""milestoneNumber"": 2, ""spent"": 100000, ""cycleType"": ""STATEMENT"", ""benefits"": ""The renewal fee will be waived."", ""milestoneType"": ""YEAR""}, {""milestoneNumber"": 3, ""spent"": 600000, ""cycleType"": ""STATEMENT"", ""benefits"": ""10,000 rewards points."", ""milestoneType"": ""YEAR""}]","[{""maintitle"": ""Domestic lounge"", ""limit"": [""1 per quarter""], ""eligibility"": [""Spend ₹50,000 or more in the previous quarter (Jan-Mar, Apr-Jun, Jul-Sep, Oct-Dec), you automatically qualify for this privilege in the subsequent quarter (Apr-Jun,  Jul-Sep, Oct-Dec, Jan-Mar).""]}]",,,,"[{""mainTitle"": ""Golf"", ""child"": ""Complimentary Golf Lessons.""}, {""mainTitle"": ""Insurance"", ""child"": ""Accidental Health Insurance""}]","[""Complimentary Golf Lessons."", ""Accidental Health Insurance""]",,,,savesage.club,https://savesage.club/credit-card/yes-bank-prosperity-business
Yes Bank Prosperity Cashback credit card,Yes Bank,Yes Bank,,[],999,,,NA,"[{""child"": ""Earn 4 Reward Points per ₹200 spent"", ""name"": ""Base Rewards""}, {""child"": ""Earn 4 Reward Points per ₹200 spent"", ""name"": ""Railways""}, {""child"": ""Earn 4 Reward Points per ₹200 spent"", ""name"": ""Rent""}, {""child"": ""Earn 4 Reward Points per ₹200 spent"", ""name"": ""Wallets""}, {""child"": ""Earn 2 Reward Points per ₹200 spent"", ""name"": ""Legal""}, {""child"": ""Earn 2 Reward Points per ₹200 spent"", ""name"": ""Government""}, {""child"": ""Earn 2 Reward Points per ₹200 spent"", ""name"": ""Grocery""}, {""child"": ""Earn 2 Reward Points per ₹200 spent"", ""name"": ""Utilities""}, {""child"": ""Earn 2 Reward Points per ₹200 spent"", ""name"": ""Education""}, {""child"": ""Earn 2 Reward Points per ₹200 spent"", ""name"": ""Transportation & Tolls""}, {""child"": ""Earn 2 Reward Points per ₹200 spent"", ""name"": ""Travel""}, {""child"": ""Earn 2 Reward Points per ₹200 spent"", ""name"": ""Insurance""}, {""child"": "" No Reward Points on this category."", ""name"": ""Fuel""}]","[{""title"": "" Discover Reward Points Redemption Options"", ""subtitle"": ""To explore the full range of redemption options for this card, download the SaveSage Club app now."", ""barCodeImageUrl"": ""/"", ""appUrl"": ""https://savesage.co/ZH8bLjZqSPb""}]",,"[{""milestoneNumber"": 1, ""spent"": 600000, ""cycleType"": ""STATEMENT"", ""benefits"": ""Get 15,000 bonus reward points."", ""milestoneType"": ""YEAR""}]","[{""maintitle"": ""Domestic lounge"", ""limit"": [""1 per quarter""], ""eligibility"": [""Spend ₹50,000 or more in the previous quarter (Jan-Mar, Apr-Jun, Jul-Sep, Oct-Dec), you automatically qualify for this privilege in the subsequent quarter (Apr-Jun,  Jul-Sep, Oct-Dec, Jan-Mar).""]}]",,,,[],[],,,,savesage.club,https://savesage.club/credit-card/yes-bank-prosperity-cashback
Yes Bank Prosperity Cashback Plus credit card,Yes Bank,Yes Bank,,[],1499,,,NA,"[{""child"": ""Earn 0.8 Reward Points per ₹200 spent"", ""name"": ""Base Rewards""}, {""child"": ""Earn 8 Reward Points per ₹200 spent"", ""name"": ""Retail""}, {""child"": ""Earn 0.8 Reward Points per ₹200 spent"", ""name"": ""Transportation""}, {""child"": ""Earn 0.8 Reward Points per ₹200 spent"", ""name"": ""Railways""}, {""child"": "" No Reward Points on this category."", ""name"": ""Rent""}, {""child"": "" No Reward Points on this category."", ""name"": ""Wallets""}, {""child"": "" No Reward Points on this category."", ""name"": ""Fuel""}]","[{""title"": "" Discover Reward Points Redemption Options"", ""subtitle"": ""To explore the full range of redemption options for this card, download the SaveSage Club app now."", ""barCodeImageUrl"": ""/"", ""appUrl"": ""https://savesage.co/ZH8bLjZqSPb""}]",,[],[],,,,[],[],,,,savesage.club,https://savesage.club/credit-card/yes-bank-prosperity-cashback-plus
Yes Bank BYOC Cashback credit card,Yes Bank,Yes Bank,,"[""Cashback""]",0,,,1% to 2%,"[{""child"": ""Earn 1 Reward Points per ₹100 spent"", ""name"": ""Base Rewards""}, {""child"": ""Earn 1 Reward Points per ₹100 spent"", ""name"": ""Transportation""}, {""child"": ""Earn 1 Reward Points per ₹100 spent"", ""name"": ""Railways""}, {""child"": "" No Reward Points on this category."", ""name"": ""Rent""}, {""child"": "" No Reward Points on this category."", ""name"": ""Wallets""}, {""child"": "" No Reward Points on this category."", ""name"": ""Fuel""}]","[{""title"": "" Discover Reward Points Redemption Options"", ""subtitle"": ""To explore the full range of redemption options for this card, download the SaveSage Club app now."", ""barCodeImageUrl"": ""/"", ""appUrl"": ""https://savesage.co/ZH8bLjZqSPb""}]",,[],"[{""maintitle"": ""Domestic lounge"", ""limit"": [""1 per quarter""], ""eligibility"": [""Spend ₹50,000 or more in the previous quarter (Jan-Mar, Apr-Jun, Jul-Sep, Oct-Dec), you automatically qualify for this privilege in the subsequent quarter (Apr-Jun,  Jul-Sep, Oct-Dec, Jan-Mar).""]}]",,,,"[{""mainTitle"": ""Golf"", ""child"": ""Complimentary Golf Rounds""}, {""mainTitle"": ""Insurance"", ""child"": ""Complimentary Golf Rounds""}]","[""Complimentary Golf Rounds"", ""Complimentary Golf Rounds""]",,,,savesage.club,https://savesage.club/credit-card/yes-bank-byoc-cashback
Yes Bank BYOC Cashback (Metal) credit card,Yes Bank,Yes Bank,,"[""Cashback""]",3499,,,0.5% to 1.5%,"[{""child"": ""Earn 1 Reward Points per ₹100 spent"", ""name"": ""Base Rewards""}, {""child"": ""Earn 1 Reward Points per ₹100 spent"", ""name"": ""Transportation""}, {""child"": ""Earn 1 Reward Points per ₹100 spent"", ""name"": ""Railways""}, {""child"": "" No Reward Points on this category."", ""name"": ""Rent""}, {""child"": "" No Reward Points on this category."", ""name"": ""Wallets""}, {""child"": "" No Reward Points on this category."", ""name"": ""Fuel""}]","[{""title"": "" Discover Reward Points Redemption Options"", ""subtitle"": ""To explore the full range of redemption options for this card, download the SaveSage Club app now."", ""barCodeImageUrl"": ""/"", ""appUrl"": ""https://savesage.co/ZH8bLjZqSPb""}]",,[],[],,,,"[{""mainTitle"": ""Golf"", ""child"": ""Complimentary Golf Rounds""}, {""mainTitle"": ""Insurance"", ""child"": ""Complimentary Golf Rounds""}]","[""Complimentary Golf Rounds"", ""Complimentary Golf Rounds""]",,,,savesage.club,https://savesage.club/credit-card/yes-bank-byoc-cashback-metal
Yes Bank BYOC Rewards credit card,Yes Bank,Yes Bank,,"[""Cashback""]",0,,,1% to 2%,"[{""child"": ""Earn 8 Reward Points per ₹200 spent"", ""name"": ""Base Rewards""}, {""child"": ""Earn 8 Reward Points per ₹200 spent"", ""name"": ""Transportation""}, {""child"": ""Earn 8 Reward Points per ₹200 spent"", ""name"": ""Railways""}, {""child"": "" No Reward Points on this category."", ""name"": ""Fuel""}, {""child"": "" No Reward Points on this category."", ""name"": ""Wallets""}, {""child"": "" No Reward Points on this category."", ""name"": ""Rent""}, {""child"": "" No Reward Points on this category."", ""name"": ""Utilities""}]","[{""title"": "" Discover Reward Points Redemption Options"", ""subtitle"": ""To explore the full range of redemption options for this card, download the SaveSage Club app now."", ""barCodeImageUrl"": ""/"", ""appUrl"": ""https://savesage.co/ZH8bLjZqSPb""}]",,[],"[{""maintitle"": ""Domestic lounge"", ""limit"": [""1 per quarter""], ""eligibility"": [""Spend ₹50,000 or more in the previous quarter (Jan-Mar, Apr-Jun, Jul-Sep, Oct-Dec), you automatically qualify for this privilege in the subsequent quarter (Apr-Jun,  Jul-Sep, Oct-Dec, Jan-Mar).""]}]",,,,"[{""mainTitle"": ""Golf"", ""child"": ""Complimentary Golf Rounds""}, {""mainTitle"": ""Insurance"", ""child"": ""Complimentary Golf Rounds""}]","[""Complimentary Golf Rounds"", ""Complimentary Golf Rounds""]",,,,savesage.club,https://savesage.club/credit-card/yes-bank-byoc-rewards
Yes Bank BYOC Rewards (Metal) credit card,Yes Bank,Yes Bank,,"[""Experience"", ""Travel Booking""]",3499,,,3% to 6%,"[{""child"": ""Earn 8 Reward Points per ₹200 spent"", ""name"": ""Base Rewards""}, {""child"": ""Earn 8 Reward Points per ₹200 spent"", ""name"": ""Transportation""}, {""child"": ""Earn 8 Reward Points per ₹200 spent"", ""name"": ""Railways""}, {""child"": "" No Reward Points on this category."", ""name"": ""Fuel""}, {""child"": "" No Reward Points on this category."", ""name"": ""Wallets""}, {""child"": "" No Reward Points on this category."", ""name"": ""Rent""}, {""child"": "" No Reward Points on this category."", ""name"": ""Utilities""}]","[{""title"": "" Discover Reward Points Redemption Options"", ""subtitle"": ""To explore the full range of redemption options for this card, download the SaveSage Club app now."", ""barCodeImageUrl"": ""/"", ""appUrl"": ""https://savesage.co/ZH8bLjZqSPb""}]",,[],[],,,,"[{""mainTitle"": ""Golf"", ""child"": ""Complimentary Golf Rounds""}, {""mainTitle"": ""Insurance"", ""child"": ""Credit Shield cover of INR 2.5 Lakhs.""}]","[""Complimentary Golf Rounds"", ""Credit Shield cover of INR 2.5 Lakhs.""]",,,,savesage.club,https://savesage.club/credit-card/yes-bank-byoc-rewards-metal
Kotak Kotak 811 Supermoney credit card,Kotak Mahindra Bank,Kotak,,"[""Cashback""]",500,,,1% to 2%,"[{""child"": ""Earn 1 Reward Points per ₹100 spent"", ""name"": ""Base Rewards""}, {""child"": ""Earn 2 Reward Points per ₹100 spent"", ""name"": ""Online""}, {""child"": "" No Reward Points on this category."", ""name"": ""Wallets""}, {""child"": "" No Reward Points on this category."", ""name"": ""Fuel""}, {""child"": "" No Reward Points on this category."", ""name"": ""Education""}, {""child"": "" No Reward Points on this category."", ""name"": ""Utilities""}, {""child"": "" No Reward Points on this category."", ""name"": ""Online Gaming""}, {""child"": "" No Reward Points on this category."", ""name"": ""Rent""}]","[{""title"": "" Discover Reward Points Redemption Options"", ""subtitle"": ""To explore the full range of redemption options for this card, download the SaveSage Club app now."", ""barCodeImageUrl"": ""/"", ""appUrl"": ""https://savesage.co/ZH8bLjZqSPb""}]",,"[{""milestoneNumber"": 1, ""spent"": 50000, ""cycleType"": ""STATEMENT"", ""benefits"": ""The renewal fee will be waived."", ""milestoneType"": ""YEAR""}, {""milestoneNumber"": 2, ""spent"": 75000, ""cycleType"": ""STATEMENT"", ""benefits"": ""Redemption Option 1: Cashback of INR 750/-.You can claim your cash back within 3 months after anniversary year gets over. If claimed, the cashback will reflect in your next billing cycle.Redemption Option 2: 4 free PVR tickets. You can claim your PVR tickets within 3 months after the anniversary year gets over. PVR tickets can be used for any day and any show and are transferrable. Star Pass Code will be issued which can be redeemed for online PVR Movie Ticket booking at www.pvrcinemas.com."", ""milestoneType"": ""YEAR""}]",[],,,,[],[],,,,savesage.club,https://savesage.club/credit-card/kotak-kotak-811-supermoney