card_name,issuing_bank,issuing_bank_raw,card_network,categories,joining_fee,annual_fee,fee_waiver_condition,reward_rate,reward_structure,redemption_options,welcome_benefits,milestone_benefits,lounge_access,eligibility,interest_rate_apr,forex_markup,other_charges,key_features,pros,cons,rating,source_site,source_url
AU Altura Credit Card,AU Small Finance Bank,AU,,"[""Utilities"", ""Groceries""]",₹199 + GST,₹199 + GST,"Waived on annual spends of ₹40,000",Up to 2% cashback on Groceries/Utilities/Departmental Stores,,Cashback is automatically credited to your account.,"₹50 cashback monthly for milestone spends of ₹10,000","₹50 cashback monthly for milestone spends of ₹10,000",2 complimentary railway lounge visits per quarter,"{""age"": ""21–60 years"", ""income"": ""2 Lakh/annum"", ""location"": ""India"", ""employment"": [""Salaried"", ""Self Employed""], ""income_thresholds"": {""salaried_annual_income_threshold"": """", ""self_employed_annual_income_threshold"": """", ""business_annual_income_threshold"": """"}}",,3.50%,"1% waiver on transactions ₹400-₹5,000 (Max ₹100 per statement cycle)",Get 2x reward points for every Rs.100 you spend on online transactions.,"[""Affordable annual fee with easy waiver conditions."", ""Complimentary railway lounge access (ideal for domestic travelers).""]","[""Limited cashback cap (₹50/month)."", ""High forex markup fee (3.49%)""]",3.6,rewardpoints.club,https://rewardpoints.club/library
AU Altura+ Credit Card,AU Small Finance Bank,AU,,"[""Online Shopping""]",₹499 + GST,₹499 + GST,"Waived on annual spends of ₹80,000",2 reward points on online spends and 1.5% cashback on POS retail transactions,,"Redeem points via the AU Rewardz portal for vouchers, apparel, flight tickets, hotel bookings, etc.
Redemption rate: 1 reward point = ₹0.25.",Vouchers worth ₹500 for milestone spends within 60 days,Vouchers worth ₹500 for milestone spends within 60 days,2 complimentary railway lounge visits per quarter,"{""age"": ""21–60 years"", ""income"": """", ""location"": ""India"", ""employment"": [""Salaried"", ""Self Employed""], ""income_thresholds"": {""salaried_annual_income_threshold"": """", ""self_employed_annual_income_threshold"": """", ""business_annual_income_threshold"": """"}}",,3.50%,"1% waiver on transactions ₹400-₹5,000 (Max ₹150 per statement cycle)",,"[""Affordable annual fee with easy waiver conditions."", ""High rewards rate for online transactions (2X points)."", ""Complimentary railway lounge access at major stations.""]","[""Limited cashback cap (₹100/month)."", ""No airport lounge access or international travel benefits.""]",3.9,rewardpoints.club,https://rewardpoints.club/library
AU LIT Credit Card,AU Small Finance Bank,AU,,"[""Groceries""]",₹0 (Lifetime Free),₹0 (Lifetime Free),,Up to 10X reward points on online spends,,"Redeem reward points for vouchers, travel bookings, and subscriptions.


Redemption rate: 1 reward point = ₹0.25.",,,Up to 4 complimentary airport lounge visits per quarter,"{""age"": ""21–60 years"", ""income"": ""criteria not mentioned"", ""location"": """", ""employment"": [""Salaried"", ""Self Employed""], ""income_thresholds"": {""salaried_annual_income_threshold"": """", ""self_employed_annual_income_threshold"": """", ""business_annual_income_threshold"": """"}}",,3.50%,"1% waiver on transactions ₹400-₹5,000 (Max ₹100 per statement cycle)",,"[""Lifetime free card with no annual fees."", """", """", ""Customizable benefits tailored to spending habits."", """", ""High rewards rate (up to 10X points) and cashback options.""]","[""Requires active customization every 90 days via the app."", """", """", ""Forex markup fee is slightly higher at 3.49%""]",3.9,rewardpoints.club,https://rewardpoints.club/library
AU Nomo Secured Credit Card,AU Small Finance Bank,AU,,"[""Secured Credit Card (FD)"", ""Travel""]",₹199 + GST (one-time),₹199 + GST (no renewal fee after the first year),,,,"Redeem points for vouchers, travel bookings, or cashback.


Redemption rate: 1 Reward Point = ₹0.25.",500 Reward Points on first transaction within 30 days of joining,500 Reward Points on first transaction within 30 days of joining,2 complimentary domestic lounge visits per quarter,"{""age"": ""18 to 75 years"", ""income"": """", ""location"": ""India"", ""employment"": [""Salaried"", ""Self Employed""], ""income_thresholds"": {""salaried_annual_income_threshold"": """", ""self_employed_annual_income_threshold"": """", ""business_annual_income_threshold"": """"}}",,1%,"1% waiver on transactions ₹400-₹5,000 (Max ₹100 per statement cycle)",India’s first numberless secured credit card with low 0.99% forex markup and credit-building rewards,"[""Affordable entry into credit with a low joining fee and no annual fee after the first year."", """", """", ""Earning interest on the fixed deposit while enjoying credit card benefits."", """", """", ""Good rewards structure for everyday spending.""]","[""Requires a fixed deposit which ties up funds until closure of the card."", """", """", ""Limited premium benefits compared to unsecured cards.""]",3.6,rewardpoints.club,https://rewardpoints.club/library
AU Xcite Ultra Credit Card,AU Small Finance Bank,AU,,"[""Travel""]",₹0 (Lifetime Free),₹0 (Lifetime Free),,Up to 12 Reward Points per ₹100 spent on international transactions; 8 Reward Points per ₹100 on online spends; 4 Reward Points per ₹100 on offline spends,,"Redeem Reward Points via the AU Rewardz portal at a rate of 1 Reward Point = ₹0.25.
Redemption options include gift vouchers, travel bookings, and more.",,,2 complimentary domestic airport lounge visits per quarter; 8 complimentary railway lounge visits annually,"{""age"": ""18 to 70 years"", ""income"": """", ""location"": ""India"", ""employment"": [""Salaried"", ""Self Employed""], ""income_thresholds"": {""salaried_annual_income_threshold"": """", ""self_employed_annual_income_threshold"": """", ""business_annual_income_threshold"": """"}}",,3.50%,"1% waiver on transactions ₹400-₹5,000 (Max ₹200 per statement cycle)",Lifetime free card - Get upto 12X reward points on international spends,"[""High reward rate on international transactions with up to 12 Reward Points per ₹100 spent."", ""Lifetime free with no annual fees, making it cost-effective."", ""Complimentary lounge access enhances travel comfort.""]","[""Limited rewards outside specific categories like international and online transactions."", ""No specific welcome bonus mentioned.""]",3.7,rewardpoints.club,https://rewardpoints.club/library
AU Xcite Credit Card,AU Small Finance Bank,AU,,"[""Food & Entertainment""]",₹0 (Lifetime Free),₹0 (Lifetime Free),,Up to 15 Reward Points per ₹100 spent on select categories,,"Dining, Movies, Groceries, Departmental Stores: 15 Reward Points per ₹100 spent, Unlimited
Retail Purchases: 2 Reward Points per ₹100 spent, Unlimited
Special Bonus Days (1st–5th of Month): 2X Reward Points on all retail spends, Unlimited","500 Reward Points on spending ₹5,000 within the first 5 days of the month","500 Reward Points on spending ₹5,000 within the first 5 days of the month",2 complimentary railway lounge visits per quarter (8 per year),"{""age"": ""21 to 65 years"", ""income"": ""proof required for SwipeUp platform applications"", ""location"": """", ""employment"": [""Salaried"", ""Self Employed""], ""income_thresholds"": {""salaried_annual_income_threshold"": """", ""self_employed_annual_income_threshold"": """", ""business_annual_income_threshold"": """"}}",,3.50%,"1% waiver on transactions ₹400-₹5,000 (Max ₹200 per statement cycle)","Earn 15X reward points on dining, movies, groceries, and departmental stores, 2X points on retail spends from the 1st to 5th of each month","[""Lifetime free card with no annual fees or hidden charges."", """", """", ""High reward rates (up to 15 points per ₹100) across popular spending categories like dining and groceries."", """", """", ""Complimentary railway lounge access enhances travel comfort.""]","[""Limited travel benefits; no airport lounge access or international perks."", """", """", ""Forex markup fee is relatively high at 3.49%.""]",3.7,rewardpoints.club,https://rewardpoints.club/library
AU Xcite Ace Credit Card,AU Small Finance Bank,AU,,"[""Food & Entertainment"", ""Groceries""]",₹0 (Lifetime Free),₹0 (Lifetime Free),,"Up to 3% cashback on monthly spends of ₹20,000 or more; 2% on spends of ₹12,500 or more; 1% on spends of ₹7,500 or more",,Cashback is directly credited to your credit card statement—no manual redemption is required.,,,Enjoy 2 complimentary domestic airport lounge visits per quarter; 2 complimentary railway lounge visits per quarter,"{""age"": ""18 to 70 years"", ""income"": """", ""location"": ""India"", ""employment"": [""Salaried"", ""Self Employed""], ""income_thresholds"": {""salaried_annual_income_threshold"": """", ""self_employed_annual_income_threshold"": """", ""business_annual_income_threshold"": """"}}",,3.50%,"1% waiver on transactions ₹400-₹5,000 (Max ₹200 per statement cycle)","Earn up to 3% cashback on monthly spends of ₹20,000+ ","[""Lifetime Free with no joining or annual fees."", ""High cashback rates up to 3% on monthly spends of ₹20,000 or more."", ""Complimentary lounge access for both airport and railway lounges.""]","[""Limited rewards on transactions like rent payments and fuel purchases."", ""No international lounge access benefits.""]",3.7,rewardpoints.club,https://rewardpoints.club/library
AU Zenith+ Credit Card,AU Small Finance Bank,AU,,"[""Travel"", ""Food & Entertainment"", ""Premium""]","₹4,999 + GST","₹4,999 + GST","No waiver available; renewal benefit of 5,000 reward points annually","2 Reward Points per ₹100 spent on dining, international, and travel spends; 1 Reward Point per ₹100 spent on other categories",,"Redeem points for vouchers, travel bookings, or lifestyle products via AU Rewardz portal.


Redemption rate: 1 Reward Point = ₹1.","Luxury vouchers worth ₹5,000 (Taj Hotels, Tata Cliq, Michael Kors) or 5,000 Reward Points","Luxury vouchers worth ₹5,000 (Taj Hotels, Tata Cliq, Michael Kors) or 5,000 Reward Points",16 complimentary domestic and international lounge visits per year,"{""age"": """", ""income"": """", ""location"": """", ""employment"": [""Salaried"", ""Self Employed""], ""income_thresholds"": {""salaried_annual_income_threshold"": 3000000, ""self_employed_annual_income_threshold"": 3000000, ""business_annual_income_threshold"": """"}}",,3.50%,"1% waiver on transactions ₹400-₹5,000 (Max ₹1000 per statement cycle)",Complimentary Lounge accesses annually and enjoy Taj Epicure membership with ₹12L annual spend,"[""Premium privileges like airport VIP check-ins and concierge services enhance travel experiences."", """", """", ""Low forex markup fee (0.99%) makes it ideal for frequent international travelers."", """", """", ""Generous lounge access (16 visits annually) covers both domestic and international lounges."", """", """", ""High reward redemption value (1 Reward Point = ₹1) ensures maximum savings.""]","[""No annual fee waiver option; only renewal benefits are provided."", """", """", ""Requires high spending thresholds to unlock premium perks like Taj Epicure Membership.""]",4.1,rewardpoints.club,https://rewardpoints.club/library
AU Business Cashback Credit Card,AU Small Finance Bank,AU,,"[""Food & Entertainment""]",₹0,"₹1,188 (₹99/month)","Waived on spending ₹10,000 in a statement cycle","1% cashback on total dues repayment, capped at ₹1,000 per statement cycle",,"Cashback is credited automatically to the cardholder’s account upon repayment.


Reward Points can also be redeemed for vouchers or discounts through AU Bank's rewards portal.",,,8 complimentary railway lounge visits per year (max 2 per quarter),"{""age"": ""21 to 60 years"", ""income"": """", ""location"": ""India"", ""employment"": [""Business"", ""Self Employed""], ""income_thresholds"": {""salaried_annual_income_threshold"": """", ""self_employed_annual_income_threshold"": """", ""business_annual_income_threshold"": """"}}",,3.50%,"1% waiver on transactions ₹400-₹5,000 (Max ₹200 per statement cycle)",Earn 1% cashback on total dues repayment and railway lounge visits annually,"[""Affordable monthly fee with the potential for waiving it through spending."", """", """", ""Simple cashback structure that rewards timely repayments."", """", """", ""Complimentary railway lounge access enhances travel convenience for business owners.""]","[""Monthly fee may accumulate if spending does not meet the threshold."", """", """", ""Limited rewards compared to other premium business credit cards.""]",3.9,rewardpoints.club,https://rewardpoints.club/library
AU Zenith Credit Card,AU Small Finance Bank,AU,,"[""Travel"", ""Food & Entertainment"", ""Groceries""]","₹7,999 + GST (first-year fee waived on spending)","₹7,999 + GST",Waived on annual spends of ₹5 lakh from the second year onwards; waived for the first year on spending ₹1.25 lakh within 90 days of card setup,Up to 20 Reward Points per ₹100 spent on retail transactions,,"Redeem points for vouchers, travel bookings, or lifestyle products via AU Rewardz portal.


Redemption rate: 1 Reward Point = ₹0.25.","Vouchers worth ₹1,000 on the first transaction","Vouchers worth ₹1,000 on the first transaction",Up to 16 complimentary domestic and international lounge visits per year,"{""age"": """", ""income"": """", ""location"": """", ""employment"": [""Salaried"", ""Self Employed""], ""income_thresholds"": {""salaried_annual_income_threshold"": """", ""self_employed_annual_income_threshold"": """", ""business_annual_income_threshold"": """"}}",,3.50%,"1% waiver on transactions ₹400-₹5,000 (Max ₹1000 per statement cycle)",Complimentary lounge visits per quarter and Taj Epicure membership with ₹8L annual spend.,"[""High reward earning potential with up to 20 points per ₹100 spent makes it ideal for regular spenders."", """", """", ""Extensive lounge access enhances travel experiences significantly."", """", """", ""Valuable welcome bonus and birthday rewards add extra benefits.""]","[""High annual fee may not be justified for low spenders."", """", """", ""Forex markup fee is higher than some competitors.""]",3.9,rewardpoints.club,https://rewardpoints.club/library
AU Vetta Credit Card,AU Small Finance Bank,AU,,"[""Utilities"", ""Groceries""]",₹2999 + GST,₹2999 + GST,"₹40,000 is spent on retail within 90 days of card setup in the first year. For the 2nd year onwards, the annual fee can be waived off for ₹1,50,000 retail spends done in the previous card anniversary year",Up to 10 Reward Points per ₹100 spent on utility bill payments (2.5% reward rate),,"Reward Points can be redeemed via the AU Rewardz portal for:
E-vouchers from top brands, Merchandise, Mobile/DTH recharges and Flight/hotel bookings


Redemption value: 1 Reward Point = ₹0.25.","Vouchers worth ₹2,000 on minimum ₹30,000 retail spends done within 60 days of card setup","Vouchers worth ₹2,000 on minimum ₹30,000 retail spends done within 60 days of card setup",1 complimentary domestic airport lounge visit per quarter; 8 railway lounge visits annually,"{""age"": """", ""income"": """", ""location"": """", ""employment"": [""Salaried"", ""Self Employed""], ""income_thresholds"": {""salaried_annual_income_threshold"": """", ""self_employed_annual_income_threshold"": """", ""business_annual_income_threshold"": """"}}",,3.50%,"1% waiver on transactions ₹400-₹5,000 (Max ₹250 per statement cycle)","Earn 4X reward points on dining, groceries, and departmental stores with airport lounge acess","[""High rewards on utility bill payments (10 points per ₹100 spent)."", """", """", ""Quarterly milestone benefits incentivize consistent spending."", """", """", ""Complimentary domestic airport and railway lounge access add travel convenience.""]","[""Limited rewards outside utility bills and groceries."", """", """", ""Forex markup fee is higher than premium cards at 2.99%.""]",3.9,rewardpoints.club,https://rewardpoints.club/library
HDFC IndianOil Credit Card,HDFC Bank,HDFC,,"[""Fuel""]",₹500 + GST,₹500 + GST,"waived if annual spends exceed ₹50,000",5% cashback on fuel purchases at IndianOil outlet,,"Fuel Points can be redeemed for discounts on fuel purchases or converted into vouchers for shopping.


Redemption value: Each Fuel Point is valued at ₹0.25.",,,,"{""age"": ""21 to 60 years"", ""income"": ""₹10"", ""location"": """", ""employment"": [""Salaried"", ""Self Employed""], ""income_thresholds"": {""salaried_annual_income_threshold"": 120000, ""self_employed_annual_income_threshold"": 600000, ""business_annual_income_threshold"": """"}}",,3.50%,"1% waiver on transactions ₹400-₹5,000 (Max ₹250 per statement cycle)","Earn 5% Fuel Points on fuel, groceries, and bill payments","[""Generous cashback of up to 5% on fuel purchases makes it ideal for regular drivers."", """", """", ""Annual fee waiver provides cost savings for frequent users."", """", """", ""Additional rewards on grocery and utility payments enhance its value.""]","[""Limited rewards outside of fuel-related spending may not appeal to all users."", """", """", ""Higher forex markup fee may deter international users.""]",3.9,rewardpoints.club,https://rewardpoints.club/library
HDFC Freedom Credit Card,HDFC Bank,HDFC,,"[""Food & Entertainment""]",₹500 + GST,₹500 + GST,"Waived on annual spends of ₹50,000",10X CashPoints on select platforms; 1 CashPoint for every ₹150 spent on other purchases,,"CashPoints can be redeemed for cashback, products from the HDFC rewards catalog, or travel bookings through SmartBuy.


Redemption value: Each CashPoint is valued at ₹0.15.",500 CashPoints upon successful payment of the joining fee,500 CashPoints upon successful payment of the joining fee,,"{""age"": """", ""income"": """", ""location"": """", ""employment"": [""Salaried"", ""Self Employed""], ""income_thresholds"": {""salaried_annual_income_threshold"": 150000, ""self_employed_annual_income_threshold"": 600000, ""business_annual_income_threshold"": """"}}",,3.50%,"1% waiver on transactions ₹400-₹5,000 (Max ₹200 per statement cycle)","Earn 10X CashPoints for purchases at BigBasket, OYO, Swiggy, Uber, and BookMyShow","[""Attractive welcome bonus and ongoing rewards structure make it appealing for new cardholders."", """", """", ""High rewards rate on popular platforms provides excellent value for regular users."", """", """", ""Annual fee waiver option makes it cost-effective for frequent spenders.""]","[""Limited rewards outside of specific categories may not appeal to all users."", """", """", ""Higher forex markup fee could deter international usage.""]",3.6,rewardpoints.club,https://rewardpoints.club/library
HDFC Bharat Credit card,HDFC Bank,HDFC,,"[""Utilities"", ""Fuel""]",₹500 + GST,₹500 + GST,"waived on annual spends of ₹50,000","5% cashback on ticket bookings, groceries, bill payments, mobile recharges & fuel expenses",,"CashPoints can be redeemed for cashback against your statement balance or for vouchers through the HDFC rewards portal.


Redemption value: Each CashPoint is valued at ₹1.",,,,"{""age"": ""21 to 60 years"", ""income"": ""₹12"", ""location"": """", ""employment"": [""Salaried"", ""Self Employed""], ""income_thresholds"": {""salaried_annual_income_threshold"": 150000, ""self_employed_annual_income_threshold"": 200000, ""business_annual_income_threshold"": """"}}",,3.50%,"1% waiver on transactions ₹400-₹5,000 (Max ₹250 per statement cycle)","Earn 5% cashback on fuel, IRCTC, bill payments, and PayZapp and save up to ₹3,600 annually ","[""Generous cashback of up to 5% on fuel purchases makes it ideal for regular drivers."", """", """", ""Annual fee waiver provides cost savings for frequent users."", """", """", ""Additional rewards on bill payments and mobile recharges enhance its value.""]","[""Limited rewards outside of specific categories may not appeal to all users."", """", """", ""Higher forex markup fee may deter international usage.""]",3.6,rewardpoints.club,https://rewardpoints.club/library
HDFC Indigo Credit Card,HDFC Bank,HDFC,,"[""Travel"", ""Food & Entertainment"", ""Groceries""]",₹700 + GST,₹700 + GST,,"2.5% 6E Rewards per ₹100 spent on IndiGo flights; 2% 6E Rewards per ₹100 spent on dining, groceries, and entertainment; 1% 6E Reward per ₹100 on all other spends,15% 6E Rewards On select partners",,"Redeem your 6E Rewards for discounts on IndiGo flights or convert them into vouchers for shopping.


Each 6E Reward is valued at ₹1.","Complimentary flight voucher worth ₹1,500 after making three transactions in the first three months","Complimentary flight voucher worth ₹1,500 after making three transactions in the first three months",,"{""age"": """", ""income"": """", ""location"": """", ""employment"": [""Salaried"", ""Self Employed""], ""income_thresholds"": {""salaried_annual_income_threshold"": 240000, ""self_employed_annual_income_threshold"": 600000, ""business_annual_income_threshold"": """"}}",,3.50%,,"Earn 2.5% 6E Rewards on IndiGo bookings, 2% on groceries, dining, and entertainment.","[""High rewards rate on IndiGo flight bookings makes it ideal for regular travelers."", """", """", ""Welcome bonus provides immediate value upon card activation."", """", """", ""Lounge access enhances travel comfort significantly.""]","[""Limited rewards outside of specific categories may not appeal to all users."", """", """", ""Higher forex markup fee could deter international usage.""]",3.7,rewardpoints.club,https://rewardpoints.club/library
HDFC Tata Neu Plus Credit Card,HDFC Bank,HDFC,,"[""Travel"", ""Online Shopping"", ""Groceries""]",₹499 + GST (First Year Free),₹499 + GST (First Year Free),Waived on annual spends of ₹1 lakh,2% back in NeuCoins on Tata spends; 1% back on non-Tata spends,,"NeuCoins can be redeemed for discounts on purchases at Tata brands or converted into vouchers for other shopping needs.


Each NeuCoin is valued at ₹1.",499 NeuCoins after making a transaction within the first 30 days,499 NeuCoins after making a transaction within the first 30 days,4 complimentary domestic airport lounge visits annually,"{""age"": """", ""income"": """", ""location"": """", ""employment"": [""Salaried"", ""Self Employed""], ""income_thresholds"": {""salaried_annual_income_threshold"": 300000, ""self_employed_annual_income_threshold"": 600000, ""business_annual_income_threshold"": null}}",,3.50%,"1% waiver on transactions ₹400-₹5,000 (Max ₹250 per statement cycle)","NeuCoins on Tata Neu and partner brand spends, additional 5% on Tata Neu app purchases, and domestic lounge accesses","[""Attractive rewards structure for loyal Tata customers with high returns on spending."", ""Welcome bonus provides immediate value upon card activation."", ""Complimentary lounge access enhances travel comfort significantly.""]","[""Limited rewards outside of specific categories may not appeal to all users."", ""Higher forex markup fee could deter international usage.""]",4.3,rewardpoints.club,https://rewardpoints.club/library
HDFC BIZ First Credit Card,HDFC Bank,HDFC,,"[""Utilities""]",₹500 + GST,₹500 + GST,"Waived on annual spends of ₹50,000","Up to 3% CashPoints on EMI spends; 2% on utility bills, electronics, and select transactions; 1% on other retail spends",,"CashPoints can be redeemed against your statement balance, vouchers for top brands, or business products via SmartBuy.


Redemption value: 100 CashPoints = up to ₹15.",₹250 gift voucher redeemable on top brands after making a transaction within the first 37 days,₹250 gift voucher redeemable on top brands after making a transaction within the first 37 days,,"{""age"": ""21 to 60 years"", ""income"": """", ""location"": """", ""employment"": [""Self Employed""], ""income_thresholds"": {""salaried_annual_income_threshold"": """", ""self_employed_annual_income_threshold"": 600000, ""business_annual_income_threshold"": """"}}",,3.50%,"1% waiver on transactions ₹400-₹5,000 (Max ₹250 per statement cycle)",,"[""Attractive rewards structure with high returns on EMI spends and utility bills."", """", """", ""Welcome bonus provides immediate value upon card activation."", """", """", ""Discounts on business software enhance productivity and cost savings.""]","[""Limited rewards outside of specific categories may not appeal to all users."", """", """", ""Higher forex markup fee could deter international usage.""]",3.9,rewardpoints.club,https://rewardpoints.club/library
HDFC Moneyback Plus Credit card,HDFC Bank,HDFC,,"[""Online Shopping"", ""Groceries""]",₹500 + GST,₹500 + GST,"Waived on annual spends of ₹50,000",10X CashPoints on select platforms; 5X CashPoints: 10 per Rs. 150  on EMI spend at merchant locations; 2 CashPoints for every ₹150 spent on other purchases,,"CashPoints can be redeemed for cashback against your statement balance or for vouchers through the HDFC rewards portal.


Redemption value: Each CashPoint is valued at ₹0.25.",500 CashPoints upon payment of the joining fee,500 CashPoints upon payment of the joining fee,,"{""age"": ""21 to 60 years"", ""income"": ""₹25"", ""location"": """", ""employment"": [""Salaried"", ""Self Employed""], ""income_thresholds"": {""salaried_annual_income_threshold"": 240000, ""self_employed_annual_income_threshold"": 600000, ""business_annual_income_threshold"": """"}}",,3.50%,"1% waiver on transactions ₹400-₹5,000 (Max ₹250 per statement cycle)","Earn 10X CashPoints on select platorms, ₹500 gift voucher on quarterly spends of ₹50,000","[""High rewards rate on popular online shopping platforms makes it ideal for regular users."", """", """", ""Welcome bonus provides immediate value upon card activation."", """", """", ""Dining discounts enhance its appeal for food enthusiasts.""]","[""Limited rewards outside specific categories may not appeal to all users."", """", """", ""Higher forex markup fee could deter international usage.""]",3.7,rewardpoints.club,https://rewardpoints.club/library
HDFC Business Moneyback Credit card,HDFC Bank,HDFC,,"[""Utilities"", ""Fuel""]",₹500 + GST,₹500 + GST,"Waived on annual spends of ₹50,001","5% cashback on key business expenses; 4 Reward Points per ₹150 spent online; Earn 10 reward points per Rs. 150 spent on fuel (Maximum 1,000 points in a billing cycle); 2 Reward Points per ₹150 spent offline",,"Redeem Reward Points for cashback against your statement at a rate of 100 Reward Points = ₹20.
Points can also be redeemed for gifts and air miles from an exclusive rewards catalogue.",,,,"{""age"": ""21 to 70 years"", ""income"": ""₹6 lakh per annum (ITR requirement)"", ""location"": """", ""employment"": [""Self Employed""], ""income_thresholds"": {""salaried_annual_income_threshold"": """", ""self_employed_annual_income_threshold"": 600000, ""business_annual_income_threshold"": """"}}",,3.50%,"1% waiver on transactions ₹400-₹5,000 (Max ₹250 per statement cycle)",Earn 4 Reward Points per ₹150 on online spends,"[""High cashback rate of 5% on key business expenses like dining and utility bills."", ""Affordable annual fee with easy waiver conditions for spends exceeding ₹50,000 annually."", ""Milestone benefits provide additional value for high spenders.""]","[""Limited rewards outside specific categories like dining and utility bills."", ""No lounge access or premium travel perks.""]",3.7,rewardpoints.club,https://rewardpoints.club/library
HDFC Swiggy Credit Card,HDFC Bank,HDFC,,"[""Food & Entertainment"", ""Groceries""]",₹500 + GST,₹500 + GST,Waived on annual spends of ₹2 lakh,"10% cashback on Swiggy orders; 5% cashback on online dining, grocery, and entertainment; 1% cashback on all other spends",,Accumulated cashback will be credited into the card statement and adjusted against the outstanding dues.,Complimentary 3 months Swiggy One membership on card activation,Complimentary 3 months Swiggy One membership on card activation,,"{""age"": """", ""income"": """", ""location"": """", ""employment"": [""Salaried"", ""Self Employed""], ""income_thresholds"": {""salaried_annual_income_threshold"": 180000, ""self_employed_annual_income_threshold"": 600000, ""business_annual_income_threshold"": null}}",,3.50%,"1% waiver on transactions ₹400-₹5,000 (Max ₹250 per statement cycle)","Earn 10% cashback on Swiggy app spends (food, Instamart, Dineout, Genie)","[""High cashback rate (10%) on Swiggy transactions makes it the best card for Swiggy users."", ""5% cashback on online dining, groceries, and entertainment adds to the card’s value.""]","[""High annual spend requirement (₹2 lakh) to waive the annual fee."", ""No travel benefits like lounge access.""]",4.2,rewardpoints.club,https://rewardpoints.club/library
HDFC IRCTC Credit Card,HDFC Bank,HDFC,,"[""Travel""]",₹500 + GST,₹500 + GST,Waived on annual spends of ₹1.5 lakh,"5% value back on IRCTC bookings; 5 reward points per Rs. 100 spent on IRCTC website & Rail Connect App; 1% back on groceries, dining, and other categories",,,₹500 worth of IRCTC travel vouchers upon first transaction,₹500 worth of IRCTC travel vouchers upon first transaction,8 complimentary railway lounge accesses per year,"{""age"": """", ""income"": """", ""location"": """", ""employment"": [""Salaried"", ""Self Employed""], ""income_thresholds"": {""salaried_annual_income_threshold"": 300000, ""self_employed_annual_income_threshold"": 600000, ""business_annual_income_threshold"": """"}}",,3.50%,"1% waiver on transactions ₹400-₹5,000 (Max ₹250 per statement cycle)",Earn 5 Reward Points per ₹100 on IRCTC bookings and complimentary railway lounge accesses annually.,"[""5% value back on IRCTC bookings makes it ideal for railway travelers."", """", """", ""8 complimentary railway lounge accesses per year enhance the travel experience."", """", """", ""Low annual fee that can be waived with moderate spending.""]","[""Limited cashback categories outside of IRCTC bookings."", """", """", ""No airport lounge access or international travel benefits""]",3.9,rewardpoints.club,https://rewardpoints.club/library
HDFC Shoppers Stop Regular Credit card,HDFC Bank,HDFC,,"[""Online Shopping""]",₹299 + GST,₹299 + GST,Waived on annual spends of ₹1.5 lakh,Up to 3% value back on Shoppers Stop purchases; 1% back on other spend,,"Cashback is credited as reward points, which can be redeemed at Shoppers Stop for future purchases.",₹500 worth of Shoppers Stop vouchers upon first transaction,₹500 worth of Shoppers Stop vouchers upon first transaction,,"{""age"": ""21 to 60 years"", ""income"": ""₹20"", ""location"": """", ""employment"": [""Salaried"", ""Self Employed""], ""income_thresholds"": {""salaried_annual_income_threshold"": 300000, ""self_employed_annual_income_threshold"": 600000, ""business_annual_income_threshold"": """"}}",,3.50%,"1% waiver on transactions ₹400-₹5,000 (Max ₹250 per statement cycle)",3% reward points on Shoppers Stop purchases (up to ₹500/month) and Shoppers Stop Silver Edge membership,"[""Up to 6% value back on Shoppers Stop purchases makes it ideal for frequent shoppers."", """", ""Low annual fees.""]","[""Limited cashback categories outside of Shoppers Stop purchases."", """", """", ""Cashback is locked to reward points usable at Shoppers Stop."", """", """", ""No travel or international benefits.""]",3.9,rewardpoints.club,https://rewardpoints.club/library
HDFC Rupay Credit Card,HDFC Bank,HDFC,,"[""Utilities"", ""Groceries""]",₹99 + GST,₹99 + GST,"Waived on annual spends of ₹25,000 in the previous year","3% CashPoints: On PayZapp transactions, groceries, supermarket and dining spends, up to 500 points per month; 2% CashPoints: On utility spends, up to 500 points per month; 1% CashPoints: On all other purchase up to 500 points per month",,"CashPoints can be redeemed against your statement balance or for vouchers through HDFC Bank’s rewards portal.


Redemption value: 1 CashPoint = ₹0.25.",Gift voucher worth ₹250 on card activation within 37 days and payment of joining fee,Gift voucher worth ₹250 on card activation within 37 days and payment of joining fee,,"{""age"": ""21 to 60 years"", ""income"": """", ""location"": """", ""employment"": [""Salaried"", ""Self Employed""], ""income_thresholds"": {""salaried_annual_income_threshold"": """", ""self_employed_annual_income_threshold"": """", ""business_annual_income_threshold"": """"}}",,3.50%,No fuel surcharge applicable on UPI payments,"Earn 3% CashPoints on groceries, supermarkets, dining, and PayZapp transactions and 2% on utility bills","[""Secure payment network with RuPay benefits."", """", """", ""Attractive rewards structure for groceries and dining spends."", """", """", ""UPI integration enhances convenience.""]","[""Limited rewards outside specific categories may not appeal to all users."", """", """", ""No lounge access or international travel benefits""]",3.6,rewardpoints.club,https://rewardpoints.club/library
HDFC Marriott Bonvoy Credit Card,HDFC Bank,HDFC,,"[""Travel"", ""Food & Entertainment""]","₹3,000 + GST","₹3,000 + GST",,"Up to 8 Marriott Bonvoy Points per ₹150 spent at participating Marriott hotels; 4 points per ₹150 on travel, dining, and entertainment; 2 points per ₹150 on other purchases",,"Marriott Bonvoy Points can be redeemed for discounted hotel stays, free nights, and dining offers at participating Marriott properties.


Points do not expire if there is any qualifying activity within the past 24 months.","1 Free Night Award (valued up to 15,000 points) and 10 Elite Night Credits","1 Free Night Award (valued up to 15,000 points) and 10 Elite Night Credits",12 complimentary domestic and international lounge visits annually,"{""age"": """", ""income"": ""₹1L per month for salaried, ₹15 LPA for self-employed"", ""location"": """", ""employment"": [""Salaried"", ""Self Employed""], ""income_thresholds"": {""salaried_annual_income_threshold"": 1200000, ""self_employed_annual_income_threshold"": 1500000, ""business_annual_income_threshold"": """"}}",,3.50%,," Complimentary Silver Elite Status, International and Domestic Lounge access and free night stays on tiered spends ","[""High rewards rate on Marriott hotel bookings makes it ideal for loyal customers."", """", """", ""Welcome bonus provides immediate value with a Free Night Award and Elite Night Credits."", """", """", ""Complimentary lounge access and golf benefits enhance travel comfort significantly.""]","[""High annual fee may not be justified for low spenders."", """", """", ""Limited rewards outside of specific categories may not appeal to all users.""]",4.2,rewardpoints.club,https://rewardpoints.club/library
HDFC Millenia Credit Card,HDFC Bank,HDFC,,"[""Food & Entertainment"", ""Online Shopping""]","₹1,000 + GST","₹1,000 + GST",waived on annual spends of ₹1 lakh,5% cashback on purchases at partner merchants; 1% cashback on other spends,,"CashPoints can be redeemed for cashback against your statement balance or for vouchers through HDFC Bank’s rewards portal.
Redemption value: Each 
Point is valued at ₹1.","1,000 CashPoints upon payment of the joining fee","1,000 CashPoints upon payment of the joining fee","Complimentary lounge access is now bundled with milestone benefits; choose between lounge access or a ₹1,000 gift voucher","{""age"": """", ""income"": """", ""location"": """", ""employment"": [""Salaried"", ""Self Employed""], ""income_thresholds"": {""salaried_annual_income_threshold"": 420000, ""self_employed_annual_income_threshold"": 600000, ""business_annual_income_threshold"": null}}",,3.50%,"1% waiver on transactions ₹400-₹5,000 (Max ₹250 per statement cycle)",Frequent online shoppers and individuals seeking rewards on everyday spending,"[""Attractive cashback rate on popular online platforms makes it ideal for regular users."", ""Welcome bonus provides immediate value upon card activation."", ""Milestone benefits offer additional rewards or lounge access.""]","[""Limited rewards outside specific categories may not appeal to all users."", ""No direct lounge access without meeting milestone requirements.""]",4.1,rewardpoints.club,https://rewardpoints.club/library
HDFC Tata Neu Infinity Credit card,HDFC Bank,HDFC,,"[""Travel"", ""Online Shopping"", ""Groceries""]","₹1,499 + GST","₹1,499 + GST",Waived on annual spends of ₹3 lakh,Up to 10% savings on select Tata Neu spends; 5% on partner brand spends; 1.5% on UPI transactions,,"NeuCoins can be redeemed for discounts on purchases across Tata brands via the Tata Neu app.
Each NeuCoin is valued at ₹1 when redeemed.","1,499 NeuCoins after first transaction within 30 days","1,499 NeuCoins after first transaction within 30 days",8 complimentary domestic + 4 international lounge visits annually,"{""age"": """", ""income"": ""Up to ₹1 lakh/month (salaried)"", ""location"": """", ""employment"": [""Salaried"", ""Self Employed""], ""income_thresholds"": {""salaried_annual_income_threshold"": 1200000, ""self_employed_annual_income_threshold"": 1200000, ""business_annual_income_threshold"": """"}}",,3.50%,"1% waiver on transactions ₹400-₹5,000 (Max ₹500 per statement cycle)",Loyal Tata customers and frequent users of the Tata Neu app seeking high rewards on everyday spending,"[""High rewards rate on Tata brand purchases makes it ideal for loyal customers."", ""Welcome bonus provides immediate value upon card activation."", ""Complimentary lounge access enhances travel comfort significantly.""]","[""Limited rewards outside of specific categories may not appeal to all users."", ""Higher annual fee compared to entry-level cards.""]",4.4,rewardpoints.club,https://rewardpoints.club/library
HDFC Indigo Rewards XL Credit card,HDFC Bank,HDFC,,"[""Travel""]","₹1,500 + GST","₹1,500 + GST",NA,"5 6E Rewards on IndiGo flight bookings; 3 on dining, grocery, and entertainment; 2 on other spends",,"6E Rewards can be redeemed for IndiGo flights, 6E Prime Add-Ons, and other travel benefits at a 1:1 ratio (1 6E Reward = ₹1).
Rewards are valid for 24 months from accrual.","Complimentary flight ticket worth ₹3,000 and 6E Prime Add-On benefits upon joining","Complimentary flight ticket worth ₹3,000 and 6E Prime Add-On benefits upon joining",8 complimentary domestic airport lounge visits annually,"{""age"": """", ""income"": ""₹1.2 lakh per month for salaried"", ""location"": """", ""employment"": [""Salaried"", ""Self Employed""], ""income_thresholds"": {""salaried_annual_income_threshold"": 1440000, ""self_employed_annual_income_threshold"": 1440000, ""business_annual_income_threshold"": """"}}",,2.50%,"1% waiver on transactions ₹400-₹5,000 (Max ₹250 per statement cycle)",Frequent IndiGo travelers seeking high rewards on flight bookings and travel benefits,"[""High rewards rate on IndiGo flight bookings makes it ideal for regular travelers."", ""Welcome bonus provides immediate value with a complimentary flight ticket and 6E Prime benefits."", ""Complimentary lounge access enhances travel comfort significantly.""]","[""High annual fee may not be justified for low spenders."", ""Limited rewards outside of specific categories may not appeal to all users.""]",3.8,rewardpoints.club,https://rewardpoints.club/library
HDFC Diners Club Privilege Credit card,HDFC Bank,HDFC,,"[""Travel"", ""Food & Entertainment""]","₹2,500 + GST","₹2,500 + GST",waived on annual spends of ₹3 lakh,4 Reward Points per ₹150 spent on retail transactions; up to 10X on SmartBuy purchases; 5X on Swiggy and Zomato,,"Reward Points can be redeemed for flight bookings, hotel stays, products, or cash credit against your statement balance.",Complimentary annual memberships of Swiggy One and Times Prime,Complimentary annual memberships of Swiggy One and Times Prime,8 complimentary domestic and international lounge visits annually,"{""age"": """", ""income"": ""₹35"", ""location"": """", ""employment"": [""Salaried"", ""Self Employed""], ""income_thresholds"": {""salaried_annual_income_threshold"": 420000, ""self_employed_annual_income_threshold"": 600000, ""business_annual_income_threshold"": """"}}",,3.50%,"1% waiver on transactions ₹400-₹5,000 (Max ₹500 per statement cycle)","Individuals seeking premium lifestyle benefits, travel rewards, and dining perks","[""Attractive rewards structure with high returns on SmartBuy and dining spends."", ""Welcome bonus provides immediate value with complimentary memberships."", ""Complimentary lounge access enhances travel comfort significantly.""]","[""Limited rewards outside specific categories may not appeal to all users."", ""Higher annual fee compared to entry-level ca""]",3.9,rewardpoints.club,https://rewardpoints.club/library
HDFC Shoppers Stop Black Credit card,HDFC Bank,HDFC,,"[""Online Shopping""]","₹4,500 + GST (joining and annual fee)","₹4,500 + GST (joining and annual fee)",NA,7% Reward Points on every Shoppers Stop purchase; 2% on non-Shoppers Stop spends,,"Reward Points can be redeemed against Shoppers Stop vouchers at a value of 1 point = ₹1.
Points can be tracked and redeemed via the Shoppers Stop website or mobile app","₹1,500 Shoppers Stop voucher redeemable on Private Label Brands","₹1,500 Shoppers Stop voucher redeemable on Private Label Brands",16 complimentary domestic and 8 international lounge visits annually,"{""age"": """", ""income"": ""₹70"", ""location"": """", ""employment"": [""Salaried"", ""Self Employed""], ""income_thresholds"": {""salaried_annual_income_threshold"": 840000, ""self_employed_annual_income_threshold"": 840000, ""business_annual_income_threshold"": """"}}",,3.50%,"1% waiver on transactions ₹400-₹5,000 (Max ₹500 per statement cycle)",Frequent shoppers at Shoppers Stop and those seeking premium shopping benefits,"[""Attractive rewards structure for loyal Shoppers Stop customers with high returns on spending."", ""Welcome bonus provides immediate value upon card activation."", ""Complimentary lounge access enhances travel comfort significantly.""]","[""High annual fee may not be justified for low spenders."", ""Limited rewards outside specific categories may not appeal to all users.""]",3.8,rewardpoints.club,https://rewardpoints.club/library
HDFC Regalia Gold Credit card,HDFC Bank,HDFC,,"[""Travel"", ""Online Shopping""]","₹2,500 + GST","₹2,500 + GST",waived on annual spends of ₹4 lakh,4 Reward Points per ₹150 spent on all categories; 5X on select platforms like Myntra and Nykaa,,"Reward Points can be redeemed for flight bookings, hotel stays, products, or cash credit against your statement balance via HDFC SmartBuy.
Redemption value: 1 point = ₹0.50 for travel bookings","Complimentary Swiggy One and MMT Black Gold membership; Gift voucher worth ₹2,500 on spending ₹1 lakh within 90 days","Complimentary Swiggy One and MMT Black Gold membership; Gift voucher worth ₹2,500 on spending ₹1 lakh within 90 days",12 complimentary domestic and 6 international lounge visits annually,"{""age"": """", ""income"": ""₹12 - 18 lakh per annum for salaried (govt and private)"", ""location"": """", ""employment"": [""Salaried"", ""Self Employed""], ""income_thresholds"": {""salaried_annual_income_threshold"": 1800000, ""self_employed_annual_income_threshold"": 1800000, ""business_annual_income_threshold"": null}}",,2%,"1% waiver on transactions ₹400-₹5,000 (Max ₹250 per statement cycle)",Frequent travelers and high spenders seeking premium lifestyle benefits,"[""Attractive rewards structure with high returns on select platforms."", ""Welcome bonus provides immediate value with complimentary memberships."", ""Complimentary lounge access enhances travel comfort significantly.""]","[""Limited rewards outside specific categories may not appeal to all users."", ""Higher annual fee compared to entry-level cards.""]",4.1,rewardpoints.club,https://rewardpoints.club/library
HDFC Diners Club Black Metal Credit Card,HDFC Bank,HDFC,,"[""Travel"", ""Food & Entertainment"", ""Online Shopping""]",₹10000 + GST,₹10000 + GST,waived on annual spends of ₹8 lakh,"5 Reward Points for every ₹150 spent on regular purchases; up to 10X on partner brands like Swiggy, Ola, Tata Cliq and portals like smart buy.",,"How to Redeem Points:
Reward Points can be redeemed for flights, hotel bookings, or converted into AirMiles.","Complimentary annual memberships to Club Marriott, Amazon Prime, Swiggy One, and Times Prime","Complimentary annual memberships to Club Marriott, Amazon Prime, Swiggy One, and Times Prime",Unlimited complimentary access to domestic and international airport lounges,"{""age"": ""21 to 60 years"", ""income"": ""₹2.5 lakh per month for salaried"", ""location"": """", ""employment"": [""Salaried"", ""Self Employed""], ""income_thresholds"": {""salaried_annual_income_threshold"": 3000000, ""self_employed_annual_income_threshold"": 3000000, ""business_annual_income_threshold"": null}}",,2%,"1% waiver on transactions ₹400-₹5,000 (Max ₹250 per statement cycle)","High-spenders seeking premium travel, lifestyle, and dining benefits","[""Attractive rewards structure with high returns on partner brands."", ""Welcome bonus provides immediate value with complimentary memberships."", ""Unlimited lounge access enhances travel comfort significantly.""]","[""High annual fee may not be justified for low spenders."", ""Limited rewards outside specific categories may not appeal to all users.""]",4.2,rewardpoints.club,https://rewardpoints.club/library
HDFC Pixel Credit Card,HDFC Bank,HDFC,,"[""""]",₹500 + GST,₹500 + GST,Waived on annual spends of ₹1 lakh,Up to 5% cashback on select categories; 3% cashback on e-commerce platforms; unlimited 1% cashback on all other spends,,"Cashback is earned as Pixel CashPoints, redeemable at a 1:1 ratio for bill payments, recharges, or shopping vouchers via PayZapp.","Joining fee waiver on spends of ₹20,000 within 90 days","Joining fee waiver on spends of ₹20,000 within 90 days",NA,"{""age"": """", ""income"": """", ""location"": """", ""employment"": [""Salaried"", ""Self Employed""], ""income_thresholds"": {""salaried_annual_income_threshold"": 300000, ""self_employed_annual_income_threshold"": 600000, ""business_annual_income_threshold"": """"}}",,3.50%,"1% waiver on transactions ₹400-₹5,000 (Max ₹250 per statement cycle)",Tech-savvy users seeking customizable cashback benefits and seamless digital management.,"[""Customizable cashback benefits allow users to choose their preferred categories every three months."", ""Affordable annual fee with easy waiver conditions for spends exceeding ₹1 lakh annually."", ""Unlimited 1% cashback ensures consistent rewards across all transactions.""]","[""Limited travel-related perks; no lounge access included."", ""No milestone benefits beyond the joining fee waiver.""]",3.9,rewardpoints.club,https://rewardpoints.club/library
Axis Myzone Credit card,Axis Bank,Axis,,"[""Food & Entertainment"", ""Online Shopping""]",₹500 + GST,₹500 + GST,"Waived if you spend more than ₹5,000 in the first 45 days or on annual spends greater than ₹3,50,000",4 Edge Reward Points per ₹200 spent,,"Edge Reward Points can be redeemed for shopping vouchers, travel bookings, or cashback via Axis Bank’s rewards portal.
Points are valid for up to 3 years.",Complimentary SonyLIV subscription worth ₹999,Complimentary SonyLIV subscription worth ₹999,4 complimentary domestic airport lounge visits per year (1 per quarter),"{""age"": ""18 to 70 years"", ""income"": ""₹15"", ""location"": """", ""employment"": [""Salaried"", ""Self Employed""], ""income_thresholds"": {""salaried_annual_income_threshold"": """", ""self_employed_annual_income_threshold"": """", ""business_annual_income_threshold"": """"}}",,3.50%,"1% waiver on transactions ₹400-₹5,000 (Max ₹400 per statement cycle)","Individuals seeking lifestyle benefits across dining, shopping, and entertainment","[""Affordable annual fee with easy waiver conditions."", ""High rewards rate on weekend dining makes it ideal for food enthusiasts."", ""Complimentary SonyLIV subscription and other discounts enhance its value.""]","[""Limited rewards outside specific categories may not appeal to all users."", ""Higher forex markup fee compared to premium cards.""]",3.9,rewardpoints.club,https://rewardpoints.club/library
Axis Flipkart Credit card,Axis Bank,Axis,,"[""Cashback"", ""Travel"", ""Online Shopping""]",₹500 + GST,₹500 + GST,waived on annual spends of ₹3.5 lakh,"5% unlimited cashback on Flipkart and Cleartrip; 4% on preferred merchants like Swiggy, Uber, and PVR",,"Cashback is directly credited to your credit card statement.
No redemption process required; cashback is applied automatically",₹500 Flipkart voucher and additional activation benefits worth ₹100,₹500 Flipkart voucher and additional activation benefits worth ₹100,4 complimentary domestic airport lounge visits per year (on minimum spends),"{""age"": ""18 to 70 years"", ""income"": ""proof"", ""location"": ""India"", ""employment"": [""Salaried"", ""Self Employed""], ""income_thresholds"": {""salaried_annual_income_threshold"": 300000, ""self_employed_annual_income_threshold"": 360000, ""business_annual_income_threshold"": """"}}",,3.50%,"1% waiver on transactions ₹400-₹5,000 (Max ₹400 per statement cycle)",Frequent shoppers on Flipkart and Myntra seeking high cashback rewards,"[""High cashback rate on Flipkart purchases makes it ideal for regular users."", ""Welcome bonus provides immediate value upon card activation."", ""Complimentary lounge access enhances travel comfort.""]","[""Limited rewards outside specific categories may not appeal to all users."", ""Higher forex markup fee compared to premium cards.""]",3.8,rewardpoints.club,https://rewardpoints.club/library
Axis Select Credit card,Axis Bank,Axis,,"[""Travel"", ""Food & Entertainment"", ""Groceries""]","₹3,000 + GST (NIL for Burgundy clients)","₹3,000 + GST (NIL for Burgundy clients)",,"up to  10 Axis EDGE reward points on every Rs. 200 spent , 2X (20) Axis EDGE reward points per Rs. 200 spent on retail transactions, applicable on cumulative monthly spends of up to Rs. 20,000",,"EDGE Reward Points can be redeemed for shopping vouchers, travel bookings, or cashback
Redemption value: 1 EDGE Reward Point = ₹0.20
Points are valid for three years from the date of transaction","10,000 EDGE Reward Points worth ₹2,000 on first transaction within 30 days","10,000 EDGE Reward Points worth ₹2,000 on first transaction within 30 days",Up to 12 international lounge visits via Priority Pass; 2 domestic lounge visits per quarter,"{""age"": ""18 to 70 years"", ""income"": ""not specified"", ""location"": """", ""employment"": [""Salaried"", ""Self Employed""], ""income_thresholds"": {""salaried_annual_income_threshold"": 600000, ""self_employed_annual_income_threshold"": 600000, ""business_annual_income_threshold"": """"}}",,3.50%,"1% waiver on transactions ₹400-₹5,000 (Max ₹100 per statement cycle)","Premium lifestyle benefits, dining, and travel rewards","[""Generous welcome bonus of 10,000 EDGE Reward Points"", ""Extensive lounge access benefits for frequent travelers"", ""Attractive golf privileges for enthusiasts"", ""Good reward rate on retail transactions and partner offers""]","[""High annual fee, though waived for Burgundy clients"", ""Forex markup fee is on the higher side at 3.50%""]",3.8,rewardpoints.club,https://rewardpoints.club/library
Axis Aura Credit card,Axis Bank,Axis,,"[""Food & Entertainment"", ""Online Shopping""]",₹199 + GST,₹199 + GST,"Waived on annual spends of ₹40,000","2 EDGE Points per ₹200 spent; 5X EDGE Points on insurance spends (up to ₹10,000 per transaction)",,"EDGE Points can be redeemed for shopping vouchers, travel bookings, or products via the Axis Bank EDGE Rewards Portal.
Redemption value: 1 EDGE Point = ₹0.20.","₹50 cashback monthly for milestone spends of ₹10,000","₹50 cashback monthly for milestone spends of ₹10,000",2 complimentary railway lounge visits per quarter,"{""age"": ""21–60 years"", ""income"": ""₹2 lakh/annum"", ""location"": ""India"", ""employment"": [""Salaried"", ""Self Employed""], ""income_thresholds"": {""salaried_annual_income_threshold"": """", ""self_employed_annual_income_threshold"": """", ""business_annual_income_threshold"": """"}}",,3.50%,"1% waiver on transactions ₹400-₹5,000 (Max ₹250 per statement cycle)","Health-conscious individuals seeking medical, fitness, and lifestyle benefits","[""Affordable annual fee with easy waiver conditions."", ""Complimentary railway lounge access (ideal for domestic travelers)""]","[""Limited cashback cap (₹50/month)."", ""High forex markup fee (3.49%).""]",3.7,rewardpoints.club,https://rewardpoints.club/library
Axis Privilege Credit card,Axis Bank,Axis,,"[""Travel"", ""Food & Entertainment"", ""Online Shopping""]","₹1,500 + GST","₹1,500 + GST",waived on annual spends of ₹5 lakh,10 EDGE Reward Points per ₹200 spent; milestone rewards on reaching spending thresholds.,,"EDGE Reward Points can be redeemed for shopping vouchers, travel bookings, or products via the Axis Bank EDGE Rewards Portal.
Redemption value: 1 EDGE Point = ₹0.20.","12,500 EDGE Reward points worth Rs. 2,500 on making the 1st spend within 30 days of card issuance and paying the joining fee","12,500 EDGE Reward points worth Rs. 2,500 on making the 1st spend within 30 days of card issuance and paying the joining fee",Up to 8 complimentary domestic lounge visits annually (based on spending criteria),"{""age"": ""18 to 70 years"", ""income"": """", ""location"": """", ""employment"": [""Salaried"", ""Self Employed""], ""income_thresholds"": {""salaried_annual_income_threshold"": 600000, ""self_employed_annual_income_threshold"": 600000, ""business_annual_income_threshold"": """"}}",,3.50%,"1% waiver on transactions ₹400-₹5,000 (Max ₹400 per statement cycle)","Rewards, travel, and shopping enthusiasts","[""Generous welcome bonus worth ₹5,000 in multi-brand vouchers."", ""Complimentary domestic lounge access enhances travel comfort."", ""Milestone rewards provide additional value for high spenders."", ""Comprehensive insurance benefits including air accident cover and purchase protection.""]","[""High annual fee waiver criteria (₹5 lakh spend) may not suit low spenders."", ""No international lounge access or premium travel perks.""]",3.9,rewardpoints.club,https://rewardpoints.club/library
Axis Indian Oil Credit Card,Axis Bank,Axis,,"[""Food & Entertainment"", ""Fuel"", ""Online Shopping""]",₹500 + GST (first year free),₹500 + GST (first year free),Waived on annual spends of 3.5 Lakhs,4% value back on fuel transactions by earning 20 EDGE reward points per Rs. 100 spent at any IOCL outlets; 1%value-back by earning 5 EDGE reward points per Rs. 100 spent on online shopping,,"EDGE Reward Points can be redeemed for shopping vouchers, travel bookings, or cashback via the Axis Bank EDGE Rewards Portal.
Redemption value: 1 EDGE Point = ₹0.20.
Points are valid for three years from the date of transaction.",EDGE Reward Points equivalent to the value of the first fuel transaction within 30 days,EDGE Reward Points equivalent to the value of the first fuel transaction within 30 days,NA,"{""age"": ""18 to 70 years"", ""income"": ""proof required"", ""location"": ""India"", ""employment"": [""Salaried"", ""Self Employed""], ""income_thresholds"": {""salaried_annual_income_threshold"": """", ""self_employed_annual_income_threshold"": """", ""business_annual_income_threshold"": """"}}",,3.50%,"1% waiver on transactions ₹400-₹5,000 (Max ₹400 per statement cycle)",Frequent fuel consumers seeking savings on IndianOil transactions,"[""Attractive rewards structure with 4% value back on IOCL fuel transactions."", ""Welcome bonus provides immediate value with EDGE Reward Points."", ""Fuel surcharge waiver enhances overall savings on fuel purchases.""]","[""Limited rewards outside specific categories may not appeal to all users."", ""No lounge access or premium travel benefits.""]",3.9,rewardpoints.club,https://rewardpoints.club/library
Axis Indian Oil RuPay Credit Card,Axis Bank,Axis,,"[""Food & Entertainment"", ""Fuel""]",₹500 + GST,₹500 + GST,waived on annual spends of ₹3.5 lakh,20 EDGE Reward Points per ₹100 spent on fuel at IOCL outlets; 5 EDGE Points per ₹100 on online shopping,,"EDGE Reward Points can be redeemed for shopping vouchers, travel bookings, or products via the Axis Bank EDGE Rewards Portal.
Redemption value: 1 EDGE Point = ₹0.20.
Points are valid for three years from the date of transaction.",EDGE Reward Points equivalent to the value of the first fuel transaction within 30 days,EDGE Reward Points equivalent to the value of the first fuel transaction within 30 days,NA,"{""age"": ""18 to 70 years"", ""income"": ""proof required"", ""location"": ""India"", ""employment"": [""Salaried"", ""Self Employed""], ""income_thresholds"": {""salaried_annual_income_threshold"": """", ""self_employed_annual_income_threshold"": """", ""business_annual_income_threshold"": """"}}",,3.50%,"1% waiver on transactions ₹400-₹5,000 (Max ₹400 per statement cycle)",Frequent fuel consumers seeking high rewards on IOCL transactions with RuPay benefits,"[""High rewards structure with 20 EDGE Points per ₹100 spent on IOCL fuel transactions."", ""Affordable annual fee with easy waiver conditions.""]","[""Limited rewards outside specific categories may not appeal to all users."", ""No international lounge access or premium travel perks.""]",4,rewardpoints.club,https://rewardpoints.club/library
Axis Health Card Credit Card,Axis Bank,Axis,,"[""""]",,,,,,,,,,"{""age"": """", ""income"": """", ""location"": """", ""employment"": [""Business"", ""Salaried"", ""Self Employed""], ""income_thresholds"": {""salaried_annual_income_threshold"": """", ""self_employed_annual_income_threshold"": """", ""business_annual_income_threshold"": """"}}",,,,,[],[],3.8,rewardpoints.club,https://rewardpoints.club/library
Axis Magnus Credit Card,Axis Bank,Axis,,"[""Travel"", ""Food & Entertainment"", ""Premium""]","₹12,500 + GST","₹12,500 + GST",waived on annual spends of ₹25 lakh,Up to 12 EDGE Reward Points per ₹200 spent; higher rewards for high spenders,,"EDGE Reward Points can be redeemed for flights, hotel bookings, or transferred to airline/hotel loyalty programs.
Redemption value varies based on redemption category.","Luxe gift card, The Postcard Hotels voucher, or Yatra voucher worth ₹12,500","Luxe gift card, The Postcard Hotels voucher, or Yatra voucher worth ₹12,500",Unlimited domestic and international lounge access with guest visits,"{""age"": ""18 to 70 years"", ""income"": ""₹24 lakh per annum"", ""location"": """", ""employment"": [""Salaried"", ""Self Employed""], ""income_thresholds"": {""salaried_annual_income_threshold"": 2400000, ""self_employed_annual_income_threshold"": 2400000, ""business_annual_income_threshold"": """"}}",,2%,"1% waiver on transactions ₹400-₹5,000 (Max ₹400 per statement cycle)","High-income individuals seeking premium travel, dining, and lifestyle benefits","[""High rewards structure with significant returns for high spenders."", ""Unlimited lounge access enhances travel comfort significantly."", ""Welcome bonus provides immediate value with luxury vouchers.""]","[""High annual fee may not be justified for low spenders."", ""Exclusions in reward categories like utilities and fuel may limit earning potential.""]",3.9,rewardpoints.club,https://rewardpoints.club/library
Axis Spicejet Credit Card,Axis Bank,Axis,,"[""Travel""]",₹750 + GST,₹750 + GST,,Up to 18 SpiceClub Points per ₹200 spent on SpiceJet bookings; additional points on online transactions,,"Redeem points directly on the SpiceJet mobile app or website for flight tickets, meals, and other services.
Redemption value depends on the specific service being redeemed.","SpiceJet voucher worth ₹1,500 upon completing two transactions within 30 days of issuance","SpiceJet voucher worth ₹1,500 upon completing two transactions within 30 days of issuance",4 complimentary domestic lounge visits annually (subject to quarterly spending criteria),"{""age"": ""18 to 70 years"", ""income"": """", ""location"": ""India"", ""employment"": [""Salaried"", ""Self Employed""], ""income_thresholds"": {""salaried_annual_income_threshold"": """", ""self_employed_annual_income_threshold"": """", ""business_annual_income_threshold"": """"}}",,3.50%,"1% waiver on transactions ₹400-₹5,000 (Max ₹400 per statement cycle)",Frequent SpiceJet flyers seeking travel benefits and rewards,"[""High reward rate on SpiceJet bookings with up to 18 points per ₹200 spent."", ""Affordable annual fee with significant travel benefits like milestone rewards and lounge access."", ""Complimentary SpiceClub Silver membership adds value for frequent flyers.""]","[""Limited rewards outside specific categories like flights and online transactions."", ""Lounge access is subject to meeting quarterly spending criteria.""]",3.3,rewardpoints.club,https://rewardpoints.club/library
Axis Atlas Credit Card,Axis Bank,Axis,,"[""Travel"", ""Online Shopping"", ""Groceries"", ""Premium""]","₹5,000 + GST","₹5,000 + GST",,Up to 5 EDGE Miles per ₹100 spent on travel transactions; 2 EDGE Miles per ₹100 spent on other purchases,,"Redeem EDGE Miles for air miles across partner airlines at 1:2
Use miles for hotel bookings via the Travel Edge portal or transfer them to loyalty programs at 1:2","Up to 2,500 EDGE Miles upon activation","Up to 2,500 EDGE Miles upon activation",Domestic and international lounge access based on tier level - 8/12/18 annually,"{""age"": ""18 to 70 years"", ""income"": ""₹12 lakh p.a. (salaried) or ₹15 lakh p.a. (self-employed)"", ""location"": """", ""employment"": [""Salaried"", ""Self Employed""], ""income_thresholds"": {""salaried_annual_income_threshold"": 1200000, ""self_employed_annual_income_threshold"": 1500000, ""business_annual_income_threshold"": null}}",,3.50%,"1% waiver on transactions ₹400-₹5,000 (Max ₹400 per statement cycle)","Frequent travelers seeking premium rewards, air miles, and tier-based benefits","[""High reward rate on travel spends with valuable redemption options like air miles and hotel bookings."", ""Tier-based benefits provide flexibility and enhanced perks as spending increases."", ""Domestic and international lounge access enhances travel comfort significantly.""]","[""High annual fee may not be justified for low spenders unable to reach Gold or Platinum tiers."", ""Limited rewards outside travel-related categories.""]",4.8,rewardpoints.club,https://rewardpoints.club/library
Axis Samsung Signature Credit Card,Axis Bank,Axis,,"[""Cashback"", ""Food & Entertainment"", ""Online Shopping""]",₹500 + GST,₹500 + GST,"waived if you spend ₹2,00,000 or more within a year",10% cashback on Samsung purchases; up to 10 EDGE Reward Points per ₹100 spent on select partners,,"Redeem EDGE Reward Points for shopping vouchers, travel bookings, or other services via the Axis Bank EDGE Rewards Portal.
Each EDGE Reward Point is valued at ₹0.20.","2,500 EDGE Reward Points upon completing three transactions within 30 days","2,500 EDGE Reward Points upon completing three transactions within 30 days",4 complimentary domestic lounge visits annually (subject to quarterly spending criteria),"{""age"": ""18 to 70 years"", ""income"": """", ""location"": ""India"", ""employment"": [""Salaried"", ""Self Employed""], ""income_thresholds"": {""salaried_annual_income_threshold"": 900000, ""self_employed_annual_income_threshold"": 900000, ""business_annual_income_threshold"": """"}}",,3.50%,"1% waiver on transactions ₹400-₹5,000 (Max ₹400 per statement cycle)",Samsung product enthusiasts and individuals seeking cashback and lifestyle benefits,"[""High cashback rate on Samsung purchases with a generous annual cap of ₹10,000."", ""Accelerated rewards on spending with preferred partners like BigBasket and Myntra."", ""Affordable annual fee with significant lifestyle benefits like lounge access and dining discounts.""]","[""Limited rewards outside specific categories like preferred partners and Samsung purchases."", ""Lounge access requires meeting quarterly spending criteria.""]",3.8,rewardpoints.club,https://rewardpoints.club/library
Axis Samsung Infinite Credit Card,Axis Bank,Axis,,"[""Cashback"", ""Food & Entertainment"", ""Online Shopping""]","₹5,000 + GST","₹5,000 + GST",waived on annual spends exceeding ₹7 lakh,15 EDGE Reward Points per ₹100 spent on preferred partners and international transactions; 5 EDGE Points per ₹100 on domestic transactions,,"Redeem EDGE Reward Points for shopping vouchers, travel bookings, or other services via the Axis Bank EDGE Rewards Portal.
Each EDGE Reward Point is valued at ₹0.20.","0,000 EDGE Reward Points upon completing three transactions within 30 days","0,000 EDGE Reward Points upon completing three transactions within 30 days","Enjoy 8 complimentary domestic lounge visits annually (minimum spends of ₹50,000 in the previous 3 months required)","{""age"": ""18 to 70 years"", ""income"": """", ""location"": ""India"", ""employment"": [""Salaried"", ""Self Employed""], ""income_thresholds"": {""salaried_annual_income_threshold"": 900000, ""self_employed_annual_income_threshold"": 900000, ""business_annual_income_threshold"": """"}}",,3.50%,"1% waiver on transactions ₹400-₹5,000 (Max ₹400 per statement cycle)","Premium customers seeking high cashback on Samsung purchases, travel rewards, and lounge access","[""High cashback rate on Samsung purchases with a generous annual cap of ₹20,000."", ""Accelerated rewards on spending with preferred partners like BigBasket and Myntra."", ""Affordable annual fee with significant lifestyle benefits like lounge access and dining discounts.""]","[""Limited rewards outside specific categories like preferred partners and Samsung purchases."", ""Lounge access requires meeting quarterly spending criteria.""]",4,rewardpoints.club,https://rewardpoints.club/library
Axis Airtel Credit Card,Axis Bank,Axis,,"[""Cashback"", ""Utilities"", ""Food & Entertainment""]",₹500 + GST,₹500 + GST,waived for the first year; waived in subsequent years on annual spends exceeding ₹2 lakh,"Up to 25% cashback on Airtel services; 10% cashback on utility bills and select merchants; 10% cashback: Across preferred merchants- Zomato, Swiggy and BigBasket (Capped at Rs. 500 per month across all merchants) ; 1% cashback on all other spends",,"Cashback is directly credited to your credit card statement.
No manual redemption is required.",Amazon eVoucher worth ₹500 upon completing the first transaction within 30 days,Amazon eVoucher worth ₹500 upon completing the first transaction within 30 days,4 complimentary domestic lounge visits annually (subject to quarterly spending criteria),"{""age"": ""18 to 70 years"", ""income"": """", ""location"": ""India"", ""employment"": [""Salaried"", ""Self Employed""], ""income_thresholds"": {""salaried_annual_income_threshold"": 600000, ""self_employed_annual_income_threshold"": 600000, ""business_annual_income_threshold"": """"}}",,3.50%,"1% waiver on transactions ₹400-₹5,000 (Max ₹500 per statement cycle)","Airtel service users and individuals seeking cashback on daily expenses like bills, food, and groceries","[""High cashback rate of up to 25% on Airtel services with a generous monthly cap of ₹300."", ""Affordable annual fee with easy waiver conditions for spends exceeding ₹2 lakh annually."", ""Complimentary domestic lounge access enhances travel comfort significantly.""]","[""Limited rewards outside specific categories like utilities and food delivery apps."", ""Lounge access requires meeting quarterly spending criteria.""]",4.1,rewardpoints.club,https://rewardpoints.club/library
SBI Simply Click Credit Card,SBI Card,SBI,,"[""Utilities"", ""Food & Entertainment"", ""Online Shopping""]",₹499 + GST,₹499 + GST,Waived on annual spends of ₹1 lakh,Up to 10 Reward Points on partner platforms; 5 Reward Points on other online purchases for every ₹100 spent,,Redeem points for cash back or vouchers at ₹0.25/point via SBI Rewards portal (₹99 + GST redemption fee applies),Amazon gift voucher worth ₹500 upon payment of the annual fee,Amazon gift voucher worth ₹500 upon payment of the annual fee,NA,"{""age"": """", ""income"": ""of ₹3 lakh p.a. | Self-Employed: Minimum income of ₹6 lakh p.a."", ""location"": """", ""employment"": [""Salaried"", ""Self Employed""], ""income_thresholds"": {""salaried_annual_income_threshold"": 200000, ""self_employed_annual_income_threshold"": 200000, ""business_annual_income_threshold"": """"}}",,3.50%,"1% waiver on transactions ₹500-₹3,000 (Max ₹100 per statement cycle)","Frequent online shoppers seeking rewards on partner platforms like BookMyShow, Myntra, Cleartrip and more","[""High reward rate on partner platforms (up to 10 Reward Points)"", "" Affordable fee with waiver on ₹1 lakh spend""]","[""Low reward rate outside partner platforms (5 Reward Points)"", "" No lounge access or travel perks""]",3.8,rewardpoints.club,https://rewardpoints.club/library
SBI Simply SAVE Credit Card,SBI Card,SBI,,"[""Food & Entertainment"", ""Online Shopping"", ""Groceries""]",₹499 + GST,₹499 + GST,Waived on annual spends of ₹1 lakh,"0 Reward Points per ₹150 spent on dining, movies, groceries, and departmental stores; 1 Reward Point per ₹150 spent on other purchases",,Redeem points for cash back or vouchers at ₹0.25/point via SBI Rewards portal (₹99 + GST redemption fee applies),"2,000 Bonus Reward Points worth Rs. 500","2,000 Bonus Reward Points worth Rs. 500",NA,"{""age"": """", ""income"": ""of ₹3 lakh p.a. | Self-Employed: Minimum income of ₹6 lakh p.a."", ""location"": """", ""employment"": [""Salaried"", ""Self Employed""], ""income_thresholds"": {""salaried_annual_income_threshold"": 600000, ""self_employed_annual_income_threshold"": 600000, ""business_annual_income_threshold"": """"}}",,3.50%,"1% waiver on transactions ₹500–₹3,000 (Max ₹100 per statement cycle)","Frequent spends on groceries, dining and movie spends credit card","[""10X reward points on dining, movies, grocery and departmental store spends"", ""Entry-level credit card with low annual fee and easier eligibility terms"", ""Annual fee waiver condition of Rs. 1 Lakh in a year""]","[""Reward redemption options are limited to select brand vouchers only"", ""No significant benefits other than the rewards program"", ""Low reward rate as compared to some entry-level cashback cards""]",3.9,rewardpoints.club,https://rewardpoints.club/library
SBI Miles Credit Card,SBI Card,SBI,,"[""Travel"", ""Utilities""]",₹1499 + GST,₹1499 + GST,Annual fee waived on spending ₹6 lakh in a membership year,2 Travel Credits per ₹200 spent on travel-related expenses; 1 Travel Credit per ₹200 on all other categories,,"Log in to the SBI Card portal
Navigate to the rewards section
Choose desired redemption option and follow prompts","1,500 Travel Credits will be credited on spends of ₹ 30,000 within 60 days of card issuance
Travel Credits will be credited on payment of joining fee","1,500 Travel Credits will be credited on spends of ₹ 30,000 within 60 days of card issuance
Travel Credits will be credited on payment of joining fee","4 complimentary Domestic Airport Lounge visits every year (max. 2 visits per quarter)
8 additional Domestic Airport Lounge visits, basis spends of every ₹1 Lakh","{""age"": """", ""income"": ""₹60"", ""location"": """", ""employment"": [""Salaried"", ""Self Employed""], ""income_thresholds"": {""salaried_annual_income_threshold"": 200000, ""self_employed_annual_income_threshold"": 200000, ""business_annual_income_threshold"": """"}}",,3%,"1% waiver on transactions ₹500–₹3,000 (up to ₹100 per statement cycle)","A travel-centric credit card offering domestic lounge access and the flexibility to convert reward points into air miles or hotel points, catering to frequent domestic travelers.","[""Complimentary domestic lounge access"", ""Reward points convertible to air miles or hotel points"", ""Annual fee waiver on achieving spend milestone""]","[""No complimentary international lounge visits despite Priority Pass membership"", ""Low reward rate on non-travel spends"", ""High spend requirement for annual fee waiver""]",3.9,rewardpoints.club,https://rewardpoints.club/library
SBI Elite Credit Card,SBI Card,SBI,,"[""Travel"", ""Food & Entertainment"", ""Groceries""]","₹4,999 + GST","₹4,999 + GST",Waived on annual spends of ₹10 lakh,"2 Reward Points per ₹100 spent on regular purchases; 5X Reward Points on dining, groceries, and departmental stores",,"E-vouchers / Statement Credit: Redeem via SBI Rewards portal at ₹0.25/point
Redemption Charges: ₹99 + GST per redemption
Miles Conversion: Not available
Best Strategy:
 Focus your spending on dining, groceries, and departmental stores to leverage the 5X reward rate and aim for milestone bonuses.","₹5,000 e-gift voucher from select brands upon payment of the joining fee","₹5,000 e-gift voucher from select brands upon payment of the joining fee",6 international lounge visits via Priority Pass and up to 8 domestic lounge visits annually,"{""age"": """", ""income"": """", ""location"": """", ""employment"": [""Salaried"", ""Self Employed""], ""income_thresholds"": {""salaried_annual_income_threshold"": 720000, ""self_employed_annual_income_threshold"": 720000, ""business_annual_income_threshold"": """"}}",,1.99%,"1% waiver on transactions ₹400–₹5,000 (Max ₹400 per statement cycle)",High spenders and frequent travelers seeking premium lifestyle benefits and rewards,"[""5X Reward Points on key categories (dining, groceries, departmental stores) = 2.5% effective reward rate"", ""₹5,000 welcome voucher adds upfront value"", ""Premium lounge access (both domestic and international)"", ""Lower forex fee at 1.99%""]","[""High annual fee of ₹4,999 if you don’t hit ₹10L in annual spends"", ""Rewards on general spends are moderate (0.5% return)""]",4,rewardpoints.club,https://rewardpoints.club/library
SBI IRCTC Credit Card,SBI Card,SBI,,"[""Travel"", ""UPI Rupay""]",₹500 + GST,₹500 + GST,,"10% value back as reward points on IRCTC bookings (AC1, AC2, AC3, AC CC); 1 Reward Point per ₹125 spent on retail",,"Redeem directly for train tickets on IRCTC website or app at a 1:1 ratio
Best Strategy:
 Use this card exclusively for IRCTC train bookings to fully benefit from the 10% value back rewards and redeem points directly for train tickets.",350 Reward Points on a transaction of ₹500+ within 60 days of card issuance,350 Reward Points on a transaction of ₹500+ within 60 days of card issuance,4 complimentary railway lounge visits annually (1 per quarter),"{""age"": ""21 to 70 years"", ""income"": ""₹3 lakh p.a. (salaried) or ₹6 lakh p.a. (self-employed)"", ""location"": """", ""employment"": [""Salaried"", ""Self Employed""], ""income_thresholds"": {""salaried_annual_income_threshold"": 300000, ""self_employed_annual_income_threshold"": 300000, ""business_annual_income_threshold"": """"}}",,,,Frequent train travelers seeking rewards on IRCTC bookings and railway lounge access,"[""10% value back on IRCTC train bookings – excellent for regular rail travelers"", ""Complimentary railway lounge access (4 per year)"", ""Low annual fee; even lower renewal cost""]","[""No rewards on fuel, rent, wallets, hotels, flights, or holidays"", ""Limited benefits outside of IRCTC ecosystem"", ""No waiver option for annual or renewal fee""]",3.9,rewardpoints.club,https://rewardpoints.club/library
SBI Cashback Credit Card,SBI Card,SBI,,"[""Cashback"", ""Travel"", ""Food & Entertainment""]",₹999 + GST,₹999 + GST,waived on spends of ₹2 lakh annually,5% cashback on all online purchases and 1% cashback on offline purchases,,"Use the card for all online purchases (excluding rent, wallet loads, fuel, etc.) to consistently earn 5% cashback up to the ₹2,000 monthly cap.",NA,NA,NA,"{""age"": ""21 to 60 years"", ""income"": ""₹3 lakh p.a. (salaried) or ₹6 lakh p.a. (self-employed)"", ""location"": """", ""employment"": [""Salaried"", ""Self Employed""], ""income_thresholds"": {""salaried_annual_income_threshold"": 360000, ""self_employed_annual_income_threshold"": 360000, ""business_annual_income_threshold"": null}}",,3.50%,"1% waiver on transactions between ₹500–₹3,000 (max ₹100 per statement cycle)",Frequent online shoppers seeking cashback benefits without merchant restrictions,"[""High 5% cashback on all online spends with no merchant restrictions"", ""Automatic cashback credit simplifies the reward experience"", ""Easy annual fee waiver on just ₹2 lakh annual spend""]","[""Monthly cashback capped at ₹2,000"", ""No travel perks or premium benefits like lounge access""]",4.5,rewardpoints.club,https://rewardpoints.club/library
SBI Prime Card Credit Card,SBI Card,SBI,,"[""Travel"", ""Food & Entertainment"", ""Groceries""]","₹2,999 + GST","₹2,999 + GST",Waived on annual spends of ₹3 lakh,"10 Reward Points per ₹100 spent on dining, groceries, departmental stores, and movies
20 Reward Points per ₹100 spent on birthdays
2 Reward Points per ₹100 on all other spends",,Maximize usage on high-reward categories like dining and groceries. Spend on your birthday for 2X returns. Use accumulated points for vouchers or bill payments via the rewards portal.,"E-gift voucher worth ₹3,000 from top brands like Aditya Birla Fashion, Bata/Hush Puppies, Pantaloons, Shoppers Stop, or Yatra","E-gift voucher worth ₹3,000 from top brands like Aditya Birla Fashion, Bata/Hush Puppies, Pantaloons, Shoppers Stop, or Yatra",4 complimentary international and 8 domestic airport lounge visits annually,"{""age"": ""21 to 60 years"", ""income"": ""₹6 lakh p.a. (salaried) or ₹9 lakh p.a. (self-employed)"", ""location"": """", ""employment"": [""Salaried"", ""Self Employed""], ""income_thresholds"": {""salaried_annual_income_threshold"": 900000, ""self_employed_annual_income_threshold"": 900000, ""business_annual_income_threshold"": """"}}",,3.50%,"1% waiver on fuel spends between ₹500–₹5,000 (maximum ₹250 per statement cycle)","High spenders seeking rewards on everyday categories like dining, groceries, and movies, along with travel benefits","[""High reward rates in everyday spend categories"", """", """", ""Valuable milestone rewards (₹1,000 and ₹7,000 e-vouchers)"", """", """", ""Complimentary domestic and international lounge access"", """", """", ""Welcome gift valued at ₹3,000 provides immediate benefit""]","[""High annual fee if spending doesn’t meet waiver threshold"", """", """", ""Lower rewards rate on general spending""]",4.2,rewardpoints.club,https://rewardpoints.club/library
SBI Octane Credit Card,SBI Card,SBI,,"[""Food & Entertainment"", ""Fuel"", ""Online Shopping""]","₹1,499 + GST","₹1,499 + GST",Waived on annual spends of ₹2 lakh,"Up to 7.25% value back on fuel at BPCL (25 RP per ₹100)
10X rewards on dining, groceries, departmental stores, and movies
1X reward point on other spends",,"Focus your spending on BPCL fuel stations and bonus categories (dining, groceries, etc.) to extract the highest value.","6,000 reward points on payment of the annual fee","6,000 reward points on payment of the annual fee",4 complimentary domestic lounge visits annually,"{""age"": """", ""income"": """", ""location"": """", ""employment"": [""Salaried"", ""Self Employed""], ""income_thresholds"": {""salaried_annual_income_threshold"": 240000, ""self_employed_annual_income_threshold"": 240000, ""business_annual_income_threshold"": null}}",,3.50%,"1% waiver on transactions ₹400–₹5,000 (max ₹100 per statement cycle)",Frequent fuel users seeking high rewards on fuel purchases at BPCL stations and additional lifestyle benefits,"[""High value back on BPCL fuel purchases (up to 7.25%)"", ""Bonus 10X rewards on lifestyle spends"", ""Complimentary domestic lounge access (4 per year)"", ""Welcome bonus of 6,000 points adds upfront value""]","[""Reward benefits limited outside fuel and select categories"", ""No international travel perks or global lounge access""]",4.2,rewardpoints.club,https://rewardpoints.club/library
SBI BPCL Card Credit Card,SBI Card,SBI,,"[""Food & Entertainment"", ""Fuel"", ""Groceries""]",₹499 + GST,,"Waived on annual spends of ₹50,000","13X reward points on fuel purchases at BPCL stations
1X reward point on other retail purchases",,"Use the card exclusively at BPCL fuel stations to earn maximum 13X reward points (capped at 1,300/month) and offset fuel costs via redemptions.","2,000 bonus reward points worth ₹500 upon payment of the joining fee","2,000 bonus reward points worth ₹500 upon payment of the joining fee",NA,"{""age"": ""21 to 60 years"", ""income"": ""₹3 lakh p.a. (salaried) or ₹6 lakh p.a. (self-employed)"", ""location"": """", ""employment"": [""Salaried"", ""Self Employed""], ""income_thresholds"": {""salaried_annual_income_threshold"": 240000, ""self_employed_annual_income_threshold"": 240000, ""business_annual_income_threshold"": """"}}",,3.50%,"1% waiver on fuel transactions between ₹400–₹4,000 (max ₹100 per statement cycle)",Frequent fuel users seeking rewards on fuel purchases at BPCL stations,"[""Excellent 13X reward rate on BPCL fuel purchases"", """", """", ""Welcome bonus worth ₹500 on joining"", """", """", ""Simple fee waiver condition at just ₹50,000 spend""]","[""Limited reward scope outside fuel spends"", """", """", ""No access to lounges or travel privileges""]",3.9,rewardpoints.club,https://rewardpoints.club/library
HSBC Live+ Credit Card,HSBC,HSBC,,"[""Cashback"", ""Food & Entertainment"", ""Groceries""]",₹999 + GST,₹999 + GST,Waived on annual spends of ₹2 lakh,"10% cashback on dining, food delivery, and grocery spends (₹1,000 cap per statement cycle)
1.5% unlimited cashback on all other purchases",,"Use the card primarily for grocery shopping, dining out, and ordering food online to maximize the 10% cashback benefits.","₹1,000 cashback on spending ₹20,000 within 30 days and ₹100 Amazon eGift Voucher for applying online","₹1,000 cashback on spending ₹20,000 within 30 days and ₹100 Amazon eGift Voucher for applying online",4 complimentary domestic airport lounge visits annually,"{""age"": ""18 to 65 years"", ""income"": ""₹4 lakh p.a. (salaried). Not available for self-employed unless maintaining a high-balance HSBC savings account."", ""location"": """", ""employment"": [""Salaried""], ""income_thresholds"": {""salaried_annual_income_threshold"": 400000, ""self_employed_annual_income_threshold"": """", ""business_annual_income_threshold"": """"}}",,3.50%,"1% waiver on transactions between ₹400–₹4,000 (max ₹250 per statement cycle)","Individuals seeking high cashback on dining, food delivery, and grocery purchases","[""10% cashback on food-related and grocery spends is among the best in this segment"", """", """", ""Easy-to-achieve annual fee waiver at ₹2 lakh spend"", """", """", ""Instant value from ₹1,000 welcome cashback and ₹100 Amazon voucher"", """", """", ""Lounge access included for added lifestyle value""]","[""Cashback on 10% categories is capped at ₹1,000 per month"", """", """", ""No international lounge access or milestone benefits""]",4.2,rewardpoints.club,https://rewardpoints.club/library
HSBC Travelone Credit Card,HSBC,HSBC,,"[""Travel"", ""Food & Entertainment""]","₹4,999 + GST","₹4,999 + GST",Waived on annual spends of ₹8 lakh,"4 Reward Points per ₹100 spent on travel, flights, and international transactions (monthly cap: 50,000 points)
2 Reward Points per ₹100 spent on other eligible purchases",,"Use this card for all flight bookings, international payments, and travel-related spends to maximize the 4X reward rate.","₹1,000 cashback, ₹3,000 PostCard voucher, and a 3-month EazyDiner Prime membership on ₹10,000 spend in the first 30 days","₹1,000 cashback, ₹3,000 PostCard voucher, and a 3-month EazyDiner Prime membership on ₹10,000 spend in the first 30 days","6 complimentary domestic and 4 international airport lounge visits annually
","{""age"": ""21 to 65 years"", ""income"": ""₹6 lakh p.a. (salaried) or ₹9 lakh p.a. (self-employed)"", ""location"": """", ""employment"": [""Salaried""], ""income_thresholds"": {""salaried_annual_income_threshold"": 600000, ""self_employed_annual_income_threshold"": null, ""business_annual_income_threshold"": null}}",,3.50%,"1% waiver on transactions between ₹400–₹4,000 (max ₹250 per statement cycle)",Frequent travelers seeking rewards on travel-related expenses and extensive travel benefits,"[""Generous 4X rewards on travel and international spends"", ""Includes both domestic and international lounge access"", ""Welcome package includes cashback, vouchers, and dining membership"", ""Flexible redemption with travel loyalty programs""]","[""High annual fee, justified only for frequent travelers"", ""Forex markup of 3.5% may reduce reward gains for international use""]",4.6,rewardpoints.club,https://rewardpoints.club/library
HSBC VISA Platinum Card Credit Card,HSBC,HSBC,,"[""Travel"", ""Food & Entertainment""]",₹0 (lifetime free),₹0 (lifetime free),NA,"2 Reward Points per ₹150 spent
10 Reward Points per ₹150 spent after ₹4 lakh annual spend (capped at 15,000 bonus points",,Use this card consistently for everyday spending and aim for ₹4 lakh annual spend to unlock 5X reward points and maximize value.,"₹100 Amazon eGift Voucher (online application) + ₹500 cashback on spending ₹5,000 within 30 days","₹100 Amazon eGift Voucher (online application) + ₹500 cashback on spending ₹5,000 within 30 days",NA,"{""age"": ""18 to 65 years"", ""income"": ""₹5 lakh p.a. (salaried)\n\n\nMust be a resident of select Indian cities"", ""location"": """", ""employment"": [""Salaried""], ""income_thresholds"": {""salaried_annual_income_threshold"": 400000, ""self_employed_annual_income_threshold"": """", ""business_annual_income_threshold"": """"}}",,3.50%,"1% waiver on fuel spends between ₹400–₹4,000 (max ₹250 per statement cycle)",Individuals seeking a lifetime free credit card with basic rewards and benefits,"[""Lifetime free card with no joining or annual fees"", """", """", ""Reward acceleration after ₹4 lakh in annual spend"", """", """", ""Simple and transparent welcome bonus"", """", """", ""Redemption flexibility via gift vouchers and air miles""]","[""No travel perks or lounge access"", """", """", ""Basic reward rate not suited for high spenders""]",3.9,rewardpoints.club,https://rewardpoints.club/library
IndusInd Platinum Credit Card,IndusInd Bank,IndusInd,,"[""Utilities"", ""UPI""]",₹0 (lifetime free),₹0 (lifetime free),NA,1.5 Reward Points per ₹150 spent,,"Gift Vouchers: Value of ₹0.60 per point (non-cash redemption)


Cash Credit: Value of ₹0.40 per point (max 2,500 points/month for redemption)",NA,NA,NA,"{""age"": ""18 to 65 years"", ""income"": ""₹5 lakh p.a. (salaried/self-employed)"", ""location"": """", ""employment"": [""Salaried"", ""Self Employed""], ""income_thresholds"": {""salaried_annual_income_threshold"": 240000, ""self_employed_annual_income_threshold"": 240000, ""business_annual_income_threshold"": """"}}",,3.50%,"1% on transactions between ₹400–₹4,000 (Max ₹200 per statement cycle)",Individuals seeking a basic rewards credit card with lifetime free benefits and fuel surcharge waivers,"[""No joining or annual fees—truly lifetime free"", """", """", ""Consistent reward rate and fuel surcharge waiver"", """", """", ""Flexible redemption for vouchers or cash credit""]","[""No welcome bonus"", """", """", ""Limited features—no travel, lounge, or milestone benefits""]",3.9,rewardpoints.club,https://rewardpoints.club/library
IndusInd Platinum Aura Credit Card,IndusInd Bank,IndusInd,,"[""Food & Entertainment"", ""Online Shopping""]",₹0 (lifetime free),₹0 (lifetime free),NA,Up to 4 Reward Points per ₹100 spent based on selected plan,,"Travel Bookings: Redeem for flights and hotels via partner platforms


Cash Credit: ₹0.50 per point


Vouchers / Miles: Convert to gift vouchers or air miles",NA,NA,Priority Pass membership (usage fee applies),"{""age"": """", ""income"": """", ""location"": """", ""employment"": [""Salaried"", ""Self Employed""], ""income_thresholds"": {""salaried_annual_income_threshold"": 240000, ""self_employed_annual_income_threshold"": """", ""business_annual_income_threshold"": """"}}",,3.50%,"1% on transactions between ₹400–₹4,000 (Max ₹200 per statement cycle)","Individuals seeking a customizable rewards Credit Card tailored to lifestyle categories like travel, dining, shopping, and home expenses","[""No joining or annual fees—lifetime free\r"", ""\r"", ""\r"", ""Customizable rewards plans for different lifestyles\r"", ""\r"", ""\r"", ""Flexible redemptions—travel, vouchers, cash credit""]","[""Lounge access comes with a usage fee\r"", ""\r"", ""\r"", ""No points on several spend categories like fuel, rent, and wallets""]",3.8,rewardpoints.club,https://rewardpoints.club/library
IndusInd Legend Credit Card,IndusInd Bank,IndusInd,,"[""Travel"", ""Food & Entertainment""]",₹0 (lifetime free),₹0 (lifetime free),NA,"2 RP/₹100 on weekend spends
1 RP/₹100 on weekday spends, medical, auto, and telecom
0.70 RP/₹100 on utility bills, insurance, government fees, rent, and education",,"Cash Credit: ₹0.50 per point


Vouchers / Miles: Convert to gift vouchers or air miles","Luxe gift card, Montblanc, Post Card, and Vouchagram benefits on activation","Luxe gift card, Montblanc, Post Card, and Vouchagram benefits on activation",NA,"{""age"": """", ""income"": """", ""location"": """", ""employment"": [""Salaried"", ""Self Employed""], ""income_thresholds"": {""salaried_annual_income_threshold"": 240000, ""self_employed_annual_income_threshold"": """", ""business_annual_income_threshold"": """"}}",,1.80%,"1% on transactions between ₹400–₹4,000 (Max ₹200 per statement cycle)","Individuals seeking a premium lifestyle Credit Card with weekend rewards, utility bill benefits, and concierge services","[""Lifetime free card with no annual fee\r"", ""\r"", ""\r"", ""Enhanced rewards on weekend spends\r"", ""\r"", ""\r"", ""Low forex markup for international travel\r"", ""\r"", ""\r"", ""Concierge and auto-assist services add premium value""]","[""No lounge access (benefits discontinued from March 2025)\r"", ""\r"", ""\r"", ""Lower reward rate on utility and essential spend categories""]",3.8,rewardpoints.club,https://rewardpoints.club/library
Indusind Tiger Credit Card,IndusInd Bank,IndusInd,,"[""Lifetime Free Card"", ""Travel"", ""Food & Entertainment""]",₹0 (lifetime free),₹0 (lifetime free),NA,Up to 6 Reward Points per ₹100 spent,,"Air Miles: Convert at 1 RP = 1.2 miles for programs like InterMiles and Club Vistara (min. 500 points)


Cash Credit: Redeem at ₹0.40 per point toward your card bill


Vouchers / Pay with Rewards: Use at partner merchants for lifestyle and retail purchases


Effective Value:
If redeemed for cash credit, 20,000 points = ₹8,000 savings annually",NA,NA,8 complimentary domestic visits per year; 2 international visits annually via Priority Pass,"{""age"": """", ""income"": """", ""location"": """", ""employment"": [""Salaried"", ""Self Employed""], ""income_thresholds"": {""salaried_annual_income_threshold"": null, ""self_employed_annual_income_threshold"": null, ""business_annual_income_threshold"": null}}",,1.50%,"1% waiver on fuel transactions between ₹400–₹4,000 (Uncapped, max ₹200 per statement cycle)",Frequent travelers and lifestyle enthusiasts seeking a premium co-branded Credit Card with no annual fee,"[""Lifetime free with no hidden fees"", ""Up to 6X rewards on eligible categories"", ""Complimentary domestic and international lounge access"", ""Low forex markup ideal for international travelers""]","[""No cashback option—points must be redeemed"", ""Rewards are category-dependent, limited for utilities and fuel""]",4.3,rewardpoints.club,https://rewardpoints.club/library
IndusInd Nexxt Credit Card,IndusInd Bank,IndusInd,,"[""Food & Entertainment"", ""Online Shopping""]","₹10,000 + GST",0,NA,1 Reward Point per ₹150 spent,,"Cash Credit: ₹1 per point (₹100 redemption fee applies)
Air Miles: 1 RP = 1 air mile (InterMiles, Club Vistara)
Gift Vouchers: Redeem via IndusMoments for various brand vouchers","Gift vouchers from brands like Bata, Yatra, Oberoi Hotels, and more","Gift vouchers from brands like Bata, Yatra, Oberoi Hotels, and more",NA,"{""age"": """", ""income"": """", ""location"": """", ""employment"": [""Salaried"", ""Self Employed""], ""income_thresholds"": {""salaried_annual_income_threshold"": """", ""self_employed_annual_income_threshold"": """", ""business_annual_income_threshold"": """"}}",,3.50%,"1% waiver on fuel transactions between ₹400–₹4,000 (max ₹200 per statement cycle)",Individuals seeking a technologically advanced Credit Card with interactive payment options and versatile benefits,"[""First-of-its-kind interactive Credit Card in India with real-time control over payments\r"", ""High reward redemption value at ₹1 per point\r"", ""Entertainment perks like BOGO movie tickets on BookMyShow""]","[""High annual fee with no spend-based waiver\r"", ""No lounge access or substantial travel-related benefits\r"", ""Limited reward rate compared to similarly priced cards""]",3.8,rewardpoints.club,https://rewardpoints.club/library
IDFC Millennia Credit Card,IDFC FIRST Bank,IDFC,,"[""Lifetime Free Card"", ""Travel"", ""Food & Entertainment"", ""Online Shopping""]",₹0 (lifetime free),₹0 (lifetime free),NA,"10X points on incremental spends above ₹20,000/month and on birthdays
3X points on spends up to ₹20,000/month",,Instant redemption at POS or convert into vouchers/merchandise via IDFC rewards portal.,"₹500 voucher on ₹5,000 spend within first 30 days","₹500 voucher on ₹5,000 spend within first 30 days",4 complimentary railway lounge visits per quarter,"{""age"": """", ""income"": """", ""location"": """", ""employment"": [""Salaried"", ""Self Employed""], ""income_thresholds"": {""salaried_annual_income_threshold"": 300000, ""self_employed_annual_income_threshold"": 300000, ""business_annual_income_threshold"": null}}",,3.50%,Up to ₹300 per month,"10X reward points on spends above ₹20,000, complimentary railway lounge access","[""Lifetime free, no joining/renewal fees"", ""High rewards (up to 10X) on lifestyle spends"", ""Welcome bonus voucher adds immediate value""]","[""Limited rewards beyond lifestyle categories"", ""No international lounge access""]",3.9,rewardpoints.club,https://rewardpoints.club/library
IDFC Select Credit Card,IDFC FIRST Bank,IDFC,,"[""Lifetime Free Card"", ""Travel"", ""Utilities"", ""UPI""]",₹0 (lifetime free),₹0 (lifetime free),NA,"3X reward points on spends up to ₹20,000/month
10X reward points on incremental spends above ₹20,000/month and birthday spends",,Instant redemption at POS; convert points to vouchers or merchandise via IDFC FIRST rewards portal.,"₹1,500 worth of joining benefits","₹1,500 worth of joining benefits",Complimentary railway lounge access; domestic airport lounge access terms not detailed,"{""age"": ""21+"", ""income"": ""₹3 lakh p.a. (salaried/self-employed)"", ""location"": """", ""employment"": [""Salaried"", ""Self Employed""], ""income_thresholds"": {""salaried_annual_income_threshold"": 1200000, ""self_employed_annual_income_threshold"": 1200000, ""business_annual_income_threshold"": """"}}",,1.99%,,"Individuals seeking a lifetime-free credit card with high rewards on incremental spends, low forex markup, and dining benefits","[""Lifetime-free card with no joining or renewal fees"", """", """", ""High reward rate on incremental spends (up to 10X points)"", """", """", ""Welcome benefits worth ₹1,500 add value""]","[""Limited rewards outside incremental spends"", """", """", ""No clear international lounge access benefits""]",3.8,rewardpoints.club,https://rewardpoints.club/library
IDFC Classic Credit Card,IDFC FIRST Bank,IDFC,,"[""Utilities"", ""Online Shopping"", ""UPI""]",₹0 (lifetime free),₹0 (lifetime free),NA,"6X points on online spends up to ₹20,000/month, 3X on offline spends up to ₹20,000/month
10X points on incremental spends above ₹20,000/month and on birthdays",,Instant redemption at POS or convert into vouchers/merchandise via IDFC rewards portal.,"₹500 voucher on ₹15,000 spend within 90 days","₹500 voucher on ₹15,000 spend within 90 days",16 complimentary railway lounge visits annually (4 per quarter),"{""age"": ""18+"", ""income"": ""₹3 lakh p.a. (salaried) or ₹6 lakh p.a. (self-employed)"", ""location"": """", ""employment"": [""Salaried"", ""Self Employed""], ""income_thresholds"": {""salaried_annual_income_threshold"": 300000, ""self_employed_annual_income_threshold"": 300000, ""business_annual_income_threshold"": """"}}",,,Up to ₹200 per month,"Individuals seeking a lifetime-free card with high rewards on incremental spends, complimentary railway lounge access, and dining/movie discounts","[""Lifetime-free, no joining or renewal fees"", """", """", ""High rewards on incremental spends (up to 10X points)"", """", """", ""Welcome bonus adds immediate value""]","[""Rewards limited to specific spending categories"", """", """", ""No international lounge access""]",3.8,rewardpoints.club,https://rewardpoints.club/library
IDFC Wealth Credit Card,IDFC FIRST Bank,IDFC,,"[""Travel"", ""Utilities"", ""Food & Entertainment""]",₹0 (lifetime free),₹0 (lifetime free),NA,"3X points on spends up to ₹20,000/month
10X points on spends above ₹20,000/month and on birthdays",,"Unlimited points with no expiry, redeemable for lifestyle benefits.","₹500 voucher on ₹15,000 spend within 90 days + 5% cashback on first EMI transaction","₹500 voucher on ₹15,000 spend within 90 days + 5% cashback on first EMI transaction",Up to 4 complimentary domestic & international lounge visits per quarter,"{""age"": ""21+"", ""income"": ""₹36 lakh p.a. or Wealth account holder"", ""location"": """", ""employment"": [""Salaried"", ""Self Employed""], ""income_thresholds"": {""salaried_annual_income_threshold"": 3600000, ""self_employed_annual_income_threshold"": 3600000, ""business_annual_income_threshold"": """"}}",,1.50%,,"High-income earners seeking a lifetime-free premium credit card with high rewards, lounge access, and lifestyle benefits","[""Lifetime free, no joining/annual fees"", """", """", ""High rewards (up to 10X points) on lifestyle spends"", """", """", ""Lounge access included""]","[""Limited rewards outside high-value spends"", """", """", ""No direct cashback; points redeemable only as lifestyle benefits"", """", """", ""High income eligibility criteria""]",4,rewardpoints.club,https://rewardpoints.club/library
IDFC Power Plus Credit Card,IDFC FIRST Bank,IDFC,,"[""Fuel"", ""Groceries""]",₹499 + GST,₹499 + GST,"waived on ₹1,50,000 annual spends","30X reward points per ₹150 on HPCL fuel, groceries, utilities & FASTag recharges
3X points on other retail transactions
6 Payback points per ₹100 fuel spend via HP Pay App",,Rewards credited as cashback or savings on transactions.,₹500 cashback on first HPCL fuel transaction of ₹500+ within 30 days,₹500 cashback on first HPCL fuel transaction of ₹500+ within 30 days,Complimentary airport lounge access,"{""age"": ""21+"", ""income"": ""₹3 lakh p.a."", ""location"": """", ""employment"": [""Salaried"", ""Self Employed""], ""income_thresholds"": {""salaried_annual_income_threshold"": null, ""self_employed_annual_income_threshold"": null, ""business_annual_income_threshold"": null}}",,3.50%,Up to 6.5% savings on fuel via rewards,"Frequent HPCL fuel users seeking high savings on fuel, groceries, utilities, plus lounge access and dining perks","[""Lifetime free with fee waiver on ₹1.5L spends"", ""High savings rate up to 6.5% on fuel"", ""Welcome cashback adds instant value""]","[""Limited rewards beyond specified categories"", ""Lounge access limited to basic airports""]",4.2,rewardpoints.club,https://rewardpoints.club/library
IDFC Power Credit Card,IDFC FIRST Bank,IDFC,,"[""Utilities"", ""Fuel"", ""UPI""]",₹199 + GST,₹199 + GST,NA,"21X reward points per ₹150 spent on HPCL fuel, groceries, utilities & FASTag recharges
2X reward points on other retail spends
6 Happy Coins per ₹100 fuel spend via HP Pay App",,Rewards are automatically applied as savings on transactions.,₹250 cashback on first HPCL fuel transaction of ₹250+ within 30 days,₹250 cashback on first HPCL fuel transaction of ₹250+ within 30 days,NA,"{""age"": ""21+"", ""income"": ""₹3 lakh p.a"", ""location"": """", ""employment"": [""Salaried"", ""Self Employed""], ""income_thresholds"": {""salaried_annual_income_threshold"": """", ""self_employed_annual_income_threshold"": """", ""business_annual_income_threshold"": """"}}",,3.50%,Up to 5% savings on fuel spends via rewards,"Individuals seeking savings on HPCL fuel, groceries, utilities, with roadside assistance and dining discounts","[""Low joining and renewal fees"", """", """", ""Good savings on targeted spends (fuel, groceries, utilities)"", """", """", ""Immediate welcome cashback""]","[""Limited rewards outside specified categories"", """", """", ""No lounge access benefits""]",3.9,rewardpoints.club,https://rewardpoints.club/library
IDFC SWYP Credit Card,IDFC FIRST Bank,IDFC,,"[""Travel"", ""Food & Entertainment"", ""Online Shopping""]",₹499 + GST,₹499 + GST,Not specified,"Reward points based on monthly spends (200 points for ₹5,000; 500 for ₹10,000; 1,000 for ₹15,000)
Additional rewards on UPI spends with FIRST Digital UPI RuPay card (₹199 annual fee)",,Redeem for lifestyle benefits and discounts on partner platforms.,"Complimentary Lenskart Gold Membership (₹600 value), 2,000 points on ₹5,000 spend within 30 days","Complimentary Lenskart Gold Membership (₹600 value), 2,000 points on ₹5,000 spend within 30 days","4 complimentary railway lounge visits per quarter (on ₹20,000 monthly spends)","{""age"": ""21–60 years"", ""income"": ""₹20"", ""location"": """", ""employment"": [""Salaried"", ""Self Employed""], ""income_thresholds"": {""salaried_annual_income_threshold"": """", ""self_employed_annual_income_threshold"": """", ""business_annual_income_threshold"": """"}}",,3.50%,Up to ₹200/month at select stations,"Young adults seeking a lifestyle credit card with brand discounts, flexible payments, and railway lounge access","[""Discounts on popular brands and lifestyle memberships"", """", """", ""Complimentary Lenskart Gold membership adds value"", """", """", ""Flexible EMI options for convenience""]","[""Limited rewards outside spending milestones"", """", """", ""No international lounge access""]",3.9,rewardpoints.club,https://rewardpoints.club/library
IDFC First Earn Secured Credit Card,IDFC FIRST Bank,IDFC,,"[""Cashback"", ""Secured Credit Card (FD)"", ""UPI""]",₹499 + GST,₹499 + GST,Not specified,"1% cashback on UPI via IDFC FIRST Bank app (capped ₹500/month)
0.5% cashback on UPI via other apps, utilities, insurance, wallet loads (capped ₹500/month)",,Automatically credited in the next billing cycle.,100% cashback up to ₹500 on first UPI transaction within 15 days,100% cashback up to ₹500 on first UPI transaction within 15 days,NA,"{""age"": """", ""income"": """", ""location"": """", ""employment"": [""Salaried"", ""Self Employed""], ""income_thresholds"": {""salaried_annual_income_threshold"": """", ""self_employed_annual_income_threshold"": """", ""business_annual_income_threshold"": """"}}",,3.50%,1% up to ₹200/month,New-to-credit individuals or low CIBIL score users seeking a secured card with cashback on UPI and FD benefits,"[""Cashback on UPI and utility spends"", """", """", ""Easy EMI options for financial flexibility"", """", """", ""Welcome bonus up to ₹500 cashback""]","[""Rewards limited to select categories"", """", """", ""No lounge access""]",3.9,rewardpoints.club,https://rewardpoints.club/library
IDFC First WOW Secured Credit Card,IDFC FIRST Bank,IDFC,,"[""Secured Credit Card (FD)"", ""Food & Entertainment"", ""Online Shopping""]",₹0 (lifetime free),₹0 (lifetime free),NA,Up to 4X reward points on online and offline spends,,Redeem points for lifestyle benefits and discounts on partner platforms.,"5% cashback up to ₹1,000 on first EMI transaction within 30 days","5% cashback up to ₹1,000 on first EMI transaction within 30 days",NA,"{""age"": """", ""income"": """", ""location"": """", ""employment"": [""Salaried"", ""Self Employed""], ""income_thresholds"": {""salaried_annual_income_threshold"": """", ""self_employed_annual_income_threshold"": """", ""business_annual_income_threshold"": """"}}",,0% (no forex fees),1% up to ₹200 per month at all fuel stations,"Individuals seeking a secured credit card with no fees, high rewards, and insurance benefits, ideal for those new to credit or rebuilding credit","[""Lifetime free with no fees"", """", """", ""High rewards on everyday spends"", """", """", ""Welcome bonus adds immediate value""]","[""Limited reward categories"", """", """", ""No lounge access""]",4,rewardpoints.club,https://rewardpoints.club/library
IDFC First Ashva Credit Card,IDFC FIRST Bank,IDFC,,"[""Travel""]","₹2,999 + GST","₹2,999 + GST (from second anniversary year)",Not specified,"10X points on spends above ₹20,000 per month and on birthdays
5X points on spends below ₹20,000",,"Redeem points for lifestyle benefits on partner platforms.
 Each point ≈ ₹0.25.","₹500 cashback (4 times) plus 2,500 bonus reward points on activation","₹500 cashback (4 times) plus 2,500 bonus reward points on activation",4 domestic + 2 international lounge visits per quarter,"{""age"": ""21+"", ""income"": """", ""location"": """", ""employment"": [""Salaried"", ""Self Employed""], ""income_thresholds"": {""salaried_annual_income_threshold"": """", ""self_employed_annual_income_threshold"": """", ""business_annual_income_threshold"": """"}}",,1%,1%,"High-net-worth individuals seeking a premium metal card with accelerated rewards, travel perks, and lifestyle experiences","[""Up to 10X rewards on spends above ₹20,000"", """", """", ""Complimentary domestic and international lounges"", """", """", ""Welcome cashback and bonus points add upfront value""]","[""High fees without waiver options"", """", """", ""Limited rewards outside premium spends""]",3.6,rewardpoints.club,https://rewardpoints.club/library
IDFC First Mayura Metal Credit Card,IDFC FIRST Bank,IDFC,,"[""Travel"", ""Food & Entertainment""]","₹5,999 + GST","₹5,999 + GST (from second anniversary year)",NA,"Up to 10X points on spends above ₹20,000 per month and on birthdays
5X points on spends up to ₹20,000 per month
3X points on rent, government, wallet load, education spends
1X points on insurance and utilities",,"Redeem points for lifestyle benefits on partner platforms.
 Value per point approx. ₹0.25.","₹1,000 cashback on four transactions of ₹1,000+ within 60 days; 10,000 bonus points (limited offer)","₹1,000 cashback on four transactions of ₹1,000+ within 60 days; 10,000 bonus points (limited offer)",Complimentary domestic and international lounges (4 visits per quarter each),"{""age"": ""21+"", ""income"": ""≥ ₹25 lakh p.a."", ""location"": """", ""employment"": [""Salaried"", ""Self Employed""], ""income_thresholds"": {""salaried_annual_income_threshold"": """", ""self_employed_annual_income_threshold"": """", ""business_annual_income_threshold"": """"}}",,0%,1%,"High-income earners seeking a premium metal card with high rewards, zero forex markup, and travel perks","[""High rewards (up to 10X) on spends above ₹20,000"", """", """", ""Complimentary domestic and international lounges"", """", """", ""Attractive welcome cashback and bonus points""]","[""High fee without waiver"", ""Rewards limited to specific spend categories""]",3.7,rewardpoints.club,https://rewardpoints.club/library
Yes bank Kiwi Credit Card,Yes Bank,Yes Bank,,"[""Cashback"", ""Lifetime Free Card"", ""UPI Rupay""]",₹0 (lifetime free),₹0 (lifetime free),NA,1% cashback on UPI transactions (4 Kiwis per ₹50 spent; 1 Kiwi = ₹0.25),,Cashback is automatically credited to your bank account.,NA,NA,"Domestic lounge vouchers on spending milestones (e.g., after ₹50,000, ₹1 lakh, ₹1.5 lakh spends)","{""age"": ""21–60 years"", ""income"": """", ""location"": """", ""employment"": [""Salaried"", ""Self Employed""], ""income_thresholds"": {""salaried_annual_income_threshold"": 300000, ""self_employed_annual_income_threshold"": 500000, ""business_annual_income_threshold"": null}}",,,,"Frequent UPI users seeking a lifetime-free credit card with high cashback, lounge access, and Neon subscription benefits","[""Lifetime-free with no fees"", ""Cashback directly deposited to your bank account"", ""Up to 5% cashback via Neon subscription milestones""]","[""Limited rewards outside UPI transactions"", ""Lounge access only available through Neon subscription""]",4.6,rewardpoints.club,https://rewardpoints.club/library
Yes Bank Marquee Credit Card,Yes Bank,Yes Bank,,"[""Travel"", ""Food & Entertainment"", ""Premium""]","₹9,999 + GST","₹4,999 + GST",Waived on spends above ₹10 lakh/year,"Up to 4.5% on online spends (36 Yes Rewardz points per ₹200)
2.25% on offline spends (18 points per ₹200)
1.25% on select spends like rent, wallet load, utilities, insurance, government payments",,"Redeem through Yes Rewardz portal for lifestyle benefits.
 Each point ≈ ₹0.25 value.
 Limited point-to-mile transfers (Club Vistara, Intermiles).","40,000 Reward Points (₹10,000 value)","40,000 Reward Points (₹10,000 value)",Unlimited international + 6 domestic visits per quarter,"{""age"": """", ""income"": ""≥ ₹25 lakh p.a."", ""location"": """", ""employment"": [""Business"", ""Salaried"", ""Self Employed""], ""income_thresholds"": {""salaried_annual_income_threshold"": 3600000, ""self_employed_annual_income_threshold"": 2400000, ""business_annual_income_threshold"": 2400000}}",,,,"High-income earners seeking a super-premium card with high online rewards, unlimited lounge access, and lifestyle perks","[""High rewards (up to 4.5%) on online spends"", ""Unlimited international + 6 domestic lounge visits quarterly"", ""Attractive welcome bonus of 40,000 points""]","[""High joining and annual fees"", ""Limited point-to-mile redemption options""]",4.1,rewardpoints.club,https://rewardpoints.club/library
HDFC Biz Black Metal Credit Card,HDFC Bank,HDFC,,"[""Travel"", ""Utilities"", ""Online Shopping"", ""Groceries"", ""Premium""]","₹10,000 + GST","₹10,000 + GST","A first-year joining fee waiver on spending Rs. 1.5 lakhs within 90 days of card issuance, and a renewal fee waiver on spending Rs. 7.5 lakhs within an anniversary year",Up to 5X Reward Points on select business expenses; 5 Reward Points per ₹150 spent on other purchases,,"Reward Points can be redeemed for cashback or transferred to loyalty programs.
Each Reward Point is valued at up to ₹1.","Club Marriott Annual Membership + Taj Stay voucher worth ₹5,000 and Accor explorer membership.
 Milestone: Flight / Taj Stay voucher worth ₹5,000 on every ₹5 lakh spent; vouchers worth up to ₹20,000 on spending ₹20 lakh in a calendar year","Club Marriott Annual Membership + Taj Stay voucher worth ₹5,000 and Accor explorer membership.
 Milestone: Flight / Taj Stay voucher worth ₹5,000 on every ₹5 lakh spent; vouchers worth up to ₹20,000 on spending ₹20 lakh in a calendar year","Unlimited access to over 1,000 domestic and international airport lounges","{""age"": ""21 to 65 years"", ""income"": """", ""location"": """", ""employment"": [""Business"", ""Self Employed""], ""income_thresholds"": {""salaried_annual_income_threshold"": null, ""self_employed_annual_income_threshold"": 3000000, ""business_annual_income_threshold"": 3000000}}",,2%,,Business owners seeking premium rewards on business-related expenses and extensive travel benefits,"[""High reward rate on select business expenses with up to 5X Reward Points."", ""Unlimited lounge access enhances travel comfort significantly.""]","[""High annual fee may not be justified for low spenders."", ""Limited rewards outside specific business categories.""]",4.7,rewardpoints.club,https://rewardpoints.club/library
HDFC Biz Grow Credit Card,HDFC Bank,HDFC,,"[""Utilities""]",₹500 + GST,₹500 + GST,Waived on annual spends of ₹1 lakh,Up to 10X Cash Points on select business spends; 2 Cash Points per ₹150 on other business purchases,,"Each Cash Point is valued at up to ₹0.25 when redeemed.
Redemption options include cashback or vouchers.",Gift voucher worth ₹250 on making one transaction within the first 37 days,Gift voucher worth ₹250 on making one transaction within the first 37 days,NA,"{""age"": ""21 to 65 years"", ""income"": """", ""location"": """", ""employment"": [""Business"", ""Self Employed""], ""income_thresholds"": {""salaried_annual_income_threshold"": """", ""self_employed_annual_income_threshold"": 600000, ""business_annual_income_threshold"": 600000}}",,3.50%,"1% waiver on transactions ₹400-₹5,000 (Max ₹100 per statement cycle)",Small business owners seeking rewards on everyday business expenses like bill payments and tax payments,"[""High rewards on select business expenses with up to 10X Cash Points."", ""Affordable annual fee with easy waiver conditions for spends exceeding ₹1 lakh annually."", ""Up to 55 days of interest-free credit period aids in managing cash flow.""]","[""Limited rewards outside specific business categories."", ""No lounge access or premium travel perks.""]",4.2,rewardpoints.club,https://rewardpoints.club/library
HDFC Biz Power Credit Card,HDFC Bank,HDFC,,"[""Travel"", ""Utilities"", ""Online Shopping"", ""Groceries""]","₹2,500 + GST","₹2,500 + GST",Waived on annual spends of ₹4 lakh,Up to 5X Reward Points on select business spends; 4 Reward Points per ₹150 on other business purchases,,"Each Reward Point can be redeemed for a value of up to ₹0.50.
Redemption options include cashback, vouchers, airmiles, and flight/hotel bookings.",Free Amazon Prime membership for one year plus Biz Prime for six months,Free Amazon Prime membership for one year plus Biz Prime for six months,Up to 16 complimentary domestic lounge visits annually; 6 international lounge visits via Priority Pass,"{""age"": ""21 to 65 years"", ""income"": """", ""location"": """", ""employment"": [""Business"", ""Self Employed""], ""income_thresholds"": {""salaried_annual_income_threshold"": """", ""self_employed_annual_income_threshold"": 1200000, ""business_annual_income_threshold"": 1200000}}",,3.50%,"1% waiver on transactions ₹400-₹5,000 (Max ₹250 per statement cycle)",Business owners seeking premium rewards on business-related expenses and travel benefits,"[""High reward rate on select business expenses with up to 5X Reward Points."", ""Extensive lounge access benefits enhance travel comfort significantly."", ""Welcome bonus provides immediate value with Amazon Prime membership.""]","[""High annual fee may not be justified for low spenders."", ""Limited rewards outside specific business categories.""]",4,rewardpoints.club,https://rewardpoints.club/library
IndusInd Avios Visa Infinite Credit Card,IndusInd Bank,IndusInd,,"[""Travel""]","₹10,000 + GST","₹5,000 + GST",NA,Approx. 3.5%,,Avios earned can be redeemed against a host of different options at the Qatar Airways or British Airways website,"20,000 Avios points","20,000 Avios points","Up to 8 complimentary visits every year (2 international lounges per calendar quarter via free Priority Pass membership
2 domestic lounge visits per quarter at participating lounges)","{""age"": ""21 to 60 years"", ""income"": ""₹2.5 lakh per month for salaried"", ""location"": """", ""employment"": [""Salaried"", ""Self Employed""], ""income_thresholds"": {""salaried_annual_income_threshold"": 2000000, ""self_employed_annual_income_threshold"": 2000000, ""business_annual_income_threshold"": """"}}",,"1.5% (Preferred International Destination), 3.5% (Others)",,"High-spenders seeking premium travel, lifestyle, and dining benefits","[""Attractive rewards structure with high returns on partner brands."", ""Welcome bonus provides immediate value with complimentary memberships."", ""Unlimited lounge access enhances travel comfort significantly.""]","[""High spend threshold for milestone benefits"", ""Limited domestic travel benefits"", ""High joining fees"", ""Limited redemption options""]",4,rewardpoints.club,https://rewardpoints.club/library
IndusInd EazyDiner Credit Card,IndusInd Bank,IndusInd,,"[""Utilities"", ""Food & Entertainment"", ""Online Shopping""]","₹1,999 + GST","₹1,999 + GST",NA,No fixed points per ₹100; benefits come through EazyPoints and instant dining discounts,,Redeem EazyPoints for free meals or luxury hotel stays directly through the app,"12-month EazyDiner Prime membership worth ₹2,495 + 2,000 bonus EazyPoints","12-month EazyDiner Prime membership worth ₹2,495 + 2,000 bonus EazyPoints",2 complimentary domestic airport lounge visits per quarter,"{""age"": ""18 to 65 years"", ""income"": ""₹5 lakh p.a. (salaried/self-employed)"", ""location"": """", ""employment"": [""Salaried"", ""Self Employed""], ""income_thresholds"": {""salaried_annual_income_threshold"": """", ""self_employed_annual_income_threshold"": """", ""business_annual_income_threshold"": """"}}",,3.50%,"1% waiver on fuel spends between ₹400–₹4,000 (max ₹200 per statement cycle)",Frequent diners seeking deep discounts and exclusive rewards on restaurant experiences,"[""Deep dining discounts at a wide network of premium restaurants"", ""Free EazyDiner Prime membership and bonus EazyPoints offer strong starting value"", ""Complimentary domestic lounge access for added lifestyle comfort""]","[""Limited benefits outside dining"", ""No international lounge access or high-tier travel features"", ""No spend-based fee waiver""]",4.2,rewardpoints.club,https://rewardpoints.club/library
IndusInd EazyDiner Platinum Credit Card,IndusInd Bank,IndusInd,,"[""Food & Entertainment"", ""Online Shopping""]",₹0 (Lifetime Free),₹0 (Lifetime Free),NA,Earns 2 reward points per ₹100 on regular retail spends; accelerated EazyPoints on dining via EazyDiner,,"Use EazyPoints instantly on the EazyDiner app to pay restaurant bills via PayEazy
Redeem reward points directly at the time of payment on partner platforms","3-month EazyDiner Prime membership worth ₹1,095 + 500 EazyPoints","3-month EazyDiner Prime membership worth ₹1,095 + 500 EazyPoints",NA,"{""age"": """", ""income"": ""of ₹5 lakh per annum (salaried or self-employed)"", ""location"": """", ""employment"": [""Salaried"", ""Self Employed""], ""income_thresholds"": {""salaried_annual_income_threshold"": """", ""self_employed_annual_income_threshold"": """", ""business_annual_income_threshold"": """"}}",,3.50%,"1% waiver on transactions ₹400–₹4,000 (max ₹250 per billing cycle)",Frequent diners seeking exclusive dining discounts and rewards on culinary experiences,"[""₹0 joining and annual fee — truly lifetime free"", ""Excellent dining benefits with up to 50% off at premium restaurants"", ""Accelerated EazyPoints and instant redemption via PayEazy"", ""Solid milestone reward of 2,000 points in the first 90 days""]","[""Limited rewards outside dining"", ""No airport lounge or travel-related perks""]",4.2,rewardpoints.club,https://rewardpoints.club/library
IndusInd Nexxt Credit Card,IndusInd Bank,IndusInd,,"[""Food & Entertainment""]","₹10,000 + GST","₹10,000 + GST",NA,,,"Cash Credit: ₹1 per point (₹100 redemption fee applies)
Air Miles: 1 RP = 1 air mile (InterMiles, Club Vistara)
Gift Vouchers: Redeem via IndusMoments for various brand vouchers","Gift vouchers from brands like Bata, Yatra, Oberoi Hotels, and more","Gift vouchers from brands like Bata, Yatra, Oberoi Hotels, and more",NA,"{""age"": ""18 to 65 years"", ""income"": ""₹5 lakh p.a. (salaried/self-employed)"", ""location"": """", ""employment"": [""Salaried"", ""Self Employed""], ""income_thresholds"": {""salaried_annual_income_threshold"": """", ""self_employed_annual_income_threshold"": """", ""business_annual_income_threshold"": """"}}",,,,Individuals seeking a technologically advanced credit card with interactive payment options and versatile benefits,"[""First-of-its-kind interactive credit card in India with real-time control over payments"", ""High reward redemption value at ₹1 per point"", ""Entertainment perks like BOGO movie tickets on BookMyShow""]","[""High annual fee with no spend-based waiver"", ""No lounge access or substantial travel-related benefits"", ""Limited reward rate compared to similarly priced cards""]",3.9,rewardpoints.club,https://rewardpoints.club/library
IndusInd Pinnacle Credit Card,IndusInd Bank,IndusInd,,"[""Food & Entertainment"", ""Online Shopping"", ""Premium""]","₹14,999 + GST",NA,Waived if annual spends exceed ₹1 lakh,,,"Cash Credit: Redeem at ₹0.75 per point directly to your statement
Air Miles: Transfer to KrisFlyer Miles (200 points = 100 miles)
Vouchers & Merchandise: Redeem through the IndusInd rewards catalog",Premium gifts such as Oberoi Hotels vouchers or Montblanc merchandise,Premium gifts such as Oberoi Hotels vouchers or Montblanc merchandise,Complimentary Priority Pass with 2 international and 1 domestic visit per quarter,"{""age"": """", ""income"": ""of ₹10 lakh (salaried/self-employed)"", ""location"": """", ""employment"": [""Salaried"", ""Self Employed""], ""income_thresholds"": {""salaried_annual_income_threshold"": 1000000, ""self_employed_annual_income_threshold"": 1200000, ""business_annual_income_threshold"": """"}}",,,,"High-income individuals seeking a premium lifestyle credit card with e-commerce rewards, golf privileges, and travel benefits","[""Industry-leading 2.5 RP per ₹100 on e-commerce spending"", ""Access to golf privileges and concierge services"", ""Generous welcome bonus with luxury gifts"", ""Quarterly lounge access, both domestic and international""]","[""High joining fee which may not be justifiable for moderate spenders"", ""Reward rates are less compelling outside e-commerce and travel categories""]",3.9,rewardpoints.club,https://rewardpoints.club/library
IndusInd Samman Credit Card,IndusInd Bank,IndusInd,,"[""Cashback"", ""Food & Entertainment""]",₹500 + GST,NA,NA,"1 RP = ₹0.25 (4% on government spends, 2% on fuel, 1% elsewhere)",,"Cashback: Direct statement credit (1 RP = ₹0.25)
Vouchers: Amazon, Flipkart (1 RP = ₹0.25)
Exclusions: No air miles, no hotel transfers",NA,NA,4 complimentary domestic lounge visits per year (via DreamFolks),"{""age"": """", ""income"": """", ""location"": """", ""employment"": [""Salaried"", ""Self Employed""], ""income_thresholds"": {""salaried_annual_income_threshold"": """", ""self_employed_annual_income_threshold"": """", ""business_annual_income_threshold"": """"}}",,1%,"1% (up to ₹250/month, min. transaction ₹400)","Government transactions, fuel surcharge waivers, low forex markup","[""4% rewards on government spends (best in class)"", ""1% forex markup (lowest among RuPay cards)"", ""Fuel surcharge waiver (up to ₹250/month)""]","[""No welcome bonus/milestones"", ""One time fee (₹500 + GST, no waiver)"", ""Weak lounge access (only 4 domestic/yr)""]",3.8,rewardpoints.club,https://rewardpoints.club/library
IndusInd Legend Credit Card,IndusInd Bank,IndusInd,,"[""Utilities""]","₹4,999 + GST","₹4,999 + GST",Waived on annual spends of ₹3 lakh,2 Reward Points (RP)/₹100 (1 RP = ₹0.25),,"Statement Credit: 1 RP = ₹0.25
Vouchers: Amazon, Flipkart (1 RP = ₹0.30)
Miles Conversion: Not available","5,000 Reward Points (worth ₹1,250) on spending ₹50,000 within 90 days","5,000 Reward Points (worth ₹1,250) on spending ₹50,000 within 90 days","Domestic (8/yr), International (4/yr)","{""age"": """", ""income"": """", ""location"": """", ""employment"": [""Salaried"", ""Self Employed""], ""income_thresholds"": {""salaried_annual_income_threshold"": """", ""self_employed_annual_income_threshold"": """", ""business_annual_income_threshold"": """"}}",,1.80%,"1% (up to ₹500/month, min. ₹400/txn)","Lounge access, dining discounts, golf benefits","[""12 lounge accesses/year (best in mid-premium segment)"", ""10% rewards on dining (Visa Luxury Dining)"", ""₹2,500 milestone bonus on ₹5L spends""]","[""High annual fee (₹4,999 + GST)"", ""2% forex markup (not competitive)""]",3.8,rewardpoints.club,https://rewardpoints.club/library
IndusInd Platinum Rupay Credit Card,IndusInd Bank,IndusInd,,"[""Food & Entertainment"", ""Online Shopping"", ""UPI""]",,,,,,,,,,"{""age"": """", ""income"": """", ""location"": """", ""employment"": [""Salaried"", ""Self Employed""], ""income_thresholds"": {""salaried_annual_income_threshold"": """", ""self_employed_annual_income_threshold"": """", ""business_annual_income_threshold"": """"}}",,,,,[],[],3.8,rewardpoints.club,https://rewardpoints.club/library
IndusInd Platinum Visa Credit Card,IndusInd Bank,IndusInd,,"[""Food & Entertainment"", ""Online Shopping""]","₹3,000 + GST",₹0 (lifetime free),NA,1 reward point per ₹100 on weekdays; 2 reward points per ₹100 on weekends,,"Redeem points for merchandise, vouchers, airline miles, or cash credit
Miles conversion limited to select airlines
Some categories may earn lower rewards",Luxe Gift Card and premium brand access on joining fee payment,Luxe Gift Card and premium brand access on joining fee payment,"Complimentary Priority Pass membership with access to 1,000+ lounges worldwide","{""age"": """", ""income"": ""₹20"", ""location"": """", ""employment"": [""Salaried"", ""Self Employed""], ""income_thresholds"": {""salaried_annual_income_threshold"": """", ""self_employed_annual_income_threshold"": """", ""business_annual_income_threshold"": """"}}",,1.80%,"1% waiver on fuel transactions ₹500–₹3,000, capped at ₹100 per month",Frequent travelers and luxury enthusiasts seeking high rewards on weekend spends and exclusive benefits,"[""Lifetime-free credit card after joining fee payment"", ""Complimentary Priority Pass lounge access"", ""Comprehensive insurance coverage""]","[""Limited rewards outside specific categories"", ""No direct cashback; points redeemed as cash credit or vouchers""]",3.8,rewardpoints.club,https://rewardpoints.club/library
Indusind Qatar Airways Credit Card,IndusInd Bank,IndusInd,,"[""Travel"", ""Utilities"", ""Premium""]","₹40,000 + GST","₹10,000 + GST",,Approx. 3.5%,,"Redeem for flights with Qatar Airways or Oneworld partners
Transfer Avios between Qatar Airways at 1:1 ratio","Qatar Airways Gold Tier + 20,000 Avios","Qatar Airways Gold Tier + 20,000 Avios",Domestic 2 visits/quarter; International 2 visits/quarter via Priority Pass,"{""age"": """", ""income"": ""Salaried ₹10 Lakh/year; Self-employed ₹15 Lakh/year"", ""location"": """", ""employment"": [""Salaried"", ""Self Employed""], ""income_thresholds"": {""salaried_annual_income_threshold"": 2000000, ""self_employed_annual_income_threshold"": 2000000, ""business_annual_income_threshold"": """"}}",,"1.5% (Preferred International Destination), 3.5% (Others)",,Frequent travelers seeking Qatar Airways Gold tier benefits and Avios rewards,"[""Qatar Airways Gold tier benefits improve travel experience"", ""High rewards rate on Qatar Airways spends"", ""International meet & greet service""]","[""High joining fee"", ""Lower rewards on regular spends""]",4.1,rewardpoints.club,https://rewardpoints.club/library
American Express Smart Earn Credit Card,American Express,Amex,,"[""Food & Entertainment"", ""Online Shopping""]",₹495 + GST,₹495 + GST,"Waived on annual spends above ₹40,000","1 MR Point per ₹50 spent; 10X on Zomato, Flipkart, Myntra, Uber, BookMyShow; 5X on Amazon",,"No lounge access or travel perks
Monthly point caps on 10X and 5X categories","₹500 cashback on spending ₹10,000 in the first 90 days","₹500 cashback on spending ₹10,000 in the first 90 days",NA,"{""age"": ""18+"", ""income"": ""₹4.5L (salaried) / ₹6L (self-employed)"", ""location"": """", ""employment"": [""Salaried"", ""Self Employed""], ""income_thresholds"": {""salaried_annual_income_threshold"": 450000, ""self_employed_annual_income_threshold"": 600000, ""business_annual_income_threshold"": """"}}",,3.50%,"0% convenience fee on HPCL spends <₹5,000/month","Online shoppers looking for accelerated rewards on platforms like Zomato, Flipkart, Amazon, and more","[""High reward rate (10X/5X) on top online brands"", ""₹1,500 in annual vouchers via milestone rewards"", ""Low annual fee with simple waiver condition""]","[""No lounge access or travel perks"", ""Monthly point caps on 10X and 5X categories""]",3.9,rewardpoints.club,https://rewardpoints.club/library
American Express Membership Rewards Credit Card,American Express,Amex,,"[""Food & Entertainment"", ""Fuel"", ""Groceries""]","₹1,000 + GST","₹4,500 + GST (from second year onwards)","Full waiver on spends above ₹1.5 lakh/year
50% waiver on spends between ₹90,000–₹1.5 lakh/year","1 MR Point per ₹50 spent; milestone bonuses of up to 2,000 MR Points/month",,"Redeem for travel bookings, statement credits, gift cards, or merchandise via the Amex Membership Rewards portal.
 You can also transfer points to over 20 airline/hotel loyalty programs (e.g., Marriott Bonvoy, Singapore Airlines).","4,000 MR Points on spending ₹15,000 within first 90 days","4,000 MR Points on spending ₹15,000 within first 90 days",NA,"{""age"": ""18+"", ""income"": "">₹6L"", ""location"": """", ""employment"": [""Salaried"", ""Self Employed""], ""income_thresholds"": {""salaried_annual_income_threshold"": 600000, ""self_employed_annual_income_threshold"": 600000, ""business_annual_income_threshold"": """"}}",,3.50%,,Reward-focused users looking for flexible redemptions and monthly milestone bonuses,"[""Monthly milestone system allows for predictable high rewards"", ""Flexible redemption options across categories and partners"", ""Full or partial annual fee waiver makes it cost-effective""]","[""No travel benefits or lounge access"", ""Annual fee from second year unless waived through spends""]",4.2,rewardpoints.club,https://rewardpoints.club/library
American Express Gold Credit Card,American Express,Amex,,"[""Utilities"", ""Food & Entertainment"", ""Fuel""]","₹1,000 + GST","₹4,500 + GST",NA,"1 MR Point per ₹50 spent; 5X via Amex Gyftr; monthly milestone: 1,000 bonus points",,"Redeem MR Points for vouchers, gift cards, shopping, or travel via the Amex Membership Rewards portal.","4,000 MR Points on ₹10,000 spend in the first 90 days","4,000 MR Points on ₹10,000 spend in the first 90 days",NA,"{""age"": ""18+"", ""income"": "">₹6L p.a."", ""location"": """", ""employment"": [""Salaried"", ""Self Employed""], ""income_thresholds"": {""salaried_annual_income_threshold"": 600000, ""self_employed_annual_income_threshold"": 600000, ""business_annual_income_threshold"": """"}}",,3.50%,"0% convenience fee on HPCL fuel spends <₹5,000/month",Users who want a monthly milestone-based rewards program and a card with no preset spending limit,"[""No preset spending limit gives flexibility"", ""Monthly milestone bonuses encourage consistent spending"", ""Rewards apply to fuel and utility spends – rare in premium cards""]","[""No lounge access or travel benefits"", ""₹4,500 annual fee with no waiver option"", ""Lower base reward rate if milestones are missed""]",4.1,rewardpoints.club,https://rewardpoints.club/library
American Express Platinum Travel Credit Card,American Express,Amex,,"[""Travel"", ""Online Shopping"", ""Groceries""]","₹5,000 + GST","₹5,000.0 + GST",NA,1 MR Point per ₹50 spent; accelerated rewards via Gyftr and milestones,,"Redeem for travel vouchers, hotel stays, or shopping rewards via the Amex Membership Rewards portal.
For best value, consider Marriott Bonvoy point transfers at 1:1 rate.","10,000 MR Points on spending ₹15,000 in the first 90 days","10,000 MR Points on spending ₹15,000 in the first 90 days",8 complimentary domestic lounge visits/year (2 per quarter),"{""age"": """", ""income"": "">₹6L"", ""location"": ""India"", ""employment"": [""Salaried"", ""Self Employed""], ""income_thresholds"": {""salaried_annual_income_threshold"": 600000, ""self_employed_annual_income_threshold"": 600000, ""business_annual_income_threshold"": null}}",,3.50%,"0% convenience fee on HPCL spends <₹5,000/month",Frequent travelers who want milestone-based rewards and domestic lounge access,"[""Up to 8% value back through milestone rewards"", ""Complimentary domestic lounge access (8/year)"", ""Accelerated points through Gyftr and structured rewards""]","[""No international lounge access"", ""No annual fee waiver option"", ""Limited redemption flexibility outside travel""]",4.6,rewardpoints.club,https://rewardpoints.club/library
American Express Platinum Reserve Credit Card,American Express,Amex,,"[""Food & Entertainment"", ""Online Shopping""]","₹10,000 + GST","₹10,000 + GST",Waived on annual spends above ₹10 lakh,1 Membership Rewards Point per ₹50; 3X points on select brands via Reward Multiplier,,"Redeem via Membership Rewards portal for travel bookings, vouchers, or statement credits.
You can also transfer points to airline and hotel partners (Marriott Bonvoy, Hilton, etc.) for better value.
Redemption value: ₹0.25–₹0.50 per point","11,000 Membership Rewards Points","11,000 Membership Rewards Points",12 complimentary domestic/international visits via Priority Pass (3 per quarter),"{""age"": """", ""income"": ""> ₹6 lakh annually (available in select cities)"", ""location"": ""India"", ""employment"": [""Salaried"", ""Self Employed""], ""income_thresholds"": {""salaried_annual_income_threshold"": 600000, ""self_employed_annual_income_threshold"": 600000, ""business_annual_income_threshold"": """"}}",,3.50%,,"High-spenders seeking premium lifestyle privileges, hotel memberships, and travel lounge access","[""Premium travel and lifestyle perks with Accor & Taj memberships"", ""12 complimentary international/domestic lounge visits"", ""Monthly milestone vouchers add value""]","[""High annual fee unless waived"", ""No rewards on fuel, utilities, or insurance"", ""Limited cashback or flexible redemption options""]",3.9,rewardpoints.club,https://rewardpoints.club/library
American Express Platinum Charge Credit Card,American Express,Amex,,"[""Travel"", ""Online Shopping"", ""Premium""]","₹60,000 + GST","₹60,000 + GST",NA,1 MR Point per ₹40 spent; 3X points on international spends; 5X via Reward Multiplier,,"Redeem MR points for travel, shopping, entertainment, or statement credits through the Amex portal.
For higher value, transfer points to travel partners like Marriott Bonvoy, Hilton, or airline FFPs.
 Redemption value: ~₹0.25 per point","Complimentary stay or gift vouchers worth up to ₹60,000 from brands like Taj, The Postcard, or Luxe","Complimentary stay or gift vouchers worth up to ₹60,000 from brands like Taj, The Postcard, or Luxe",Unlimited complimentary access to domestic and international airport lounges,"{""age"": """", ""income"": ""≥ ₹25L (salaried) / ₹15L (self-employed)"", ""location"": ""India"", ""employment"": [""Salaried"", ""Self Employed""], ""income_thresholds"": {""salaried_annual_income_threshold"": 2500000, ""self_employed_annual_income_threshold"": 1500000, ""business_annual_income_threshold"": """"}}",,3.50%," 0% convenience fee on HPCL spends below ₹5,000/month",Frequent travelers seeking a super-premium charge card with luxury privileges and no pre-set spending limit,"[""Premium hotel perks, golf access, and lifestyle privileges"", ""Unlimited airport lounge access (domestic + international)"", ""3X–5X accelerated rewards on international and partner spends""]","[""High annual fee with no waiver"", ""Points redemption may not suit users seeking cashback or simplicity""]",4,rewardpoints.club,https://rewardpoints.club/library
RBL Shoprite Credit Card,RBL Bank,RBL,,"[""Food & Entertainment"", ""Groceries""]",₹500 + GST,₹500 + GST,Waived on spends above ₹1.5 lakh in the previous year,"20 reward points per ₹100 on groceries (capped at 1,000 points/month); 1 point per ₹100 on other spends",,"Redeem points for benefits via the RBL Rewards portal. Each point approx. worth ₹0.25.
Best Strategy:
Use the card primarily for grocery purchases to maximize 20X rewards.","2,000 reward points on first valid retail transaction within 30 days","2,000 reward points on first valid retail transaction within 30 days",NA,"{""age"": """", ""income"": ""≥ ₹3 lakh p.a."", ""location"": """", ""employment"": [""Salaried"", ""Self Employed""], ""income_thresholds"": {""salaried_annual_income_threshold"": 300000, ""self_employed_annual_income_threshold"": 300000, ""business_annual_income_threshold"": """"}}",,3.50%,1% up to ₹100 per month,"Frequent shoppers seeking high rewards on groceries, discounts on entertainment, and a low annual fee","[""Up to 20X rewards on grocery spends"", ""Easy annual fee waiver on ₹1.5 lakh spends"", ""Immediate value from welcome bonus""]","[""Limited rewards outside groceries"", ""No lounge access""]",3.9,rewardpoints.club,https://rewardpoints.club/library
RBL Indian Oil XTRA Credit Card,RBL Bank,RBL,,"[""Fuel"", ""UPI""]","₹1,500 + GST","₹1,500 + GST",Waived on spends above ₹2.75 lakh/year,15 Fuel Points per ₹100 spent on IOCL fuel (7.5% value back); 2 Fuel Points per ₹100 on other spends,,"Each Fuel Point = ₹0.50, redeemable at IndianOil outlets via POS machines.
Best Strategy:
Use the card primarily for IOCL fuel purchases to maximize rewards and savings.","3,000 Fuel Points worth ₹1,500 on first ₹500+ transaction","3,000 Fuel Points worth ₹1,500 on first ₹500+ transaction",NA,"{""age"": """", ""income"": ""≥ ₹3 lakh p.a."", ""location"": """", ""employment"": [""Salaried"", ""Self Employed""], ""income_thresholds"": {""salaried_annual_income_threshold"": """", ""self_employed_annual_income_threshold"": """", ""business_annual_income_threshold"": """"}}",,3.50%,1% up to ₹200/month,Frequent IndianOil fuel users seeking high savings and straightforward rewards with a low fee waiver threshold,"[""High rewards up to 7.5% on IOCL fuel spends"", ""Low fee waiver threshold (₹2.75L yearly spend)"", ""Generous welcome bonus worth ₹1,500 fuel savings""]","[""Limited rewards beyond fuel category"", ""Redemption fee slightly reduces net savings""]",4.5,rewardpoints.club,https://rewardpoints.club/library
RBL Indian Oil Credit Card,RBL Bank,RBL,,"[""Fuel""]",₹500 + GST,₹500 + GST,Waived on annual spends exceeding ₹1.75 lakh,Up to 6% value back on IOCL fuel (5% Fuel Points + 1% fuel surcharge waiver); 1 Fuel Point per ₹100 on non-fuel spends,,"Each Fuel Point = ₹0.50, redeemable at IndianOil outlets via POS machines.
Best Strategy: Use the card mainly for IOCL fuel purchases to maximize rewards and savings.","1,000 Fuel Points worth ₹500 on first ₹500+ transaction within 30 days","1,000 Fuel Points worth ₹500 on first ₹500+ transaction within 30 days",NA,"{""age"": """", ""income"": ""≥ ₹3 lakh p.a."", ""location"": """", ""employment"": [""Salaried"", ""Self Employed""], ""income_thresholds"": {""salaried_annual_income_threshold"": """", ""self_employed_annual_income_threshold"": """", ""business_annual_income_threshold"": """"}}",,,1% up to ₹100/month,"Frequent drivers loyal to IndianOil, seeking fuel savings and rewards at a low annual fee","[""Up to 6% value back on IOCL fuel spends"", ""Affordable joining and annual fees"", ""Welcome bonus offers immediate ₹500 fuel savings""]","[""Limited rewards outside fuel and basic spends"", ""Redemption fees reduce net savings slightly""]",3.9,rewardpoints.club,https://rewardpoints.club/library
Federal Bank Scapia Credit Card,Federal Bank,Federal Bank,,"[""Lifetime Free Card"", ""Travel"", ""Food & Entertainment"", ""Fuel""]",₹0,₹0 (Lifetime Free),NA,10% Scapia coins on all spends; up to 20% rewards on travel bookings via Scapia app,,"Redemption Value: 5 Scapia coins = Rs. 1
Redemption Options: Instant redemption on the Scapia app for travel bookings
Scapia Coins Validity: 36 months",No standard welcome offer; rewards begin from first spend,No standard welcome offer; rewards begin from first spend,"Unlimited domestic lounge access on ₹20,000 minimum spend; 0% forex markup","{""age"": """", ""income"": """", ""location"": """", ""employment"": [""Salaried"", ""Self Employed""], ""income_thresholds"": {""salaried_annual_income_threshold"": 220000, ""self_employed_annual_income_threshold"": 400000, ""business_annual_income_threshold"": null}}",,0%,,"Frequent travelers seeking zero annual fees, zero forex fees, and unlimited domestic lounge access","[""Zero annual and joining fee"", ""0% forex markup – great for international travel"", ""Unlimited domestic lounge access after ₹5,000 spend"", ""10–20% rewards via Scapia app""]","[""No international lounge access"", ""Scapia coins can only be redeemed via Scapia app"", ""No rewards on international transactions""]",4.3,rewardpoints.club,https://rewardpoints.club/library