card_name,issuing_bank,issuing_bank_raw,card_network,categories,joining_fee,annual_fee,fee_waiver_condition,reward_rate,reward_structure,redemption_options,welcome_benefits,milestone_benefits,lounge_access,eligibility,interest_rate_apr,forex_markup,other_charges,key_features,pros,cons,rating,source_site,source_url
IndusInd Cred (Rupay) credit card,IndusInd Bank,IndusInd,Rupay,"[""Experience"", ""Travel Booking"", ""Hotel Transfer""]",0,,,2% to 5%,"[{""child"": ""Earn 1 Reward Points per ₹100 spent"", ""name"": ""Base Rewards""}, {""child"": ""Earn 5 Reward Points per ₹100 spent"", ""name"": ""Cred""}, {""child"": ""Earn 5 Reward Points per ₹100 spent"", ""name"": ""E-Commerce""}, {""child"": ""Earn 1 Reward Points per ₹100 spent"", ""name"": ""UPI Scan & Pay (Cred)""}, {""child"": "" No Reward Points on this category."", ""name"": ""Wallets""}, {""child"": "" No Reward Points on this category."", ""name"": ""Fuel""}, {""child"": "" No Reward Points on this category."", ""name"": ""Utilities""}, {""child"": "" No Reward Points on this category."", ""name"": ""Insurance""}, {""child"": "" No Reward Points on this category."", ""name"": ""Government""}, {""child"": "" No Reward Points on this category."", ""name"": ""Jewellery""}, {""child"": "" No Reward Points on this category."", ""name"": ""UPI""}, {""child"": "" No Reward Points on this category."", ""name"": ""Education""}, {""child"": "" No Reward Points on this category."", ""name"": ""Rent""}]","[{""title"": "" Discover Reward Points Redemption Options"", ""subtitle"": ""To explore the full range of redemption options for this card, download the SaveSage Club app now."", ""barCodeImageUrl"": ""/"", ""appUrl"": ""https://savesage.co/ZH8bLjZqSPb""}]",,[],[],,,,[],[],,,,savesage.club,https://savesage.club/credit-card/indusind-cred-rupay
SBI Elite (Rupay) credit card,SBI Card,SBI,Rupay,[],4999,,,NA,"[{""child"": ""Earn 2 Reward Points per ₹100 spent"", ""name"": ""Base Rewards""}, {""child"": ""Earn 10 Reward Points per ₹100 spent"", ""name"": ""Dining""}, {""child"": ""Earn 10 Reward Points per ₹100 spent"", ""name"": ""Grocery""}, {""child"": ""Earn 10 Reward Points per ₹100 spent"", ""name"": ""Departmental Stores""}, {""child"": "" No Reward Points on this category."", ""name"": ""Government""}, {""child"": "" No Reward Points on this category."", ""name"": ""Utilities""}, {""child"": "" No Reward Points on this category."", ""name"": ""Rent""}, {""child"": "" No Reward Points on this category."", ""name"": ""Wallets""}, {""child"": "" No Reward Points on this category."", ""name"": ""Fuel""}, {""child"": "" No Reward Points on this category."", ""name"": ""EMI""}]","[{""title"": "" Discover Reward Points Redemption Options"", ""subtitle"": ""To explore the full range of redemption options for this card, download the SaveSage Club app now."", ""barCodeImageUrl"": ""/"", ""appUrl"": ""https://savesage.co/ZH8bLjZqSPb""}]",,"[{""milestoneNumber"": 1, ""spent"": 0, ""cycleType"": ""STATEMENT"", ""benefits"": ""E- Gift Voucher worth Rs. 5,000 from any of the following brands: Yatra, Hush Puppies / Bata, Aditya Birla Fashion,Pantaloons and Shopper's Stop."", ""milestoneType"": ""YEAR""}, {""milestoneNumber"": 2, ""spent"": 300000, ""cycleType"": ""STATEMENT"", ""benefits"": ""10,000 RPs."", ""milestoneType"": ""YEAR""}, {""milestoneNumber"": 3, ""spent"": 400000, ""cycleType"": ""STATEMENT"", ""benefits"": ""10,000 RPs."", ""milestoneType"": ""YEAR""}, {""milestoneNumber"": 4, ""spent"": 500000, ""cycleType"": ""STATEMENT"", ""benefits"": ""15,000 RPs."", ""milestoneType"": ""YEAR""}, {""milestoneNumber"": 5, ""spent"": 800000, ""cycleType"": ""STATEMENT"", ""benefits"": ""15,000 RPs."", ""milestoneType"": ""YEAR""}, {""milestoneNumber"": 6, ""spent"": 1000000, ""cycleType"": ""STATEMENT"", ""benefits"": ""The renewal fee will be waived."", ""milestoneType"": ""YEAR""}]","[{""maintitle"": ""Domestic lounge"", ""limit"": [""2 per quarter""], ""eligibility"": [""N/A""]}, {""maintitle"": ""International lounge"", ""limit"": [""2 per quarter""], ""eligibility"": [""6 Complimentary Lounge Access using Priority Pass.""]}]",,,,"[{""mainTitle"": ""BookMyShow"", ""child"": ""Free Movie Tickets Worth Rs 6,000""}, {""mainTitle"": ""Concierge"", ""child"": ""Exclusive Concierge Service""}, {""mainTitle"": ""ITC"", ""child"": ""Club ITC Membership""}, {""mainTitle"": ""Trident Privilege"", ""child"": ""Trident Privilege Red Tier membership""}]","[""Free Movie Tickets Worth Rs 6,000"", ""Exclusive Concierge Service"", ""Club ITC Membership"", ""Trident Privilege Red Tier membership""]",,,,savesage.club,https://savesage.club/credit-card/sbi-elite-rupay
HDFC Swiggy BLCK credit card,HDFC Bank,HDFC,,"[""Experience"", ""Travel Booking"", ""Hotel Transfer""]",1000,,,1% to 2%,"[{""child"": ""Earn 1 Reward Points per ₹100 spent"", ""name"": ""Base Rewards""}, {""child"": ""Earn 10 Reward Points per ₹100 spent"", ""name"": ""Swiggy""}, {""child"": ""Earn 5 Reward Points per ₹100 spent"", ""name"": ""Online""}, {""child"": ""Earn 5 Reward Points per ₹100 spent"", ""name"": ""Flipkart""}, {""child"": ""Earn 5 Reward Points per ₹100 spent"", ""name"": ""Myntra""}, {""child"": ""Earn 5 Reward Points per ₹100 spent"", ""name"": ""Ixigo""}, {""child"": ""Earn 5 Reward Points per ₹100 spent"", ""name"": ""Amazon""}, {""child"": ""Earn 5 Reward Points per ₹100 spent"", ""name"": ""Cleartrip""}, {""child"": ""Earn 5 Reward Points per ₹100 spent"", ""name"": ""BookMyShow""}, {""child"": ""Earn 5 Reward Points per ₹100 spent"", ""name"": ""Uber""}, {""child"": ""Earn 5 Reward Points per ₹100 spent"", ""name"": ""Netflix""}, {""child"": ""Earn 5 Reward Points per ₹100 spent"", ""name"": ""Sony LIV""}, {""child"": ""Earn 5 Reward Points per ₹100 spent"", ""name"": ""Prime""}, {""child"": ""Earn 5 Reward Points per ₹100 spent"", ""name"": ""Hotstar""}, {""child"": ""Earn 5 Reward Points per ₹100 spent"", ""name"": ""Paytm Travel""}, {""child"": ""Earn 5 Reward Points per ₹100 spent"", ""name"": ""Yatra""}, {""child"": ""Earn 5 Reward Points per ₹100 spent"", ""name"": ""EaseMyTrip""}, {""child"": ""Earn 5 Reward Points per ₹100 spent"", ""name"": ""Ibibo""}, {""child"": ""Earn 5 Reward Points per ₹100 spent"", ""name"": ""Pharmeasy""}, {""child"": ""Earn 5 Reward Points per ₹100 spent"", ""name"": ""Croma""}, {""child"": ""Earn 5 Reward Points per ₹100 spent"", ""name"": ""Vijay Sales""}, {""child"": ""Earn 5 Reward Points per ₹100 spent"", ""name"": ""Reliance Digital""}, {""child"": ""Earn 5 Reward Points per ₹100 spent"", ""name"": ""Nykaa""}, {""child"": ""Earn 1 Reward Points per ₹100 spent"", ""name"": ""Insurance""}, {""child"": "" No Reward Points on this category."", ""name"": ""UPI""}, {""child"": "" No Reward Points on this category."", ""name"": ""Education""}, {""child"": "" No Reward Points on this category."", ""name"": ""Jewellery""}, {""child"": "" No Reward Points on this category."", ""name"": ""Gift Cards""}, {""child"": "" No Reward Points on this category."", ""name"": ""Gaming""}, {""child"": "" No Reward Points on this category."", ""name"": ""Fuel""}, {""child"": "" No Reward Points on this category."", ""name"": ""Rent""}, {""child"": "" No Reward Points on this category."", ""name"": ""Utilities""}, {""child"": "" No Reward Points on this category."", ""name"": ""Wallets""}]","[{""title"": "" Discover Reward Points Redemption Options"", ""subtitle"": ""To explore the full range of redemption options for this card, download the SaveSage Club app now."", ""barCodeImageUrl"": ""/"", ""appUrl"": ""https://savesage.co/ZH8bLjZqSPb""}]",,"[{""milestoneNumber"": 1, ""spent"": 0, ""cycleType"": ""STATEMENT"", ""benefits"": ""The joining fee will be waived."", ""milestoneType"": ""YEAR""}, {""milestoneNumber"": 2, ""spent"": 1, ""cycleType"": ""STATEMENT"", ""benefits"": ""Complimentary Swiggy BLCK membership for 3 months"", ""milestoneType"": ""YEAR""}, {""milestoneNumber"": 3, ""spent"": 200000, ""cycleType"": ""STATEMENT"", ""benefits"": ""The renewal fee will be waived."", ""milestoneType"": ""YEAR""}]",[],,,,"[{""mainTitle"": ""Golf"", ""child"": ""Golf Rounds""}]","[""Golf Rounds""]",,,,savesage.club,https://savesage.club/credit-card/hdfc-swiggy-blck
HDFC Swiggy ORNGE credit card,HDFC Bank,HDFC,,"[""Experience"", ""Travel Booking"", ""Hotel Transfer""]",500,,,0.5% to 1%,"[{""child"": ""Earn 1 Reward Points per ₹100 spent"", ""name"": ""Base Rewards""}, {""child"": ""Earn 5 Reward Points per ₹100 spent"", ""name"": ""Ibibo""}, {""child"": ""Earn 5 Reward Points per ₹100 spent"", ""name"": ""Online""}, {""child"": ""Earn 5 Reward Points per ₹100 spent"", ""name"": ""EaseMyTrip""}, {""child"": ""Earn 5 Reward Points per ₹100 spent"", ""name"": ""Pharmeasy""}, {""child"": ""Earn 5 Reward Points per ₹100 spent"", ""name"": ""Croma""}, {""child"": ""Earn 5 Reward Points per ₹100 spent"", ""name"": ""Vijay Sales""}, {""child"": ""Earn 5 Reward Points per ₹100 spent"", ""name"": ""Reliance Digital""}, {""child"": ""Earn 5 Reward Points per ₹100 spent"", ""name"": ""Netflix""}, {""child"": ""Earn 5 Reward Points per ₹100 spent"", ""name"": ""Sony LIV""}, {""child"": ""Earn 5 Reward Points per ₹100 spent"", ""name"": ""Prime""}, {""child"": ""Earn 5 Reward Points per ₹100 spent"", ""name"": ""Hotstar""}, {""child"": ""Earn 5 Reward Points per ₹100 spent"", ""name"": ""Paytm Travel""}, {""child"": ""Earn 5 Reward Points per ₹100 spent"", ""name"": ""Ixigo""}, {""child"": ""Earn 5 Reward Points per ₹100 spent"", ""name"": ""Yatra""}, {""child"": ""Earn 5 Reward Points per ₹100 spent"", ""name"": ""Swiggy""}, {""child"": ""Earn 5 Reward Points per ₹100 spent"", ""name"": ""Amazon""}, {""child"": ""Earn 5 Reward Points per ₹100 spent"", ""name"": ""Flipkart""}, {""child"": ""Earn 5 Reward Points per ₹100 spent"", ""name"": ""Myntra""}, {""child"": ""Earn 5 Reward Points per ₹100 spent"", ""name"": ""Nykaa""}, {""child"": ""Earn 5 Reward Points per ₹100 spent"", ""name"": ""Cleartrip""}, {""child"": ""Earn 5 Reward Points per ₹100 spent"", ""name"": ""BookMyShow""}, {""child"": ""Earn 5 Reward Points per ₹100 spent"", ""name"": ""Uber""}, {""child"": ""Earn 1 Reward Points per ₹100 spent"", ""name"": ""Insurance""}, {""child"": "" No Reward Points on this category."", ""name"": ""Jewellery""}, {""child"": "" No Reward Points on this category."", ""name"": ""Gift Cards""}, {""child"": "" No Reward Points on this category."", ""name"": ""Gaming""}, {""child"": "" No Reward Points on this category."", ""name"": ""Rent""}, {""child"": "" No Reward Points on this category."", ""name"": ""Utilities""}, {""child"": "" No Reward Points on this category."", ""name"": ""Wallets""}, {""child"": "" No Reward Points on this category."", ""name"": ""Fuel""}, {""child"": "" No Reward Points on this category."", ""name"": ""Education""}, {""child"": "" No Reward Points on this category."", ""name"": ""UPI""}]","[{""title"": "" Discover Reward Points Redemption Options"", ""subtitle"": ""To explore the full range of redemption options for this card, download the SaveSage Club app now."", ""barCodeImageUrl"": ""/"", ""appUrl"": ""https://savesage.co/ZH8bLjZqSPb""}]",,"[{""milestoneNumber"": 1, ""spent"": 1, ""cycleType"": ""STATEMENT"", ""benefits"": ""Complimentary Swiggy One Membership for 12 months"", ""milestoneType"": ""YEAR""}, {""milestoneNumber"": 2, ""spent"": 150000, ""cycleType"": ""STATEMENT"", ""benefits"": ""The renewal fee will be waived."", ""milestoneType"": ""YEAR""}]",[],,,,"[{""mainTitle"": ""Golf"", ""child"": ""Golf Rounds""}]","[""Golf Rounds""]",,,,savesage.club,https://savesage.club/credit-card/hdfc-swiggy-ornge
Yes Bank Kredit.Pe (ACE) credit card,Yes Bank,Yes Bank,,"[""Experience"", ""Travel Booking""]",0,,,3% to 6%,"[{""child"": ""Earn 2 Reward Points per ₹200 spent"", ""name"": ""Base Rewards""}, {""child"": ""Earn 8 Reward Points per ₹200 spent"", ""name"": ""Online""}, {""child"": ""Earn 4 Reward Points per ₹200 spent"", ""name"": ""Offline""}, {""child"": ""Earn 3 Reward Points per ₹100 spent"", ""name"": ""Online (E-Commerce)""}, {""child"": ""Earn 3 Reward Points per ₹100 spent"", ""name"": ""UPI (Kredit.Pe)""}, {""child"": ""Earn 2 Reward Points per ₹200 spent"", ""name"": ""Railways""}, {""child"": ""Earn 2 Reward Points per ₹200 spent"", ""name"": ""Transportation""}, {""child"": ""Earn 2 Reward Points per ₹200 spent"", ""name"": ""Education""}, {""child"": ""Earn 2 Reward Points per ₹200 spent"", ""name"": ""Utilities""}, {""child"": "" No Reward Points on this category."", ""name"": ""Rent""}, {""child"": "" No Reward Points on this category."", ""name"": ""UPI""}, {""child"": "" No Reward Points on this category."", ""name"": ""Wallets""}, {""child"": "" No Reward Points on this category."", ""name"": ""Fuel""}, {""child"": "" No Reward Points on this category."", ""name"": ""Government""}]","[{""title"": "" Discover Reward Points Redemption Options"", ""subtitle"": ""To explore the full range of redemption options for this card, download the SaveSage Club app now."", ""barCodeImageUrl"": ""/"", ""appUrl"": ""https://savesage.co/ZH8bLjZqSPb""}]",,[],[],,,,[],[],,,,savesage.club,https://savesage.club/credit-card/yes-bank-kreditpe-ace
Axis My Zone (Rupay) credit card,Axis Bank,Axis,Rupay,"[""Catalogue Products"", ""Cashback""]",500,,,0.05% to 0.1%,"[{""child"": ""Earn 4 Reward Points per ₹200 spent"", ""name"": ""Base Rewards""}, {""child"": "" No Reward Points on this category."", ""name"": ""EMI""}, {""child"": "" No Reward Points on this category."", ""name"": ""Education""}, {""child"": "" No Reward Points on this category."", ""name"": ""Fuel""}, {""child"": "" No Reward Points on this category."", ""name"": ""Insurance""}, {""child"": "" No Reward Points on this category."", ""name"": ""Government""}, {""child"": "" No Reward Points on this category."", ""name"": ""Movies""}, {""child"": "" No Reward Points on this category."", ""name"": ""Rent""}, {""child"": "" No Reward Points on this category."", ""name"": ""Utilities""}, {""child"": "" No Reward Points on this category."", ""name"": ""Jewellery""}, {""child"": "" No Reward Points on this category."", ""name"": ""Wallets""}]","[{""title"": "" Discover Reward Points Redemption Options"", ""subtitle"": ""To explore the full range of redemption options for this card, download the SaveSage Club app now."", ""barCodeImageUrl"": ""/"", ""appUrl"": ""https://savesage.co/ZH8bLjZqSPb""}]",,"[{""milestoneNumber"": 1, ""spent"": 0, ""cycleType"": ""STATEMENT"", ""benefits"": ""Get SonyLIV membership"", ""milestoneType"": ""DAYS""}, {""milestoneNumber"": 2, ""spent"": 150000, ""cycleType"": ""STATEMENT"", ""benefits"": ""Get 1000 Edge Reward Point and Renewal of SonyLiv membership."", ""milestoneType"": ""YEAR""}]","[{""maintitle"": ""Domestic lounge"", ""limit"": [""1 per quarter""], ""eligibility"": [""Minimum spends of ₹50k in previous 3 calendar months.""]}]",,,,"[{""mainTitle"": ""Ajio"", ""child"": ""Get upto Rs 1000 Off""}, {""mainTitle"": ""District"", ""child"": ""Buy 1 Movie Ticket and Get 1""}, {""mainTitle"": ""EazyDiner"", ""child"": ""15% off via Dining Delights Program""}, {""mainTitle"": ""SonyLIV"", ""child"": ""Premium Annual membership""}, {""mainTitle"": ""Swiggy"", ""child"": ""Rs 120 off on Swiggy""}]","[""Get upto Rs 1000 Off"", ""Buy 1 Movie Ticket and Get 1"", ""15% off via Dining Delights Program"", ""Premium Annual membership"", ""Rs 120 off on Swiggy""]",,,,savesage.club,https://savesage.club/credit-card/axis-my-zone-rupay
HDFC Purchase Premium credit card,HDFC Bank,HDFC,,[],0,,,NA,"[{""child"": ""Earn 4 Reward Points per ₹150 spent"", ""name"": ""Base Rewards""}, {""child"": ""Earn 25 Reward Points per ₹150 spent"", ""name"": ""Business Essential""}, {""child"": "" No Reward Points on this category."", ""name"": ""Fuel""}]","[{""title"": "" Discover Reward Points Redemption Options"", ""subtitle"": ""To explore the full range of redemption options for this card, download the SaveSage Club app now."", ""barCodeImageUrl"": ""/"", ""appUrl"": ""https://savesage.co/ZH8bLjZqSPb""}]",,[],[],,,,"[{""mainTitle"": ""Revolving Facility"", ""child"": ""Pay a minimum 30% of the billed amount and get a revolving facility.""}]","[""Pay a minimum 30% of the billed amount and get a revolving facility.""]",,,,savesage.club,https://savesage.club/credit-card/hdfc-purchase-premium
Indian Rupay Classic credit card,Indian Bank,Indian,,"[""Experience"", ""Travel Booking"", ""Hotel Transfer""]",0,,,5% to 10%,"[{""child"": ""Earn 1 Reward Points per ₹100 spent"", ""name"": ""Base Rewards""}, {""child"": ""Earn 0.5 Reward Points per ₹100 spent"", ""name"": ""Insurance""}, {""child"": ""Earn 0.5 Reward Points per ₹100 spent"", ""name"": ""Fuel""}, {""child"": ""Earn 0.5 Reward Points per ₹100 spent"", ""name"": ""Government""}, {""child"": ""Earn 0.5 Reward Points per ₹100 spent"", ""name"": ""Utilities""}, {""child"": ""Earn 0.5 Reward Points per ₹100 spent"", ""name"": ""Rent""}, {""child"": ""Earn 0.5 Reward Points per ₹100 spent"", ""name"": ""Jewellery""}, {""child"": "" No Reward Points on this category."", ""name"": ""Wallets""}, {""child"": "" No Reward Points on this category."", ""name"": ""EMI""}, {""child"": "" No Reward Points on this category."", ""name"": ""UPI""}]","[{""title"": "" Discover Reward Points Redemption Options"", ""subtitle"": ""To explore the full range of redemption options for this card, download the SaveSage Club app now."", ""barCodeImageUrl"": ""/"", ""appUrl"": ""https://savesage.co/ZH8bLjZqSPb""}]",,[],[],,,,[],[],,,,savesage.club,https://savesage.club/credit-card/indian-rupay-classic
Indian Rupay Platinum credit card,Indian Bank,Indian,,"[""Airline Transfer"", ""Travel Booking""]",0,,,2% to 5%,"[{""child"": ""Earn 1 Reward Points per ₹100 spent"", ""name"": ""Base Rewards""}, {""child"": ""Earn 0.5 Reward Points per ₹100 spent"", ""name"": ""Utilities""}, {""child"": ""Earn 0.5 Reward Points per ₹100 spent"", ""name"": ""Jewellery""}, {""child"": ""Earn 0.5 Reward Points per ₹100 spent"", ""name"": ""Rent""}, {""child"": ""Earn 0.5 Reward Points per ₹100 spent"", ""name"": ""Government""}, {""child"": ""Earn 0.5 Reward Points per ₹100 spent"", ""name"": ""Insurance""}, {""child"": ""Earn 0.5 Reward Points per ₹100 spent"", ""name"": ""Fuel""}, {""child"": "" No Reward Points on this category."", ""name"": ""UPI""}, {""child"": "" No Reward Points on this category."", ""name"": ""Wallets""}, {""child"": "" No Reward Points on this category."", ""name"": ""EMI""}]","[{""title"": "" Discover Reward Points Redemption Options"", ""subtitle"": ""To explore the full range of redemption options for this card, download the SaveSage Club app now."", ""barCodeImageUrl"": ""/"", ""appUrl"": ""https://savesage.co/ZH8bLjZqSPb""}]",,[],[],,,,[],[],,,,savesage.club,https://savesage.club/credit-card/indian-rupay-platinum
Indian Rupay Select credit card,Indian Bank,Indian,,[],0,,,NA,"[{""child"": ""Earn 1 Reward Points per ₹100 spent"", ""name"": ""Base Rewards""}, {""child"": ""Earn 0.5 Reward Points per ₹100 spent"", ""name"": ""Jewellery""}, {""child"": ""Earn 0.5 Reward Points per ₹100 spent"", ""name"": ""Government""}, {""child"": ""Earn 0.5 Reward Points per ₹100 spent"", ""name"": ""Utilities""}, {""child"": ""Earn 0.5 Reward Points per ₹100 spent"", ""name"": ""Fuel""}, {""child"": ""Earn 0.5 Reward Points per ₹100 spent"", ""name"": ""Rent""}, {""child"": ""Earn 0.5 Reward Points per ₹100 spent"", ""name"": ""Insurance""}, {""child"": "" No Reward Points on this category."", ""name"": ""UPI""}, {""child"": "" No Reward Points on this category."", ""name"": ""Wallets""}, {""child"": "" No Reward Points on this category."", ""name"": ""EMI""}]","[{""title"": "" Discover Reward Points Redemption Options"", ""subtitle"": ""To explore the full range of redemption options for this card, download the SaveSage Club app now."", ""barCodeImageUrl"": ""/"", ""appUrl"": ""https://savesage.co/ZH8bLjZqSPb""}]",,[],[],,,,[],[],,,,savesage.club,https://savesage.club/credit-card/indian-rupay-select
SBI BPCL Octane (Rupay) credit card,SBI Card,SBI,Rupay,"[""Experience"", ""Travel Booking"", ""Hotel Transfer"", ""Pay by Points""]",1499,,,2% to 5%,"[{""child"": ""Earn 1 Reward Points per ₹100 spent"", ""name"": ""Base Rewards""}, {""child"": ""Earn 25 Reward Points per ₹100 spent"", ""name"": ""Bharat Gas""}, {""child"": ""Earn 25 Reward Points per ₹100 spent"", ""name"": ""BPCL""}, {""child"": ""Earn 10 Reward Points per ₹100 spent"", ""name"": ""Departmental Stores""}, {""child"": ""Earn 10 Reward Points per ₹100 spent"", ""name"": ""Movies""}, {""child"": ""Earn 10 Reward Points per ₹100 spent"", ""name"": ""Grocery""}, {""child"": ""Earn 10 Reward Points per ₹100 spent"", ""name"": ""Dining""}, {""child"": "" No Reward Points on this category."", ""name"": ""Education (Third-party)""}, {""child"": "" No Reward Points on this category."", ""name"": ""Rent""}, {""child"": "" No Reward Points on this category."", ""name"": ""Utilities""}, {""child"": "" No Reward Points on this category."", ""name"": ""Wallets""}, {""child"": "" No Reward Points on this category."", ""name"": ""Fuel (Other than BPCL)""}]","[{""title"": "" Discover Reward Points Redemption Options"", ""subtitle"": ""To explore the full range of redemption options for this card, download the SaveSage Club app now."", ""barCodeImageUrl"": ""/"", ""appUrl"": ""https://savesage.co/ZH8bLjZqSPb""}]",,"[{""milestoneNumber"": 1, ""spent"": 0, ""cycleType"": ""STATEMENT"", ""benefits"": ""Get 6000 bonus reward points equivalent to INR 1500."", ""milestoneType"": ""YEAR""}, {""milestoneNumber"": 2, ""spent"": 200000, ""cycleType"": ""STATEMENT"", ""benefits"": ""The renewal fee will be waived."", ""milestoneType"": ""YEAR""}, {""milestoneNumber"": 3, ""spent"": 300000, ""cycleType"": ""STATEMENT"", ""benefits"": ""e-Gift Vouchers worth ₹2,000 from Aditya Birla Fashion Or Yatra Or Bata/Hush Puppies."", ""milestoneType"": ""YEAR""}]","[{""maintitle"": ""Domestic lounge"", ""limit"": [""1 per quarter""], ""eligibility"": [""No explicit spend condition""]}]",,,,[],[],,,,savesage.club,https://savesage.club/credit-card/sbi-bpcl-octane-rupay
AU Cheq credit card,AU Small Finance Bank,AU,,[],499,,,NA,"[{""child"": ""Earn 2 Reward Points per ₹200 spent"", ""name"": ""Base Rewards""}, {""child"": ""Earn 24 Reward Points per ₹200 spent"", ""name"": ""CheQ App (Travel/Brands/Utilities)""}, {""child"": ""Earn 10 Reward Points per ₹200 spent"", ""name"": ""Online""}, {""child"": ""Earn 10 Reward Points per ₹200 spent"", ""name"": ""Fashion""}, {""child"": ""Earn 10 Reward Points per ₹200 spent"", ""name"": ""Electronics""}, {""child"": ""Earn 10 Reward Points per ₹200 spent"", ""name"": ""Shopping""}, {""child"": ""Earn 10 Reward Points per ₹200 spent"", ""name"": ""Lifestyle""}, {""child"": ""Earn 10 Reward Points per ₹200 spent"", ""name"": ""Dining""}, {""child"": ""Earn 10 Reward Points per ₹200 spent"", ""name"": ""Grocery""}, {""child"": ""Earn 10 Reward Points per ₹200 spent"", ""name"": ""Travel""}, {""child"": ""Earn 10 Reward Points per ₹200 spent"", ""name"": ""Transport""}, {""child"": ""Earn 10 Reward Points per ₹200 spent"", ""name"": ""Hotels""}, {""child"": "" No Reward Points on this category."", ""name"": ""Government""}, {""child"": "" No Reward Points on this category."", ""name"": ""Fuel""}, {""child"": "" No Reward Points on this category."", ""name"": ""Utilities""}, {""child"": "" No Reward Points on this category."", ""name"": ""Digital gaming""}, {""child"": "" No Reward Points on this category."", ""name"": ""Jewellery""}, {""child"": "" No Reward Points on this category."", ""name"": ""Wallets""}, {""child"": "" No Reward Points on this category."", ""name"": ""Rent & Real Estate""}, {""child"": "" No Reward Points on this category."", ""name"": ""Insurance""}, {""child"": "" No Reward Points on this category."", ""name"": ""Education""}, {""child"": "" No Reward Points on this category."", ""name"": ""EMI""}]","[{""title"": "" Discover Reward Points Redemption Options"", ""subtitle"": ""To explore the full range of redemption options for this card, download the SaveSage Club app now."", ""barCodeImageUrl"": ""/"", ""appUrl"": ""https://savesage.co/ZH8bLjZqSPb""}]",,"[{""milestoneNumber"": 1, ""spent"": 300000, ""cycleType"": ""STATEMENT"", ""benefits"": ""The renewal fee will be waived."", ""milestoneType"": ""YEAR""}]",[],,,,"[{""mainTitle"": ""EazyDiner"", ""child"": ""Upto ₹500 off""}, {""mainTitle"": ""EazyDiner"", ""child"": ""Complimentary EazyDiner Membership""}]","[""Upto ₹500 off"", ""Complimentary EazyDiner Membership""]",,,,savesage.club,https://savesage.club/credit-card/au-cheq
AU Cheq (Rupay) credit card,AU Small Finance Bank,AU,Rupay,[],0,,,NA,"[{""child"": ""Earn 2 Reward Points per ₹200 spent"", ""name"": ""Base Rewards""}, {""child"": ""Earn 24 Reward Points per ₹200 spent"", ""name"": ""CheQ App (Travel/Brands/Utilities)""}, {""child"": ""Earn 10 Reward Points per ₹200 spent"", ""name"": ""Electronics""}, {""child"": ""Earn 10 Reward Points per ₹200 spent"", ""name"": ""Online""}, {""child"": ""Earn 10 Reward Points per ₹200 spent"", ""name"": ""Lifestyle""}, {""child"": ""Earn 10 Reward Points per ₹200 spent"", ""name"": ""Dining""}, {""child"": ""Earn 10 Reward Points per ₹200 spent"", ""name"": ""Shopping""}, {""child"": ""Earn 10 Reward Points per ₹200 spent"", ""name"": ""Grocery""}, {""child"": ""Earn 10 Reward Points per ₹200 spent"", ""name"": ""Travel""}, {""child"": ""Earn 10 Reward Points per ₹200 spent"", ""name"": ""Transport""}, {""child"": ""Earn 10 Reward Points per ₹200 spent"", ""name"": ""Fashion""}, {""child"": ""Earn 10 Reward Points per ₹200 spent"", ""name"": ""Hotels""}, {""child"": ""Earn 5 Reward Points per ₹200 spent"", ""name"": ""UPI (Cheq App)""}, {""child"": "" No Reward Points on this category."", ""name"": ""Insurance""}, {""child"": "" No Reward Points on this category."", ""name"": ""Wallets""}, {""child"": "" No Reward Points on this category."", ""name"": ""Education""}, {""child"": "" No Reward Points on this category."", ""name"": ""Digital gaming""}, {""child"": "" No Reward Points on this category."", ""name"": ""Government""}, {""child"": "" No Reward Points on this category."", ""name"": ""Rent & Real Estate""}, {""child"": "" No Reward Points on this category."", ""name"": ""Utilities""}, {""child"": "" No Reward Points on this category."", ""name"": ""EMI""}, {""child"": "" No Reward Points on this category."", ""name"": ""Jewellery""}, {""child"": "" No Reward Points on this category."", ""name"": ""Fuel""}]","[{""title"": "" Discover Reward Points Redemption Options"", ""subtitle"": ""To explore the full range of redemption options for this card, download the SaveSage Club app now."", ""barCodeImageUrl"": ""/"", ""appUrl"": ""https://savesage.co/ZH8bLjZqSPb""}]",,[],[],,,,"[{""mainTitle"": ""EazyDiner"", ""child"": ""Upto ₹500 off""}, {""mainTitle"": ""EazyDiner"", ""child"": ""Complimentary EazyDiner Membership""}]","[""Upto ₹500 off"", ""Complimentary EazyDiner Membership""]",,,,savesage.club,https://savesage.club/credit-card/au-cheq-rupay
PNB Kiwi credit card,Punjab National Bank,PNB,,[],0,,,NA,"[{""child"": ""Earn 2 Reward Points per ₹100 spent"", ""name"": ""Base Rewards""}, {""child"": ""Earn 8 Reward Points per ₹100 spent"", ""name"": ""UPI Scan (Neon Members)""}, {""child"": ""Earn 6 Reward Points per ₹100 spent"", ""name"": ""UPI Scan (Non-Neon Members)""}, {""child"": ""Earn 2 Reward Points per ₹100 spent"", ""name"": ""Non-Kiwi Txn""}, {""child"": ""Earn 2 Reward Points per ₹100 spent"", ""name"": ""Railways""}, {""child"": "" No Reward Points on this category."", ""name"": ""Retail""}, {""child"": "" No Reward Points on this category."", ""name"": ""Insurance""}, {""child"": "" No Reward Points on this category."", ""name"": ""Jewellery""}, {""child"": "" No Reward Points on this category."", ""name"": ""Utilities""}, {""child"": "" No Reward Points on this category."", ""name"": ""Agricultural""}, {""child"": "" No Reward Points on this category."", ""name"": ""Business Spends""}, {""child"": "" No Reward Points on this category."", ""name"": ""Marketing""}, {""child"": "" No Reward Points on this category."", ""name"": ""Professional Services""}, {""child"": "" No Reward Points on this category."", ""name"": ""Transportation""}, {""child"": "" No Reward Points on this category."", ""name"": ""Rent""}, {""child"": "" No Reward Points on this category."", ""name"": ""Education""}, {""child"": "" No Reward Points on this category."", ""name"": ""Government""}, {""child"": "" No Reward Points on this category."", ""name"": ""Fuel""}, {""child"": "" No Reward Points on this category."", ""name"": ""Wallets""}]","[{""title"": "" Discover Reward Points Redemption Options"", ""subtitle"": ""To explore the full range of redemption options for this card, download the SaveSage Club app now."", ""barCodeImageUrl"": ""/"", ""appUrl"": ""https://savesage.co/ZH8bLjZqSPb""}]",,"[{""milestoneNumber"": 1, ""spent"": 50000, ""cycleType"": ""STATEMENT"", ""benefits"": ""Additional 2K Kiwis worth ₹500."", ""milestoneType"": ""YEAR""}, {""milestoneNumber"": 2, ""spent"": 100000, ""cycleType"": ""STATEMENT"", ""benefits"": ""Additional 6K Kiwis worth ₹1500."", ""milestoneType"": ""YEAR""}, {""milestoneNumber"": 3, ""spent"": 150000, ""cycleType"": ""STATEMENT"", ""benefits"": ""Additional 10K Kiwis worth ₹2500."", ""milestoneType"": ""YEAR""}]","[{""maintitle"": ""Domestic lounge"", ""limit"": [""3 per year""], ""eligibility"": [""3 lounge accesses in a year by reaching higher milestones (₹ 50,000, ₹ 1,00,000, ₹ 1,50,000).""]}]",,,,[],[],,,,savesage.club,https://savesage.club/credit-card/pnb-kiwi
IDFC Power Plus (Rupay) credit card,IDFC FIRST Bank,IDFC,Rupay,"[""Experience"", ""Travel Booking"", ""Hotel Transfer""]",499,,,1% to 2%,"[{""child"": ""Earn 3 Reward Points per ₹150 spent"", ""name"": ""Base Rewards""}, {""child"": ""Earn 53 Reward Points per ₹150 spent"", ""name"": ""Hotels via IDFC App""}, {""child"": ""Earn 33 Reward Points per ₹150 spent"", ""name"": ""Flights via IDFC App""}, {""child"": ""Earn 30 Reward Points per ₹150 spent"", ""name"": ""Grocery""}, {""child"": ""Earn 30 Reward Points per ₹150 spent"", ""name"": ""Fastag via IDFC""}, {""child"": ""Earn 30 Reward Points per ₹150 spent"", ""name"": ""HPCL""}, {""child"": ""Earn 30 Reward Points per ₹150 spent"", ""name"": ""Utilities""}, {""child"": ""Earn 3 Reward Points per ₹150 spent"", ""name"": ""UPI""}, {""child"": "" No Reward Points on this category."", ""name"": ""Insurance""}, {""child"": "" No Reward Points on this category."", ""name"": ""EMI""}, {""child"": "" No Reward Points on this category."", ""name"": ""Jewellery""}, {""child"": "" No Reward Points on this category."", ""name"": ""Rent""}, {""child"": "" No Reward Points on this category."", ""name"": ""Fuel (Others)""}, {""child"": "" No Reward Points on this category."", ""name"": ""Wallets""}]","[{""title"": "" Discover Reward Points Redemption Options"", ""subtitle"": ""To explore the full range of redemption options for this card, download the SaveSage Club app now."", ""barCodeImageUrl"": ""/"", ""appUrl"": ""https://savesage.co/ZH8bLjZqSPb""}]",,[],[],,,,[],[],,,,savesage.club,https://savesage.club/credit-card/idfc-power-plus-rupay
DCB Zet (FD) credit card,DCB Bank,DCB,,[],0,,,NA,"[{""child"": ""Earn 10 Reward Points per ₹100 spent"", ""name"": ""Base Rewards""}]","[{""title"": "" Discover Reward Points Redemption Options"", ""subtitle"": ""To explore the full range of redemption options for this card, download the SaveSage Club app now."", ""barCodeImageUrl"": ""/"", ""appUrl"": ""https://savesage.co/ZH8bLjZqSPb""}]",,[],[],,,,[],[],,,,savesage.club,https://savesage.club/credit-card/dcb-bank-zet-fd
Indian Overseas Bank Zet (FD) credit card,Indian Overseas Bank,Indian Overseas Bank,,"[""Cashback""]",0,,,1% to 3%,"[{""child"": ""Earn 10 Reward Points per ₹100 spent"", ""name"": ""Base Rewards""}]","[{""title"": "" Discover Reward Points Redemption Options"", ""subtitle"": ""To explore the full range of redemption options for this card, download the SaveSage Club app now."", ""barCodeImageUrl"": ""/"", ""appUrl"": ""https://savesage.co/ZH8bLjZqSPb""}]",,[],[],,,,[],[],,,,savesage.club,https://savesage.club/credit-card/iob-zet-fd
CUB Level Up (SalarySe) credit card,City Union Bank,CUB,,"[""Experience""]",500,,,2% to 4%,"[{""child"": ""Earn 1 Reward Points per ₹100 spent"", ""name"": ""Base Rewards""}, {""child"": ""Earn 25 Reward Points per ₹100 spent"", ""name"": ""Salary Day (Bonus)""}, {""child"": ""Earn 10 Reward Points per ₹100 spent"", ""name"": ""SalarySe (UPI) >₹20K""}, {""child"": ""Earn 5 Reward Points per ₹100 spent"", ""name"": ""SalarySe (UPI) <₹20K""}, {""child"": "" No Reward Points on this category."", ""name"": ""Fuel""}, {""child"": "" No Reward Points on this category."", ""name"": ""Wallets""}, {""child"": "" No Reward Points on this category."", ""name"": ""Quasi-Cash""}, {""child"": "" No Reward Points on this category."", ""name"": ""Gambling""}]","[{""title"": "" Discover Reward Points Redemption Options"", ""subtitle"": ""To explore the full range of redemption options for this card, download the SaveSage Club app now."", ""barCodeImageUrl"": ""/"", ""appUrl"": ""https://savesage.co/ZH8bLjZqSPb""}]",,[],"[{""maintitle"": ""Domestic lounge"", ""limit"": [""1 per month""], ""eligibility"": [""""]}]",,,,[],[],,,,savesage.club,https://savesage.club/credit-card/city-union-bank-level-up-salaryse
AU Ananta credit card,AU Small Finance Bank,AU,,[],2000,,,NA,"[{""child"": ""Earn 2 Reward Points per ₹100 spent"", ""name"": ""Base Rewards""}, {""child"": ""Earn 5 Reward Points per ₹100 spent"", ""name"": ""Dining""}, {""child"": ""Earn 5 Reward Points per ₹100 spent"", ""name"": ""Shopping""}, {""child"": ""Earn 5 Reward Points per ₹100 spent"", ""name"": ""Travel""}, {""child"": ""Earn 1 Reward Points per ₹100 spent"", ""name"": ""Utilities""}, {""child"": ""Earn 1 Reward Points per ₹100 spent"", ""name"": ""Telecom""}, {""child"": ""Earn 1 Reward Points per ₹100 spent"", ""name"": ""Insurance""}, {""child"": "" No Reward Points on this category."", ""name"": ""Government""}, {""child"": "" No Reward Points on this category."", ""name"": ""Fuel""}, {""child"": "" No Reward Points on this category."", ""name"": ""EMI""}, {""child"": "" No Reward Points on this category."", ""name"": ""Quasi-Cash""}, {""child"": "" No Reward Points on this category."", ""name"": ""Transportation & Tolls""}, {""child"": "" No Reward Points on this category."", ""name"": ""Rent""}, {""child"": "" No Reward Points on this category."", ""name"": ""Education""}]","[{""title"": "" Discover Reward Points Redemption Options"", ""subtitle"": ""To explore the full range of redemption options for this card, download the SaveSage Club app now."", ""barCodeImageUrl"": ""/"", ""appUrl"": ""https://savesage.co/ZH8bLjZqSPb""}]",,"[{""milestoneNumber"": 1, ""spent"": 0, ""cycleType"": ""STATEMENT"", ""benefits"": ""Earn Bonus 8,000 Reward Points"", ""milestoneType"": ""DAYS""}, {""milestoneNumber"": 2, ""spent"": 250000, ""cycleType"": ""STATEMENT"", ""benefits"": ""Get 5K Reward Points"", ""milestoneType"": ""YEAR""}, {""milestoneNumber"": 3, ""spent"": 300000, ""cycleType"": ""STATEMENT"", ""benefits"": ""The renewal fee will be waived."", ""milestoneType"": ""YEAR""}, {""milestoneNumber"": 4, ""spent"": 500000, ""cycleType"": ""STATEMENT"", ""benefits"": ""Get 10K Reward Points"", ""milestoneType"": ""YEAR""}, {""milestoneNumber"": 5, ""spent"": 750000, ""cycleType"": ""STATEMENT"", ""benefits"": ""Get 15K Reward Points"", ""milestoneType"": ""YEAR""}, {""milestoneNumber"": 6, ""spent"": 1000000, ""cycleType"": ""STATEMENT"", ""benefits"": ""Get 20K Reward Points"", ""milestoneType"": ""YEAR""}]","[{""maintitle"": ""Domestic lounge"", ""limit"": [""4 per quarter""], ""eligibility"": [""""]}]",,,,"[{""mainTitle"": ""Amazon Fashion"", ""child"": ""Amazon Fashion Offer""}, {""mainTitle"": ""District"", ""child"": ""District Offer""}, {""mainTitle"": ""Au rewardz"", ""child"": ""Buy One Get One Free""}]","[""Amazon Fashion Offer"", ""District Offer"", ""Buy One Get One Free""]",,,,savesage.club,https://savesage.club/credit-card/au-ananta
AU Laksya credit card,AU Small Finance Bank,AU,,[],1000,,,NA,"[{""child"": ""Earn 2 Reward Points per ₹100 spent"", ""name"": ""Base Rewards""}, {""child"": ""Earn 5 Reward Points per ₹100 spent"", ""name"": ""Departmental Stores""}, {""child"": ""Earn 5 Reward Points per ₹100 spent"", ""name"": ""Online Spends""}, {""child"": ""Earn 5 Reward Points per ₹100 spent"", ""name"": ""Grocery""}, {""child"": ""Earn 1 Reward Points per ₹100 spent"", ""name"": ""Utilities""}, {""child"": ""Earn 1 Reward Points per ₹100 spent"", ""name"": ""Insurance""}, {""child"": ""Earn 1 Reward Points per ₹100 spent"", ""name"": ""Telecom""}, {""child"": "" No Reward Points on this category."", ""name"": ""Rent""}, {""child"": "" No Reward Points on this category."", ""name"": ""Government""}, {""child"": "" No Reward Points on this category."", ""name"": ""EMI""}, {""child"": "" No Reward Points on this category."", ""name"": ""Fuel""}, {""child"": "" No Reward Points on this category."", ""name"": ""Transportation & Tolls""}, {""child"": "" No Reward Points on this category."", ""name"": ""Quasi-Cash""}, {""child"": "" No Reward Points on this category."", ""name"": ""Education""}]","[{""title"": "" Discover Reward Points Redemption Options"", ""subtitle"": ""To explore the full range of redemption options for this card, download the SaveSage Club app now."", ""barCodeImageUrl"": ""/"", ""appUrl"": ""https://savesage.co/ZH8bLjZqSPb""}]",,"[{""milestoneNumber"": 1, ""spent"": 0, ""cycleType"": ""STATEMENT"", ""benefits"": ""Earn Bonus 4,000 Reward Points or brand vouchers worth ₹1K."", ""milestoneType"": ""DAYS""}, {""milestoneNumber"": 2, ""spent"": 200000, ""cycleType"": ""STATEMENT"", ""benefits"": ""The renewal fee will be waived."", ""milestoneType"": ""YEAR""}]","[{""maintitle"": ""Domestic lounge"", ""limit"": [""2 per quarter""], ""eligibility"": [""""]}]",,,,"[{""mainTitle"": ""Amazon Now"", ""child"": ""Amazon Now Offer""}, {""mainTitle"": ""BookMyShow"", ""child"": ""Zomato offer""}, {""mainTitle"": ""District"", ""child"": ""Buy One Get One Free""}]","[""Amazon Now Offer"", ""Zomato offer"", ""Buy One Get One Free""]",,,,savesage.club,https://savesage.club/credit-card/au-laksya
AU Prathama credit card,AU Small Finance Bank,AU,,"[""Cashback"", ""Experience""]",100,,,1.5% to 3%,"[{""child"": ""Earn 2 Reward Points per ₹100 spent"", ""name"": ""Base Rewards""}, {""child"": ""Earn null Reward Points per ₹100 spent"", ""name"": ""Spends >₹5K""}, {""child"": ""Earn 2 Reward Points per ₹100 spent"", ""name"": ""Online Spends""}, {""child"": ""Earn 2 Reward Points per ₹100 spent"", ""name"": ""Tap & Pay""}, {""child"": ""Earn 1 Reward Points per ₹100 spent"", ""name"": ""Utilities""}, {""child"": ""Earn 1 Reward Points per ₹100 spent"", ""name"": ""Telecom""}, {""child"": "" No Reward Points on this category."", ""name"": ""Fuel""}, {""child"": "" No Reward Points on this category."", ""name"": ""Transportation & Tolls""}, {""child"": "" No Reward Points on this category."", ""name"": ""Quasi-Cash""}, {""child"": "" No Reward Points on this category."", ""name"": ""Rent""}, {""child"": "" No Reward Points on this category."", ""name"": ""Education""}, {""child"": "" No Reward Points on this category."", ""name"": ""Government""}, {""child"": "" No Reward Points on this category."", ""name"": ""EMI""}]","[{""title"": "" Discover Reward Points Redemption Options"", ""subtitle"": ""To explore the full range of redemption options for this card, download the SaveSage Club app now."", ""barCodeImageUrl"": ""/"", ""appUrl"": ""https://savesage.co/ZH8bLjZqSPb""}]",,"[{""milestoneNumber"": 1, ""spent"": 75000, ""cycleType"": ""STATEMENT"", ""benefits"": ""The renewal fee will be waived."", ""milestoneType"": ""YEAR""}]",[],,,,"[{""mainTitle"": ""Utilities"", ""child"": ""Utility Offer""}]","[""Utility Offer""]",,,,savesage.club,https://savesage.club/credit-card/au-prathama
AU Tejas credit card,AU Small Finance Bank,AU,,[],500,,,NA,"[{""child"": ""Earn 2 Reward Points per ₹100 spent"", ""name"": ""Base Rewards""}, {""child"": ""Earn 10 Reward Points per ₹100 spent"", ""name"": ""Zomato""}, {""child"": ""Earn 10 Reward Points per ₹100 spent"", ""name"": ""Amazon Now""}, {""child"": ""Earn 10 Reward Points per ₹100 spent"", ""name"": ""Bill Payments (via AU)""}, {""child"": ""Earn 10 Reward Points per ₹100 spent"", ""name"": ""Cabs""}, {""child"": ""Earn 10 Reward Points per ₹100 spent"", ""name"": ""District""}, {""child"": ""Earn 5 Reward Points per ₹100 spent"", ""name"": ""AU Rewardz (Flights/Hotels/Vouchers)""}, {""child"": ""Earn 1 Reward Points per ₹100 spent"", ""name"": ""Telecom""}, {""child"": ""Earn 1 Reward Points per ₹100 spent"", ""name"": ""Utilities""}, {""child"": "" No Reward Points on this category."", ""name"": ""Quasi-Cash""}, {""child"": "" No Reward Points on this category."", ""name"": ""Rent""}, {""child"": "" No Reward Points on this category."", ""name"": ""Education""}, {""child"": "" No Reward Points on this category."", ""name"": ""Government""}, {""child"": "" No Reward Points on this category."", ""name"": ""EMI""}, {""child"": "" No Reward Points on this category."", ""name"": ""Fuel""}, {""child"": "" No Reward Points on this category."", ""name"": ""Transportation & Tolls""}]","[{""title"": "" Discover Reward Points Redemption Options"", ""subtitle"": ""To explore the full range of redemption options for this card, download the SaveSage Club app now."", ""barCodeImageUrl"": ""/"", ""appUrl"": ""https://savesage.co/ZH8bLjZqSPb""}]",,"[{""milestoneNumber"": 1, ""spent"": 0, ""cycleType"": ""STATEMENT"", ""benefits"": ""Earn Bonus 2,000 Reward Points"", ""milestoneType"": ""DAYS""}, {""milestoneNumber"": 2, ""spent"": 150000, ""cycleType"": ""STATEMENT"", ""benefits"": ""The renewal fee will be waived."", ""milestoneType"": ""YEAR""}]",[],,,,[],[],,,,savesage.club,https://savesage.club/credit-card/au-tejas
Axis My Zone (Mastercard) credit card,Axis Bank,Axis,Mastercard,[],500,,,NA,"[{""child"": ""Earn 4 Reward Points per ₹200 spent"", ""name"": ""Base Rewards""}, {""child"": "" No Reward Points on this category."", ""name"": ""Education""}, {""child"": "" No Reward Points on this category."", ""name"": ""Fuel""}, {""child"": "" No Reward Points on this category."", ""name"": ""EMI""}, {""child"": "" No Reward Points on this category."", ""name"": ""Government""}, {""child"": "" No Reward Points on this category."", ""name"": ""Jewellery""}, {""child"": "" No Reward Points on this category."", ""name"": ""Movies""}, {""child"": "" No Reward Points on this category."", ""name"": ""Rent""}, {""child"": "" No Reward Points on this category."", ""name"": ""Utilities""}, {""child"": "" No Reward Points on this category."", ""name"": ""Wallets""}, {""child"": "" No Reward Points on this category."", ""name"": ""Insurance""}, {""child"": "" No Reward Points on this category."", ""name"": ""UPI""}]","[{""title"": "" Discover Reward Points Redemption Options"", ""subtitle"": ""To explore the full range of redemption options for this card, download the SaveSage Club app now."", ""barCodeImageUrl"": ""/"", ""appUrl"": ""https://savesage.co/ZH8bLjZqSPb""}]",,"[{""milestoneNumber"": 1, ""spent"": 0, ""cycleType"": ""STATEMENT"", ""benefits"": ""Get SonyLIV membership"", ""milestoneType"": ""DAYS""}, {""milestoneNumber"": 2, ""spent"": 150000, ""cycleType"": ""STATEMENT"", ""benefits"": ""Get 1000 Edge Reward Point and Renewal of SonyLiv membership."", ""milestoneType"": ""YEAR""}]","[{""maintitle"": ""Domestic lounge"", ""limit"": [""1 per quarter""], ""eligibility"": [""Minimum spends of ₹50k in previous 3 calendar months.""]}]",,,,"[{""mainTitle"": ""Ajio"", ""child"": ""Get upto Rs 1000 Off""}, {""mainTitle"": ""District"", ""child"": ""Buy 1 Movie Ticket and Get 1""}, {""mainTitle"": ""EazyDiner"", ""child"": ""15% off via Dining Delights Program""}, {""mainTitle"": ""SonyLIV"", ""child"": ""Premium Annual membership""}, {""mainTitle"": ""Swiggy"", ""child"": ""Rs 120 off on Swiggy""}]","[""Get upto Rs 1000 Off"", ""Buy 1 Movie Ticket and Get 1"", ""15% off via Dining Delights Program"", ""Premium Annual membership"", ""Rs 120 off on Swiggy""]",,,,savesage.club,https://savesage.club/credit-card/axis-my-zone-mastercard
Axis Neo (Mastercard) credit card,Axis Bank,Axis,Mastercard,[],250,,,0.05% to 0.1%,"[{""child"": ""Earn 1 Reward Points per ₹200 spent"", ""name"": ""Base Rewards""}, {""child"": "" No Reward Points on this category."", ""name"": ""UPI""}, {""child"": "" No Reward Points on this category."", ""name"": ""Fuel""}, {""child"": "" No Reward Points on this category."", ""name"": ""Insurance""}, {""child"": "" No Reward Points on this category."", ""name"": ""EMI""}, {""child"": "" No Reward Points on this category."", ""name"": ""Government""}, {""child"": "" No Reward Points on this category."", ""name"": ""Jewellery""}, {""child"": "" No Reward Points on this category."", ""name"": ""Rent""}, {""child"": "" No Reward Points on this category."", ""name"": ""Utilities""}, {""child"": "" No Reward Points on this category."", ""name"": ""Wallets""}, {""child"": "" No Reward Points on this category."", ""name"": ""Education""}]","[{""title"": "" Discover Reward Points Redemption Options"", ""subtitle"": ""To explore the full range of redemption options for this card, download the SaveSage Club app now."", ""barCodeImageUrl"": ""/"", ""appUrl"": ""https://savesage.co/ZH8bLjZqSPb""}]",,[],[],,,,"[{""mainTitle"": ""10% off on Blinkit"", ""child"": ""10% off on Blinkit""}, {""mainTitle"": ""BookMyShow"", ""child"": ""10% off on Booking Movie Tickets on BookMyShow""}, {""mainTitle"": ""EazyDiner"", ""child"": ""15% off via Dining Delights Program""}, {""mainTitle"": ""Myntra"", ""child"": ""Extra Rs. 150 off on Myntra""}, {""mainTitle"": ""Paytm"", ""child"": ""5% off on utility bill payments via Paytm""}, {""mainTitle"": ""Zomato"", ""child"": ""Flat ₹120 off on Zomato""}]","[""10% off on Blinkit"", ""10% off on Booking Movie Tickets on BookMyShow"", ""15% off via Dining Delights Program"", ""Extra Rs. 150 off on Myntra"", ""5% off on utility bill payments via Paytm"", ""Flat ₹120 off on Zomato""]",,,,savesage.club,https://savesage.club/credit-card/axis-neo-mastercard
PNB Visa Platinum credit card,Punjab National Bank,PNB,,"[""Travel Booking"", ""Airline Transfer""]",0,,,2% to 5%,"[{""child"": ""Earn 2 Reward Points per ₹100 spent"", ""name"": ""Base Rewards""}]","[{""title"": "" Discover Reward Points Redemption Options"", ""subtitle"": ""To explore the full range of redemption options for this card, download the SaveSage Club app now."", ""barCodeImageUrl"": ""/"", ""appUrl"": ""https://savesage.co/ZH8bLjZqSPb""}]",,[],[],,,,[],[],,,,savesage.club,https://savesage.club/credit-card/pnb-visa-platinum
IDFC Business Multiplier (FD) credit card,IDFC FIRST Bank,IDFC,,"[""Cashback"", ""Catalogue Products""]",1000,,,1% to 2%,"[{""child"": ""Earn null Reward Points per ₹150 spent"", ""name"": ""Base Rewards""}, {""child"": ""Earn 50 Reward Points per ₹150 spent"", ""name"": ""Hotels via IDFC App""}, {""child"": ""Earn 31 Reward Points per ₹150 spent"", ""name"": ""Flights via IDFC App""}, {""child"": ""Earn 10 Reward Points per ₹150 spent"", ""name"": ""Online Spends < ₹1L""}, {""child"": ""Earn 5 Reward Points per ₹150 spent"", ""name"": ""Online Spends > ₹1L""}, {""child"": "" No Reward Points on this category."", ""name"": ""Insurance""}, {""child"": "" No Reward Points on this category."", ""name"": ""EMI""}, {""child"": "" No Reward Points on this category."", ""name"": ""Rent""}, {""child"": "" No Reward Points on this category."", ""name"": ""Utilities""}, {""child"": "" No Reward Points on this category."", ""name"": ""Fuel""}]","[{""title"": "" Discover Reward Points Redemption Options"", ""subtitle"": ""To explore the full range of redemption options for this card, download the SaveSage Club app now."", ""barCodeImageUrl"": ""/"", ""appUrl"": ""https://savesage.co/ZH8bLjZqSPb""}]",,"[{""milestoneNumber"": 1, ""spent"": 500000, ""cycleType"": ""STATEMENT"", ""benefits"": ""The renewal fee will be waived."", ""milestoneType"": ""YEAR""}]","[{""maintitle"": ""Domestic lounge"", ""limit"": [""1 per quarter""], ""eligibility"": [""Spend ₹75,000 or more in the previous quarter (Jan-Mar, Apr-Jun, Jul-Sep, Oct-Dec), you automatically qualify for this privilege in the subsequent quarter (Apr-Jun,  Jul-Sep, Oct-Dec, Jan-Mar).""]}, {""maintitle"": ""International lounge"", ""limit"": [""1 per quarter""], ""eligibility"": [""4 Complimentary Lounge Access using Priority Pass.""]}]",,,,[],[],,,,savesage.club,https://savesage.club/credit-card/idfc-business-multiplier-fd
BOB Eterna (Mastercard) credit card,Bank of Baroda,BOB,Mastercard,"[""Cashback""]",2499,,,1% to 2%,"[{""child"": ""Earn 3 Reward Points per ₹100 spent"", ""name"": ""Base Rewards""}, {""child"": ""Earn 15 Reward Points per ₹100 spent"", ""name"": ""International""}, {""child"": ""Earn 15 Reward Points per ₹100 spent"", ""name"": ""Online Travel Agencies""}, {""child"": ""Earn 15 Reward Points per ₹100 spent"", ""name"": ""Online Shopping""}, {""child"": ""Earn 15 Reward Points per ₹100 spent"", ""name"": ""Dining""}, {""child"": ""Earn 15 Reward Points per ₹100 spent"", ""name"": ""Movies""}, {""child"": ""Earn 3 Reward Points per ₹100 spent"", ""name"": ""Utilities""}, {""child"": "" No Reward Points on this category."", ""name"": ""Jewellery""}, {""child"": "" No Reward Points on this category."", ""name"": ""Transportation & Tolls""}, {""child"": "" No Reward Points on this category."", ""name"": ""Rent""}, {""child"": "" No Reward Points on this category."", ""name"": ""Wallets""}, {""child"": "" No Reward Points on this category."", ""name"": ""Fuel""}]","[{""title"": "" Discover Reward Points Redemption Options"", ""subtitle"": ""To explore the full range of redemption options for this card, download the SaveSage Club app now."", ""barCodeImageUrl"": ""/"", ""appUrl"": ""https://savesage.co/ZH8bLjZqSPb""}]",,"[{""milestoneNumber"": 1, ""spent"": 0, ""cycleType"": ""STATEMENT"", ""benefits"": ""Complimentary FITPASS PRO membership"", ""milestoneType"": ""YEAR""}, {""milestoneNumber"": 2, ""spent"": 25000, ""cycleType"": ""STATEMENT"", ""benefits"": ""The joining fee will be waived."", ""milestoneType"": ""DAYS""}, {""milestoneNumber"": 3, ""spent"": 50000, ""cycleType"": ""STATEMENT"", ""benefits"": ""Earn 10,000 bonus reward points"", ""milestoneType"": ""DAYS""}, {""milestoneNumber"": 4, ""spent"": 250000, ""cycleType"": ""STATEMENT"", ""benefits"": ""The renewal fee will be waived."", ""milestoneType"": ""YEAR""}, {""milestoneNumber"": 5, ""spent"": 500000, ""cycleType"": ""STATEMENT"", ""benefits"": ""Get 20,000 bonus RPs."", ""milestoneType"": ""YEAR""}]","[{""maintitle"": ""Domestic lounge"", ""limit"": [""Unlimited""], ""eligibility"": [""Spend Rs. 40,000 in preceding calendar quarter.""]}]",,,,"[{""mainTitle"": ""Dining"", ""child"": ""250+ Culinary Deals""}, {""mainTitle"": ""District"", ""child"": ""Buy One Get One Free""}, {""mainTitle"": ""EazyDiner"", ""child"": ""Upto ₹400 off""}, {""mainTitle"": ""Insurance"", ""child"": ""Personal Accidental death cover""}]","[""250+ Culinary Deals"", ""Buy One Get One Free"", ""Upto ₹400 off"", ""Personal Accidental death cover""]",,,,savesage.club,https://savesage.club/credit-card/bob-eterna-mastercard
BOB Eterna (Rupay) credit card,Bank of Baroda,BOB,Rupay,"[""Experience""]",2499,,,2% to 4%,"[{""child"": ""Earn 3 Reward Points per ₹100 spent"", ""name"": ""Base Rewards""}, {""child"": ""Earn 15 Reward Points per ₹100 spent"", ""name"": ""Online Travel Agencies""}, {""child"": ""Earn 15 Reward Points per ₹100 spent"", ""name"": ""Online Shopping""}, {""child"": ""Earn 15 Reward Points per ₹100 spent"", ""name"": ""International""}, {""child"": ""Earn 15 Reward Points per ₹100 spent"", ""name"": ""Dining""}, {""child"": ""Earn 15 Reward Points per ₹100 spent"", ""name"": ""Movies""}, {""child"": ""Earn 3 Reward Points per ₹100 spent"", ""name"": ""UPI""}, {""child"": ""Earn 3 Reward Points per ₹100 spent"", ""name"": ""Utilities""}, {""child"": "" No Reward Points on this category."", ""name"": ""Fuel""}, {""child"": "" No Reward Points on this category."", ""name"": ""Wallets""}, {""child"": "" No Reward Points on this category."", ""name"": ""Transportation & Tolls""}, {""child"": "" No Reward Points on this category."", ""name"": ""Jewellery""}, {""child"": "" No Reward Points on this category."", ""name"": ""Rent""}]","[{""title"": "" Discover Reward Points Redemption Options"", ""subtitle"": ""To explore the full range of redemption options for this card, download the SaveSage Club app now."", ""barCodeImageUrl"": ""/"", ""appUrl"": ""https://savesage.co/ZH8bLjZqSPb""}]",,"[{""milestoneNumber"": 1, ""spent"": 0, ""cycleType"": ""STATEMENT"", ""benefits"": ""Complimentary FITPASS PRO membership"", ""milestoneType"": ""YEAR""}, {""milestoneNumber"": 2, ""spent"": 25000, ""cycleType"": ""STATEMENT"", ""benefits"": ""The joining fee will be waived."", ""milestoneType"": ""DAYS""}, {""milestoneNumber"": 3, ""spent"": 50000, ""cycleType"": ""STATEMENT"", ""benefits"": ""Earn 10,000 bonus reward points"", ""milestoneType"": ""DAYS""}, {""milestoneNumber"": 4, ""spent"": 250000, ""cycleType"": ""STATEMENT"", ""benefits"": ""The renewal fee will be waived."", ""milestoneType"": ""YEAR""}, {""milestoneNumber"": 5, ""spent"": 500000, ""cycleType"": ""STATEMENT"", ""benefits"": ""Get 20,000 bonus RPs."", ""milestoneType"": ""YEAR""}]","[{""maintitle"": ""Domestic lounge"", ""limit"": [""Unlimited""], ""eligibility"": [""Spend Rs. 40,000 in preceding calendar quarter.""]}]",,,,"[{""mainTitle"": ""Dining"", ""child"": ""250+ Culinary Deals""}, {""mainTitle"": ""District"", ""child"": ""Buy One Get One Free""}, {""mainTitle"": ""EazyDiner"", ""child"": ""Upto ₹400 off""}, {""mainTitle"": ""Insurance"", ""child"": ""Personal Accidental death cover""}]","[""250+ Culinary Deals"", ""Buy One Get One Free"", ""Upto ₹400 off"", ""Personal Accidental death cover""]",,,,savesage.club,https://savesage.club/credit-card/bob-eterna-rupay
BOB Premier (Mastercard) credit card,Bank of Baroda,BOB,Mastercard,"[""Experience"", ""Travel Booking""]",1000,,,2% to 4%,"[{""child"": ""Earn 2 Reward Points per ₹100 spent"", ""name"": ""Base Rewards""}, {""child"": ""Earn 10 Reward Points per ₹100 spent"", ""name"": ""Travel""}, {""child"": ""Earn 10 Reward Points per ₹100 spent"", ""name"": ""International""}, {""child"": ""Earn 10 Reward Points per ₹100 spent"", ""name"": ""Dining""}, {""child"": ""Earn 2 Reward Points per ₹100 spent"", ""name"": ""Utilities""}, {""child"": ""Earn 1 Reward Points per ₹100 spent"", ""name"": ""Select Merchants""}, {""child"": "" No Reward Points on this category."", ""name"": ""Jewellery""}, {""child"": "" No Reward Points on this category."", ""name"": ""Fuel""}, {""child"": "" No Reward Points on this category."", ""name"": ""Rent""}, {""child"": "" No Reward Points on this category."", ""name"": ""Transportation & Tolls""}, {""child"": "" No Reward Points on this category."", ""name"": ""Wallets""}]","[{""title"": "" Discover Reward Points Redemption Options"", ""subtitle"": ""To explore the full range of redemption options for this card, download the SaveSage Club app now."", ""barCodeImageUrl"": ""/"", ""appUrl"": ""https://savesage.co/ZH8bLjZqSPb""}]",,"[{""milestoneNumber"": 1, ""spent"": 0, ""cycleType"": ""STATEMENT"", ""benefits"": ""500 bonus reward points on spends of Rs. 5000 or more within 60 days of card issuance."", ""milestoneType"": ""YEAR""}, {""milestoneNumber"": 2, ""spent"": 120000, ""cycleType"": ""STATEMENT"", ""benefits"": ""The renewal fee will be waived."", ""milestoneType"": ""YEAR""}]","[{""maintitle"": ""Domestic lounge"", ""limit"": [""1 per quarter""], ""eligibility"": [""Spend ₹20K in the previous calendar quarter.""]}]",,,,"[{""mainTitle"": ""EazyDiner"", ""child"": ""Upto ₹400 off""}, {""mainTitle"": ""Insurance"", ""child"": ""Personal Accident""}]","[""Upto ₹400 off"", ""Personal Accident""]",,,,savesage.club,https://savesage.club/credit-card/bob-premier-mastercard
BOB Premier (Rupay) credit card,Bank of Baroda,BOB,Rupay,"[""Cashback""]",1000,,,1% to 2%,"[{""child"": ""Earn 2 Reward Points per ₹100 spent"", ""name"": ""Base Rewards""}, {""child"": ""Earn 10 Reward Points per ₹100 spent"", ""name"": ""Dining""}, {""child"": ""Earn 10 Reward Points per ₹100 spent"", ""name"": ""International""}, {""child"": ""Earn 10 Reward Points per ₹100 spent"", ""name"": ""Travel""}, {""child"": ""Earn 2 Reward Points per ₹100 spent"", ""name"": ""UPI""}, {""child"": ""Earn 2 Reward Points per ₹100 spent"", ""name"": ""Utilities""}, {""child"": ""Earn 1 Reward Points per ₹100 spent"", ""name"": ""Select Merchants""}, {""child"": "" No Reward Points on this category."", ""name"": ""Fuel""}, {""child"": "" No Reward Points on this category."", ""name"": ""Rent""}, {""child"": "" No Reward Points on this category."", ""name"": ""Jewellery""}, {""child"": "" No Reward Points on this category."", ""name"": ""Transportation & Tolls""}, {""child"": "" No Reward Points on this category."", ""name"": ""Wallets""}]","[{""title"": "" Discover Reward Points Redemption Options"", ""subtitle"": ""To explore the full range of redemption options for this card, download the SaveSage Club app now."", ""barCodeImageUrl"": ""/"", ""appUrl"": ""https://savesage.co/ZH8bLjZqSPb""}]",,"[{""milestoneNumber"": 1, ""spent"": 0, ""cycleType"": ""STATEMENT"", ""benefits"": ""500 bonus reward points on spends of Rs. 5000 or more within 60 days of card issuance."", ""milestoneType"": ""YEAR""}, {""milestoneNumber"": 2, ""spent"": 120000, ""cycleType"": ""STATEMENT"", ""benefits"": ""The renewal fee will be waived."", ""milestoneType"": ""YEAR""}]","[{""maintitle"": ""Domestic lounge"", ""limit"": [""1 per quarter""], ""eligibility"": [""Spend ₹20K in the previous calendar quarter.""]}]",,,,"[{""mainTitle"": ""EazyDiner"", ""child"": ""Upto ₹400 off""}, {""mainTitle"": ""Insurance"", ""child"": ""Personal Accident""}]","[""Upto ₹400 off"", ""Personal Accident""]",,,,savesage.club,https://savesage.club/credit-card/bob-premier-rupay
SBI Tata Neu Plus credit card,SBI Card,SBI,,[],499,,,NA,"[{""child"": ""Earn 1 Reward Points per ₹100 spent"", ""name"": ""Base Rewards""}, {""child"": ""Earn 5 Reward Points per ₹100 spent"", ""name"": ""Tata Neu""}, {""child"": ""Earn 2 Reward Points per ₹100 spent"", ""name"": ""Tata Play""}, {""child"": ""Earn 2 Reward Points per ₹100 spent"", ""name"": ""Tata CLiQ""}, {""child"": ""Earn 2 Reward Points per ₹100 spent"", ""name"": ""Tata 1MG""}, {""child"": ""Earn 2 Reward Points per ₹100 spent"", ""name"": ""IHCL""}, {""child"": ""Earn 2 Reward Points per ₹100 spent"", ""name"": ""Tanishq""}, {""child"": ""Earn 2 Reward Points per ₹100 spent"", ""name"": ""Insurance via Tata Pay""}, {""child"": ""Earn 2 Reward Points per ₹100 spent"", ""name"": ""Westside""}, {""child"": ""Earn 2 Reward Points per ₹100 spent"", ""name"": ""Air India""}, {""child"": ""Earn 2 Reward Points per ₹100 spent"", ""name"": ""Titan""}, {""child"": ""Earn 2 Reward Points per ₹100 spent"", ""name"": ""Tata Pay""}, {""child"": ""Earn 2 Reward Points per ₹100 spent"", ""name"": ""Air India Express""}, {""child"": ""Earn 2 Reward Points per ₹100 spent"", ""name"": ""Qmin""}, {""child"": ""Earn 2 Reward Points per ₹100 spent"", ""name"": ""BigBasket""}, {""child"": ""Earn 2 Reward Points per ₹100 spent"", ""name"": ""Croma""}, {""child"": ""Earn 2 Reward Points per ₹100 spent"", ""name"": ""Cult.fit""}, {""child"": ""Earn 1 Reward Points per ₹100 spent"", ""name"": ""Telecom & Cable""}, {""child"": ""Earn 1 Reward Points per ₹100 spent"", ""name"": ""Insurance""}, {""child"": ""Earn 1 Reward Points per ₹100 spent"", ""name"": ""Grocery""}, {""child"": ""Earn 1 Reward Points per ₹100 spent"", ""name"": ""Utilities & Telecom""}, {""child"": ""Earn 1 Reward Points per ₹100 spent"", ""name"": ""EMI""}, {""child"": ""Earn 1 Reward Points per ₹100 spent"", ""name"": ""Education""}, {""child"": ""Earn 1 Reward Points per ₹100 spent"", ""name"": ""Gift Cards via SmartBuy""}, {""child"": "" No Reward Points on this category."", ""name"": ""Education (Third-Party)""}, {""child"": "" No Reward Points on this category."", ""name"": ""Fuel""}, {""child"": "" No Reward Points on this category."", ""name"": ""Gaming""}, {""child"": "" No Reward Points on this category."", ""name"": ""Gift Cards""}, {""child"": "" No Reward Points on this category."", ""name"": ""Jewellery""}, {""child"": "" No Reward Points on this category."", ""name"": ""Wallets""}, {""child"": "" No Reward Points on this category."", ""name"": ""UPI via Tata Neu App""}, {""child"": "" No Reward Points on this category."", ""name"": ""Rent""}, {""child"": "" No Reward Points on this category."", ""name"": ""Government""}]","[{""title"": "" Discover Reward Points Redemption Options"", ""subtitle"": ""To explore the full range of redemption options for this card, download the SaveSage Club app now."", ""barCodeImageUrl"": ""/"", ""appUrl"": ""https://savesage.co/ZH8bLjZqSPb""}]",,"[{""milestoneNumber"": 1, ""spent"": 0, ""cycleType"": ""STATEMENT"", ""benefits"": ""Get 499 NeuCoins on Tata Neu App (as reversal of 1st Year Membership Fees).Welcome Benefit will be available to claim inside Tata Neu App within 60 days of such transaction."", ""milestoneType"": ""DAYS""}, {""milestoneNumber"": 2, ""spent"": 100000, ""cycleType"": ""STATEMENT"", ""benefits"": ""The renewal fee will be waived."", ""milestoneType"": ""YEAR""}]","[{""maintitle"": ""Domestic lounge"", ""limit"": [""1 per quarter""], ""eligibility"": [""spend ₹50,000 or more in the previous calendar quarter""]}]",,,,[],[],,,,savesage.club,https://savesage.club/credit-card/sbi-tata-neu-plus
SBI Tata Neu Plus (Rupay) credit card,SBI Card,SBI,Rupay,[],499,,,NA,"[{""child"": ""Earn 1 Reward Points per ₹100 spent"", ""name"": ""Base Rewards""}, {""child"": ""Earn 5 Reward Points per ₹100 spent"", ""name"": ""Tata Neu""}, {""child"": ""Earn 2 Reward Points per ₹100 spent"", ""name"": ""Insurance via Tata Pay""}, {""child"": ""Earn 2 Reward Points per ₹100 spent"", ""name"": ""Tata Play""}, {""child"": ""Earn 2 Reward Points per ₹100 spent"", ""name"": ""Titan""}, {""child"": ""Earn 2 Reward Points per ₹100 spent"", ""name"": ""Air India""}, {""child"": ""Earn 2 Reward Points per ₹100 spent"", ""name"": ""Air India Express""}, {""child"": ""Earn 2 Reward Points per ₹100 spent"", ""name"": ""Westside""}, {""child"": ""Earn 2 Reward Points per ₹100 spent"", ""name"": ""BigBasket""}, {""child"": ""Earn 2 Reward Points per ₹100 spent"", ""name"": ""Croma""}, {""child"": ""Earn 2 Reward Points per ₹100 spent"", ""name"": ""Tata CLiQ""}, {""child"": ""Earn 2 Reward Points per ₹100 spent"", ""name"": ""Qmin""}, {""child"": ""Earn 2 Reward Points per ₹100 spent"", ""name"": ""Cult.fit""}, {""child"": ""Earn 2 Reward Points per ₹100 spent"", ""name"": ""IHCL""}, {""child"": ""Earn 2 Reward Points per ₹100 spent"", ""name"": ""Tanishq""}, {""child"": ""Earn 2 Reward Points per ₹100 spent"", ""name"": ""Tata Pay""}, {""child"": ""Earn 2 Reward Points per ₹100 spent"", ""name"": ""Tata 1MG""}, {""child"": ""Earn 1 Reward Points per ₹100 spent"", ""name"": ""Gift Cards via SmartBuy""}, {""child"": ""Earn 1 Reward Points per ₹100 spent"", ""name"": ""Grocery""}, {""child"": ""Earn 1 Reward Points per ₹100 spent"", ""name"": ""Utilities & Telecom""}, {""child"": ""Earn 1 Reward Points per ₹100 spent"", ""name"": ""Telecom & Cable""}, {""child"": ""Earn 1 Reward Points per ₹100 spent"", ""name"": ""UPI via Tata Neu App""}, {""child"": ""Earn 1 Reward Points per ₹100 spent"", ""name"": ""EMI""}, {""child"": ""Earn 1 Reward Points per ₹100 spent"", ""name"": ""Education""}, {""child"": ""Earn 1 Reward Points per ₹100 spent"", ""name"": ""Insurance""}, {""child"": ""Earn 0.3 Reward Points per ₹100 spent"", ""name"": ""UPI (Third-party)""}, {""child"": "" No Reward Points on this category."", ""name"": ""Jewellery""}, {""child"": "" No Reward Points on this category."", ""name"": ""Education (Third-Party)""}, {""child"": "" No Reward Points on this category."", ""name"": ""Fuel""}, {""child"": "" No Reward Points on this category."", ""name"": ""Wallets""}, {""child"": "" No Reward Points on this category."", ""name"": ""Gaming""}, {""child"": "" No Reward Points on this category."", ""name"": ""Rent""}, {""child"": "" No Reward Points on this category."", ""name"": ""Government""}, {""child"": "" No Reward Points on this category."", ""name"": ""Gift Cards""}]","[{""title"": "" Discover Reward Points Redemption Options"", ""subtitle"": ""To explore the full range of redemption options for this card, download the SaveSage Club app now."", ""barCodeImageUrl"": ""/"", ""appUrl"": ""https://savesage.co/ZH8bLjZqSPb""}]",,"[{""milestoneNumber"": 1, ""spent"": 0, ""cycleType"": ""STATEMENT"", ""benefits"": ""Get 499 NeuCoins on Tata Neu App (as reversal of 1st Year Membership Fees).Welcome Benefit will be available to claim inside Tata Neu App within 60 days of such transaction."", ""milestoneType"": ""DAYS""}, {""milestoneNumber"": 2, ""spent"": 100000, ""cycleType"": ""STATEMENT"", ""benefits"": ""The renewal fee will be waived."", ""milestoneType"": ""YEAR""}]","[{""maintitle"": ""Domestic lounge"", ""limit"": [""1 per quarter""], ""eligibility"": [""spend ₹50,000 or more in the previous calendar quarter""]}]",,,,[],[],,,,savesage.club,https://savesage.club/credit-card/sbi-tata-neu-plus-rupay
IndusInd Platinum Mastercard credit card,IndusInd Bank,IndusInd,,[],0,,,NA,"[{""child"": ""Earn 1.5 Reward Points per ₹150 spent"", ""name"": ""Base Rewards""}, {""child"": ""Earn 0.7 Reward Points per ₹150 spent"", ""name"": ""Insurance""}, {""child"": ""Earn 0.7 Reward Points per ₹150 spent"", ""name"": ""Education""}, {""child"": ""Earn 0.7 Reward Points per ₹150 spent"", ""name"": ""Government""}, {""child"": ""Earn 0.7 Reward Points per ₹150 spent"", ""name"": ""Rent""}, {""child"": ""Earn 0.7 Reward Points per ₹150 spent"", ""name"": ""Utilities""}, {""child"": "" No Reward Points on this category."", ""name"": ""Wallets""}, {""child"": "" No Reward Points on this category."", ""name"": ""EMI""}, {""child"": "" No Reward Points on this category."", ""name"": ""Jewellery""}, {""child"": "" No Reward Points on this category."", ""name"": ""Fuel""}]","[{""title"": "" Discover Reward Points Redemption Options"", ""subtitle"": ""To explore the full range of redemption options for this card, download the SaveSage Club app now."", ""barCodeImageUrl"": ""/"", ""appUrl"": ""https://savesage.co/ZH8bLjZqSPb""}]",,[],[],,,,"[{""mainTitle"": ""Concierge"", ""child"": ""24x7 Concierge Services""}, {""mainTitle"": ""Insurance"", ""child"": ""Air Accident Cover""}]","[""24x7 Concierge Services"", ""Air Accident Cover""]",,,,savesage.club,https://savesage.club/credit-card/indusind-platinum-mastercard
RBL Platinum Choice credit card,RBL Bank,RBL,,[],499,,,NA,"[{""child"": ""Earn 1 Reward Points per ₹100 spent"", ""name"": ""Base Rewards""}, {""child"": ""Earn 2 Reward Points per ₹100 spent"", ""name"": ""Online""}, {""child"": "" No Reward Points on this category."", ""name"": ""Education""}, {""child"": "" No Reward Points on this category."", ""name"": ""Insurance""}, {""child"": "" No Reward Points on this category."", ""name"": ""Utilities""}, {""child"": "" No Reward Points on this category."", ""name"": ""Rent""}, {""child"": "" No Reward Points on this category."", ""name"": ""Wallets""}, {""child"": "" No Reward Points on this category."", ""name"": ""Government""}, {""child"": "" No Reward Points on this category."", ""name"": ""Railways""}, {""child"": "" No Reward Points on this category."", ""name"": ""EMI""}, {""child"": "" No Reward Points on this category."", ""name"": ""Fuel""}]","[{""title"": "" Discover Reward Points Redemption Options"", ""subtitle"": ""To explore the full range of redemption options for this card, download the SaveSage Club app now."", ""barCodeImageUrl"": ""/"", ""appUrl"": ""https://savesage.co/ZH8bLjZqSPb""}]",,"[{""milestoneNumber"": 1, ""spent"": 0, ""cycleType"": ""STATEMENT"", ""benefits"": ""2000 Reward Points"", ""milestoneType"": ""YEAR""}, {""milestoneNumber"": 2, ""spent"": 50000, ""cycleType"": ""STATEMENT"", ""benefits"": ""The renewal fee will be waived."", ""milestoneType"": ""YEAR""}]",[],,,,"[{""mainTitle"": ""BookMyShow"", ""child"": ""10% discount on movie bookings on bookmyshow.""}]","[""10% discount on movie bookings on bookmyshow.""]",,,,savesage.club,https://savesage.club/credit-card/rbl-platinum-choice
SBI BPCL (RUPAY) credit card,SBI Card,SBI,RUPAY,"[""Experience"", ""Catalogue Products""]",499,,,1% to 2%,"[{""child"": ""Earn 1 Reward Points per ₹100 spent"", ""name"": ""Base Rewards""}, {""child"": ""Earn 13 Reward Points per ₹100 spent"", ""name"": ""BPCL""}, {""child"": ""Earn 5 Reward Points per ₹100 spent"", ""name"": ""Grocery""}, {""child"": ""Earn 5 Reward Points per ₹100 spent"", ""name"": ""Departmental Stores""}, {""child"": ""Earn 5 Reward Points per ₹100 spent"", ""name"": ""Dining""}, {""child"": ""Earn 5 Reward Points per ₹100 spent"", ""name"": ""Movies""}, {""child"": ""Earn 1 Reward Points per ₹100 spent"", ""name"": ""UPI""}, {""child"": "" No Reward Points on this category."", ""name"": ""EMI""}, {""child"": "" No Reward Points on this category."", ""name"": ""Rent""}, {""child"": "" No Reward Points on this category."", ""name"": ""Utilities""}, {""child"": "" No Reward Points on this category."", ""name"": ""Wallets""}, {""child"": "" No Reward Points on this category."", ""name"": ""Government""}, {""child"": "" No Reward Points on this category."", ""name"": ""Fuel (Other than BPCL)""}]","[{""title"": "" Discover Reward Points Redemption Options"", ""subtitle"": ""To explore the full range of redemption options for this card, download the SaveSage Club app now."", ""barCodeImageUrl"": ""/"", ""appUrl"": ""https://savesage.co/ZH8bLjZqSPb""}]",,"[{""milestoneNumber"": 1, ""spent"": 0, ""cycleType"": ""STATEMENT"", ""benefits"": ""Get 2,000 Activation Bonus Reward Points worth Rs. 500."", ""milestoneType"": ""YEAR""}, {""milestoneNumber"": 2, ""spent"": 100000, ""cycleType"": ""STATEMENT"", ""benefits"": ""The renewal fee will be waived."", ""milestoneType"": ""YEAR""}]",[],,,,[],[],,,,savesage.club,https://savesage.club/credit-card/sbi-bpcl-rupay
Bandhan Bank Lumina credit card,Bandhan Bank,Bandhan Bank,,"[""Travel Booking"", ""Hotel Transfer""]",9999,,,2% to 4%,"[{""child"": ""Earn 16 Reward Points per ₹200 spent"", ""name"": ""Base Rewards""}, {""child"": ""Earn 24 Reward Points per ₹200 spent"", ""name"": ""International""}, {""child"": "" No Reward Points on this category."", ""name"": ""Rent""}, {""child"": "" No Reward Points on this category."", ""name"": ""Fuel""}, {""child"": "" No Reward Points on this category."", ""name"": ""Government""}]","[{""title"": "" Discover Reward Points Redemption Options"", ""subtitle"": ""To explore the full range of redemption options for this card, download the SaveSage Club app now."", ""barCodeImageUrl"": ""/"", ""appUrl"": ""https://savesage.co/ZH8bLjZqSPb""}]",,"[{""milestoneNumber"": 1, ""spent"": 20000, ""cycleType"": ""STATEMENT"", ""benefits"": ""₹10,000 'Giftwrapped by Oberoi' e-voucher"", ""milestoneType"": ""MONTH""}, {""milestoneNumber"": 2, ""spent"": 100000, ""cycleType"": ""STATEMENT"", ""benefits"": ""10K Reward Points"", ""milestoneType"": ""MONTH""}, {""milestoneNumber"": 3, ""spent"": 1200000, ""cycleType"": ""STATEMENT"", ""benefits"": ""The renewal fee will be waived."", ""milestoneType"": ""YEAR""}]","[{""maintitle"": ""Domestic lounge"", ""limit"": [""8 per quarter""], ""eligibility"": [""""]}, {""maintitle"": ""International lounge"", ""limit"": [""Unlimited""], ""eligibility"": [""""]}]",,,,"[{""mainTitle"": ""Travel"", ""child"": ""Meet and Greet""}, {""mainTitle"": ""BookMyShow"", ""child"": ""25% discount on movie bookings on bookmyshow.""}, {""mainTitle"": ""EazyDiner"", ""child"": ""25% Off on EazyDiner""}, {""mainTitle"": ""Golf"", ""child"": ""Complimentary golf lesson""}]","[""Meet and Greet"", ""25% discount on movie bookings on bookmyshow."", ""25% Off on EazyDiner"", ""Complimentary golf lesson""]",,,,savesage.club,https://savesage.club/credit-card/bandhan-bank-lumina
Bandhan Bank Flare credit card,Bandhan Bank,Bandhan Bank,,"[""Experience""]",2499,,,1% to 3%,"[{""child"": ""Earn 16 Reward Points per ₹200 spent"", ""name"": ""Base Rewards""}, {""child"": "" No Reward Points on this category."", ""name"": ""Fuel""}, {""child"": "" No Reward Points on this category."", ""name"": ""Government""}, {""child"": "" No Reward Points on this category."", ""name"": ""Rent""}]","[{""title"": "" Discover Reward Points Redemption Options"", ""subtitle"": ""To explore the full range of redemption options for this card, download the SaveSage Club app now."", ""barCodeImageUrl"": ""/"", ""appUrl"": ""https://savesage.co/ZH8bLjZqSPb""}]",,"[{""milestoneNumber"": 1, ""spent"": 10000, ""cycleType"": ""STATEMENT"", ""benefits"": ""5,000 Reward Points"", ""milestoneType"": ""MONTH""}, {""milestoneNumber"": 2, ""spent"": 75000, ""cycleType"": ""STATEMENT"", ""benefits"": ""5,000 Reward Points"", ""milestoneType"": ""MONTH""}, {""milestoneNumber"": 3, ""spent"": 600000, ""cycleType"": ""STATEMENT"", ""benefits"": ""The renewal fee will be waived."", ""milestoneType"": ""YEAR""}]","[{""maintitle"": ""Domestic lounge"", ""limit"": [""4 per quarter""], ""eligibility"": [""""]}, {""maintitle"": ""International lounge"", ""limit"": [""1 per quarter""], ""eligibility"": [""""]}]",,,,"[{""mainTitle"": ""BookMyShow"", ""child"": ""25% discount on movie bookings on bookmyshow.""}, {""mainTitle"": ""EazyDiner"", ""child"": ""15% Off on EazyDiner""}, {""mainTitle"": ""Golf"", ""child"": ""Complimentary golf lesson""}]","[""25% discount on movie bookings on bookmyshow."", ""15% Off on EazyDiner"", ""Complimentary golf lesson""]",,,,savesage.club,https://savesage.club/credit-card/bandhan-bank-flare
Bandhan Bank Ignite credit card,Bandhan Bank,Bandhan Bank,,"[""Experience"", ""Travel Booking""]",0,,,0.5% to 1%,"[{""child"": ""Earn 4 Reward Points per ₹200 spent"", ""name"": ""Base Rewards""}, {""child"": ""Earn 8 Reward Points per ₹200 spent"", ""name"": ""Grocery""}, {""child"": ""Earn 8 Reward Points per ₹200 spent"", ""name"": ""Travel""}, {""child"": "" No Reward Points on this category."", ""name"": ""Rent""}, {""child"": "" No Reward Points on this category."", ""name"": ""Fuel""}, {""child"": "" No Reward Points on this category."", ""name"": ""Government""}]","[{""title"": "" Discover Reward Points Redemption Options"", ""subtitle"": ""To explore the full range of redemption options for this card, download the SaveSage Club app now."", ""barCodeImageUrl"": ""/"", ""appUrl"": ""https://savesage.co/ZH8bLjZqSPb""}]",,"[{""milestoneNumber"": 1, ""spent"": 30000, ""cycleType"": ""STATEMENT"", ""benefits"": ""1200 Reward Points"", ""milestoneType"": ""MONTH""}, {""milestoneNumber"": 2, ""spent"": 100000, ""cycleType"": ""STATEMENT"", ""benefits"": ""The renewal fee will be waived."", ""milestoneType"": ""YEAR""}]","[{""maintitle"": ""Domestic lounge"", ""limit"": [""1 per quarter""], ""eligibility"": [""""]}, {""maintitle"": ""International lounge"", ""limit"": [""1 per quarter""], ""eligibility"": [""""]}]",,,,"[{""mainTitle"": ""EazyDiner"", ""child"": ""15% Off on EazyDiner""}, {""mainTitle"": ""BookMyShow"", ""child"": ""20% discount on movie bookings on bookmyshow.""}]","[""15% Off on EazyDiner"", ""20% discount on movie bookings on bookmyshow.""]",,,,savesage.club,https://savesage.club/credit-card/bandhan-bank-ignite
Bandhan Bank Sparks credit card,Bandhan Bank,Bandhan Bank,,"[""Cashback""]",0,,,0.5% to 1%,"[{""child"": ""Earn 2 Reward Points per ₹200 spent"", ""name"": ""Base Rewards""}, {""child"": "" No Reward Points on this category."", ""name"": ""Rent""}, {""child"": "" No Reward Points on this category."", ""name"": ""Fuel""}]","[{""title"": "" Discover Reward Points Redemption Options"", ""subtitle"": ""To explore the full range of redemption options for this card, download the SaveSage Club app now."", ""barCodeImageUrl"": ""/"", ""appUrl"": ""https://savesage.co/ZH8bLjZqSPb""}]",,"[{""milestoneNumber"": 1, ""spent"": 50000, ""cycleType"": ""STATEMENT"", ""benefits"": ""The renewal fee will be waived."", ""milestoneType"": ""YEAR""}]","[{""maintitle"": ""Domestic lounge"", ""limit"": [""1 per quarter""], ""eligibility"": [""""]}]",,,,[],[],,,,savesage.club,https://savesage.club/credit-card/bandhan-bank-sparks
ESAF Bank Inori credit card,ESAF Bank,ESAF Bank,,"[""Cashback"", ""Catalogue Products""]",0,,,0.5% to 1%,"[{""child"": ""Earn 1.3 Reward Points per ₹100 spent"", ""name"": ""Base Rewards""}]","[{""title"": "" Discover Reward Points Redemption Options"", ""subtitle"": ""To explore the full range of redemption options for this card, download the SaveSage Club app now."", ""barCodeImageUrl"": ""/"", ""appUrl"": ""https://savesage.co/ZH8bLjZqSPb""}]",,[],[],,,,"[{""mainTitle"": ""Insurance"", ""child"": ""Insurance Cover""}, {""mainTitle"": ""Concierge"", ""child"": ""24x7 Concierge Services""}]","[""Insurance Cover"", ""24x7 Concierge Services""]",,,,savesage.club,https://savesage.club/credit-card/esaf-sfb-inori
Saraswat Bank Platinum credit card,Saraswat Bank,Saraswat Bank,,"[""Brand Wallet"", ""Cashback""]",0,,,4% to 7%,"[{""child"": ""Earn 2 Reward Points per ₹100 spent"", ""name"": ""Base Rewards""}, {""child"": ""Earn 4 Reward Points per ₹100 spent"", ""name"": ""Retail""}]","[{""title"": "" Discover Reward Points Redemption Options"", ""subtitle"": ""To explore the full range of redemption options for this card, download the SaveSage Club app now."", ""barCodeImageUrl"": ""/"", ""appUrl"": ""https://savesage.co/ZH8bLjZqSPb""}]",,"[{""milestoneNumber"": 1, ""spent"": 0, ""cycleType"": ""STATEMENT"", ""benefits"": ""500 Reward Points"", ""milestoneType"": ""YEAR""}]",[],,,,[],[],,,,savesage.club,https://savesage.club/credit-card/saraswat-bank-platinum
Tamilnad Mercantile Bank Wings credit card,Tamilnad Mercantile Bank,Tamilnad Mercantile Bank,,[],0,,,NA,"[{""child"": ""Earn 2 Reward Points per ₹100 spent"", ""name"": ""Base Rewards""}, {""child"": ""Earn 4 Reward Points per ₹100 spent"", ""name"": ""Retail""}, {""child"": "" No Reward Points on this category."", ""name"": ""Fuel""}]","[{""title"": "" Discover Reward Points Redemption Options"", ""subtitle"": ""To explore the full range of redemption options for this card, download the SaveSage Club app now."", ""barCodeImageUrl"": ""/"", ""appUrl"": ""https://savesage.co/ZH8bLjZqSPb""}]",,[],[],,,,[],[],,,,savesage.club,https://savesage.club/credit-card/tamilnad-mercantile-bank-wings
Tamilnad Mercantile Bank Phoenix credit card,Tamilnad Mercantile Bank,Tamilnad Mercantile Bank,,"[""Cashback""]",0,,,0.5% to 1.5%,"[{""child"": ""Earn 2 Reward Points per ₹100 spent"", ""name"": ""Base Rewards""}, {""child"": ""Earn 4 Reward Points per ₹100 spent"", ""name"": ""Retail""}, {""child"": "" No Reward Points on this category."", ""name"": ""Fuel""}]","[{""title"": "" Discover Reward Points Redemption Options"", ""subtitle"": ""To explore the full range of redemption options for this card, download the SaveSage Club app now."", ""barCodeImageUrl"": ""/"", ""appUrl"": ""https://savesage.co/ZH8bLjZqSPb""}]",,[],[],,,,[],[],,,,savesage.club,https://savesage.club/credit-card/tamilnad-mercantile-bank-phoenix
Tamilnad Mercantile Bank Titanium credit card,Tamilnad Mercantile Bank,Tamilnad Mercantile Bank,,"[""Cashback""]",0,,,2% to 5%,"[{""child"": ""Earn 2 Reward Points per ₹100 spent"", ""name"": ""Base Rewards""}, {""child"": ""Earn 4 Reward Points per ₹100 spent"", ""name"": ""Retail""}, {""child"": "" No Reward Points on this category."", ""name"": ""Fuel""}]","[{""title"": "" Discover Reward Points Redemption Options"", ""subtitle"": ""To explore the full range of redemption options for this card, download the SaveSage Club app now."", ""barCodeImageUrl"": ""/"", ""appUrl"": ""https://savesage.co/ZH8bLjZqSPb""}]",,[],[],,,,[],[],,,,savesage.club,https://savesage.club/credit-card/tamilnad-mercantile-bank-titanium
Bank Of Maharashtra BOM Credit Card credit card,Bank of Maharashtra,Bank Of Maharashtra,,"[""Cashback""]",0,,,1% to 2%,"[{""child"": ""Earn 1 Reward Points per ₹100 spent"", ""name"": ""Base Rewards""}, {""child"": "" No Reward Points on this category."", ""name"": ""Fuel""}]","[{""title"": "" Discover Reward Points Redemption Options"", ""subtitle"": ""To explore the full range of redemption options for this card, download the SaveSage Club app now."", ""barCodeImageUrl"": ""/"", ""appUrl"": ""https://savesage.co/ZH8bLjZqSPb""}]",,[],[],,,,[],[],,,,savesage.club,https://savesage.club/credit-card/bank-of-maharashtra-bom-credit-card
SBI Cashback (Mastercard) credit card,SBI Card,SBI,Mastercard,[],999,,,NA,"[{""child"": ""Earn 1 Reward Points per ₹100 spent"", ""name"": ""Base Rewards""}, {""child"": ""Earn 5 Reward Points per ₹100 spent"", ""name"": ""Online Spends""}, {""child"": "" No Reward Points on this category."", ""name"": ""Insurance""}, {""child"": "" No Reward Points on this category."", ""name"": ""Government""}, {""child"": "" No Reward Points on this category."", ""name"": ""UPI""}, {""child"": "" No Reward Points on this category."", ""name"": ""Transportation & Tolls""}, {""child"": "" No Reward Points on this category."", ""name"": ""Education""}, {""child"": "" No Reward Points on this category."", ""name"": ""Financial Institutions""}, {""child"": "" No Reward Points on this category."", ""name"": ""Gift Cards""}, {""child"": "" No Reward Points on this category."", ""name"": ""Jewellery""}, {""child"": "" No Reward Points on this category."", ""name"": ""Trains""}, {""child"": "" No Reward Points on this category."", ""name"": ""Rent""}, {""child"": "" No Reward Points on this category."", ""name"": ""Souvenir Shops""}, {""child"": "" No Reward Points on this category."", ""name"": ""Utilities""}, {""child"": "" No Reward Points on this category."", ""name"": ""Wallets""}, {""child"": "" No Reward Points on this category."", ""name"": ""EMI""}, {""child"": "" No Reward Points on this category."", ""name"": ""Gaming""}, {""child"": "" No Reward Points on this category."", ""name"": ""Fuel""}]","[{""title"": "" Discover Reward Points Redemption Options"", ""subtitle"": ""To explore the full range of redemption options for this card, download the SaveSage Club app now."", ""barCodeImageUrl"": ""/"", ""appUrl"": ""https://savesage.co/ZH8bLjZqSPb""}]",,"[{""milestoneNumber"": 1, ""spent"": 200000, ""cycleType"": ""STATEMENT"", ""benefits"": ""The renewal fee will be waived."", ""milestoneType"": ""YEAR""}]",[],,,,[],[],,,,savesage.club,https://savesage.club/credit-card/sbi-cashback-mastercard
AU Paytm Rupay credit card,AU Small Finance Bank,AU,,[],undefined,,,NA,"[{""child"": ""Earn 1 Reward Points per ₹100 spent"", ""name"": ""Base Rewards""}, {""child"": ""Earn 5 Reward Points per ₹100 spent"", ""name"": ""Paytm Travel""}, {""child"": ""Earn 5 Reward Points per ₹100 spent"", ""name"": ""Paytm Gold""}, {""child"": ""Earn 2 Reward Points per ₹100 spent"", ""name"": ""Paytm UPI <₹2000""}, {""child"": ""Earn 1 Reward Points per ₹100 spent"", ""name"": ""Paytm UPI >₹2000""}, {""child"": ""Earn 1 Reward Points per ₹100 spent"", ""name"": ""Paytm Utility""}, {""child"": ""Earn 1 Reward Points per ₹400 spent"", ""name"": ""UPI""}, {""child"": "" No Reward Points on this category."", ""name"": ""Transportation & Tolls""}, {""child"": "" No Reward Points on this category."", ""name"": ""Insurance""}, {""child"": "" No Reward Points on this category."", ""name"": ""Wallet""}, {""child"": "" No Reward Points on this category."", ""name"": ""Rent""}, {""child"": "" No Reward Points on this category."", ""name"": ""Education""}, {""child"": "" No Reward Points on this category."", ""name"": ""Government""}, {""child"": "" No Reward Points on this category."", ""name"": ""Fuel""}, {""child"": "" No Reward Points on this category."", ""name"": ""Utilities""}]","[{""title"": "" Discover Reward Points Redemption Options"", ""subtitle"": ""To explore the full range of redemption options for this card, download the SaveSage Club app now."", ""barCodeImageUrl"": ""/"", ""appUrl"": ""https://savesage.co/ZH8bLjZqSPb""}]",,[],"[{""maintitle"": ""Domestic lounge"", ""limit"": [""12 per year""], ""eligibility"": [""""]}]",,,,[],[],,,,savesage.club,https://savesage.club/credit-card/au-paytm-rupay
BOB Micro Enterprise credit card,Bank of Baroda,BOB,,"[""Cashback""]",undefined,,,1% to 2%,"[{""child"": ""Earn 1 Reward Points per ₹100 spent"", ""name"": ""Base Rewards""}, {""child"": "" No Reward Points on this category."", ""name"": ""Agriculture""}, {""child"": "" No Reward Points on this category."", ""name"": ""Contractor""}, {""child"": "" No Reward Points on this category."", ""name"": ""Transportation & Tolls""}, {""child"": "" No Reward Points on this category."", ""name"": ""Rent""}, {""child"": "" No Reward Points on this category."", ""name"": ""Cleaning and Maintenance""}, {""child"": "" No Reward Points on this category."", ""name"": ""Government""}, {""child"": "" No Reward Points on this category."", ""name"": ""Education""}, {""child"": "" No Reward Points on this category."", ""name"": ""Hospital""}, {""child"": "" No Reward Points on this category."", ""name"": ""Wallet""}, {""child"": "" No Reward Points on this category."", ""name"": ""Supermarket and convenience store,""}, {""child"": "" No Reward Points on this category."", ""name"": ""Insurance""}, {""child"": "" No Reward Points on this category."", ""name"": ""Charity""}, {""child"": "" No Reward Points on this category."", ""name"": ""Fast food restaurants""}]","[{""title"": "" Discover Reward Points Redemption Options"", ""subtitle"": ""To explore the full range of redemption options for this card, download the SaveSage Club app now."", ""barCodeImageUrl"": ""/"", ""appUrl"": ""https://savesage.co/ZH8bLjZqSPb""}]",,"[{""milestoneNumber"": 1, ""spent"": 50000, ""cycleType"": ""STATEMENT"", ""benefits"": ""The renewal fee will be waived."", ""milestoneType"": ""YEAR""}]",[],,,,[],[],,,,savesage.club,https://savesage.club/credit-card/bob-micro-enterprise
Bank Of India Celestia credit card,Bank of India,Bank Of India,,"[""Pay by Points""]",undefined,,,1% to 2%,"[{""child"": ""Earn 2 Reward Points per ₹100 spent"", ""name"": ""Base Rewards""}, {""child"": ""Earn 10 Reward Points per ₹100 spent"", ""name"": ""POS""}, {""child"": ""Earn 10 Reward Points per ₹100 spent"", ""name"": ""E-Commerce""}, {""child"": "" No Reward Points on this category."", ""name"": ""Fuel""}]","[{""title"": "" Discover Reward Points Redemption Options"", ""subtitle"": ""To explore the full range of redemption options for this card, download the SaveSage Club app now."", ""barCodeImageUrl"": ""/"", ""appUrl"": ""https://savesage.co/ZH8bLjZqSPb""}]",,"[{""milestoneNumber"": 1, ""spent"": 0, ""cycleType"": ""STATEMENT"", ""benefits"": ""E-Vouchers worth over Rs. 10,000"", ""milestoneType"": ""YEAR""}, {""milestoneNumber"": 2, ""spent"": 50000, ""cycleType"": ""STATEMENT"", ""benefits"": ""The renewal fee will be waived."", ""milestoneType"": ""YEAR""}, {""milestoneNumber"": 3, ""spent"": 250000, ""cycleType"": ""STATEMENT"", ""benefits"": ""The joining fee will be waived."", ""milestoneType"": ""MONTH""}]","[{""maintitle"": ""Domestic lounge"", ""limit"": [""2 per quarter""], ""eligibility"": [""""]}, {""maintitle"": ""International lounge"", ""limit"": [""4 per year""], ""eligibility"": [""""]}]",,,,"[{""mainTitle"": ""BookMyShow"", ""child"": ""Buy One Get One Free""}, {""mainTitle"": ""Golf"", ""child"": ""Complimentary golf lesson""}, {""mainTitle"": ""HoteLux Membership"", ""child"": ""HoteLux Membership""}, {""mainTitle"": ""Insurance"", ""child"": ""Insurance cover""}, {""mainTitle"": ""ITC"", ""child"": ""1+1 Dinning (Set Menu)""}, {""mainTitle"": ""ITC"", ""child"": ""1+1 SPA""}, {""mainTitle"": ""ITC"", ""child"": ""2+1 complimentary night @ ITC Hotels""}]","[""Buy One Get One Free"", ""Complimentary golf lesson"", ""HoteLux Membership"", ""Insurance cover"", ""1+1 Dinning (Set Menu)"", ""1+1 SPA"", ""2+1 complimentary night @ ITC Hotels""]",,,,savesage.club,https://savesage.club/credit-card/boi-celestia
Bank Of India Rupay Bharat credit card,Bank of India,Bank Of India,,"[""Pay by Points""]",undefined,,,1% to 2%,"[{""child"": ""Earn 2 Reward Points per ₹100 spent"", ""name"": ""Base Rewards""}, {""child"": ""Earn 4 Reward Points per ₹100 spent"", ""name"": ""Retail""}, {""child"": ""Earn 2 Reward Points per ₹100 spent"", ""name"": ""UPI""}]","[{""title"": "" Discover Reward Points Redemption Options"", ""subtitle"": ""To explore the full range of redemption options for this card, download the SaveSage Club app now."", ""barCodeImageUrl"": ""/"", ""appUrl"": ""https://savesage.co/ZH8bLjZqSPb""}]",,[],[],,,,[],[],,,,savesage.club,https://savesage.club/credit-card/boi-rupay-bharat
Bank Of India Master Platinum credit card,Bank of India,Bank Of India,,[],undefined,,,NA,"[{""child"": ""Earn 2 Reward Points per ₹100 spent"", ""name"": ""Base Rewards""}, {""child"": ""Earn 4 Reward Points per ₹100 spent"", ""name"": ""Retail""}, {""child"": ""Earn 2 Reward Points per ₹100 spent"", ""name"": ""UPI""}, {""child"": "" No Reward Points on this category."", ""name"": ""Fuel""}]","[{""title"": "" Discover Reward Points Redemption Options"", ""subtitle"": ""To explore the full range of redemption options for this card, download the SaveSage Club app now."", ""barCodeImageUrl"": ""/"", ""appUrl"": ""https://savesage.co/ZH8bLjZqSPb""}]",,[],[],,,,[],[],,,,savesage.club,https://savesage.club/credit-card/boi-master-platinum
DCB Novio credit card,DCB Bank,DCB,,"[""Experience""]",undefined,,,1% to 3%,"[{""child"": ""Earn 1 Reward Points per ₹100 spent"", ""name"": ""Base Rewards""}, {""child"": ""Earn 10 Reward Points per ₹100 spent"", ""name"": ""Fuel (UPI)""}, {""child"": ""Earn 5 Reward Points per ₹100 spent"", ""name"": ""Offline (POS)""}, {""child"": ""Earn 5 Reward Points per ₹100 spent"", ""name"": ""Online""}, {""child"": ""Earn 5 Reward Points per ₹100 spent"", ""name"": ""UPI""}, {""child"": ""Earn 1 Reward Points per ₹100 spent"", ""name"": ""Fuel (POS)""}, {""child"": "" No Reward Points on this category."", ""name"": ""Insurance""}, {""child"": "" No Reward Points on this category."", ""name"": ""Railways""}, {""child"": "" No Reward Points on this category."", ""name"": ""Government""}, {""child"": "" No Reward Points on this category."", ""name"": ""Financial Institutions""}, {""child"": "" No Reward Points on this category."", ""name"": ""Rent""}, {""child"": "" No Reward Points on this category."", ""name"": ""Wallets""}, {""child"": "" No Reward Points on this category."", ""name"": ""Utilities""}, {""child"": "" No Reward Points on this category."", ""name"": ""Legal""}]","[{""title"": "" Discover Reward Points Redemption Options"", ""subtitle"": ""To explore the full range of redemption options for this card, download the SaveSage Club app now."", ""barCodeImageUrl"": ""/"", ""appUrl"": ""https://savesage.co/ZH8bLjZqSPb""}]",,[],[],,,,[],[],,,,savesage.club,https://savesage.club/credit-card/dcb-bank-novio
DCB Niyo credit card,DCB Bank,DCB,,"[""Cashback""]",undefined,,,1% to 3%,"[{""child"": "" No Reward Points on this category."", ""name"": ""Base Rewards""}, {""child"": ""Earn 5 Reward Points per ₹100 spent"", ""name"": ""Offline (POS)""}, {""child"": ""Earn 5 Reward Points per ₹100 spent"", ""name"": ""Online""}]","[{""title"": "" Discover Reward Points Redemption Options"", ""subtitle"": ""To explore the full range of redemption options for this card, download the SaveSage Club app now."", ""barCodeImageUrl"": ""/"", ""appUrl"": ""https://savesage.co/ZH8bLjZqSPb""}]",,[],[],,,,[],[],,,,savesage.club,https://savesage.club/credit-card/dcb-bank-niyo
American Express Centurion Card,American Express,Best American Express,American Express,"[""Best American Express"", ""Best American Express Credit Cards"", ""Top 10 Super Premium Credit Cards in India""]","₹7,00,000 + GST","₹2,75,000 + GST",N/A,,Reward Points,Transfer Reward Points to Partner Airlines and Hotels,,,"{""domestic"": ""Access to Premier Lounges Across the Globe"", ""international"": ""Enjoy Access to 1,550+ Airport Lounges Across 130 Countries, Including Centurion Lounges Worldwide and Meet & Greet Services at Select Airports.""}",,N/A,3.50%,0% Fuel Surcharge for HPCL Transactions | 3.5% (Minimum ₹250) | N/A,"Invite-Only Ultra Premium Credit Card Offered Exclusively to Select High Net-Worth Individuals Extremely High Joining and Annual Fee Reflecting Its Exclusive Benefits and Services Dedicated Relationship Manager and Concierge Services for Travel, Dining, and Lifestyle Requests Access to Premium Global Travel, Dining, and Golf Privileges Across Leading Destinations","[""Offers some of the most exclusive travel, dining, and lifestyle privileges available on any credit card, including global lounge access and premium concierge services.""]","[""The extremely high joining and annual fees make the card accessible only to a very small group of high-net-worth individuals.""]",,cardinsider.com,https://cardinsider.com/american-express/american-express-centurion-card/
American Express Gold Charge Card,American Express,Best American Express,American Express,"[""Best American Express"", ""Best American Express Credit Cards""]","₹1,000 + GST","₹4,500 + GST",N/A,,Reward Points,"Membership Rewards Points can be redeemed for travel, accessories, and dining on AmEx’s Membership Rewards Redemption portal, and against fabulous 18 and 24 Karat collection.",,"You get 1,000 Membership Rewards Points every month on completing six transactions worth ₹1,000 each during each calendar month on your American Express Gold Card.","{""domestic"": ""N/A"", ""international"": ""N/A""}","Given below are the eligibility criteria for an American Express Gold Card- Should be above the age of 18, Should have an annual income of ₹6 Lakh or above, Should be a resident of India, Should have a current or savings account in India, Should have a decent credit score and no payment defaults, If self-employed, the company should have been trading for a period of no less than 12 months. Please keep in mind that currently American Express Gold Card is available in the following cities only – Delhi/NCR, Mumbai, Bangalore, Chennai, Pune, Hyderabad, Jaipur, Kolkata, Indore, Coimbatore, Chandigarh/Tricity, Ahmedabad, Surat, Vadodara, Bhopal, Bhubaneshwar, Ernakulam, Vijayawada, Lucknow, Ludhiana, Nagpur, Nasik, Trivandrum, Mysuru, Cuttack & Vizag.",N/A,3.5% of the transaction amount,"There is no fuel surcharge on fuel transactions up to ₹5,000 at HPCL Petrol pumps (1% surcharge applicable thereafter). 1% fuel surcharge waiver for fuel transactions at BPCL and IOCL fuel stations (subject to a minimum surcharge of ₹10). 2.5% surcharge waiver at all other fuel stations (subject to a minimum surcharge of ₹10). | 3.5% of withdrawal amount subject to a minimum amount of Rs. 250 | Nil","4,000 Bonus Membership Reward Points as a welcome gift. 1,000 Bonus Membership Rewards Points on completing six transactions of ₹1,000 or above in a month. 1 Membership Reward Point on every ₹50 you spend using the card, excluding spending on insurance and cash transactions. 5X Membership Reward Points on all purchases through the Reward Multiplier portal. Discounts in partnership with some of the most premium hotel chains. There is no pre-set credit limit. Fuel surcharge waived at HPCL fuel stations.","[""There are many travel and dining benefits provided with this card."", ""Earn 5X rewards with the reward multiplier. You can earn more points while shopping with popular brands like Apple and Flipkart."", ""This card has a low joining fee of Rs. 1,000.""]","[""Even though this card has some travel benefits, there isn’t any international or domestic lounge access provided with this card.""]",,cardinsider.com,https://cardinsider.com/american-express/american-express-gold-credit-card/
American Express Membership Rewards Credit Card,American Express,Best American Express,American Express,"[""Best American Express"", ""Best American Express Credit Cards"", ""Best Credit Cards in India for Qatar Airways Privilege Club (Avios)"", ""Best Credit Cards to Earn Marriott Bonvoy Points"", ""Best Hotel Credit Cards""]","₹1,000 + GST","₹4,500 + GST","Full Annual Fee Waiver on Spends of ₹1,50,000. 50% Waiver on Renewal Fee on Annual Spending Between ₹90,000 to ₹1,49,999",,Reward Points,"Redeem MR Points for Various Vouchers With the 18 and 24 Karat Gold Collection. Cardholders Can Even Transfer MR Points to Various Partners Such as Marriott, KrisFlyer, and More",,,"{""domestic"": ""N/A"", ""international"": ""N/A""}","The following conditions should be met for the successful application of an American Express Membership Rewards Credit Card- 18 years or older, Annual income of ₹6 lakh or more (for both salaried and self-employed), In the case of self-employed individuals, the company has to be trading for the past 12 months, Permanent residence in India, A good credit score is also needed.",3.5% Per Month (Annually 42%),3.50%,"0% Fuel Convenience Fee at HPCL Fuel Stations (Transactions Below ₹5,000) | 3.5% of the Amount Withdrawn, Subject to a Minimum of ₹250 | Nil","4,000 Bonus Membership Reward Points as a welcome benefit. 1 Membership Rewards Point per ₹50 spent. 2X Membership Rewards on all spends through the Rewards Multiplier portal. 1,000 Membership Reward Points on the spending of ₹20,000 in a calendar month. 5,000 Membership Reward Points on paying the 1st-year renewal fee of ₹4,500. A spend-based waiver on a renewal fee. A 1% waiver on fuel surcharge is available at all HPCL fuel stations. Get special dining discounts up to 20% off.","[""Membership Reward Points do not expire."", ""The reward rate on this card can be quite attractive, but it depends on the redemption method. The highest value can typically be achieved by transferring points to Marriott Bonvoy and redeeming them for hotel stays.""]","[""There are no MR Points earned on transactions made for fuel and utilities."", ""This card is exclusively available to residents of specific cities (Delhi/NCR, Mumbai, Bangalore, Chennai, Pune, Hyderabad, Jaipur, Indore, Coimbatore, Chandigarh, Ahmedabad, Surat, Vadodra, Lucknow, Ludhiana, Nagpur, Nasik, Trivandrum, and Mysuru).""]",,cardinsider.com,https://cardinsider.com/american-express/american-express-membership-rewards-credit-card/
American Express Platinum Charge Card,American Express,Best American Express,American Express,"[""Best American Express"", ""Best American Express Credit Cards"", ""Best Credit Cards With Taj Epicure Membership"", ""Best Credit Cards for Free International Airport Lounge Access"", ""Best Credit Cards for The Postcard Hotels & Resorts"", ""Best Credit Cards with Concierge Services"", ""Top 10 Super Premium Credit Cards in India""]","₹66,000 + GST","₹66,000 + GST",N/A,,Reward Points,"Membership Rewards Points can be redeemed against dining, travel, and accessories on AmEx’s Membership Rewards Redemption portal.",,,"{""domestic"": ""Unlimited Free Airport Lounge Access"", ""international"": ""Access to Over 1,550 Airport Lounges Globally, Including American Express Lounges, Priority Pass Lounges, and Delta Lounges""}","To be eligible for the American Express Platinum Charge Card: Your age must be 18 years or above. Salaried applicants must have a minimum annual income of ₹25,00,000, and self-employed applicants must have a minimum yearly income of ₹15,00,000 (and their company must have been trading for at least 12 months). You must be a resident of any of the following cities: Delhi/NCR, Mumbai, Bangalore, Chennai, Pune, Hyderabad, Jaipur, Kolkata, Indore, Coimbatore, Chandigarh/Tricity, Ahmedabad, Surat, Vadodara, Bhopal, Bhubaneshwar, Ernakulam, Vijayawada, Lucknow, Ludhiana, Nagpur, Nasik, Trivandrum, Mysuru, Cuttack, and Vizag.",3.5% per month,3.5% of the transaction amount,"Fuel surcharge is waived at all HPCL fuel stations for purchases up to Rs. 5,000, 1% surcharge applicable on BPCL and IOCL stations and 2.5% surcharge applicable at all other fuel stations. | 3.5% of the advanced amount subject to a minimum charge of Rs. 250. | Nil","Welcome gift vouchers worth ₹60,000 from top hotels like Taj and Postcard. 1 MR (Membership Reward) for every ₹40 spent with the card (except utility and insurance transactions). Up to 5 Membership Rewards Points for every ₹100 spent on fuel. 3X Membership Rewards on spending abroad. 5X Membership Rewards Points on the AmEx’s Rewards Multiplier portal. There is no preset credit limit. 24×7 global concierge service. Travel-related insurance benefits, including personal air-accidental death insurance worth ₹5 crores. Up to 50% off at over 1800 premium restaurants in India and a complimentary membership to EazyDiner Prime. Access to over 1,400 airport lounges globally, including Centurian Lounges and American Express Lounges.","[""This card offers complimentary domestic and international lounge access."", ""With this card, you can get up to 50% off on partner restaurants.""]","[""This card comes with a high annual fee of ₹66,000."", ""There isn’t any waiver of the annual fees with this card.""]",,cardinsider.com,https://cardinsider.com/american-express/american-express-platinum-credit-card/
American Express Platinum Reserve Credit Card,American Express,Best American Express,"Visa, Mastercard, American Express","[""Best American Express"", ""Best American Express Credit Cards"", ""Best Credit Cards With Taj Epicure Membership"", ""Best Credit Cards in India for Qatar Airways Privilege Club (Avios)"", ""Best Credit Cards with Concierge Services"", ""Best Golf Credit Cards in India"", ""Best Hotel Credit Cards""]","₹10,000 + GST","₹10,000 + GST",Annual Fee Waiver on Spends of Rs. 10 Lakh in a Year,,Reward Points,"MR Points are Redeemable for Vouchers, Transfer to Various Airlines and Hotels Loyalty Programs, and More","You get 11,000 bonus Membership Rewards Points as a welcome benefit on the expenditure of Rs. 30,000 within 90 days of the card issuance, subject to the realization of the joining fee.","You can choose among Tata CLiQ Luxury, BookMyShow, MakeMyTrip & more vouchers worth ₹1,000 for an expenditure of ₹50,000 in a calendar month.","{""domestic"": ""12 complimentary domestic lounge visits (limited to 3 per quarter)"", ""international"": ""Two Free Visits Via Priority Pass""}",Eligibility for this credit card as per the table below-,3.5% per month,3.5% of the transaction amount,"No fuel surcharge is applicable at HPCL fuel stations for transactions of up to Rs. 5,000 (1% surcharge applicable thereafter). 1% fuel surcharge applicable at BPCL and IOCL filling stations (subject to a minimum surcharge of Rs. 10). 2.5% fuel surcharge at all other filling stations (subject to a minimum surcharge of Rs. 10). | 3.5% of the advanced amount, subject to a minimum amount of Rs. 250. | Nil","11,000 bonus Membership Rewards Points as a welcome gift. 1 Membership Rewards Point for every Rs. 50 spent with the card (except fuel, insurance, utility, EMI conversions). Monthly Flipkart/BookMyShow or other brands vouchers as milestone benefits. Complimentary (limited) visits to domestic airport lounges and a complimentary Priority Pass membership. Complimentary membership of Taj Epicure. 2 complimentary rounds of golf every month at 32 premium golf courses across India. Dining offers with complimentary membership of EazyDiner Prime. 24×7 American Express concierge service. Air accident insurance cover worth Rs. 1 crore.","[""For frequent flyers, this card offers 12 domestic lounge visits and a Priority Pass membership."", ""You would get 11,000 Membership Reward Points on the realization of card joining fees.""]","[""Despite its high annual fee of ₹10,000, the card does not provide basic perks that are typically offered by similar cards, such as golf games with no spending requirements."", ""Additionally, the Platinum Reserve card should have lower Forex charges, considering its already steep annual cost.""]",,cardinsider.com,https://cardinsider.com/american-express/american-express-platinum-reserve-credit-card/
American Express Platinum Travel Credit Card,American Express,Best American Express,American Express,"[""20+ Best Travel Credit Cards"", ""Best American Express"", ""Best American Express Credit Cards"", ""Best Credit Cards To Earn Club Vistara Points India"", ""Best Credit Cards for Jewellery Spends"", ""Best Credit Cards for The Postcard Hotels & Resorts"", ""Best Credit Cards in India for Qatar Airways Privilege Club (Avios)"", ""Best Credit Cards to Earn Marriott Bonvoy Points""]","₹5,000 + GST","₹5,000 + GST",N/A,,Reward Points,"Redeem MR Points for Vouchers, Transfers to Various Flight and Hotel Loyalty Programs, and More",,"If you spend ₹1.9 lakh in a year, you are entitled to 7,500 Membership Rewards Points. Expenditure of ₹4 lakh entitles you to 10,000 Membership Rewards Points. All those who spend ₹7 lakh in a card membership year will be eligible to receive 22,500 Membership Rewards Points along with a ₹10,000 Taj voucher. Overall, cardholders can earn an effective reward rate of around 2.85% on milestone spending. This excludes the value of Taj vouchers and the base reward points earned on regular spends. The card remains a good option for those looking to maximise milestone benefits. However, before the March 2026 devaluation , the value proposition was more straightforward. Now, each user will need to assess their own spending patterns and decide whether the card suits their needs.","{""domestic"": ""2 Domestic Lounge Access Every Quarter (8 Each Year)"", ""international"": ""N/A""}","The income and age-based eligibility criteria for the American Express Platinum Travel Credit Card are as follows- Must be a resident of India. Applicant should be above the age of 18. Both salaried and self-employed individuals should have an annual income of ₹6 lakh or more. For self-employed individuals, the company should have been trading for the past 12 months.",3.5% Per Month (Annually 42%),3.5% of the transaction amount,"No fuel surcharge at HPCL fuel stations for transactions of up to Rs. 5,000, 1% surcharge on transactions above Rs. 5,000 | 3.5% of the transaction amount subject to a minimum charge of Rs. 250. | Nil","Welcome Gift of 10,000 Membership Rewards Points. 1 Membership Rewards Points for every ₹50 spent. Rewards Points-based Milestone benefits on reaching milestones like expenditure of ₹1.9 lakh /₹4 lakh in a membership year. Complimentary Taj Stay voucher on expenditure of ₹4 lakh in a membership year. 8 domestic airport lounge access every year (max 2 per quarter). 0% convenience fee at all HPCL fuel stations across India.","[""The AmEx Platinum Travel Card offers attractive milestone benefits to cardholders. You earn 7,500 bonus MR points on annual spends of ₹1.9 lakh, 10,000 bonus MR points on spends of ₹4 lakh, and 22,500 MR points along with a ₹10,000 Taj voucher on annual spends of ₹7 lakh."", ""This credit card offers 8 complimentary lounge access per annum (max 2 per quarter) at domestic airports across India, which is a decent number of lounge visits for a sub-premium travel credit card.""]","[""Regarding international airport lounge access, the Platinum Travel Credit Card offers no complimentary lounge access at international airports. However, the card provides complimentary Priority Pass lounge access (a value of USD 99) at international airport lounges. Lounge access under the Priority Pass membership that you get with the Platinum Travel Card is chargeable at USD 27 per visit per guest.""]",,cardinsider.com,https://cardinsider.com/american-express/american-express-platinum-travel-credit-card/
American Express SmartEarn Credit Card,American Express,Best American Express,American Express,"[""Best American Express"", ""Best American Express Credit Cards"", ""Best Online Shopping Credit Cards India""]",Rs. 495 + GST,Rs. 495 + GST,"Annual renewal fee waived on spends of Rs. 40,000 in the previous year.",,Reward Points,"Can be redeemed against online shopping vouchers, INSTA rewards for offline purchases, transferable to various flight and hotels loyalty programmes and for making credit card bill payments under the Cash + Points scheme.",,"The annual membership fee is waived on eligible spends of Rs. 40,000 or more in the previous year of the card membership.","{""domestic"": ""N/A"", ""international"": ""N/A""}","You must satisfy the following criteria to be eligible for this credit card- You must be a citizen of any of these cities – Delhi/NCR, Mumbai, Chennai, Bangalore, Pune, Hyderabad, Indore, Jaipur, Coimbatore, Chandigarh, Ahmedabad, Surat, Vadodara, Lucknow, Ludhiana, Nagpur, Mysuru, Trivandrum and Nasik. If you are a salaried employee, you must have an annual income of Rs. 4.5 lakh. If you are self-employed, you must have filed an income tax return of at least Rs. 6 lakh in the previous year, and your company must have been trading for at least a year now. You must have a savings or current account in India. You should have a good credit history. Your age should be 18 years or above.",3.5% per month,3.50% on international transactions,"1% fuel surcharge waiver at HPCL fuel stations on transactions exceeding Rs. 5,000. | 3.5%, subject to a minimum amount of Rs. 250 | Nil","Rs. 500 cashback on eligible spends of Rs. 10,000 within 90 days of card issuance. 1 Membership Rewards point for every Rs. 50 spent with the card (except spends on insurance, fuel, utilities, cash transactions and EMI conversions) 10X accelerated Membership Rewards Points on Zomato, EaseMyTrip, Flipkart, Uber, BookMyShow, Ajio, Nykaa, PVR, BlinkIt, and Myntra. 5X Membership Rewards Points on every Rs. 50 spent on Amazon. Renewal fee waived on the expenditure of Rs. 40,000 or above in the previous year.","[""This card comes at a low joining fee of just Rs. 495. This is very attractive, especially for first-time credit card holders."", ""This card is very beneficial for people who use Flipkart, Zomato, PVR and Uber, as it offers 10X reward points on purchases made from these platforms.""]","[""There isn’t any domestic or international lounge access with the American Express SmartEarn Credit Card."", ""It is primarily a credit card for shopping and doesn’t provide many additional benefits.""]",,cardinsider.com,https://cardinsider.com/american-express/american-express-smartearn-credit-card/
Aditya Birla AU Bank Credit Cards,AU Small Finance Bank,AU Small Finance Bank,,"[""AU Small Finance Bank"", ""AU Small Finance Bank Credit Cards""]",Nil,Nil,N/A,,Reward Points,1 RP = Rs. 0.20,,,"{""domestic"": ""Free Lounge Access is Either Offered or Can Be Availed with the Custom Variants"", ""international"": ""Free Lounge Access is Either Offered or Can Be Availed with the Custom Variants""}",You will have to complete the following criteria for the Aditya Birla Co-Branded Credit Card. Applicant must be a resident of India. Primary cardholder should be between the age of 21 years and 60 years. Add-on cardholder should be over the age of 18.,3.59% Per Month (43.08% Annually),1.99 to 3.5%,1% Fuel Surcharge Waiver is Applicable | 2.5% | N/A,Lifetime free credit cards are available. Two of the ABC Credit Cards are customizable. Credit cards for businessmen are also available. Accelerated Reward Points can be availed for select categories.,[],[],,cardinsider.com,https://cardinsider.com/au-bank/aditya-birla-au-bank-credit-cards/
AU Altura Credit Card,AU Small Finance Bank,AU Small Finance Bank,,"[""AU Small Finance Bank"", ""AU Small Finance Bank Credit Cards""]",Rs. 199 + GST,Rs. 199 + GST,"Spend Rs. 10,000 in the first 90 days for a fee waiver. For an annual fee waiver, there should be spends of Rs. 40,000 or more in a year.",,Cashback,N/A,,"You can earn a cashback of Rs. 50 every statement cycle on exceeding spends of Rs. 10,000.","{""domestic"": ""N/A"", ""international"": ""N/A""}","To get the AU Small Finance Bank Altura Credit Card, you will have to fulfil the below-mentioned criteria: The primary applicant should be between 21 and 60 years of age. The add-on applicant should be above the age of 18 years. The applicant should be an Indian resident.",3.49% per month,3.49% on all international spends.,"Surcharge waiver of 1% on fuel transactions between Rs. 400 and Rs. 5,000. | Rs. 100 or 2.5% of the cash amount withdrawn, higher of the two. | Nil","2% cash back on groceries, departmental stores, and utility bills. 1% cashback on all other spends using this credit card. A cashback of Rs. 50 every month while you achieve the milestone spending. Complimentary access to selected railway lounges in India. Surcharge waiver of 1% on fuel transactions. Zero liability protection against a lost card.",[],[],,cardinsider.com,https://cardinsider.com/au-bank/altura-credit-card/
AU Altura Plus Credit Card,AU Small Finance Bank,AU Small Finance Bank,,"[""AU Small Finance Bank"", ""AU Small Finance Bank Credit Cards"", ""Best Credit Card For Complimentary Railway Lounge Access""]",₹499 + GST,₹499 + GST,"Spend Rs. 80,000 in a card anniversary to waive the annual charges",,Reward Points,The earned reward points can be redeemed at the AU Rewardz portal at a rate of 1 Reward Point = Re. 0.25.,,"You get 500 bonus Reward Points on achieving the milestone spend of Rs. 20,000 in a calendar month.","{""domestic"": ""N/A"", ""international"": ""N/A""}",The AU Bank’s Altura Plus Credit Card has certain eligibility requirements that need to be fulfilled by the applicants if they want to get approved for this card. The basic eligibility criteria for this card are given below: Your age should be between 21 years and 60 years. The age of your add-on cardholders should be more than 18 years. You must be a resident of India.,3.59% Per Month (43.08% Per Annum),3.49% on all foreign currency spends.,"1% fuel surcharge waiver for all transactions between Rs. 400 & Rs. 5,000. | 2.5% or ₹500 Whichever is Higher | Nil",1.5% cashback on retail spends at merchant outlets. 2 Reward Points on every Rs. 100 spent on online purchases. Earn 500 bonus Reward Points every month. 2 complimentary railway lounge access every quarter.,"[""You get free railway lounge access with this card.""]","[""There isn’t any airport lounge access provided with this card.""]",,cardinsider.com,https://cardinsider.com/au-bank/altura-plus-credit-card/
AU Ananta Credit Card,AU Small Finance Bank,AU Small Finance Bank,,"[""AU Small Finance Bank"", ""AU Small Finance Bank Credit Cards""]","₹2,000 + GST","₹2,000 + GST",Annual Fee Waiver on Spends of ₹3 Lakh or More,,Reward Points,"Redeem Reward Points Against E-Vouchers, Merchandise, and Flight or Hotel Bookings",,Fuel transactions are not considered for milestone benefit calculations. Reward points may also not be applicable on certain fuel transactions as per the bank’s terms and conditions.,"{""domestic"": ""Get Up to 4 Complimentary Domestic Airport Lounge Accesses Per Quarter on Booking Flight Tickets Worth ₹5,000 or More Through AU Rewardz"", ""international"": ""N/A""}",,3.75% Monthly (45% Per Annum),3.49%,"1% Waiver on Transactions Between ₹400 and ₹5,000 (Up to ₹200 Each Statement) | 2.5% of the Amount Withdrawn (Minimum ₹500) | ₹99 + GST","The welcome benefit of 8,000 Reward Points offsets the joining fee. Earn accelerated 5X rewards on shopping, dining, and travel spends. Multiple milestone rewards worth up to 50,000 bonus Reward Points annually. Complimentary domestic airport lounge access through AU Rewardz flight bookings. Comprehensive insurance coverage, including air accident, credit shield, and travel insurance. Annual fee waiver available on spends of ₹3 lakh in a membership year.","[""For those interested in AU Bank credit cards or already having a banking relationship with AU Bank, the AU Ananta Credit Card can be a good option. It offers a decent mix of rewards, lounge access, insurance coverage, and merchant discounts, making it suitable for everyday lifestyle spending.""]","[""The reward rate on accelerated categories works out to around 1.25%, which feels a bit low for a card with an annual fee of ₹2,000. Several cashback credit cards in the market offer better returns, especially for shopping and dining spends.""]",,cardinsider.com,https://cardinsider.com/au-bank/au-ananta-credit-card/
AU CA Metal Credit Card,AU Small Finance Bank,AU Small Finance Bank,,"[""AU Small Finance Bank"", ""AU Small Finance Bank Credit Cards""]",Lifetime Free,Lifetime Free,N/A,,Reward Points,Redeem Your Reward Points At AU Rewardz,,,"{""domestic"": ""2 Complimentary Lounge Access Per Calendar Quarter"", ""international"": ""N/A""}",,3.75% Monthly and 45% Annual,1.99%,"1% Fuel Surcharge Waiver for Fuel Transactions Done Between ₹400 and ₹5,000 (up to ₹250) | 2.5% Subject to a Minimum of ₹500 | N/A","The CA Metal Credit Card is specially curated for Chartered Accountants to make their transaction smoother and more beneficial. Even though this is a metal credit card, which is usually expensive, this card does not have any joining or annual fees. The cardholders will receive 2,000 reward points on spending ₹5000 and a dining membership on spending ₹10,000 within 30 days of card activation as welcome benefits. The cardholders will earn 8 Reward Points on dining, travel, tax payments, and software purchases, 2 Reward Points on every ₹100 for other purchases, and 1 Reward Point on utility and Insurance spends.","[""Even though this is a metal credit card, this card has no joining or annual fees."", ""Cardholders can get 25% discount on renewing their ICAI membership fee, which is usually between ₹1,770 to over ₹8,260 (including GST) annually."", ""New users receive welcome benefits, such as bonus reward points and a complimentary dining membership, upon meeting the initial spending requirement.""]","[""Even though the card offers a low forex markup, it still does not provide access to international airport lounges.""]",,cardinsider.com,https://cardinsider.com/au-bank/au-ca-metal-credit-card/
AU Fi MagniFi Credit Card,AU Small Finance Bank,AU Small Finance Bank,,"[""AU Small Finance Bank"", ""AU Small Finance Bank Credit Cards""]",Lifetime Free,Lifetime Free,N/A,,Reward Points,Redeem Fi Points on the Fi Money App,,,"{""domestic"": ""N/A"", ""international"": ""N/A""}",,3.75% Per Month (45% Per Annum),3.49%,"N/A | 2.5%, Subject to a Minimum of ₹500 | N/A","Earn 20 Fi Points per ₹100 spent on weekends and 2 Fi Points per ₹100 spent on weekdays. 20% discount on weekends spent on BookMyShow, Zepto, Amazon, and Zomato. Fi points can be used for air miles, bill payments, and gift vouchers. If eligible, you may also get 50% off on-air vouchers. A maximum of 2,000 Fi-points can be earned per statement cycle using this weekday reward.","[""It’s very useful for anyone who spends a lot of money on weekends and weekdays, as it has a solid, rewarding system that gives ₹1 for every 4 Fi points."", ""Consumers who need an entry-level card can use this basic card to build their CIBIL and save extra money on weekdays and weekends.""]","[""On weekdays, the maximum number of Fi points that can be earned per statement cycle is just 2,000, which limits point-earning capacity."", ""A flat 20% off online and in-store is capped at ₹100, with a minimum order value of ₹500, once a month. This once-a-month feature could be a turn-off for those who like to spend every weekend.""]",,cardinsider.com,https://cardinsider.com/au-bank/au-fi-magnifi-credit-card/
AU Laksya Credit Card,AU Small Finance Bank,AU Small Finance Bank,,"[""AU Small Finance Bank"", ""AU Small Finance Bank Credit Cards""]","₹1,000 + GST","₹1,000 + GST",Annual Charges Waived on Spends of ₹2 Lakh,,Reward Points,"Redeem Reward Points for E-Vouchers, Merchandise, and Flight/Hotel Bookings. 1 RP = ₹0.25",,,"{""domestic"": ""8 Domestic Lounge Visits Per Calendar Year (Max 2 Per Quarter)"", ""international"": ""N/A""}",,3.75% Per Month (45% Per Annum),3.49%,"1% Surcharge on Fuel Spends ₹400 – ₹5,000 Across India (Maximum ₹150 Per Statement Cycle) | 2.5% of the Amount Withdrawn (Minimum ₹500) | ₹99 + GST","Earn up to 5 Reward Points per ₹100 on grocery, departmental, and contactless spends. Get brand vouchers worth ₹1,000 or 4,000 Reward Points as a welcome benefit. Enjoy monthly movie, Zomato, and Amazon Fresh discount offers. Complimentary 8 domestic airport lounge visits every year. 1% fuel surcharge waiver on fuel transactions across India.","[""The welcome benefit effectively offsets the joining fee, while additional perks such as movie discounts, grocery offers, lounge access, and fuel surcharge waiver further enhance the card’s overall value.""]","[""The reward rate is decent, though not as good as other cards in the same ₹1,000 fee range.""]",,cardinsider.com,https://cardinsider.com/au-bank/au-laksya-credit-card/
AU Nomo Credit Card,AU Small Finance Bank,AU Small Finance Bank,,"[""5 Best Secured/FD-Based Credit Cards In India"", ""AU Small Finance Bank"", ""AU Small Finance Bank Credit Cards""]",Rs. 199 + GST,N/A,N/A,,Reward Points,1 RP = ₹0.25,AU NOMO Credit Card offers 500 Reward Points as a joining benefit. The value of these Reward Points is Rs. 125 effectively bringing down the price you paid for the card. To receive these Reward Points you shall need to make a transaction within the first 30 days of card issuance.,One of the most stand-out features of this secured credit card is its milestone benefits. On reaching the spend threshold cardholders can earn further reward points. Cash and fuel transactions shall not be considered towards these milestone spend calculations.,"{""domestic"": ""2 Free Visits Each Quarter on Spending ₹50,000 in a Calendar Quarter"", ""international"": ""N/A""}","To be eligible for the AU NOMO Credit Card you would need to be at least 18 years old, be an Indian citizen, and have a Fixed Deposit with AU Bank (minimum of ₹20,000)",3.59% Per Month (43.08% Annually),0.99%,"1% Fuel Surcharge Waiver for Transactions Between ₹400 to ₹5,000 (₹100 Per Month) | 2.5% of the Cash Withdrawal Amount or ₹500, Whichever is Higher | ₹99 + GST","AU Nomo is a secured credit card that can be availed against a Fixed Deposit of a minimum of ₹20,000. 2 complimentary railway lounge access each quarter. Spend-based airport lounge access.","[""This card has a low forex markup charge of 0.99%."", ""Insurance and utility spends are also rewarded with this card.""]","[""NOMO Card is ideal for beginners in their credit journey, but those seeking higher features should look elsewhere."", ""If there were any dining or movie benefits associated with this card it would have been perfect for the younger generation looking for their first credit card.""]",,cardinsider.com,https://cardinsider.com/au-bank/au-nomo-credit-card/
AU Prathama Credit Card,AU Small Finance Bank,AU Small Finance Bank,,"[""AU Small Finance Bank"", ""AU Small Finance Bank Credit Cards""]",₹100 + GST,₹100 + GST,"Annual Charges Waived on Spends of ₹75,000",,Reward Points,"Redeem Reward Points E-vouchers, Merchandise, and Flight/Hotel Bookings. 1 RP= ₹0.25",,"Cardholders can earn 2 Reward Points for every ₹100 spent after crossing ₹5,000 in a statement cycle. The accelerated reward rate is applicable only on spends above ₹5,000. In addition, users will continue to earn 2 Reward Points for every ₹100 spent on contactless transactions.","{""domestic"": ""N/A"", ""international"": ""N/A""}",,3.75% per month (45% per annum),3.49%,"1% Surcharge on Fuel Spends Between ₹400 – ₹5,000 (Maximum ₹100 per statement cycle) | 2.5% | ₹99 + GST","Low annual fee of ₹100 + GST, making it an affordable option for everyday use. Earn 1 reward point for every ₹100 spent on regular purchases. Get accelerated rewards with 2 Reward Points for every ₹100 spent on contactless or Tap & Pay transactions. Earn 2X Reward Points on spends above ₹5,000 in a statement cycle. Receive 500 bonus Reward Points on successfully setting up a standing instruction or recurring payment with the card. Get a 1% fuel surcharge waiver on transactions between ₹400 and ₹5,000 across India, capped at ₹100 per statement cycle.","[""The card comes with an affordable fee of ₹100 + GST, which makes it a decent choice for new credit card users.""]","[""The reward structure of the AU Prathama Credit Card is not very attractive, as the card offers a low reward rate compared to many other entry-level and lifetime free credit cards.""]",,cardinsider.com,https://cardinsider.com/au-bank/au-prathama-credit-card/
AU Spont Credit Card,AU Small Finance Bank,AU Small Finance Bank,,"[""AU Small Finance Bank"", ""AU Small Finance Bank Credit Cards""]",Rs. 299 + GST,Rs. 299 + GST,N/A,,Cashback,N/A,,,"{""domestic"": ""2 Free Visits Each Quarter on spending ₹50,000 in a Calendar Quarter"", ""international"": ""N/A""}",,3.75% Per Month (45% Per Annum),3.50%,1% Fuel Surcharge Waiver on Transactions Between Rs. 400 and Rs. 5000 | 2.5% of the Withdrawn Amount or ₹500 Whichever is Higher | N/A,You can earn cashback on all UPI transactions with this card. Spend-based airport lounge access is offered with this card. Free railway airport lounge access is provided.,[],[],,cardinsider.com,https://cardinsider.com/au-bank/au-spont-credit-card/
AU Tejas Credit Card,AU Small Finance Bank,AU Small Finance Bank,,"[""AU Small Finance Bank"", ""AU Small Finance Bank Credit Cards""]",₹500 + GST,₹500 + GST,"Annual Charges Waived on Spends of ₹1,50,000",,Reward Points,"Redeem Reward Points for E-Vouchers, Merchandise, and Flight/Hotel Bookings. 1 RP = ₹0.25",,,"{""domestic"": ""N/A"", ""international"": ""N/A""}",,3.75% Per Month (45% Per Annum),3.49%,"1% Fuel Surcharge Waiver Between ₹400 and ₹5,000, Up to a Maximum of ₹100 Per Statement Cycle | 2.5% of the Cash Withdrawal Amount or ₹500 (Whichever is Higher) | ₹99 + GST","Earn 5 Reward Points per ₹100 spent through AU Rewardz on flights, hotels, bill payments, voucher purchases, and other eligible transactions. Get a welcome benefit of your choice: a ₹500 brand voucher or 2,000 Reward Points on card activation and first transaction within 30 days. Save 10% on movie tickets through District by Zomato, food orders on Zomato, and grocery purchases on Amazon Fresh and Amazon Now every month. Earn 10% cashback on eligible cab bookings and utility bill payments made through the AU 0101 app. Enjoy a 1% fuel surcharge waiver on fuel transactions between ₹400 and ₹5,000, up to ₹100 per statement cycle. Get the annual fee waived on spending ₹1.5 lakh or more in a card anniversary year.","[""The card offers savings across multiple everyday spending categories, including groceries, food delivery, movies, cab rides, and utility bill payments.""]","[""The reward rate on regular spending is low, and the card lacks premium benefits such as lounge access and travel perks.""]",,cardinsider.com,https://cardinsider.com/au-bank/au-tejas-credit-card/
CheQ AU Credit Card,AU Small Finance Bank,AU Small Finance Bank,"Visa, RuPay","[""AU Small Finance Bank"", ""AU Small Finance Bank Credit Cards""]",₹499 + GST,₹499 + GST,Annual Fee Waived on Spending 3 Lakh in a Year,,Reward Points,1 CheQ Point = ₹0.50,,,"{""domestic"": ""N/A"", ""international"": ""N/A""}","Given below are the requirements to be eligible for the CheQ AU Credit Card: You must be over the age of 21 years. The monthly income requirement for both salaried and self-employed individuals should be ₹25,000. You should have a credit score of 750 or above. Your residency should be in an AU Bank serviceable area.",3.75% Per Month (45% Per Annum),3.49%,1% Fuel Surcharge Waiver Up to ₹150 on Transaction Between ₹500 to ₹5000 | 2.5% or Minimum ₹500 (Whichever is Higher) | N/A,"India’s first LED-enabled credit card that lights up with every payment. Earn up to 12% rewards on top brands, travel, and bill payments. Get 5% rewards on everyday spends like shopping, dining, and travel. Earn 2.5% rewards on UPI payments. Flat 1% rewards on all other spends across categories. The card comes in both Visa and RuPay variants. Offers a complimentary EazyDiner membership as a welcome benefit. Annual fee ₹499 (waived on ₹3 Lakh spend) with optional LED card fee, which is waived until May 31, 2026, for existing CheQ users.","[""24 CheQ Points per ₹200 spent on brands like Apple, Amazon, Flipkart, Zomato, BigBasket, CheQ Travel, and utility bill Payments using the CheQ App."", ""If you apply for the card by May 31, 2026, then additionally, the LED version has a fee of ₹999, which will be waived""]","[""Existing AU First Bank credit card holders are not eligible to apply for the CheQ AU Credit Card."", ""Points give a lower value when used for bill payments, which is 4 points = ₹1, reducing the overall benefit.""]",,cardinsider.com,https://cardinsider.com/au-bank/cheq-au-credit-card/
AU Bank InstaPay Credit Card,AU Small Finance Bank,AU Small Finance Bank,RuPay,"[""AU Small Finance Bank"", ""AU Small Finance Bank Credit Cards""]",Nil,Nil,N/A,,Cashback,Cashback to your credit statement/account,,,"{""domestic"": ""N/A"", ""international"": ""N/A""}","AU Small Finance Bank offers a wide range of credit cards in India. With the InstaPay Rupay Credit Card, you can make fast and easy UPI transactions and be rewarded at the same time. Currently, this credit card is exclusively available to existing credit card holders at AU Small Finance Bank. Some essential eligibility criteria for AU Bank Insta Pay Credit Card- Must be an Indian citizen, Minimum age of 21, A good/decent credit score is also required for applying for a credit card, Should have a stable source of income.",3.59% per month (43.08% annually),3.49%,"1% fuel surcharge waiver on fuel transactions made between Rs. 400 to Rs 5,000 | N/A | N/A",AU Bank Insta Pay Credit Card is a lifetime free card. You can make seamless UPI transactions with this card. This is a virtual credit card which provides a lot of convenience and comfort to its customers. Interest-free period of 48 days. 1% cashback on eligible UPI spends.,"[""This is a lifetime free credit card, i.e. there are no joining or annual charges."", ""As a virtual credit card, this card offers a lot of convenience to users."", ""Get cashback on UPI spends.""]","[""The AU Bank InstaPay Credit Card is only useful for spends made on UPI transactions."", ""There are no welcome benefits or lounge access provided with this credit card."", ""The cashback received is just 1% which is quite less.""]",,cardinsider.com,https://cardinsider.com/au-bank/instapay-credit-card/
ixigo AU Credit Card,AU Small Finance Bank,AU Small Finance Bank,"Visa, RuPay","[""AU Small Finance Bank"", ""AU Small Finance Bank Credit Cards"", ""Best Credit Card For Complimentary Railway Lounge Access"", ""Best Credit Cards for International Travel 2026""]",Lifetime Free,Lifetime Free,N/A,,Reward Points,Redeem Rewards at ixigo App or AU Rewardz,"When you make your first transaction within the first 30 days of card issuance, you will receive 1,000 Reward Points and ₹1,000 in ixigo money vouchers. To get the best value from the welcome benefits, it’s better to convert your reward points into ixigo money. 1,000 Reward Points = ₹500 ixigo money.","Earn 5,000 bonus reward points on spending ₹75,000 or more in a calendar quarter. If you convert these points into ixigo money at the best value (1 Reward Point = ₹0.50), the 5,000 bonus points translate to ₹2,500 in ixigo money, giving an effective reward rate of 3.33% on a quarterly spend of ₹75,000.","{""domestic"": ""Two Visits Each Quarter on Spends of ₹50,000 or More in the Previous Quarter"", ""international"": ""1 Per Year, Priority Pass to be Issued on Request""}",The applicant must meet the following criteria to be eligible for the ixigo AU Credit Card. Must be between the ages of 21 and 60. Must be a resident of India. Must be registered on ixigo. Add-on cardholders should be over 18.,3.75% Per Month (45% Annually),Zero,"1% on Fuel Transactions Between Rs. 400 and Rs. 5,000 | 2.5% of the Transaction Amount or ₹500 Whichever is Higher | Rs. 99 + GST","This is a co-branded offering and is best suited for those who prefer booking through the ixigo platform. Get monthly discounts on flight and hotel bookings made via ixigo using this card. Enjoy 1 international and 8 domestic lounge visits per year. Earn 5 reward points per ₹200 spent on online, offline, and UPI transactions.","[""You can access railway lounges as well as domestic and international airport lounges with this card."", ""Despite being lifetime free, there are still welcome benefits associated with this card.""]","[""This credit card mainly offers travel benefits. Dining and Golf benefits are not provided with it."", ""The ₹50,000 spending requirement for airport lounge access is quite high, and with the April 2026 devaluation, the reward rate has also been reduced to just 1.25%.""]",,cardinsider.com,https://cardinsider.com/au-bank/ixigo-au-credit-card/
AU Kosmo Credit Card,AU Small Finance Bank,AU Small Finance Bank,,"[""AU Small Finance Bank"", ""AU Small Finance Bank Credit Cards""]",Lifetime Free,Lifetime Free,N/A,,Reward Points,1 kiwi = ₹0.25,,,"{""domestic"": ""N/A"", ""international"": ""N/A""}",,3.75% per month (45% per annum),3.49%,"1% Fuel Surcharge Waiver (Up to ₹100) for Transactions Between ₹400 and ₹5,000 at All Fuel Stations Across the Country | 2.5% | N/A","This lifetime free credit card with no joining or annual fee. Earn rewards on UPI, online shopping, and POS. 1% fuel surcharge waiver (₹400–₹5,000 transactions, capped per cycle). The card is available in both digital and physical forms. Can convert eligible spend in EMI.","[""The AU Kosmo Credit Card is a lifetime free credit card, and users can pay for their purchases in EMI using Xpress EMI.""]","[""The card does not offer high-end benefits such as complimentary airport lounge access, travel insurance, and welcome benefits.""]",,cardinsider.com,https://cardinsider.com/au-bank/kosmo-credit-card/
AU Bank LIT Credit Card,AU Small Finance Bank,AU Small Finance Bank,,"[""AU Small Finance Bank"", ""AU Small Finance Bank Credit Cards"", ""Best Credit Cards for Beginners"", ""Best Credit Cards for Free Domestic Airport Lounge Access"", ""Best Lifetime Free Credit Cards India 2026"", ""Best Student Credit Cards India 2026""]",Lifetime Free,Lifetime Free,N/A,,Reward Points,Redeem Reward Points for exciting discounts and offers.,,,"{""domestic"": ""1 Complimentary Airport Lounge Access Every Quarter (Paid Feature)"", ""international"": ""N/A""}","Certain conditions need to be fulfilled in order to be eligible to apply for an AU Bank LIT Credit Card. These criteria are mentioned below in the table: Other than this, the applicants should have a stable source of income, however, the minimum salary requirements are not disclosed clearly by the issuer.",3.75% Per Month (45% Per Annum),3.49%,N/A | 2.5% or ₹500 Whichever is Higher | ₹99 + GST,"India’s First customizable Credit card. Choose whichever feature you want and whenever you want with the card. 3 Months of Free Membership of Zee5 and Amazon Prime. For every Rs. 100 spent on retail transactions, you will get 1 Reward Point. 10X or 5X accelerated Reward Points on all online and offline transactions. Surcharge waiver of 1% on all fuel transactions between Rs. 400 to Rs. 5,000. 5% and 2% cashback on retail spends on achieving the spend target. Additional 5% cashback for travel, dining and grocery expenses. 1 complimentary lounge access per quarter",[],[],,cardinsider.com,https://cardinsider.com/au-bank/lit-credit-card/
AU Bank Traverse Credit Card,AU Small Finance Bank,AU Small Finance Bank,,"[""AU Small Finance Bank"", ""AU Small Finance Bank Credit Cards""]","₹4,999 + GST","₹4,999 + GST",Annual Fee Waived on Spending ₹6 Lakh in a Year,,Reward Points,Redeem Reward Points at AU Rewardz Portal,,"Get a Taj Voucher worth ₹10,000 when you hit annual spending of ₹10,00,000 in your card’s anniversary year, which is a reward rate of an additional 1% on milestone achievement, over and above the regular reward points earned.","{""domestic"": ""8 Free Visits Per Year, Limited to 2 per Quarter (Powered by DreamFolks)"", ""international"": ""8 Complimentary Visits Per Year, Max 2 per Quarter (Powered by Priority Pass)""}",,3.75% per Month; 45% per Annum,0.99%,"1%, for Transactions Worth ₹400 to ₹5,000 Up to ₹250 per Statement Cycle | Nil | ₹99 + GST","Premium lifestyle and travel credit card, designed for Non-Resident Indians (NRIs). Best suited for international spends, frequent travel, and luxury lifestyle benefits. Offers low forex markup of 0.99%, complimentary domestic & international lounge access, milestone Taj voucher, airport spa, and Meet & Assist services.","[""Low forex markup of 0.99%"", ""Complimentary lounge access (domestic & international)"", ""No cash advance charges""]","[""Domestic lounge access requires a quarterly spend of ₹20,000"", ""No golf or insurance coverage""]",,cardinsider.com,https://cardinsider.com/au-bank/traverse-credit-card/
AU Vetta Credit Card,AU Small Finance Bank,AU Small Finance Bank,,"[""AU Small Finance Bank"", ""AU Small Finance Bank Credit Cards""]","Rs. 2,999 + GST","Rs. 2,999 + GST","Joining fee waived off on expenditure of Rs. 40,000 within 90 days of card setup, renewal fee (second year onwards) waived off on expenditure of Rs. 1.5 lakh in the preceding year",,Reward Points,"Reward Points redeemable for e-vouchers, merchandise, mobile/DTH recharges, flight/hotel bookings on AU Rewardz portal, 1 Reward Point = Rs. 0.25",,"500 Bonus Reward Points on spending a minimum of Rs. 50,000 in a calendar quarter. Additional 1,000 Reward Points on achieving the quarterly expenditure milestone of Rs. 1 lakh. Vouchers worth Rs. 1,000 from top brands on a minimum expenditure of Rs. 2.5 lakh in an anniversary year.","{""domestic"": ""One Free Visit Each Quarter on Spending ₹50,000 or More Each Quarter"", ""international"": ""One Free Visit Each Quarter""}",,3.75% Per Month (45% Per Annum),2.99% of the transaction amount,"Fuel surcharge waived off at all filling stations across India for transactions between Rs. 400 and Rs. 5,000 (max waiver capped at Rs. 250 per month) | 2.5% of the Withdrawn Amount or ₹500 Whichever is Higher | ₹99 + GST","4 Reward Points per ₹100 on grocery and departmental store spends, 2 Reward Points per ₹100 on all other retail spends, and 1 Reward Point per ₹100 on utility bill payments. No Reward Points are earned on fuel purchases. 500 Bonus Reward Points on retail spends of ₹50,000 in a calendar quarter and an additional 1,000 Reward Points on achieving a quarterly spend milestone of ₹1 lakh. Vouchers worth ₹1,000 from top brands on spending a minimum of ₹2.5 lakh in an anniversary year. 1,000 Bonus Reward Points on completing one retail transaction on your birthday. Complimentary domestic and international airport lounge access. Complimentary IRCTC lounge access at select railway stations across India. 24×7 dedicated concierge service for travel, dining, and golf sessions-related assistance. 1% fuel surcharge waiver at all fuel stations across India. Comprehensive insurance protection includes Credit Shield cover, lost card liability protection, air accident insurance, and many other travel-related insurance covers.",[],[],,cardinsider.com,https://cardinsider.com/au-bank/vetta-credit-card/
AU Bank Xcite Ace Credit Card,AU Small Finance Bank,AU Small Finance Bank,,"[""AU Small Finance Bank"", ""AU Small Finance Bank Credit Cards""]",₹749 + GST,₹749 + GST,Annual Fee Waiver on Spends of ₹2 Lakh or More,,Reward Points,The earned cashback is directly credited to your accounts.,,,"{""domestic"": ""2 Free Domestic Lounge Visits on Spends of ₹20,000 Each Quarter"", ""international"": ""N/A""}",,"3.75% Per Month, i.e., 45% Annually",3.49% of the total amount,"1% fuel surcharge waiver on all fuel purchases, up to Rs. 250 per month. | 2.5% Subject to a Minimum of ₹100 | ₹99 + GST",Get up to 3% cashback on your spending using this card. Get complimentary railway lounge access every year. Get complimentary airport lounge access every year. Save up to 30% on your dining expenses. 1% fuel surcharge waiver on all fuel purchases. Get a free device protection plan and extended warranty.,[],[],,cardinsider.com,https://cardinsider.com/au-bank/xcite-ace-credit-card/
AU Bank Xcite Credit Card,AU Small Finance Bank,AU Small Finance Bank,,"[""AU Small Finance Bank"", ""AU Small Finance Bank Credit Cards""]",₹249 + GST,₹249 + GST,Annual Fee Waiver on Spends of ₹1 Lakh or More,,Reward Points,Redeem your earned Reward Points against a number of options available on the AU Rewardz portal.,,,"{""domestic"": ""N/A"", ""international"": ""N/A""}",,"3.75% Per Month, i.e., 45% Annually",3.49% of the total transaction amount,"1% fuel surcharge waiver on all fuel purchases between Rs. 400 and Rs. 5,000. | 2.5% Subject to a Minimum of ₹100 | ₹99 + GST",Up to 15 Reward Points on every spend of Rs. 100. 2x Reward Points on retail spends between the 1st and 5th of every month. Complimentary railway lounge access every year. Free device protection plan and extended warranty. Up to 30% discount on dining. 1% fuel surcharge waiver.,[],[],,cardinsider.com,https://cardinsider.com/au-bank/xcite-credit-card/
AU Xcite Ultra Credit Card,AU Small Finance Bank,AU Small Finance Bank,,"[""AU Small Finance Bank"", ""AU Small Finance Bank Credit Cards""]",₹749 + GST,₹749 + GST,Annual Fee Waiver on Spends of ₹2 Lakh or More,,Reward Points,The earned reward points can be redeemed against various options via the AU Rewardz portal at a rate of 1 RP = Re. 0.25.,,"The Xcite Ultra Card offers you milestone benefits based on your monthly and yearly spending, as given below: Get 500 bonus Reward Points on spending Rs. 5,000 or more within the first 5 days of a month. Expenses related to rent, wallet transactions, fuel, EMI (Equated Monthly Installments), and cash will not be considered. Get 5,000 bonus Reward Points on sending Rs. 2.5 lakhs or more in the previous anniversary year.","{""domestic"": ""2 Free Domestic Lounge Visits on Spends of ₹50,000 Each Quarter"", ""international"": ""N/A""}","Like every other credit card, there are some eligibility requirements associated with this card, and you need to fulfill these criteria in order to get approved for the Xcite Ultra Credit Card: The primary card applicant’s age should be between 21 and 60 years. The add-on card applicant must be at least 18 years old. The cardholder should be a resident of India. The applicant should possess a decent credit history.","3.75% Per Month, i.e., 45% Annually",3.49%,"1% Waiver on Fuel Transactions Between ₹400 and ₹5,000 | 2.5% Subject to a Minimum of ₹500 | ₹99 + GST","Earn additional 500 Reward Points per month. Up to 8 Reward points on every domestic spend of Rs. 100. Up to 12 Reward Points per international spend of Rs. 100. Get 5,000 bonus Reward points on achieving the spending milestone. Complimentary railway and airport lounge access. Get personal accident cover worth Rs. 50 lakhs. A 1% fuel surcharge waiver on all fuel purchases. Get dedicated concierge services.",[],[],,cardinsider.com,https://cardinsider.com/au-bank/xcite-ultra-credit-card/
AU Zenith Credit Card,AU Small Finance Bank,AU Small Finance Bank,,"[""AU Small Finance Bank"", ""AU Small Finance Bank Credit Cards"", ""Best Credit Cards Offering Meet & Greet Airport Services"", ""Best Credit Cards With Taj Epicure Membership""]","Rs. 7,999 + GST","Rs. 7,999 + GST","Joining fee can be waived on spending of Rs. 1.25 lakh within 90 days of card activation, annual fee can also be waived on spending Rs. 5 lakh in the previous year",,Reward Points,1 RP = ₹0.25,"Get welcome vouchers worth ₹5000 from Taj Hotels, Tata Cliq, Michael Kors, or other luxury brands. Customers can also opt for 5000 RPs as a welcome benefit.","Spend ₹50,000 or more in a statement cycle and earn 1,000 bonus reward points.","{""domestic"": ""2 Complimentary Lounge Access Every Quarter (8 Each Year) on Spending ₹20,000 Each Quarter"", ""international"": ""8 Free International Lounge Visits""}",,"3.75% Per Month, i.e., 45% Annually",1.99% of the transaction amount,1% fuel surcharge waived off at all fuel pumps all over India (no max cap applicable) | 2.5% Subject to a Minimum of ₹100 | ₹99 + GST,"10,000 Bonus Reward Points on completing retail spends worth Rs. 1 lakh within 60 days of card setup. Up to 5 Reward Points per Rs. 100 spent. 2,500 Bonus Reward Points on completing one retail transaction on your birthday. Lower foreign currency markup fee of 1.99% of the transaction amount. Complimentary (limited) domestic/international airport and IRCTC lounge access. Spend-based waiver of joining and annual fee.","[""With this credit card, you can get airport and railway lounge access."", ""The foreign currency markup fee is low at 1.99% of the transaction amount.""]","[""This card comes at a high joining fee of Rs. 7,999"", ""There are no golf and movie benefits provided with this card.""]",,cardinsider.com,https://cardinsider.com/au-bank/zenith-credit-card/
Airtel Axis Bank Credit Card,Axis Bank,Best Axis Bank,,"[""Best Axis Bank"", ""Best Axis Bank Credit Cards"", ""Best Credit Cards for Utility Bill Payments"", ""Top 20 Best Credit Cards in India 2026""]",₹500 + GST,₹500 + GST,Annual Charges Waived on Spends of ₹2 Lakh,,Cashback,Direct Cashback Against Statement,,,"{""domestic"": ""N/A"", ""international"": ""N/A""}","If you want to get the Airtel Axis Bank Credit Card, you need to fulfill the following eligibility criteria in order to get approved for this credit card. However, the bank may have some internal criteria as well. The applicant should be between 18 and 70 years old. The applicant should have a stable source of income. The applicant should be a resident of India.",3.75% Per Month (55.55% Per Annum),3.50%,"1% fuel surcharge waiver on all transactions between Rs. 400 and Rs. 4,000. | Min of ₹500 Up to 2.5% of the Cash Withdrawn | Nil","Amazon gift voucher worth ₹250 as a welcome benefit. Up to 25% cashback on Airtel Mobile, broadband, and DTH bill spends via the Airtel Thanks app. 10% cashback on gas, electricity, and water bill payments via the Airtel Thanks app. 10% valueback on Zomato, Blinkit, and District Movies. 1% cashback on all other retail spends using the Airtel Axis Bank Credit Card. 1% fuel surcharge waiver. Spend-based waiver of the annual fee.","[""10% value back on Zomato, Blinkit, and District Movies (up to ₹200 per partner per month)""]","[""The card doesn’t make much sense anymore due to its complicated reward structure. Cashback on utility bill payments now depends entirely on how much you spend in the 1% category."", ""Your spending in the 1% category decides the cashback limit for higher categories, which makes the card confusing and less rewarding for users.""]",,cardinsider.com,https://cardinsider.com/axis-bank/airtel-axis-bank-credit-card/
Axis Bank ACE Credit Card,Axis Bank,Best Axis Bank,Visa,"[""Best Axis Bank"", ""Best Axis Bank Credit Cards"", ""Best Credit Cards for Utility Bill Payments""]",₹499 + GST,₹499 + GST,Annual Charges Waived on Spends of ₹2 Lakh or More,,Cashback,Your earned cashback is automatically credited to the cardholders’ accounts.,,,"{""domestic"": ""4 complimentary airport lounge visits to domestic airport lounges per year"", ""international"": ""N/A""}","Axis Bank needs to stipulate any well-defined income criteria for the card clearly. However, you must qualify for the following basic eligibility conditions- You must be within the age bracket of 18 years and 70 years. You must be a resident of India. You must have a steady income along with a decent credit score.",3.75% Per Month or 55.55% Annualized,3.5% of the transaction amount,"1% Surcharge Waiver for Purchases Worth Between ₹400 and ₹4,000 (Maximum Waiver of ₹500/Statement Cycle) | 2.5% of the withdrawn amount, subject to a minimum amount of Rs. 500. | Nil","5% cashback on bill payments and mobile recharges on Google Pay. 4% cashback on Swiggy, Zomato, and Ola. 1.5% cashback on all other purchases (with a few exceptions). 4 free domestic lounge visits every year. 1% fuel surcharge waiver with a maximum cap of Rs. 500 each statement cycle. A discount of up to 15% on dining at over 4000+ restaurants. Spend-based joining & annual fee waiver.","[""Axis Bank ACE Card offers an amazing reward rate of 5% on mobile/DTH recharges and bill payments via Google Pay and also a good reward rate of 4% on spends at Zomato , Swiggy, and Ola."", ""ACE Credit Card entitles you to 4 complimentary lounge access at domestic airports across the country- a benefit that you do not get with most other entry-level credit cards."", ""One of the best features of the Axis Bank ACE Credit Card is that there is no max capping on the regular 1.5% cashback that can be earned in a given payment cycle."", ""Although Axis Bank ACE Credit Card is not a lifetime free card- it comes with an annual fee of only Rs. 499, which can be easily waived off on a minimum expenditure of Rs. 2 lacs in the preceding year."", ""The card does not earn any cashback on certain categories of spend, including fuel spends, wallet reloads, purchases converted into EMIs, gold items, and cash advances."", ""The cashback earned at non-partner merchants (except Google Pay, Zomato, Swiggy, and Ola) is just 1.5%."", ""You are looking for a cashback-based entry-level credit card and use Google Pay frequently for bill payments and mobile/DTH recharges."", ""You frequently dine in and order food online via Swiggy/Zomato."", ""You want an entry-level credit card that also provides the free airport lounge access privilege."", ""You do not prefer Google Pay for mobile/DTH recharges and bill payments."", ""If you have an Apple smartphone, cashback is valid only on the Google Pay application."", ""You make a lot of purchases on EMIs, as you do not get any cashback for EMI purchases."", ""5% cashback on bill payments (electricity, gas, internet, etc.) and mobile and DTH recharge with the card via Google Pay."", ""4% cashback on Swiggy, Zomato and Ola."", ""1.5% cashback on all other spends with the card."", ""5% Cashback on Amazon, BookMyShow, Cult.fit, Flipkart, Myntra, Sony LIV, Swiggy, Tata CLiQ, Uber and Zomato."", ""1% cashback on all other spends."", ""2 Cash Points per Rs. 150."", ""5x Points on purchases converted into EMIs."", ""10x CashPoints on Amazon, Flipkart, Swiggy, Reliance Smart Store."", ""The 5% and 4% cashback categories have a combined maximum capping of Rs. 500 per statement cycle. There is no capping on the 1.5% cashback category, and you can earn unlimited cashback."", ""Maximum 2,000 CPs in a month- 1,000 at a 5% rate and 1,000 at a 1% rate."", ""Maximum 2,500 CPs at 5x rate and 2,500 CPs at 10x rate."", ""No max capping applicable on CPs earned at a normal rate"", ""Cashback is adjusted against the card’s statement balance."", ""1 CP = Re. 1 (cashback)"", ""1 CP = Rs. 0.30 (product catalog)"", ""1 CP = Rs. 0.30 (flight/hotel bookings via SmartBuy)"", ""1 CP = Rs. 0.30 (AirMiles)"", ""1 CP = Rs. 0.25 (cashback)"", ""1 CP = Rs. 0.25 (product catalog)"", ""1 CP = Rs. 0.25 (flight/hotel bookings via SmartBuy)"", ""1 CP = Rs. 0.25 (AirMiles)"", ""Rs. 1,000 (plus GST), waived off on an annual expenditure of Rs. 1 lac."", ""You must be within the age bracket of 18 years and 70 years."", ""You must be a resident of India."", ""You must have a steady income along with a decent credit score.""]","[""The card does not earn any cashback on certain categories of spend, including fuel spends, wallet reloads, purchases converted into EMIs, gold items, and cash advances."", ""The cashback earned at non-partner merchants (except Google Pay, Zomato, Swiggy, and Ola) is just 1.5%."", ""You are looking for a cashback-based entry-level credit card and use Google Pay frequently for bill payments and mobile/DTH recharges."", ""You frequently dine in and order food online via Swiggy/Zomato."", ""You want an entry-level credit card that also provides the free airport lounge access privilege."", ""You do not prefer Google Pay for mobile/DTH recharges and bill payments."", ""If you have an Apple smartphone, cashback is valid only on the Google Pay application."", ""You make a lot of purchases on EMIs, as you do not get any cashback for EMI purchases."", ""5% cashback on bill payments (electricity, gas, internet, etc.) and mobile and DTH recharge with the card via Google Pay."", ""4% cashback on Swiggy, Zomato and Ola."", ""1.5% cashback on all other spends with the card."", ""5% Cashback on Amazon, BookMyShow, Cult.fit, Flipkart, Myntra, Sony LIV, Swiggy, Tata CLiQ, Uber and Zomato."", ""1% cashback on all other spends."", ""2 Cash Points per Rs. 150."", ""5x Points on purchases converted into EMIs."", ""10x CashPoints on Amazon, Flipkart, Swiggy, Reliance Smart Store."", ""The 5% and 4% cashback categories have a combined maximum capping of Rs. 500 per statement cycle. There is no capping on the 1.5% cashback category, and you can earn unlimited cashback."", ""Maximum 2,000 CPs in a month- 1,000 at a 5% rate and 1,000 at a 1% rate."", ""Maximum 2,500 CPs at 5x rate and 2,500 CPs at 10x rate."", ""No max capping applicable on CPs earned at a normal rate"", ""Cashback is adjusted against the card’s statement balance."", ""1 CP = Re. 1 (cashback)"", ""1 CP = Rs. 0.30 (product catalog)"", ""1 CP = Rs. 0.30 (flight/hotel bookings via SmartBuy)"", ""1 CP = Rs. 0.30 (AirMiles)"", ""1 CP = Rs. 0.25 (cashback)"", ""1 CP = Rs. 0.25 (product catalog)"", ""1 CP = Rs. 0.25 (flight/hotel bookings via SmartBuy)"", ""1 CP = Rs. 0.25 (AirMiles)"", ""Rs. 1,000 (plus GST), waived off on an annual expenditure of Rs. 1 lac."", ""You must be within the age bracket of 18 years and 70 years."", ""You must be a resident of India."", ""You must have a steady income along with a decent credit score.""]",,cardinsider.com,https://cardinsider.com/axis-bank/axis-bank-ace-credit-card/
Axis Bank Atlas Credit Card,Axis Bank,Best Axis Bank,,"[""Best Axis Bank"", ""Best Axis Bank Credit Cards"", ""Best Credit Cards To Earn Club Vistara Points India""]","₹5,000 + GST","₹5,000 + GST",N/A,,Air Miles,"Transfer to Partner Airlines and Hotel Loyalty Programs. 1 EDGE Mile = 2 Partner Miles (Except Lotusmiles, The British Airways Club, and Finnair Plus)","You get 2,500 EDGE Miles as a welcome gift on successfully completing 1 transaction within 37 days of the card set-up date.","A particular spend amount is pre-decided by the bank for each tier. Upon achieving that milestone spend the amount of your respective tier, and you will be credited with Bonus Edge Miles of your tier. You get Bonus Edge Miles on achieving the spend targets with your Axis Bank Atlas Credit Card. Transactions made for Gold/Jewellery, Rent, Wallet, Government Institutions, Insurance, Fuel, and Utilities merchants will not be counted towards Milestone achievement and Tier evaluation thresholds.","{""domestic"": ""8 With Silver Tier, 12 With Gold Tier, and 18 With Platinum Tier (Each Year)"", ""international"": ""4 per annum under Silver Tier, 6 per annum under Gold Tier and 12 per annum under Platinum Tier""}",The table given below summarizes the eligibility criteria for the Axis Bank Atlas credit card: Salaried – ₹12 Lakhs and above Self-Employed – ₹15 Lakhs and Above,3.75% Per Month (55.55% Annually),3.5% of the transaction amount,"1% Waiver for Fuel Transactions Between ₹400 and ₹4,000 (Capped at ₹400 Per Statement Cycle) | 2.5% of the withdrawal amount (subject to min charge of Rs. 500) | ₹99 + GST for Redemption of EDGE Miles and ₹199 + GST for Conversion of EDGE Miles to Partner Points","Reward Points are earned as Axis Bank EDGE Miles. 2,500 EDGE Miles as a joining benefit. 5 EDGE Miles/₹100 on all travel spends with the card. Cards are available in three tiers of membership: silver, gold, and platinum. Bonus Edge Miles on reaching specified spending milestones with the card. 25% off up to ₹800 via EazyDiner at partner restaurants. Complimentary access to domestic and international airport lounges.","[""You will receive 2,500 EDGE Miles as a welcome bonus, which can be redeemed for travel and other benefits later.""]","[""The Axis Bank Atlas Credit Card doesn’t include any golf benefits."", ""Unfortunately, this credit card does not offer any insurance benefits.""]",,cardinsider.com,https://cardinsider.com/axis-bank/axis-bank-atlas-credit-card/
Axis Bank AURA Credit Card,Axis Bank,Best Axis Bank,,"[""Best Axis Bank"", ""Best Axis Bank Credit Cards"", ""Best Health and Wellness Credit Cards""]",₹749 + GST,₹749 + GST,N/A,,Reward Points,Redeem Points for Vouchers and Products on the Axis Bank EDGE Rewards Portal,,,"{""domestic"": ""N/A"", ""international"": ""N/A""}",The age of the primary cardholder must lie between 18 years and 70 years. The age of the add-on cardholder must be 15 years or above. The applicant should either be a resident of India or a non-resident Indian.,3.75% Per Month (55.55% Annually),3.50%,"1% fuel surcharge waived off at all fuel stations for transactions between Rs. 400 and Rs. 4,000 (max waiver of Rs. 250 in a month) | 2.5% of the Withdrawn Amount (Minimum of ₹500) | ₹99 + GST",Decathlon voucher worth Rs. 750 as a welcome benefit on card issuance. 4  free video doctor consultations per month on Practo. 4 interactive video fitness sessions and 16 recorded sessions per month via Fitternity. Annual discount of up to Rs. 500 on health check-ups. Minimum 30% discount on nutritional/diet consultations from partner nutritionists. Minimum 30% discount on nutritional food. 2 EDGE Points per Rs. 200 spent with the card. Accelerated (5X) EDGE Points per Rs. 200 spent with the card. Up to 20% discount on dining bills at partner restaurants with Axis Bank Dining Delights Program.,[],"[""You can avail of the free video consultations and sessions by logging in to https://axisbankaura.poshvine.com/ using your registered mobile number.""]",,cardinsider.com,https://cardinsider.com/axis-bank/axis-bank-aura-credit-card/
Axis Bank Burgundy Private Credit Card,Axis Bank,Best Axis Bank,,"[""Best Axis Bank"", ""Best Axis Bank Credit Cards"", ""Best Credit Cards Offering Meet & Greet Airport Services"", ""Best Credit Cards With Taj Epicure Membership"", ""Best Low Interest Credit Cards 2026"", ""Top 10 Super Premium Credit Cards in India""]","₹50,000 + GST (Nil for Burgundy Private Account Holders)","₹50,000 + GST (Nil for Burgundy Private Account Holders)",N/A,,Reward Points,Transfer EDGE Points to Partner Airlines and Hotel Programs at a Ratio of 5:4,,,"{""domestic"": ""Unlimited complimentary domestic lounge access."", ""international"": ""Unlimited complimentary international lounge access.""}",The Burgundy Private account holders with a TRV (Total Relationship Value) of Rs. 5 Crores or more within the first 12 months after account opening are eligible for the Axis Bank Burgundy Private Credit Card.,1.5% per month,Nil,"Surcharge waiver of 1% on all transactions between Rs. 400 & Rs. 4,000. | Nil | Nil","15 Edge Reward points on every Rs. 200 you spend using your Axis Bank Burgundy Private Credit Card. Complimentary EazyDiner Membership. Complimentary Club Marriott, Taj Epicure, and ALL Accor+ Explorer membership. Up to 5 complimentary movie and non-movie tickets every month on BookMyShow. Unlimited complimentary domestic lounge access. Unlimited complimentary international lounge access. 50 complimentary golf rounds every year. No cash advance charges & no forex markup fee. Air accident insurance coverage worth Rs. 4.5 crores. 24*7 concierge services. 1% fuel surcharge waiver up to Rs. 400 per month.",[],[],,cardinsider.com,https://cardinsider.com/axis-bank/axis-bank-burgundy-private-credit-card/
Axis Bank Cashback Credit Card,Axis Bank,Best Axis Bank,,"[""Best Axis Bank"", ""Best Axis Bank Credit Cards"", ""Best Cashback Credit Cards in India"", ""Top 20 Best Credit Cards in India 2026""]","₹1,000 + GST","₹1,000 + GST",Annual Fee Waiver on Spends of ₹4 Lakh or More,,Cashback,Cashback Credited to Statement,"Cardholders shall be eligible for 5,000 EDGE Reward Points worth ₹1,000 on making the first transaction with the Axis Cashback Credit Card. There are no minimum spend-based criteria to be eligible for this benefit, and spending made by both add-on and primary cards shall be considered.",,"{""domestic"": ""N/A"", ""international"": ""N/A""}",The eligibility criteria for the Axis Bank Cashback Credit Card are as follows: Age: 18-60 years Residential Status: Indian Residents or NRIs Income: Regular income source Employment: Salaried/ self-employed with income proof,3.75% Monthly (55.55% Annually),3.50%,N/A | 2.5% of the Withdrawn Amount or ₹500 | N/A,"Welcome benefits worth ₹1,000. 2% on online spending up to ₹5,000. 5% on online spending between ₹5,001 and ₹40,000. 7% on online spending above ₹40,000. Discount on EazyDiner up to ₹800.",[],"[""There is no fuel surcharge waiver offered with this card."", ""The spend threshold for the renewal fee waiver is set quite high at ₹4 lakh.""]",,cardinsider.com,https://cardinsider.com/axis-bank/axis-bank-cashback-credit-card/
Axis Bank Freecharge Credit Card,Axis Bank,Best Axis Bank,,"[""Best Axis Bank"", ""Best Axis Bank Credit Cards""]",Rs. 250 + GST,Rs. 250 + GST,"The annual fee is waived off on spending Rs. 50,000 or more in the previous year.",,Cashback,The earned EDGE Reward Points can be redeemed through the Edge Rewards website of the Axis Bank. 1 Edge Reward = Re. 0.20.,,,"{""domestic"": ""N/A"", ""international"": ""N/A""}",The applicants need to fulfil the following eligibility criteria in order to get approved for the Axis Bank Freecharge Credit Card: The age of the applicant should be above 21 years. The applicant should be a resident of India. The applicant should have a stable source of income. The applicant should have a decent credit history.,3.4% per month,3.5% of the transacted amount,"1% fuel surcharge is waived off for all fuel transactions between Rs. 400 and Rs. 4,000. | 3.5% of the amount withdrawn or Rs. 250 (whichever is higher) | Nil",Get the virtual credit card instantly on the Freecharge app. Welcome gift vouchers worth up to Rs. 700. Earn 1% cashback on all your spends. 5% cashback on your spends on the Freecharge app. Up to 50% off on Eros Now annual subscription. Up to Rs. 150 off every month on Shuttl. A credit of up to Rs. 100 every month on Fresh Menu.,[],[],,cardinsider.com,https://cardinsider.com/axis-bank/axis-bank-freecharge-credit-card/
Axis Bank Freecharge Plus Credit Card,Axis Bank,Best Axis Bank,,"[""Best Axis Bank"", ""Best Axis Bank Credit Cards""]",Nil,Rs. 350 + GST,"The renewal fee is waived off on spending Rs. 50,000 or more in the previous year.",,Cashback,Edge Reward Points can be redeemed against various products at a rate of 1 RP = Re. 0.20.,,,"{""domestic"": ""N/A"", ""international"": ""N/A""}",The age of the primary cardholder should be above 21 years. The applicant should have a stable source of income. The applicant should have a decent credit history.,3.6% per month (52.86 per annum),3.5% on all foreign currency spends.,N/A | 2.5% of the withdrawn amount or Rs. 500 (whichever is higher) | Nil,Unlimited 5% cash back on all your Freecharge spends. 2% cashback on local commute. Up to 20% discount on dining. Spend-based waiver of the renewal fee. 1% fuel surcharge waiver on all fuel transactions.,[],[],,cardinsider.com,https://cardinsider.com/axis-bank/axis-bank-freecharge-plus-credit-card/
Axis Bank Horizon Credit Card,Axis Bank,Best Axis Bank,"Visa, Mastercard","[""20+ Best Travel Credit Cards"", ""Best Axis Bank"", ""Best Axis Bank Credit Cards"", ""Best Co-Branded Airline Credit Cards"", ""Best Credit Cards for Air India Maharaja Club"", ""Best Credit Cards for Club ITC Points/ITC Culinaire Membership"", ""Best Credit Cards for Free Domestic Airport Lounge Access"", ""Best Credit Cards for Free International Airport Lounge Access"", ""Best Credit Cards for IHG Hotels and Resorts in India"", ""Best Credit Cards for International Travel 2026"", ""Best Credit Cards for Jewellery Spends"", ""Best Credit Cards for United Airlines MileagePlus Miles"", ""Best Credit Cards in India for Qatar Airways Privilege Club (Avios)"", ""Best Credit Cards in India to Earn Etihad Guest Miles"", ""Best Credit Cards to Earn KrisFlyer Miles"", ""Best Credit Cards to Earn Turkish Miles & Smiles"", ""Best Hotel Credit Cards"", ""Top 20 Best Credit Cards in India 2026""]","₹3,000 + GST (Nil for Burgundy Savings Account)","₹3,000 + GST (Nil for Burgundy Savings Account)",N/A,,Reward Points,"Redeem at Travel Edge. Also, Convert to Partner Points",,,"{""domestic"": ""6 Per Calender Quarter With Mastercard World Variant and 8 Per Calender Quarter With Visa Signature Variant"", ""international"": ""8 Each Year (2 Every Quarter)""}",,3.75% Monthly (55.55% Annually),3.50%,"1% Waiver on Transactions Between ₹400 and ₹5,000 (Maximum 400 in a Month) | 2.5% Per Month (Minimum Rs. 500) | None","Get 5,000 EDGE Miles as a welcome benefit. Earn 5 EDGE Miles/₹100 spent on travel edge portal and airlines spends. Get eight international lounge visits across the globe with the Horizon Credit Card. This card offers discounts on dining with the Axis Bank Dining Delights Program.",[],"["""", """"]",,cardinsider.com,https://cardinsider.com/axis-bank/axis-bank-horizon-credit-card/
Axis Bank KWIK RuPay Credit Card,Axis Bank,Best Axis Bank,RuPay,"[""Best Axis Bank"", ""Best Axis Bank Credit Cards""]",Nil,Nil,N/A,,Reward Points,"RPs can be redeemed against products, vouchers, flight/hotel tickets, Airmiles, etc.",,,"{""domestic"": ""N/A"", ""international"": ""N/A""}","You must meet the following eligibility requirements in order to apply for the Axis Bank Kwik credit card – The applicant must be at least 18 to 70 years of age The applicant must be an Indian citizen The applicant must have a stable income source and decent credit score When applying for the Kwik credit card, the applicant must provide the following documents – ID Proof – Aadhar Card, PAN Card, Driver’s License, Passport, etc. Address Proof – Aadhar Card, Rent Agreement, Ration Card, Passport, Latest Utility Bills, etc. Income Proof – Salaried individuals need to provide their latest salary slips and bank statements. Self-employed individuals need to provide their audited ITR of the previous year.",3.6% per month and 52.86% per annum.,3.5% of the transaction amount,"1% fuel surcharge waiver on transactions between Rs. 400 to Rs. 4000 | N/A | The reward redemption fee is Rs. 49 to redeem 300 to 10,000 RPs, and Rs. 99 if you want to redeem more than 10,000 points.",Lifetime free credit card without joining or annual fees Receive a virtual card instantly on the Kiwi mobile app after getting approved Easily activate the card and set up UPI PIN to make UPI transactions 2 EDGE RPs per Rs. 200 spent on domestic and international spends 1% fuel surcharge waiver on transactions between Rs. 400 and Rs. 4000,"[""This is a lifetime free credit card."", ""Receive your virtual credit card instantly.""]","[""There is no international or domestic lounge access provided with the Axis Bank KWIK Rupay Credit Card""]",,cardinsider.com,https://cardinsider.com/axis-bank/axis-bank-kwik-rupay-credit-card/
Axis Bank Magnus Credit Card,Axis Bank,Best Axis Bank,,"[""Best Axis Bank"", ""Best Axis Bank Credit Cards"", ""Best Credit Cards To Earn Club Vistara Points India"", ""Best Credit Cards for IHG Hotels and Resorts in India"", ""Best Credit Cards for United Airlines MileagePlus Miles"", ""Best Credit Cards in India to Earn Etihad Guest Miles"", ""Best Credit Cards to Earn Turkish Miles & Smiles""]","₹12,500 + GST (Nil for Burgundy Salary Account)","₹12,500 + GST (Nil for Burgundy Salary Account)",Annual Fee Waiver on Spends of ₹25 Lakh,,Reward Points,Axis EDGE REWARDS Points can be redeemed on the EDGE REWARDS portal at a value of 1 Edge Reward = Re. 0.20 or Transfer to Partner Airlines/Hotels Rewards Program.,"As a welcome benefit, primary cardholders can choose one of the following options worth up to ₹12,500: A complimentary one-way domestic economy flight ticket. A Luxe Gift voucher worth up to ₹12,500. A Postcard Hotels gift voucher worth up to ₹12,500.",,"{""domestic"": ""Unlimited Free Domestic Airport Lounge Access for Primary and Add-On Cardholders on Spends of ₹50,000 or More in the Previous Quarter"", ""international"": ""Unlimited Complimentary International Airport Lounge Access Via Priority Pass""}","The card is available only to Axis Bank Burgundy customers who satisfy the bank’s Burgundy Relationship Eligibility Criteria. You may qualify by meeting any one of the following: Maintain an Average Monthly Balance (AMB) of ₹10 lakh in an Axis Bank Savings Account. Maintain an Average Monthly Balance of ₹10 lakh across Savings and Current Accounts. Maintain a Total Relationship Value (TRV) of ₹30 lakh. Maintain a TRV of ₹1 crore, including Demat holdings. Receive a net monthly salary of ₹3 lakh or above in an Axis Bank Salary Account. Receive foreign inward remittances of at least ₹40 lakh in the last 12 months (for NRIs).",3.0% per month (42.58% annually),2%,1% fuel surcharge waived off at all fuel stations across India | Nil | Nil,"₹12,500 worth of gift vouchers from Luxe, Postcard Hotels, or Yatra as a welcome benefit 12 Axis EDGE REWARDS Points for every ₹200 spent on retail purchases up to ₹1.5 Lakhs. Earn 35 RPs per ₹200 after exceeding the monthly spend of ₹1.5 Lakhs Earn 60 Axis EDGE REWARDS Points for every ₹200 spent on the Travel Edge portal up to ₹2 Lakhs. Earn 35 RPs per ₹200 after exceeding the monthly spend of ₹2 Lakhs Unlimited domestic airport lounge access every year. Unlimited complimentary international lounge visits every year with Priority Pass. Discounted stays at Oberoi Hotels. 15% discount up to Rs 1,000 via Eazydiner at 4,000+ restaurants across India under the Axis Bank Dining Delights program. Credit Shield cover (against misuse of the card) worth ₹5 lakh and purchase protection worth ₹2 lakh with Axis Bank Magnus Card. Lower interest rate (3% per month), foreign currency markup (2%), and zero cash withdrawal fee.","[""There are no cash withdrawal charges with this card."", ""Unlimited international and domestic lounge access with the Magnus Credit Card.""]","[""The annual income required to be eligible for the Axis Bank Magnus Credit Card is very high, at ₹24 lakh."", ""There are no golf benefits with this card."", ""Several benefits have now been removed from the Magnus Credit Card (as of May 2024) such as BOGO offers on movie bookings and concierge services.""]",,cardinsider.com,https://cardinsider.com/axis-bank/axis-bank-magnus-credit-card/
Axis Bank Miles & More Credit Cards,Axis Bank,Best Axis Bank,,"[""Best Axis Bank"", ""Best Axis Bank Credit Cards""]","₹10,000 + GST for Miles & More Select & ₹3,500 + GST for Miles & More World","₹4,500 + GST for Miles & More Select & ₹3,500 + GST for Miles & More World",N/A,,Air Miles,"Miles are redeemable for flight bookings, hotel reservations, car rentals, shopping or for donations",,,"{""domestic"": ""Up to 8 Domestic Lounge Visits Per Quarter with World Select and 4 Visits Per Quarter with World Credit Card (Spends Criteria Applicable)"", ""international"": ""4 Complimentary Priority Pass Lounge Visits Per Year with Axis Bank Miles & More World Select Credit Card and 2 Complimentary Priority Pass Lounge Visits Per Year with Axis Bank Miles & More World Credit Card""}",,3.75% Per Month (55.55% Annually),3.5% of the transaction amount,"1% fuel surcharge waived off on fuel purchases at all fuel stations across India (for transactions between Rs. 400 and Rs, 4,000) | 2.5% (minimum Rs. 500) of the withdrawn amount | Nil","15,000 miles on Axis Bank Miles & More Select Credit Card; 5,000 award miles on Axis Bank Miles & More World Credit Card as a welcome bonus. Annual bonuses of 4,000 and 3,000 reward miles on the Miles & More Select and Miles & More World Credit Cards, respectively. Complimentary Priority Pass membership with 4 (Axis Bank Miles & More Select Credit Card) or 2 (Axis Bank Miles & More World Credit Card) complimentary airport lounge access per year at select airports. 8 complimentary domestic airport lounge access per quarter with Axis Bank Miles and More Select Credit Card and 4 complimentary domestic lounge access per quarter with Axis Bank Miles and More World Credit Card. Preferred rates on Axis Bank loans with both variants of the Miles & More Credit Card. Minimum 15% off at partner restaurants with the Axis Bank Dining Delights program. 1% fuel surcharge on transactions between Rs. 400 and Rs. 4,000 at all fuel stations across India.",[],[],,cardinsider.com,https://cardinsider.com/axis-bank/axis-bank-miles-more-credit-card/
Axis Bank My Wings Credit Card,Axis Bank,Best Axis Bank,Mastercard,"[""Best Axis Bank"", ""Best Axis Bank Credit Cards""]","Rs. 1,200 + GST",Rs. 500 + GST,N/A,,Reward Points,EDGE Points earned are redeemable for shopping/travel vouchers or products (from the given catalog) on the EDGE Rewards portal.,,,"{""domestic"": ""1 complimentary domestic lounge access per quarter"", ""international"": ""N/A""}",,3.75% Per Month (55% Per Annum),3.50% of the transaction amount,"1% fuel surcharge waived off at all filling stations across India for transactions between Rs. 400 and Rs. 4,000 (max waiver capped at Rs. 400 per month) | 2.50% or a minimum of Rs. 500 | ₹99 + GST","2 complimentary base fare domestic flight tickets on Ezeego1. 1 complimentary domestic airport lounge access under the MasterCard lounge program. Up to 20% cashback on base fare domestic flight bookings via Ezeego1. Rs. 25 off on every ticket booked via IRCTC. Cashback benefits worth Rs. 10,000 on hotel and holiday bookings (details below). Rs. 100 cashback on bus ticket bookings via Ezeego1. Flat Rs. 400 cashback on card rentals within India. 4 EDGE Points for every Rs. 200 spent with the card.",[],[],,cardinsider.com,https://cardinsider.com/axis-bank/axis-bank-my-wings-credit-card/
Axis My Zone Credit Card,Axis Bank,Best Axis Bank,,"[""Best Axis Bank"", ""Best Axis Bank Credit Cards"", ""Best Credit Cards for Movie Tickets in India""]",₹500 + GST,₹500 + GST,N/A,,Reward Points,EDGE Points earned on the card are redeemable against shopping/travel vouchers or for purchasing products on the Axis Bank EDGE Rewards Portal,,"Cardholders who spend ₹1.5 lakh in a card anniversary year will be eligible to earn 1,000 EDGE Reward Points as a milestone reward. This benefit applies to customers onboarded from 1 April 2025 onwards. The total spend will be evaluated 60 days after the card anniversary date to account for any reversals or cancellations, and eligible customers will receive the points within 90 days of achieving the milestone. However, spends on categories such as movies, fuel, insurance, utilities, rent, wallets, jewellery, education, and government institutions will not be counted towards this milestone calculation.","{""domestic"": ""1 Complimentary Lounge Access Every Quarter (4 Each Year)"", ""international"": ""N/A""}",,3.75% Per Month (55.55% Per Annum),3.5% of the transaction amount,"1% fuel surcharge waived off at all filling stations across India for transactions between Rs. 400 and Rs. 4,000 (max waiver capped at Rs. 400 per month) | 2.5% of the withdrawal amount subject to a minimum charge of Rs. 500 | ₹99 + GST","Complimentary SonyLiv Premium annual subscription as a joining benefit. 4 EDGE Points per ₹200 spent with the Axis Bank My Zone Credit Card. Discount on Swiggy of ₹120 per order (minimum order value of ₹500 required). Buy One Get One offer on movie ticket bookings via District. 1 complimentary domestic airport lounge access per quarter. Flat discount of ₹1,000 on AJIO on minimum spends of ₹2,999. 15% off up to ₹500 on a minimum order of ₹1500 with the EazyDiner program.","[""Incredibly beneficial for moviegoers, this card offers excellent one-plus-one deals on bookings with District by Zomato."", ""The Axis Bank My Zone Credit Card provides great discounts on Swiggy orders. Use coupon code “Axis 120” to avail of this offer.""]","[""Although this card offers free airport lounge access, it can only be availed on making spends of ₹50,000 or more in the previous quarter."", ""No Reward Points for spends on movie ticket booking.""]",,cardinsider.com,https://cardinsider.com/axis-bank/axis-bank-my-zone-credit-card/
Axis Bank Neo Credit Card,Axis Bank,Best Axis Bank,,"[""Best Axis Bank"", ""Best Axis Bank Credit Cards"", ""Best Credit Cards for Beginners"", ""Best Lifetime Free Credit Cards India 2026"", ""Best Student Credit Cards India 2026""]",Lifetime Free (Limited Time Only),Lifetime Free (Limited Time Only),N/A,,Reward Points,1 EDGE RP = ₹0.20,,,"{""domestic"": ""N/A"", ""international"": ""N/A""}","Each credit card has different eligibility criteria that applicants must meet to be approved for that card. The basic eligibility for any credit card is determined by a few factors, including your age, income, and credit history. However, the card issuer may also have some internal criteria. The following are the basic eligibility criteria for the Axis Bank Neo Credit Card: The applicant’s age should be between 18 and 70 years. The applicant should have a stable source of income. The applicant should be a resident of India or a non-resident Indian.",3.75% Per Month (55.55% Per Annum),3.50%,1% fuel surcharge waived at all petrol pumps across India on transactions between Rs. 400 – Rs. 4000. | 2.50% or a minimum of Rs. 500 | ₹99 + GST,Earn 1 EDGE Reward Point for every ₹200 spent using the card. Redeem your EDGE Reward Points against 500+ reward options. Get ₹120 off on Zomato food delivery using the Axis Bank Neo Credit Card. Enjoy 15% discount at select partner restaurants. Get 10% instant discount on Blinkit and BookMyShow. Avail a 1% fuel surcharge waiver at fuel stations across India.,"[""Get 10% off while booking movies with BookMyShow."", ""This card offers a discount on Zomato and even at partner restaurants via the Axis Dining Delights program.""]","[""There are no insurance benefits provided with this card."", ""You can’t access international or domestic lounges at airports in India with the Axis Bank Neo Credit Card."", ""The Axis Neo Credit Card offers a very poor reward rate of just 0.10%.""]",,cardinsider.com,https://cardinsider.com/axis-bank/axis-bank-neo-credit-card/
Axis Bank Olympus Credit Card,Axis Bank,Best Axis Bank,,"[""10+ Best Rewards Credit Cards in India 2026"", ""20+ Best Travel Credit Cards"", ""Best Axis Bank"", ""Best Axis Bank Credit Cards"", ""Best Credit Cards Offering Meet & Greet Airport Services"", ""Best Credit Cards With Taj Epicure Membership"", ""Best Credit Cards for Free Domestic Airport Lounge Access"", ""Best Credit Cards for IHG Hotels and Resorts in India"", ""Best Credit Cards for International Travel 2026"", ""Best Credit Cards in India for Qatar Airways Privilege Club (Avios)"", ""Best Credit Cards with Concierge Services"", ""Top 10 Super Premium Credit Cards in India""]","₹20,000 + GST","₹20,000 + GST",N/A,,Reward Points,Redeem on Travel Edge (1 EDGE Mile = 4 Partner Points),,,"{""domestic"": ""Unlimited Airport Lounge Access"", ""international"": ""Unlimited International Airport Lounge Access With Priority Pass""}",,3.6% Monthly (52.86% Annually),1.8% + GST (Effectively Costing 2.12%),1% Fuel Surcharge Waiver | 2.5% (Minimum of ₹500) | N/A,Axis Olympus is a super premium credit card with high rewards and a great point redemption program. Cardholders can earn 2 EDGE Mile/₹100 on international and 1 EDGE Mile/₹100 on domestic spending. This card offers frequent travelers unlimited international and domestic airport lounge access.,[],"["""", """"]",,cardinsider.com,https://cardinsider.com/axis-bank/axis-bank-olympus-credit-card/
Axis Bank Platinum Credit Card,Axis Bank,Best Axis Bank,,"[""Best Axis Bank"", ""Best Axis Bank Credit Cards""]",Rs. 500,Rs. 200,"The joining fee is waived on spending Rs. 5,000 within 45 days of card setup & the renewal fee is waived off on spending Rs. 1,00,000 in the previous year.",,Reward Points,"The accumulated EDGE REWARD points can be redeemed for purchasing vouchers, mobiles & accessories, and much more exciting products. 1 Edge Reward Point = Re. 0.20.",,,"{""domestic"": ""N/A"", ""international"": ""N/A""}","If you want to get the Platinum Credit Card by Axis Bank, you will have to fulfill the eligibility requirements that are mentioned below: The age of the applicant should be between 18 years and 70 years. The applicant should either be salaried or self-employed. The applicant should have a decent credit history.",3.4% per month ( 40.80 per annum),3.5% on all foreign currency transactions,A 1% fuel surcharge waiver on purchasing fuel worth between Rs. 400 – Rs. 4000 at all petrol pumps across India. | 2.50% subject to a minimum charge of Rs. 500 | Nil,Earn 100 EDGE REWARD points on your first online transaction. 6 Edge Rewards on every Rs. 200 spent on domestic purchases. 2x Edge Rewards on international transactions. A cashback of 25% on movie tickets. Get 15 % off on dining at partnered restaurants in India. Spend-based joining and annual fee waiver. 1% fuel surcharge waiver up to Rs. 400 per month.,[],[],,cardinsider.com,https://cardinsider.com/axis-bank/axis-bank-platinum-credit-card/
Axis Bank Pride Platinum Credit Card,Axis Bank,Best Axis Bank,,"[""Best Axis Bank"", ""Best Axis Bank Credit Cards""]",Nil,Rs. 250 + GST,"The annual fee waiver on spending Rs. 20,000 or more in the preciding year.",,Reward Points,1 RP = Rs 0.20 for redemption against a variety of options available at the Edge Rewards website.,,,"{""domestic"": ""N/A"", ""international"": ""N/A""}",,3.75% Per Month (55.55% Annually),3.5% of the transaction value.,"1% waiver on fuel surcharge at all the fuel stations in India for transactions between Rs. 400 and Rs. 4,000 done using Axis Bank Pride Platinum credit card (maximum waiver of Rs. 250 pm). | 2.5% of the amount withdrawn or Rs. 500 (whichever is higher) | Nil","Personalized Pride card with Indian Tricolor shades. Dedicated 4th line for Indian Navy, Army, or Air Force. No joining fee is charged 15% off on dining at all partner restaurants in India. Earn 4 EDGE reward points per Rs. 200 you spend. Renewal fee waiver if you spend Rs. 20,000 or more in the last year.",[],[],,cardinsider.com,https://cardinsider.com/axis-bank/axis-bank-pride-platinum-credit-card/