card_name,issuing_bank,issuing_bank_raw,card_network,categories,joining_fee,annual_fee,fee_waiver_condition,reward_rate,reward_structure,redemption_options,welcome_benefits,milestone_benefits,lounge_access,eligibility,interest_rate_apr,forex_markup,other_charges,key_features,pros,cons,rating,source_site,source_url
CUB SRH (Rupay Platinum) credit card,City Union Bank,CUB,,"[""Experience""]",500,,,2% to 4%,"[{""child"": ""Earn 1 Reward Points per ₹150 spent"", ""name"": ""Base Rewards""}, {""child"": ""Earn 3 Reward Points per ₹150 spent"", ""name"": ""Merchandise""}, {""child"": ""Earn 3 Reward Points per ₹150 spent"", ""name"": ""Ticket Purchases""}, {""child"": ""Earn 2 Reward Points per ₹150 spent"", ""name"": ""UPI""}, {""child"": ""Earn 2 Reward Points per ₹150 spent"", ""name"": ""Departmental Stores""}, {""child"": ""Earn 2 Reward Points per ₹150 spent"", ""name"": ""Food delivery""}, {""child"": ""Earn 2 Reward Points per ₹150 spent"", ""name"": ""Apparel""}, {""child"": "" No Reward Points on this category."", ""name"": ""Rent""}, {""child"": "" No Reward Points on this category."", ""name"": ""Wallets""}, {""child"": "" No Reward Points on this category."", ""name"": ""Fuel""}, {""child"": "" No Reward Points on this category."", ""name"": ""Utilities""}]","[{""title"": "" Discover Reward Points Redemption Options"", ""subtitle"": ""To explore the full range of redemption options for this card, download the SaveSage Club app now."", ""barCodeImageUrl"": ""/"", ""appUrl"": ""https://savesage.co/ZH8bLjZqSPb""}]",,"[{""milestoneNumber"": 1, ""spent"": 0, ""cycleType"": ""STATEMENT"", ""benefits"": ""1000 Reward Points"", ""milestoneType"": ""DAYS""}]",[],,,,[],[],,,,savesage.club,https://savesage.club/credit-card/city-union-bank-srh-rupay-platinum
CUB CSK (Rupay Platinum) credit card,City Union Bank,CUB,,"[""Experience""]",500,,,2% to 4%,"[{""child"": ""Earn 1 Reward Points per ₹150 spent"", ""name"": ""Base Rewards""}, {""child"": ""Earn 3 Reward Points per ₹150 spent"", ""name"": ""Ticket Purchases""}, {""child"": ""Earn 3 Reward Points per ₹150 spent"", ""name"": ""Merchandise""}, {""child"": ""Earn 2 Reward Points per ₹150 spent"", ""name"": ""UPI""}, {""child"": ""Earn 2 Reward Points per ₹150 spent"", ""name"": ""Apparel""}, {""child"": ""Earn 2 Reward Points per ₹150 spent"", ""name"": ""Departmental Stores""}, {""child"": ""Earn 2 Reward Points per ₹150 spent"", ""name"": ""Food delivery""}, {""child"": "" No Reward Points on this category."", ""name"": ""Utilities""}, {""child"": "" No Reward Points on this category."", ""name"": ""Fuel""}, {""child"": "" No Reward Points on this category."", ""name"": ""Wallets""}, {""child"": "" No Reward Points on this category."", ""name"": ""Rent""}]","[{""title"": "" Discover Reward Points Redemption Options"", ""subtitle"": ""To explore the full range of redemption options for this card, download the SaveSage Club app now."", ""barCodeImageUrl"": ""/"", ""appUrl"": ""https://savesage.co/ZH8bLjZqSPb""}]",,"[{""milestoneNumber"": 1, ""spent"": 5000, ""cycleType"": ""STATEMENT"", ""benefits"": ""1000 Reward Points"", ""milestoneType"": ""DAYS""}]",[],,,,[],[],,,,savesage.club,https://savesage.club/credit-card/city-union-bank-csk-rupay-platinum
CUB SRH (Mastercard) credit card,City Union Bank,CUB,Mastercard,"[""Experience""]",1000,,,2% to 4%,"[{""child"": ""Earn 1 Reward Points per ₹125 spent"", ""name"": ""Base Rewards""}, {""child"": ""Earn 3 Reward Points per ₹125 spent"", ""name"": ""Merchandise""}, {""child"": ""Earn 3 Reward Points per ₹125 spent"", ""name"": ""Ticket Purchases""}, {""child"": ""Earn 2 Reward Points per ₹125 spent"", ""name"": ""Dining""}, {""child"": ""Earn 2 Reward Points per ₹125 spent"", ""name"": ""Departmental Stores""}, {""child"": ""Earn 2 Reward Points per ₹125 spent"", ""name"": ""Food delivery""}, {""child"": ""Earn 2 Reward Points per ₹125 spent"", ""name"": ""UPI""}, {""child"": ""Earn 2 Reward Points per ₹125 spent"", ""name"": ""Apparel""}, {""child"": "" No Reward Points on this category."", ""name"": ""Rent""}, {""child"": "" No Reward Points on this category."", ""name"": ""Utilities""}, {""child"": "" No Reward Points on this category."", ""name"": ""Fuel""}, {""child"": "" No Reward Points on this category."", ""name"": ""Wallets""}]","[{""title"": "" Discover Reward Points Redemption Options"", ""subtitle"": ""To explore the full range of redemption options for this card, download the SaveSage Club app now."", ""barCodeImageUrl"": ""/"", ""appUrl"": ""https://savesage.co/ZH8bLjZqSPb""}]",,"[{""milestoneNumber"": 1, ""spent"": 20000, ""cycleType"": ""STATEMENT"", ""benefits"": ""Original SRH Fan Jersey"", ""milestoneType"": ""YEAR""}]",[],,,,[],[],,,,savesage.club,https://savesage.club/credit-card/city-union-bank-srh-mastercard
CUB CSK (Mastercard Platinum) credit card,City Union Bank,CUB,,"[""Experience""]",1000,,,2% to 4%,"[{""child"": ""Earn 1 Reward Points per ₹125 spent"", ""name"": ""Base Rewards""}, {""child"": ""Earn 3 Reward Points per ₹125 spent"", ""name"": ""Merchandise""}, {""child"": ""Earn 3 Reward Points per ₹125 spent"", ""name"": ""Ticket Purchases""}, {""child"": ""Earn 2 Reward Points per ₹125 spent"", ""name"": ""Food delivery""}, {""child"": ""Earn 2 Reward Points per ₹125 spent"", ""name"": ""Dining""}, {""child"": ""Earn 2 Reward Points per ₹125 spent"", ""name"": ""Apparel""}, {""child"": ""Earn 2 Reward Points per ₹125 spent"", ""name"": ""Departmental Stores""}, {""child"": ""Earn 2 Reward Points per ₹125 spent"", ""name"": ""UPI""}, {""child"": "" No Reward Points on this category."", ""name"": ""Fuel""}, {""child"": "" No Reward Points on this category."", ""name"": ""Wallets""}, {""child"": "" No Reward Points on this category."", ""name"": ""Rent""}, {""child"": "" No Reward Points on this category."", ""name"": ""Utilities""}]","[{""title"": "" Discover Reward Points Redemption Options"", ""subtitle"": ""To explore the full range of redemption options for this card, download the SaveSage Club app now."", ""barCodeImageUrl"": ""/"", ""appUrl"": ""https://savesage.co/ZH8bLjZqSPb""}]",,"[{""milestoneNumber"": 1, ""spent"": 20000, ""cycleType"": ""STATEMENT"", ""benefits"": ""Original CSK Fan Jersey"", ""milestoneType"": ""YEAR""}]",[],,,,[],[],,,,savesage.club,https://savesage.club/credit-card/city-union-bank-csk-mastercard-platinum
CUB SRH (Mastercard World) credit card,City Union Bank,CUB,,"[""Experience""]",4000,,,2% to 4%,"[{""child"": ""Earn 1 Reward Points per ₹100 spent"", ""name"": ""Base Rewards""}, {""child"": ""Earn 3 Reward Points per ₹100 spent"", ""name"": ""Merchandise""}, {""child"": ""Earn 3 Reward Points per ₹100 spent"", ""name"": ""Ticket Purchases""}, {""child"": ""Earn 2 Reward Points per ₹100 spent"", ""name"": ""International""}, {""child"": ""Earn 2 Reward Points per ₹100 spent"", ""name"": ""Travel""}, {""child"": "" No Reward Points on this category."", ""name"": ""Utilities""}, {""child"": "" No Reward Points on this category."", ""name"": ""Fuel""}, {""child"": "" No Reward Points on this category."", ""name"": ""Rent""}, {""child"": "" No Reward Points on this category."", ""name"": ""Wallets""}]","[{""title"": "" Discover Reward Points Redemption Options"", ""subtitle"": ""To explore the full range of redemption options for this card, download the SaveSage Club app now."", ""barCodeImageUrl"": ""/"", ""appUrl"": ""https://savesage.co/ZH8bLjZqSPb""}]",,"[{""milestoneNumber"": 1, ""spent"": 50000, ""cycleType"": ""STATEMENT"", ""benefits"": ""Discount Vouchers worth ₹10,000Original SRH Jersey"", ""milestoneType"": ""YEAR""}]",[],,,,[],[],,,,savesage.club,https://savesage.club/credit-card/city-union-bank-srh-mastercard-world
CUB CSK (Mastercard World) credit card,City Union Bank,CUB,,"[""Experience""]",4000,,,2% to 4%,"[{""child"": ""Earn 1 Reward Points per ₹100 spent"", ""name"": ""Base Rewards""}, {""child"": ""Earn 3 Reward Points per ₹100 spent"", ""name"": ""Merchandise""}, {""child"": ""Earn 3 Reward Points per ₹100 spent"", ""name"": ""Ticket Purchases""}, {""child"": ""Earn 2 Reward Points per ₹100 spent"", ""name"": ""International""}, {""child"": ""Earn 2 Reward Points per ₹100 spent"", ""name"": ""Travel""}, {""child"": "" No Reward Points on this category."", ""name"": ""Wallets""}, {""child"": "" No Reward Points on this category."", ""name"": ""Rent""}, {""child"": "" No Reward Points on this category."", ""name"": ""Utilities""}, {""child"": "" No Reward Points on this category."", ""name"": ""Fuel""}]","[{""title"": "" Discover Reward Points Redemption Options"", ""subtitle"": ""To explore the full range of redemption options for this card, download the SaveSage Club app now."", ""barCodeImageUrl"": ""/"", ""appUrl"": ""https://savesage.co/ZH8bLjZqSPb""}]",,"[{""milestoneNumber"": 1, ""spent"": 50000, ""cycleType"": ""STATEMENT"", ""benefits"": ""Discount Vouchers worth ₹10,000Original DHONI NO.7  Jersey"", ""milestoneType"": ""YEAR""}]",[],,,,[],[],,,,savesage.club,https://savesage.club/credit-card/city-union-bank-csk-mastercard-world
Axis Magnus (Rupay) credit card,Axis Bank,Axis,Rupay,"[""Airline Transfer"", ""Travel Booking""]",12500,,,1.5% to 3%,"[{""child"": ""Earn 12 Reward Points per ₹200 spent"", ""name"": ""Base Rewards""}, {""child"": ""Earn 60 Reward Points per ₹200 spent"", ""name"": ""Travel Edge <= ₹L monthly""}, {""child"": ""Earn 35 Reward Points per ₹200 spent"", ""name"": ""Spends > ₹1.5L monthly""}, {""child"": ""Earn 35 Reward Points per ₹200 spent"", ""name"": ""Travel Edge > ₹2L monthly""}, {""child"": ""Earn 12 Reward Points per ₹200 spent"", ""name"": ""Education (Third-Party)""}, {""child"": ""Earn 12 Reward Points per ₹200 spent"", ""name"": ""Education""}, {""child"": ""Earn 12 Reward Points per ₹200 spent"", ""name"": ""Rent""}, {""child"": "" No Reward Points on this category."", ""name"": ""Insurance""}, {""child"": "" No Reward Points on this category."", ""name"": ""Wallets""}, {""child"": "" No Reward Points on this category."", ""name"": ""Rent (> ₹50k monthly)""}, {""child"": "" No Reward Points on this category."", ""name"": ""Fuel""}, {""child"": "" No Reward Points on this category."", ""name"": ""EMI""}, {""child"": "" No Reward Points on this category."", ""name"": ""Government""}, {""child"": "" No Reward Points on this category."", ""name"": ""Jewellery""}, {""child"": "" No Reward Points on this category."", ""name"": ""Utilities""}]","[{""title"": "" Discover Reward Points Redemption Options"", ""subtitle"": ""To explore the full range of redemption options for this card, download the SaveSage Club app now."", ""barCodeImageUrl"": ""/"", ""appUrl"": ""https://savesage.co/ZH8bLjZqSPb""}]",,"[{""milestoneNumber"": 1, ""spent"": 0, ""cycleType"": ""STATEMENT"", ""benefits"": ""Choose any voucher worth INR 12,500 from Luxe gift card or The Postcard Hotels gift voucher or Yatra gift voucher"", ""milestoneType"": ""DAYS""}, {""milestoneNumber"": 2, ""spent"": 2500000, ""cycleType"": ""STATEMENT"", ""benefits"": ""The renewal fee will be waived."", ""milestoneType"": ""YEAR""}]","[{""maintitle"": ""International lounge"", ""limit"": [""Unlimited""], ""eligibility"": [""Unlimited through Priority Pass membership""]}, {""maintitle"": ""Domestic lounge"", ""limit"": [""Unlimited""], ""eligibility"": [""Minimum eligible spend of ₹50,000 in the previous three calendar months.\nHowever, if your card has been newly issued, this spend requirement is waived for the month of issuance and the following three months.\nYou can easily check your eligible spends from your billed transactions over the past three calendar months through Axis Bank Net Banking or the Mobile Banking App.""]}, {""maintitle"": ""Guest lounge"", ""limit"": [""4 per year for international lounges via priority pass""], ""eligibility"": [""No explicit spend condition""]}]",,,,"[{""mainTitle"": ""EazyDiner"", ""child"": ""30% off up to INR 1000""}]","[""30% off up to INR 1000""]",,,,savesage.club,https://savesage.club/credit-card/axis-magnus-rupay
Axis Indian Oil Easy (FD) credit card,Axis Bank,Axis,,"[""Brand Wallet"", ""Cashback""]",500,,,3% to 5%,"[{""child"": ""Earn 1 Reward Points per ₹100 spent"", ""name"": ""Base Rewards""}, {""child"": ""Earn 20 Reward Points per ₹100 spent"", ""name"": ""IOCL""}, {""child"": ""Earn 5 Reward Points per ₹100 spent"", ""name"": ""Online""}, {""child"": ""Earn 1 Reward Points per ₹100 spent"", ""name"": ""Education""}, {""child"": "" No Reward Points on this category."", ""name"": ""Government""}, {""child"": "" No Reward Points on this category."", ""name"": ""Jewellery""}, {""child"": "" No Reward Points on this category."", ""name"": ""Fuel (Other than IOCL)""}, {""child"": "" No Reward Points on this category."", ""name"": ""Rent""}, {""child"": "" No Reward Points on this category."", ""name"": ""Utilities""}, {""child"": "" No Reward Points on this category."", ""name"": ""Wallets""}, {""child"": "" No Reward Points on this category."", ""name"": ""Insurance""}]","[{""title"": "" Discover Reward Points Redemption Options"", ""subtitle"": ""To explore the full range of redemption options for this card, download the SaveSage Club app now."", ""barCodeImageUrl"": ""/"", ""appUrl"": ""https://savesage.co/ZH8bLjZqSPb""}]",,"[{""milestoneNumber"": 1, ""spent"": 0, ""cycleType"": ""STATEMENT"", ""benefits"": ""1250 Edge RPs"", ""milestoneType"": ""DAYS""}, {""milestoneNumber"": 2, ""spent"": 350000, ""cycleType"": ""STATEMENT"", ""benefits"": ""The renewal fee will be waived."", ""milestoneType"": ""YEAR""}]",[],,,,"[{""mainTitle"": ""Amazon"", ""child"": ""Rs 500 Amazon Vouchers""}, {""mainTitle"": ""BookMyShow"", ""child"": ""10% off on All Movie Tickets""}, {""mainTitle"": ""EazyDiner"", ""child"": ""15% off via Dining Delights Program""}]","[""Rs 500 Amazon Vouchers"", ""10% off on All Movie Tickets"", ""15% off via Dining Delights Program""]",,,,savesage.club,https://savesage.club/credit-card/axis-indian-oil-easy-fd
Axis My Zone Easy (FD) credit card,Axis Bank,Axis,,"[""Catalogue Products"", ""Cashback"", ""Experience""]",500,,,1% to 5%,"[{""child"": ""Earn 4 Reward Points per ₹200 spent"", ""name"": ""Base Rewards""}, {""child"": "" No Reward Points on this category."", ""name"": ""EMI""}, {""child"": "" No Reward Points on this category."", ""name"": ""Education""}, {""child"": "" No Reward Points on this category."", ""name"": ""Fuel""}, {""child"": "" No Reward Points on this category."", ""name"": ""Rent""}, {""child"": "" No Reward Points on this category."", ""name"": ""Utilities""}, {""child"": "" No Reward Points on this category."", ""name"": ""Wallets""}, {""child"": "" No Reward Points on this category."", ""name"": ""Insurance""}, {""child"": "" No Reward Points on this category."", ""name"": ""Government""}, {""child"": "" No Reward Points on this category."", ""name"": ""Jewellery""}, {""child"": "" No Reward Points on this category."", ""name"": ""UPI""}, {""child"": "" No Reward Points on this category."", ""name"": ""Movies""}]","[{""title"": "" Discover Reward Points Redemption Options"", ""subtitle"": ""To explore the full range of redemption options for this card, download the SaveSage Club app now."", ""barCodeImageUrl"": ""/"", ""appUrl"": ""https://savesage.co/ZH8bLjZqSPb""}]",,[],[],,,,"[{""mainTitle"": ""EazyDiner"", ""child"": ""15% off via Dining Delights Program""}, {""mainTitle"": ""Swiggy"", ""child"": ""Rs 120 off on Swiggy""}]","[""15% off via Dining Delights Program"", ""Rs 120 off on Swiggy""]",,,,savesage.club,https://savesage.club/credit-card/axis-my-zone-easy-fd
Axis Platinum credit card,Axis Bank,Axis,,"[""Catalogue Products"", ""Experience""]",500,,,0.5% to 1%,"[{""child"": ""Earn 6 Reward Points per ₹200 spent"", ""name"": ""Base Rewards""}, {""child"": ""Earn 100 Reward Points per ₹200 spent"", ""name"": ""1st Txn""}, {""child"": ""Earn 25 Reward Points per ₹200 spent"", ""name"": ""Movies""}, {""child"": ""Earn 12 Reward Points per ₹200 spent"", ""name"": ""International""}]","[{""title"": "" Discover Reward Points Redemption Options"", ""subtitle"": ""To explore the full range of redemption options for this card, download the SaveSage Club app now."", ""barCodeImageUrl"": ""/"", ""appUrl"": ""https://savesage.co/ZH8bLjZqSPb""}]",,[],[],,,,"[{""mainTitle"": ""EazyDiner"", ""child"": ""EazyDiner""}]","[""EazyDiner""]",,,,savesage.club,https://savesage.club/credit-card/axis-platinum
Axis Privilege Easy (FD) credit card,Axis Bank,Axis,,"[""Experience"", ""Travel Booking"", ""Hotel Transfer"", ""Pay by Points""]",1500,,,3% to 10%,"[{""child"": ""Earn 10 Reward Points per ₹200 spent"", ""name"": ""Base Rewards""}, {""child"": "" No Reward Points on this category."", ""name"": ""Fuel""}, {""child"": "" No Reward Points on this category."", ""name"": ""Insurance""}, {""child"": "" No Reward Points on this category."", ""name"": ""EMI""}, {""child"": "" No Reward Points on this category."", ""name"": ""Government""}, {""child"": "" No Reward Points on this category."", ""name"": ""Jewellery""}, {""child"": "" No Reward Points on this category."", ""name"": ""Rent""}, {""child"": "" No Reward Points on this category."", ""name"": ""Utilities""}, {""child"": "" No Reward Points on this category."", ""name"": ""Wallets""}, {""child"": "" No Reward Points on this category."", ""name"": ""Education""}, {""child"": "" No Reward Points on this category."", ""name"": ""UPI""}]","[{""title"": "" Discover Reward Points Redemption Options"", ""subtitle"": ""To explore the full range of redemption options for this card, download the SaveSage Club app now."", ""barCodeImageUrl"": ""/"", ""appUrl"": ""https://savesage.co/ZH8bLjZqSPb""}]",,"[{""milestoneNumber"": 1, ""spent"": 250000, ""cycleType"": ""STATEMENT"", ""benefits"": ""10,000 EDGE RPs."", ""milestoneType"": ""YEAR""}, {""milestoneNumber"": 2, ""spent"": 500000, ""cycleType"": ""STATEMENT"", ""benefits"": ""The renewal fee will be waived."", ""milestoneType"": ""YEAR""}]","[{""maintitle"": ""Domestic lounge"", ""limit"": [""2 per quarter""], ""eligibility"": [""Minimum spends of ₹50k in previous 3 calendar months.""]}]",,,,"[{""mainTitle"": ""EazyDiner"", ""child"": ""15% off via Dining Delights Program""}, {""mainTitle"": ""Insurance"", ""child"": ""Purchase Protection Worth 1 Lakh""}]","[""15% off via Dining Delights Program"", ""Purchase Protection Worth 1 Lakh""]",,,,savesage.club,https://savesage.club/credit-card/axis-privilege-easy-fd
Axis Titanium Smart Traveler credit card,Axis Bank,Axis,,"[""Airline Transfer"", ""Travel Booking""]",250,,,1% to 2%,"[{""child"": ""Earn 1 Reward Points per ₹100 spent"", ""name"": ""Base Rewards""}, {""child"": ""Earn 8 Reward Points per ₹100 spent"", ""name"": ""International""}, {""child"": ""Earn 4 Reward Points per ₹100 spent"", ""name"": ""Hotels""}, {""child"": ""Earn 4 Reward Points per ₹100 spent"", ""name"": ""Holiday Packages""}, {""child"": ""Earn 4 Reward Points per ₹100 spent"", ""name"": ""Airlines""}, {""child"": ""Earn 4 Reward Points per ₹100 spent"", ""name"": ""Trains""}, {""child"": ""Earn 4 Reward Points per ₹100 spent"", ""name"": ""Bus""}, {""child"": "" No Reward Points on this category."", ""name"": ""Fuel""}, {""child"": "" No Reward Points on this category."", ""name"": ""Rent""}, {""child"": "" No Reward Points on this category."", ""name"": ""Utilities""}, {""child"": "" No Reward Points on this category."", ""name"": ""Insurance""}]","[{""title"": "" Discover Reward Points Redemption Options"", ""subtitle"": ""To explore the full range of redemption options for this card, download the SaveSage Club app now."", ""barCodeImageUrl"": ""/"", ""appUrl"": ""https://savesage.co/ZH8bLjZqSPb""}]",,[],[],,,,"[{""mainTitle"": ""MMT"", ""child"": ""Makemytrip""}, {""mainTitle"": ""Swiggy"", ""child"": ""Swiggy""}, {""mainTitle"": ""Tira"", ""child"": ""Tira""}]","[""Makemytrip"", ""Swiggy"", ""Tira""]",,,,savesage.club,https://savesage.club/credit-card/axis-titanium-smart-traveler
Kotak Air credit card,Kotak Mahindra Bank,Kotak,,"[""Experience"", ""Travel Booking"", ""Hotel Transfer""]",999,,,0.5% to 1.5%,"[{""child"": ""Earn 1 Reward Points per ₹100 spent"", ""name"": ""Base Rewards""}, {""child"": ""Earn 3 Reward Points per ₹100 spent"", ""name"": ""Unbox (Flights/Hotels)""}, {""child"": ""Earn 2 Reward Points per ₹100 spent"", ""name"": ""Jewellery""}, {""child"": "" No Reward Points on this category."", ""name"": ""Fuel""}, {""child"": "" No Reward Points on this category."", ""name"": ""Wallets""}, {""child"": "" No Reward Points on this category."", ""name"": ""EMI""}, {""child"": "" No Reward Points on this category."", ""name"": ""Online Gaming""}, {""child"": "" No Reward Points on this category."", ""name"": ""Government""}, {""child"": "" No Reward Points on this category."", ""name"": ""Rent""}, {""child"": "" No Reward Points on this category."", ""name"": ""Education""}, {""child"": "" No Reward Points on this category."", ""name"": ""UPI""}, {""child"": "" No Reward Points on this category."", ""name"": ""Utilities""}, {""child"": "" No Reward Points on this category."", ""name"": ""Insurance""}]","[{""title"": "" Discover Reward Points Redemption Options"", ""subtitle"": ""To explore the full range of redemption options for this card, download the SaveSage Club app now."", ""barCodeImageUrl"": ""/"", ""appUrl"": ""https://savesage.co/ZH8bLjZqSPb""}]",,"[{""milestoneNumber"": 1, ""spent"": 0, ""cycleType"": ""STATEMENT"", ""benefits"": ""1000 Air Miles"", ""milestoneType"": ""YEAR""}, {""milestoneNumber"": 2, ""spent"": 1, ""cycleType"": ""STATEMENT"", ""benefits"": ""Get 1000 Air Miles"", ""milestoneType"": ""YEAR""}, {""milestoneNumber"": 3, ""spent"": 0, ""cycleType"": ""STATEMENT"", ""benefits"": ""2,500 Air Miles"", ""milestoneType"": ""YEAR""}, {""milestoneNumber"": 4, ""spent"": 1, ""cycleType"": ""STATEMENT"", ""benefits"": ""Get 2,500 Air Miles"", ""milestoneType"": ""YEAR""}]","[{""maintitle"": ""Domestic lounge"", ""limit"": [""2 per quarter""], ""eligibility"": [""""]}]",,,,[],[],,,,savesage.club,https://savesage.club/credit-card/kotak-air
Kotak BizEdge credit card,Kotak Mahindra Bank,Kotak,,"[""Experience"", ""Travel Booking"", ""Hotel Transfer""]",999,,,2% to 3%,"[{""child"": ""Earn 2 Reward Points per ₹150 spent"", ""name"": ""Base Rewards""}, {""child"": ""Earn 10 Reward Points per ₹150 spent"", ""name"": ""Kotak Unbox""}, {""child"": ""Earn 10 Reward Points per ₹150 spent"", ""name"": ""Business Essentials""}, {""child"": ""Earn 10 Reward Points per ₹150 spent"", ""name"": ""Nuclei""}, {""child"": ""Earn 10 Reward Points per ₹150 spent"", ""name"": ""EMI""}, {""child"": "" No Reward Points on this category."", ""name"": ""Wallets""}, {""child"": "" No Reward Points on this category."", ""name"": ""Fuel""}, {""child"": "" No Reward Points on this category."", ""name"": ""Rent""}, {""child"": "" No Reward Points on this category."", ""name"": ""Education""}, {""child"": "" No Reward Points on this category."", ""name"": ""Online Gaming""}]","[{""title"": "" Discover Reward Points Redemption Options"", ""subtitle"": ""To explore the full range of redemption options for this card, download the SaveSage Club app now."", ""barCodeImageUrl"": ""/"", ""appUrl"": ""https://savesage.co/ZH8bLjZqSPb""}]",,"[{""milestoneNumber"": 1, ""spent"": 200000, ""cycleType"": ""STATEMENT"", ""benefits"": ""The renewal fee will be waived."", ""milestoneType"": ""YEAR""}]",[],,,,[],[],,,,savesage.club,https://savesage.club/credit-card/kotak-bizedge
Kotak Cashback+ credit card,Kotak Mahindra Bank,Kotak,,[],750,,,NA,"[{""child"": ""Earn 0.5 Reward Points per ₹150 spent"", ""name"": ""Base Rewards""}, {""child"": ""Earn 5 Reward Points per ₹150 spent"", ""name"": ""Food delivery""}, {""child"": ""Earn 5 Reward Points per ₹150 spent"", ""name"": ""Grocery""}, {""child"": ""Earn 3 Reward Points per ₹150 spent"", ""name"": ""Fuel""}, {""child"": "" No Reward Points on this category."", ""name"": ""Government""}, {""child"": "" No Reward Points on this category."", ""name"": ""Insurance""}, {""child"": "" No Reward Points on this category."", ""name"": ""Wallets""}, {""child"": "" No Reward Points on this category."", ""name"": ""Online Gaming""}, {""child"": "" No Reward Points on this category."", ""name"": ""EMI""}, {""child"": "" No Reward Points on this category."", ""name"": ""Rent""}, {""child"": "" No Reward Points on this category."", ""name"": ""Utilities""}, {""child"": "" No Reward Points on this category."", ""name"": ""Education""}]","[{""title"": "" Discover Reward Points Redemption Options"", ""subtitle"": ""To explore the full range of redemption options for this card, download the SaveSage Club app now."", ""barCodeImageUrl"": ""/"", ""appUrl"": ""https://savesage.co/ZH8bLjZqSPb""}]",,[],[],,,,[],[],,,,savesage.club,https://savesage.club/credit-card/kotak-cashback
Kotak Dream Different (Rupay) credit card,Kotak Mahindra Bank,Kotak,Rupay,"[""Experience""]",250,,,1% to 2%,"[{""child"": ""Earn 1 Reward Points per ₹100 spent"", ""name"": ""Base Rewards""}, {""child"": ""Earn 4 Reward Points per ₹100 spent"", ""name"": ""Online""}, {""child"": "" No Reward Points on this category."", ""name"": ""Fuel""}, {""child"": "" No Reward Points on this category."", ""name"": ""Railways""}, {""child"": "" No Reward Points on this category."", ""name"": ""Online Gaming""}, {""child"": "" No Reward Points on this category."", ""name"": ""Utilities""}, {""child"": "" No Reward Points on this category."", ""name"": ""Education""}]","[{""title"": "" Discover Reward Points Redemption Options"", ""subtitle"": ""To explore the full range of redemption options for this card, download the SaveSage Club app now."", ""barCodeImageUrl"": ""/"", ""appUrl"": ""https://savesage.co/ZH8bLjZqSPb""}]",,"[{""milestoneNumber"": 1, ""spent"": 36000, ""cycleType"": ""STATEMENT"", ""benefits"": ""Amazon Voucher worth ₹250"", ""milestoneType"": ""YEAR""}, {""milestoneNumber"": 2, ""spent"": 72000, ""cycleType"": ""STATEMENT"", ""benefits"": ""Amazon Voucher worth ₹1000"", ""milestoneType"": ""YEAR""}]",[],,,,[],[],,,,savesage.club,https://savesage.club/credit-card/kotak-dream-different-rupay
Kotak Dream Different (Visa) credit card,Kotak Mahindra Bank,Kotak,Visa,[],250,,,NA,"[{""child"": ""Earn 1 Reward Points per ₹100 spent"", ""name"": ""Base Rewards""}, {""child"": ""Earn 4 Reward Points per ₹100 spent"", ""name"": ""Online""}, {""child"": "" No Reward Points on this category."", ""name"": ""Rent""}, {""child"": "" No Reward Points on this category."", ""name"": ""Utilities""}, {""child"": "" No Reward Points on this category."", ""name"": ""Fuel""}, {""child"": "" No Reward Points on this category."", ""name"": ""UPI""}, {""child"": "" No Reward Points on this category."", ""name"": ""Education""}, {""child"": "" No Reward Points on this category."", ""name"": ""Online Gaming""}, {""child"": "" No Reward Points on this category."", ""name"": ""Railways""}]","[{""title"": "" Discover Reward Points Redemption Options"", ""subtitle"": ""To explore the full range of redemption options for this card, download the SaveSage Club app now."", ""barCodeImageUrl"": ""/"", ""appUrl"": ""https://savesage.co/ZH8bLjZqSPb""}]",,"[{""milestoneNumber"": 1, ""spent"": 75000, ""cycleType"": ""STATEMENT"", ""benefits"": ""Cashback of ₹750"", ""milestoneType"": ""YEAR""}]",[],,,,[],[],,,,savesage.club,https://savesage.club/credit-card/kotak-dream-different-visa
Kotak Purchase credit card,Kotak Mahindra Bank,Kotak,,[],0,,,NA,"[{""child"": "" No Reward Points on this category."", ""name"": ""Base Rewards""}, {""child"": "" No Reward Points on this category."", ""name"": ""Fuel""}, {""child"": "" No Reward Points on this category."", ""name"": ""Education""}, {""child"": "" No Reward Points on this category."", ""name"": ""Online Gaming""}]","[{""title"": "" Discover Reward Points Redemption Options"", ""subtitle"": ""To explore the full range of redemption options for this card, download the SaveSage Club app now."", ""barCodeImageUrl"": ""/"", ""appUrl"": ""https://savesage.co/ZH8bLjZqSPb""}]",,[],[],,,,[],[],,,,savesage.club,https://savesage.club/credit-card/kotak-purchase
Kotak Pvr Inox credit card,Kotak Mahindra Bank,Kotak,,"[""Catalogue Products""]",0,,,1% to 3%,"[{""child"": "" No Reward Points on this category."", ""name"": ""Base Rewards""}, {""child"": "" No Reward Points on this category."", ""name"": ""Fuel""}, {""child"": "" No Reward Points on this category."", ""name"": ""Utilities""}, {""child"": "" No Reward Points on this category."", ""name"": ""Rent""}, {""child"": "" No Reward Points on this category."", ""name"": ""Wallets""}, {""child"": "" No Reward Points on this category."", ""name"": ""Gaming""}, {""child"": "" No Reward Points on this category."", ""name"": ""Education""}, {""child"": "" No Reward Points on this category."", ""name"": ""Online Gaming""}]","[{""title"": "" Discover Reward Points Redemption Options"", ""subtitle"": ""To explore the full range of redemption options for this card, download the SaveSage Club app now."", ""barCodeImageUrl"": ""/"", ""appUrl"": ""https://savesage.co/ZH8bLjZqSPb""}]",,"[{""milestoneNumber"": 1, ""spent"": 10000, ""cycleType"": ""STATEMENT"", ""benefits"": ""1 PVR INOX movie ticket (worth Rs. 300)"", ""milestoneType"": ""MONTH""}]",[],,,,"[{""mainTitle"": ""PVR"", ""child"": ""Discount on F&B""}, {""mainTitle"": ""PVR"", ""child"": ""Discount on Movie""}, {""mainTitle"": ""PVR"", ""child"": ""B1G1 on Luxe/Insignia Tickets""}]","[""Discount on F&B"", ""Discount on Movie"", ""B1G1 on Luxe/Insignia Tickets""]",,,,savesage.club,https://savesage.club/credit-card/kotak-pvr-inox
Kotak Solitaire Business credit card,Kotak Mahindra Bank,Kotak,,"[""Catalogue Products""]",0,,,1% to 3%,"[{""child"": ""Earn 2 Reward Points per ₹150 spent"", ""name"": ""Base Rewards""}, {""child"": ""Earn 14 Reward Points per ₹150 spent"", ""name"": ""Kotak Unbox""}, {""child"": ""Earn 1 Reward Points per ₹150 spent"", ""name"": ""Insurance""}, {""child"": ""Earn 1 Reward Points per ₹150 spent"", ""name"": ""Government""}, {""child"": ""Earn 1 Reward Points per ₹150 spent"", ""name"": ""Railways""}, {""child"": ""Earn 1 Reward Points per ₹150 spent"", ""name"": ""Grocery""}, {""child"": ""Earn 1 Reward Points per ₹150 spent"", ""name"": ""Utilities""}, {""child"": "" No Reward Points on this category."", ""name"": ""Education""}, {""child"": "" No Reward Points on this category."", ""name"": ""EMI""}, {""child"": "" No Reward Points on this category."", ""name"": ""Fuel""}, {""child"": "" No Reward Points on this category."", ""name"": ""International""}, {""child"": "" No Reward Points on this category."", ""name"": ""Rent""}, {""child"": "" No Reward Points on this category."", ""name"": ""Wallets""}]","[{""title"": "" Discover Reward Points Redemption Options"", ""subtitle"": ""To explore the full range of redemption options for this card, download the SaveSage Club app now."", ""barCodeImageUrl"": ""/"", ""appUrl"": ""https://savesage.co/ZH8bLjZqSPb""}]",,[],"[{""maintitle"": ""Domestic lounge"", ""limit"": [""1 per quarter""], ""eligibility"": [""""]}, {""maintitle"": ""International lounge"", ""limit"": [""1 per year""], ""eligibility"": [""""]}]",,,,[],[],,,,savesage.club,https://savesage.club/credit-card/kotak-solitaire-business
RBL Nova credit card,RBL Bank,RBL,,"[""Experience"", ""Travel Booking""]",12500,,,1% to 2%,"[{""child"": ""Earn 4 Reward Points per ₹100 spent"", ""name"": ""Base Rewards""}, {""child"": ""Earn 12 Reward Points per ₹100 spent"", ""name"": ""Flights""}, {""child"": ""Earn 12 Reward Points per ₹100 spent"", ""name"": ""Hotels""}, {""child"": "" No Reward Points on this category."", ""name"": ""Utilities""}, {""child"": "" No Reward Points on this category."", ""name"": ""Insurance""}, {""child"": "" No Reward Points on this category."", ""name"": ""Rent""}, {""child"": "" No Reward Points on this category."", ""name"": ""Wallets""}, {""child"": "" No Reward Points on this category."", ""name"": ""EMI""}, {""child"": "" No Reward Points on this category."", ""name"": ""Government""}, {""child"": "" No Reward Points on this category."", ""name"": ""Fuel""}]","[{""title"": "" Discover Reward Points Redemption Options"", ""subtitle"": ""To explore the full range of redemption options for this card, download the SaveSage Club app now."", ""barCodeImageUrl"": ""/"", ""appUrl"": ""https://savesage.co/ZH8bLjZqSPb""}]",,"[{""milestoneNumber"": 1, ""spent"": 0, ""cycleType"": ""STATEMENT"", ""benefits"": ""Get gift voucher worth ₹12K from Taj Experiences or luxe gift card"", ""milestoneType"": ""YEAR""}, {""milestoneNumber"": 2, ""spent"": 300000, ""cycleType"": ""STATEMENT"", ""benefits"": ""Get gift voucher worth ₹12K from Taj Experiences, luxe gift card, mariott Bonvoy, makemytrip and tata cliq luxury(choose any one)."", ""milestoneType"": ""YEAR""}]","[{""maintitle"": ""Domestic lounge"", ""limit"": [""12 per year""], ""eligibility"": [""""]}, {""maintitle"": ""International lounge"", ""limit"": [""12 per year""], ""eligibility"": [""""]}, {""maintitle"": ""Add on card international lounge"", ""limit"": [""4 per year""], ""eligibility"": [""""]}]",,,,"[{""mainTitle"": ""Golf"", ""child"": ""Gold lessons/rounds""}]","[""Gold lessons/rounds""]",,,,savesage.club,https://savesage.club/credit-card/rbl-nova
SBI Apollo Select credit card,SBI Card,SBI,,"[""Catalogue Products""]",1499,,,1% to 3%,"[{""child"": ""Earn 1 Reward Points per ₹100 spent"", ""name"": ""Base Rewards""}, {""child"": ""Earn 10 Reward Points per ₹100 spent"", ""name"": ""Apollo""}, {""child"": ""Earn 2 Reward Points per ₹100 spent"", ""name"": ""Movies""}, {""child"": ""Earn 2 Reward Points per ₹100 spent"", ""name"": ""Dining""}, {""child"": ""Earn 2 Reward Points per ₹100 spent"", ""name"": ""Travel""}, {""child"": ""Earn 2 Reward Points per ₹100 spent"", ""name"": ""Entertainment""}, {""child"": "" No Reward Points on this category."", ""name"": ""Government""}, {""child"": "" No Reward Points on this category."", ""name"": ""Jewellery""}, {""child"": "" No Reward Points on this category."", ""name"": ""EMI""}, {""child"": "" No Reward Points on this category."", ""name"": ""Digital gaming""}, {""child"": "" No Reward Points on this category."", ""name"": ""Utilities""}, {""child"": "" No Reward Points on this category."", ""name"": ""Wallets""}, {""child"": "" No Reward Points on this category."", ""name"": ""Rent""}, {""child"": "" No Reward Points on this category."", ""name"": ""Fuel""}]","[{""title"": "" Discover Reward Points Redemption Options"", ""subtitle"": ""To explore the full range of redemption options for this card, download the SaveSage Club app now."", ""barCodeImageUrl"": ""/"", ""appUrl"": ""https://savesage.co/ZH8bLjZqSPb""}]",,"[{""milestoneNumber"": 1, ""spent"": 0, ""cycleType"": ""STATEMENT"", ""benefits"": ""Get Apollo 247 e-Gift Voucher worth Rs.1,500.Enjoy 1-year complimentary FITPASS PRO Membership when you pay joining fee and make at least one retail transaction."", ""milestoneType"": ""YEAR""}, {""milestoneNumber"": 2, ""spent"": 1, ""cycleType"": ""STATEMENT"", ""benefits"": ""Get complimentary Comprehensive Health Check-up Package worth ₹1999"", ""milestoneType"": ""YEAR""}, {""milestoneNumber"": 3, ""spent"": 50000, ""cycleType"": ""STATEMENT"", ""benefits"": ""Get complimentary Comprehensive Health Check-up Package"", ""milestoneType"": ""YEAR""}, {""milestoneNumber"": 4, ""spent"": 300000, ""cycleType"": ""STATEMENT"", ""benefits"": ""The renewal fee will be waived."", ""milestoneType"": ""YEAR""}, {""milestoneNumber"": 5, ""spent"": 600000, ""cycleType"": ""STATEMENT"", ""benefits"": ""Get complimentary Noise Smartwatch worth Rs.7,999"", ""milestoneType"": ""YEAR""}]","[{""maintitle"": ""Domestic lounge"", ""limit"": [""1 per quarter""], ""eligibility"": [""""]}]",,,,"[{""mainTitle"": ""Apollo"", ""child"": ""Value Back on medicine purchases at Apollo 24|7 and Apollo Pharmacy""}]","[""Value Back on medicine purchases at Apollo 24|7 and Apollo Pharmacy""]",,,,savesage.club,https://savesage.club/credit-card/sbi-apollo-select
Slice SFB Supercard credit card,Slice Small Finance Bank,Slice SFB,,[],0,,,NA,"[{""child"": ""Earn 100 Reward Points per ₹100 spent"", ""name"": ""Base Rewards""}, {""child"": ""Earn 300 Reward Points per ₹100 spent"", ""name"": ""Spends >₹5L""}, {""child"": ""Earn 150 Reward Points per ₹100 spent"", ""name"": ""Spends > ₹3L""}, {""child"": ""Earn 100 Reward Points per ₹100 spent"", ""name"": ""Gaming""}, {""child"": ""Earn 100 Reward Points per ₹100 spent"", ""name"": ""Utilities""}, {""child"": "" No Reward Points on this category."", ""name"": ""Insurance""}, {""child"": "" No Reward Points on this category."", ""name"": ""International""}, {""child"": "" No Reward Points on this category."", ""name"": ""Government""}, {""child"": "" No Reward Points on this category."", ""name"": ""Gambling""}, {""child"": "" No Reward Points on this category."", ""name"": ""Fuel""}, {""child"": "" No Reward Points on this category."", ""name"": ""Rent""}, {""child"": "" No Reward Points on this category."", ""name"": ""Education""}, {""child"": "" No Reward Points on this category."", ""name"": ""Wallets""}]","[{""title"": "" Discover Reward Points Redemption Options"", ""subtitle"": ""To explore the full range of redemption options for this card, download the SaveSage Club app now."", ""barCodeImageUrl"": ""/"", ""appUrl"": ""https://savesage.co/ZH8bLjZqSPb""}]",,[],[],,,,[],[],,,,savesage.club,https://savesage.club/credit-card/slice-sfb-supercard
RBL Platinum Lifeeasy credit card,RBL Bank,RBL,,[],1999,,,NA,"[{""child"": "" No Reward Points on this category."", ""name"": ""Base Rewards""}, {""child"": ""Earn 10 Reward Points per ₹100 spent"", ""name"": ""Ola""}, {""child"": ""Earn 10 Reward Points per ₹100 spent"", ""name"": ""Uber""}, {""child"": ""Earn 10 Reward Points per ₹100 spent"", ""name"": ""Fuel""}, {""child"": ""Earn 5 Reward Points per ₹100 spent"", ""name"": ""Grocery""}]","[{""title"": "" Discover Reward Points Redemption Options"", ""subtitle"": ""To explore the full range of redemption options for this card, download the SaveSage Club app now."", ""barCodeImageUrl"": ""/"", ""appUrl"": ""https://savesage.co/ZH8bLjZqSPb""}]",,"[{""milestoneNumber"": 1, ""spent"": 0, ""cycleType"": ""STATEMENT"", ""benefits"": ""Gift vouchers worth ₹2000."", ""milestoneType"": ""DAYS""}, {""milestoneNumber"": 2, ""spent"": 350000, ""cycleType"": ""STATEMENT"", ""benefits"": ""The renewal fee will be waived."", ""milestoneType"": ""YEAR""}]","[{""maintitle"": ""Domestic lounge"", ""limit"": [""1 per quarter""], ""eligibility"": [""""]}]",,,,[],[],,,,savesage.club,https://savesage.club/credit-card/rbl-platinum-lifeeasy
SBI Landmark Rewards credit card,SBI Card,SBI,,"[""Brand Wallet"", ""Cashback""]",499,,,1% to 3%,"[{""child"": ""Earn 1 Reward Points per ₹100 spent"", ""name"": ""Base Rewards""}, {""child"": ""Earn 10 Reward Points per ₹100 spent"", ""name"": ""Landmark Stores""}, {""child"": ""Earn 5 Reward Points per ₹100 spent"", ""name"": ""Departmental Stores""}, {""child"": ""Earn 5 Reward Points per ₹100 spent"", ""name"": ""Grocery""}, {""child"": ""Earn 5 Reward Points per ₹100 spent"", ""name"": ""Dining""}, {""child"": ""Earn 5 Reward Points per ₹100 spent"", ""name"": ""Movies""}, {""child"": "" No Reward Points on this category."", ""name"": ""Rent""}, {""child"": "" No Reward Points on this category."", ""name"": ""EMI""}, {""child"": "" No Reward Points on this category."", ""name"": ""Wallets""}, {""child"": "" No Reward Points on this category."", ""name"": ""Fuel""}, {""child"": "" No Reward Points on this category."", ""name"": ""Utilities""}, {""child"": "" No Reward Points on this category."", ""name"": ""Government""}, {""child"": "" No Reward Points on this category."", ""name"": ""Jewellery""}]","[{""title"": "" Discover Reward Points Redemption Options"", ""subtitle"": ""To explore the full range of redemption options for this card, download the SaveSage Club app now."", ""barCodeImageUrl"": ""/"", ""appUrl"": ""https://savesage.co/ZH8bLjZqSPb""}]",,"[{""milestoneNumber"": 1, ""spent"": 0, ""cycleType"": ""STATEMENT"", ""benefits"": ""2000 RP"", ""milestoneType"": ""YEAR""}, {""milestoneNumber"": 2, ""spent"": 1, ""cycleType"": ""STATEMENT"", ""benefits"": ""2000 RP"", ""milestoneType"": ""YEAR""}, {""milestoneNumber"": 3, ""spent"": 200000, ""cycleType"": ""STATEMENT"", ""benefits"": ""8000 RP"", ""milestoneType"": ""YEAR""}]",[],,,,[],[],,,,savesage.club,https://savesage.club/credit-card/sbi-landmark-rewards
SBI Landmark Rewards Select credit card,SBI Card,SBI,,[],1499,,,NA,"[{""child"": ""Earn 2 Reward Points per ₹100 spent"", ""name"": ""Base Rewards""}, {""child"": ""Earn 15 Reward Points per ₹100 spent"", ""name"": ""Landmark Stores""}, {""child"": ""Earn 10 Reward Points per ₹100 spent"", ""name"": ""Grocery""}, {""child"": ""Earn 10 Reward Points per ₹100 spent"", ""name"": ""Departmental Stores""}, {""child"": ""Earn 10 Reward Points per ₹100 spent"", ""name"": ""Movies""}, {""child"": ""Earn 10 Reward Points per ₹100 spent"", ""name"": ""Dining""}, {""child"": "" No Reward Points on this category."", ""name"": ""Wallets""}, {""child"": "" No Reward Points on this category."", ""name"": ""Utilities""}, {""child"": "" No Reward Points on this category."", ""name"": ""Fuel""}, {""child"": "" No Reward Points on this category."", ""name"": ""EMI""}, {""child"": "" No Reward Points on this category."", ""name"": ""Government""}, {""child"": "" No Reward Points on this category."", ""name"": ""Jewellery""}, {""child"": "" No Reward Points on this category."", ""name"": ""Rent""}]","[{""title"": "" Discover Reward Points Redemption Options"", ""subtitle"": ""To explore the full range of redemption options for this card, download the SaveSage Club app now."", ""barCodeImageUrl"": ""/"", ""appUrl"": ""https://savesage.co/ZH8bLjZqSPb""}]",,"[{""milestoneNumber"": 1, ""spent"": 0, ""cycleType"": ""STATEMENT"", ""benefits"": ""6000 RP"", ""milestoneType"": ""YEAR""}, {""milestoneNumber"": 2, ""spent"": 1, ""cycleType"": ""STATEMENT"", ""benefits"": ""6000 RP"", ""milestoneType"": ""YEAR""}, {""milestoneNumber"": 3, ""spent"": 300000, ""cycleType"": ""STATEMENT"", ""benefits"": ""12000 RP"", ""milestoneType"": ""YEAR""}]",[],,,,[],[],,,,savesage.club,https://savesage.club/credit-card/sbi-landmark-rewards-select
SBI Landmark Rewards Prime credit card,SBI Card,SBI,,"[""Brand Wallet"", ""Cashback""]",2999,,,1% to 3%,"[{""child"": ""Earn 2 Reward Points per ₹100 spent"", ""name"": ""Base Rewards""}, {""child"": ""Earn 25 Reward Points per ₹100 spent"", ""name"": ""Landmark Stores""}, {""child"": ""Earn 10 Reward Points per ₹100 spent"", ""name"": ""Departmental Stores""}, {""child"": ""Earn 10 Reward Points per ₹100 spent"", ""name"": ""Grocery""}, {""child"": ""Earn 10 Reward Points per ₹100 spent"", ""name"": ""Movies""}, {""child"": ""Earn 10 Reward Points per ₹100 spent"", ""name"": ""Dining""}, {""child"": ""Earn 10 Reward Points per ₹100 spent"", ""name"": ""International""}, {""child"": "" No Reward Points on this category."", ""name"": ""Government""}, {""child"": "" No Reward Points on this category."", ""name"": ""Wallets""}, {""child"": "" No Reward Points on this category."", ""name"": ""Utilities""}, {""child"": "" No Reward Points on this category."", ""name"": ""Rent""}, {""child"": "" No Reward Points on this category."", ""name"": ""EMI""}, {""child"": "" No Reward Points on this category."", ""name"": ""Fuel""}, {""child"": "" No Reward Points on this category."", ""name"": ""Jewellery""}]","[{""title"": "" Discover Reward Points Redemption Options"", ""subtitle"": ""To explore the full range of redemption options for this card, download the SaveSage Club app now."", ""barCodeImageUrl"": ""/"", ""appUrl"": ""https://savesage.co/ZH8bLjZqSPb""}]",,"[{""milestoneNumber"": 1, ""spent"": 0, ""cycleType"": ""STATEMENT"", ""benefits"": ""12000 RP"", ""milestoneType"": ""YEAR""}, {""milestoneNumber"": 2, ""spent"": 1, ""cycleType"": ""STATEMENT"", ""benefits"": ""12000 RP"", ""milestoneType"": ""YEAR""}, {""milestoneNumber"": 3, ""spent"": 500000, ""cycleType"": ""STATEMENT"", ""benefits"": ""20000 RP"", ""milestoneType"": ""YEAR""}]","[{""maintitle"": ""Domestic lounge"", ""limit"": [""2 per quarter""], ""eligibility"": [""""]}, {""maintitle"": ""International lounge"", ""limit"": [""2 per quarter""], ""eligibility"": [""""]}]",,,,[],[],,,,savesage.club,https://savesage.club/credit-card/sbi-landmark-rewards-prime
Union Bank Unicorn (Rupay Select) credit card,Union Bank of India,Union Bank,,"[""Pay by Points""]",2400,,,1.5% to 3%,"[{""child"": ""Earn 4 Reward Points per ₹100 spent"", ""name"": ""Base Rewards""}, {""child"": ""Earn 20 Reward Points per ₹100 spent"", ""name"": ""Spends > ₹20K""}, {""child"": ""Earn 20 Reward Points per ₹100 spent"", ""name"": ""Birth Month""}, {""child"": "" No Reward Points on this category."", ""name"": ""Bitcoin""}, {""child"": "" No Reward Points on this category."", ""name"": ""Wallets""}, {""child"": "" No Reward Points on this category."", ""name"": ""Wine Shops""}, {""child"": "" No Reward Points on this category."", ""name"": ""Insurance""}, {""child"": "" No Reward Points on this category."", ""name"": ""Alcohol""}, {""child"": "" No Reward Points on this category."", ""name"": ""Jewellery""}, {""child"": "" No Reward Points on this category."", ""name"": ""Fuel""}]","[{""title"": "" Discover Reward Points Redemption Options"", ""subtitle"": ""To explore the full range of redemption options for this card, download the SaveSage Club app now."", ""barCodeImageUrl"": ""/"", ""appUrl"": ""https://savesage.co/ZH8bLjZqSPb""}]",,"[{""milestoneNumber"": 1, ""spent"": 1, ""cycleType"": ""STATEMENT"", ""benefits"": ""4000 RPs"", ""milestoneType"": ""DAYS""}, {""milestoneNumber"": 2, ""spent"": 2, ""cycleType"": ""STATEMENT"", ""benefits"": ""The renewal fee will be waived."", ""milestoneType"": ""YEAR""}, {""milestoneNumber"": 3, ""spent"": 100000, ""cycleType"": ""STATEMENT"", ""benefits"": ""The joining fee will be waived."", ""milestoneType"": ""QUARTER""}, {""milestoneNumber"": 4, ""spent"": 100000, ""cycleType"": ""STATEMENT"", ""benefits"": ""2000 RPs"", ""milestoneType"": ""YEAR""}, {""milestoneNumber"": 5, ""spent"": 200000, ""cycleType"": ""STATEMENT"", ""benefits"": ""2000 RPs"", ""milestoneType"": ""YEAR""}, {""milestoneNumber"": 6, ""spent"": 300000, ""cycleType"": ""STATEMENT"", ""benefits"": ""2000 RPs"", ""milestoneType"": ""YEAR""}, {""milestoneNumber"": 7, ""spent"": 400000, ""cycleType"": ""STATEMENT"", ""benefits"": ""2000 RPs"", ""milestoneType"": ""YEAR""}, {""milestoneNumber"": 8, ""spent"": 500000, ""cycleType"": ""STATEMENT"", ""benefits"": ""2000 RPs"", ""milestoneType"": ""YEAR""}]","[{""maintitle"": ""Domestic lounge"", ""limit"": [""2 per quarter""], ""eligibility"": [""""]}, {""maintitle"": ""International lounge"", ""limit"": [""2 per year""], ""eligibility"": [""""]}]",,,,"[{""mainTitle"": ""bigbasket"", ""child"": ""bigbasket""}, {""mainTitle"": ""BookMyShow"", ""child"": ""Book My Show""}, {""mainTitle"": ""Insurance"", ""child"": ""Insurance""}, {""mainTitle"": ""MMT"", ""child"": ""MakeMyTrip""}, {""mainTitle"": ""Myntra"", ""child"": ""Myntra""}, {""mainTitle"": ""Nykaa"", ""child"": ""Nykaa""}, {""mainTitle"": ""OTT"", ""child"": ""OTT subscription""}, {""mainTitle"": ""Swiggy"", ""child"": ""Swiggy Membership""}]","[""bigbasket"", ""Book My Show"", ""Insurance"", ""MakeMyTrip"", ""Myntra"", ""Nykaa"", ""OTT subscription"", ""Swiggy Membership""]",,,,savesage.club,https://savesage.club/credit-card/union-bank-unicorn-rupay-select
AU Traverse (NRI) credit card,AU Small Finance Bank,AU,,"[""Experience"", ""Travel Booking"", ""Hotel Transfer""]",4999,,,2% to 4%,"[{""child"": ""Earn 2 Reward Points per ₹100 spent"", ""name"": ""Base Rewards""}, {""child"": ""Earn 4 Reward Points per ₹100 spent"", ""name"": ""International""}, {""child"": ""Earn 1 Reward Points per ₹100 spent"", ""name"": ""Insurance""}, {""child"": ""Earn 1 Reward Points per ₹100 spent"", ""name"": ""Utilities & Telecom""}, {""child"": "" No Reward Points on this category."", ""name"": ""Rent""}, {""child"": "" No Reward Points on this category."", ""name"": ""Fuel""}, {""child"": "" No Reward Points on this category."", ""name"": ""Education""}, {""child"": "" No Reward Points on this category."", ""name"": ""Government""}, {""child"": "" No Reward Points on this category."", ""name"": ""Transportation & Tolls""}, {""child"": "" No Reward Points on this category."", ""name"": ""EMI""}]","[{""title"": "" Discover Reward Points Redemption Options"", ""subtitle"": ""To explore the full range of redemption options for this card, download the SaveSage Club app now."", ""barCodeImageUrl"": ""/"", ""appUrl"": ""https://savesage.co/ZH8bLjZqSPb""}]",,"[{""milestoneNumber"": 1, ""spent"": 0, ""cycleType"": ""STATEMENT"", ""benefits"": ""Get a ₹5,000 MakeMyTrip voucher"", ""milestoneType"": ""DAYS""}, {""milestoneNumber"": 2, ""spent"": 600000, ""cycleType"": ""STATEMENT"", ""benefits"": ""The renewal fee will be waived."", ""milestoneType"": ""YEAR""}, {""milestoneNumber"": 3, ""spent"": 1000000, ""cycleType"": ""STATEMENT"", ""benefits"": ""Get a Taj voucher worth ₹10,000"", ""milestoneType"": ""YEAR""}]","[{""maintitle"": ""Domestic lounge"", ""limit"": [""2 per quarter""], ""eligibility"": [""""]}, {""maintitle"": ""International lounge"", ""limit"": [""2 per quarter""], ""eligibility"": [""""]}]",,,,"[{""mainTitle"": ""EazyDiner"", ""child"": ""Upto ₹500 off""}, {""mainTitle"": ""Travel"", ""child"": ""Meet and Greet""}, {""mainTitle"": ""Travel"", ""child"": ""Spa at airport""}, {""mainTitle"": ""Travel"", ""child"": ""Duty Free""}]","[""Upto ₹500 off"", ""Meet and Greet"", ""Spa at airport"", ""Duty Free""]",,,,savesage.club,https://savesage.club/credit-card/au-traverse-nri
Axis Indigo credit card,Axis Bank,Axis,,[],799,,,NA,"[{""child"": ""Earn 1 Reward Points per ₹100 spent"", ""name"": ""Base Rewards""}, {""child"": ""Earn 3 Reward Points per ₹100 spent"", ""name"": ""Indigo""}, {""child"": ""Earn 2 Reward Points per ₹100 spent"", ""name"": ""Dining""}, {""child"": ""Earn 2 Reward Points per ₹100 spent"", ""name"": ""Grocery""}, {""child"": "" No Reward Points on this category."", ""name"": ""Utilities & Telecom""}, {""child"": "" No Reward Points on this category."", ""name"": ""Fuel""}, {""child"": "" No Reward Points on this category."", ""name"": ""Government""}, {""child"": "" No Reward Points on this category."", ""name"": ""Jewellery""}, {""child"": "" No Reward Points on this category."", ""name"": ""Wallets""}, {""child"": "" No Reward Points on this category."", ""name"": ""Rent""}, {""child"": "" No Reward Points on this category."", ""name"": ""Insurance""}]","[{""title"": "" Discover Reward Points Redemption Options"", ""subtitle"": ""To explore the full range of redemption options for this card, download the SaveSage Club app now."", ""barCodeImageUrl"": ""/"", ""appUrl"": ""https://savesage.co/ZH8bLjZqSPb""}]",,"[{""milestoneNumber"": 1, ""spent"": 0, ""cycleType"": ""STATEMENT"", ""benefits"": ""Voucher worth 1,200 IndiGo BluChips"", ""milestoneType"": ""DAYS""}, {""milestoneNumber"": 2, ""spent"": 1, ""cycleType"": ""STATEMENT"", ""benefits"": ""Voucher worth 1,200 IndiGo BluChips"", ""milestoneType"": ""YEAR""}, {""milestoneNumber"": 3, ""spent"": 150000, ""cycleType"": ""STATEMENT"", ""benefits"": ""Voucher worth 1,200 IndiGo BluChips"", ""milestoneType"": ""YEAR""}, {""milestoneNumber"": 4, ""spent"": 300000, ""cycleType"": ""STATEMENT"", ""benefits"": ""Voucher worth 1,200 IndiGo BluChips"", ""milestoneType"": ""YEAR""}]","[{""maintitle"": ""Domestic lounge"", ""limit"": [""1 per quarter""], ""eligibility"": [""""]}]",,,,[],[],,,,savesage.club,https://savesage.club/credit-card/axis-indigo
Axis Indigo Premium credit card,Axis Bank,Axis,,[],5000,,,NA,"[{""child"": ""Earn 2 Reward Points per ₹100 spent"", ""name"": ""Base Rewards""}, {""child"": ""Earn 7 Reward Points per ₹100 spent"", ""name"": ""Indigo""}, {""child"": ""Earn 3 Reward Points per ₹100 spent"", ""name"": ""Grocery""}, {""child"": ""Earn 3 Reward Points per ₹100 spent"", ""name"": ""Hotels""}, {""child"": "" No Reward Points on this category."", ""name"": ""Jewellery""}, {""child"": "" No Reward Points on this category."", ""name"": ""Insurance""}, {""child"": "" No Reward Points on this category."", ""name"": ""Utilities & Telecom""}, {""child"": "" No Reward Points on this category."", ""name"": ""Rent""}, {""child"": "" No Reward Points on this category."", ""name"": ""Wallets""}, {""child"": "" No Reward Points on this category."", ""name"": ""Fuel""}, {""child"": "" No Reward Points on this category."", ""name"": ""Government""}]","[{""title"": "" Discover Reward Points Redemption Options"", ""subtitle"": ""To explore the full range of redemption options for this card, download the SaveSage Club app now."", ""barCodeImageUrl"": ""/"", ""appUrl"": ""https://savesage.co/ZH8bLjZqSPb""}]",,"[{""milestoneNumber"": 1, ""spent"": 0, ""cycleType"": ""STATEMENT"", ""benefits"": ""5,000 IndiGo BluChips voucher + 1 6E Eats voucher"", ""milestoneType"": ""DAYS""}, {""milestoneNumber"": 2, ""spent"": 1, ""cycleType"": ""STATEMENT"", ""benefits"": ""5,000 IndiGo BluChips voucher + 1 6E Eats voucher"", ""milestoneType"": ""YEAR""}, {""milestoneNumber"": 3, ""spent"": 200000, ""cycleType"": ""STATEMENT"", ""benefits"": ""5,000 IndiGo BluChips voucher + 1 6E Eats voucher"", ""milestoneType"": ""YEAR""}, {""milestoneNumber"": 4, ""spent"": 500000, ""cycleType"": ""STATEMENT"", ""benefits"": ""5,000 IndiGo BluChips voucher + 1 6E Eats voucher"", ""milestoneType"": ""YEAR""}, {""milestoneNumber"": 5, ""spent"": 800000, ""cycleType"": ""STATEMENT"", ""benefits"": ""5,000 IndiGo BluChips voucher + 1 6E Eats voucher"", ""milestoneType"": ""YEAR""}, {""milestoneNumber"": 6, ""spent"": 1200000, ""cycleType"": ""STATEMENT"", ""benefits"": ""5,000 IndiGo BluChips voucher + 1 6E Eats voucher"", ""milestoneType"": ""YEAR""}]","[{""maintitle"": ""Domestic lounge"", ""limit"": [""2 per quarter""], ""eligibility"": [""""]}]",,,,[],[],,,,savesage.club,https://savesage.club/credit-card/axis-indigo-premium
Bank Of India Visa Gold International credit card,Bank of India,Bank Of India,,"[""Pay by Points""]",0,,,1% to 2%,"[{""child"": ""Earn 2 Reward Points per ₹100 spent"", ""name"": ""Base Rewards""}, {""child"": ""Earn 4 Reward Points per ₹100 spent"", ""name"": ""Retail""}]","[{""title"": "" Discover Reward Points Redemption Options"", ""subtitle"": ""To explore the full range of redemption options for this card, download the SaveSage Club app now."", ""barCodeImageUrl"": ""/"", ""appUrl"": ""https://savesage.co/ZH8bLjZqSPb""}]",,[],[],,,,[],[],,,,savesage.club,https://savesage.club/credit-card/boi-visa-gold-international
Union Bank Divaa credit card,Union Bank of India,Union Bank,,[],0,,,NA,"[{""child"": ""Earn 2 Reward Points per ₹100 spent"", ""name"": ""Base Rewards""}, {""child"": "" No Reward Points on this category."", ""name"": ""Fuel""}]","[{""title"": "" Discover Reward Points Redemption Options"", ""subtitle"": ""To explore the full range of redemption options for this card, download the SaveSage Club app now."", ""barCodeImageUrl"": ""/"", ""appUrl"": ""https://savesage.co/ZH8bLjZqSPb""}]",,"[{""milestoneNumber"": 1, ""spent"": 30000, ""cycleType"": ""STATEMENT"", ""benefits"": ""The renewal fee will be waived."", ""milestoneType"": ""YEAR""}]","[{""maintitle"": ""Domestic lounge"", ""limit"": [""2 per quarter""], ""eligibility"": [""""]}, {""maintitle"": ""International lounge"", ""limit"": [""2 per year""], ""eligibility"": [""""]}]",,,,"[{""mainTitle"": ""bigbasket"", ""child"": ""Vouchers""}, {""mainTitle"": ""BookMyShow"", ""child"": ""Vouchers""}, {""mainTitle"": ""Concierge"", ""child"": ""Concierge Services""}, {""mainTitle"": ""Flipkart"", ""child"": ""Vouchers""}, {""mainTitle"": ""Insurance"", ""child"": ""Insurance Cover""}, {""mainTitle"": ""ixigo"", ""child"": ""Vouchers""}, {""mainTitle"": ""Lakme Salon"", ""child"": ""Vouchers""}, {""mainTitle"": ""Myntra"", ""child"": ""Vouchers""}, {""mainTitle"": ""Nykaa"", ""child"": ""Vouchers""}, {""mainTitle"": ""Swiggy"", ""child"": ""Vouchers""}]","[""Vouchers"", ""Vouchers"", ""Concierge Services"", ""Vouchers"", ""Insurance Cover"", ""Vouchers"", ""Vouchers"", ""Vouchers"", ""Vouchers"", ""Vouchers""]",,,,savesage.club,https://savesage.club/credit-card/union-bank-divaa
Union Bank Visa Gold credit card,Union Bank of India,Union Bank,,"[""Pay by Points""]",0,,,1.5% to 3%,"[{""child"": ""Earn 1 Reward Points per ₹100 spent"", ""name"": ""Base Rewards""}, {""child"": "" No Reward Points on this category."", ""name"": ""Fuel""}]","[{""title"": "" Discover Reward Points Redemption Options"", ""subtitle"": ""To explore the full range of redemption options for this card, download the SaveSage Club app now."", ""barCodeImageUrl"": ""/"", ""appUrl"": ""https://savesage.co/ZH8bLjZqSPb""}]",,"[{""milestoneNumber"": 1, ""spent"": 30000, ""cycleType"": ""STATEMENT"", ""benefits"": ""The renewal fee will be waived."", ""milestoneType"": ""YEAR""}]",[],,,,[],[],,,,savesage.club,https://savesage.club/credit-card/union-bank-visa-gold
Union Bank Visa Platinum credit card,Union Bank of India,Union Bank,,"[""Travel Booking"", ""Airline Transfer""]",0,,,3% to 5%,"[{""child"": ""Earn 2 Reward Points per ₹100 spent"", ""name"": ""Base Rewards""}, {""child"": "" No Reward Points on this category."", ""name"": ""Fuel""}]","[{""title"": "" Discover Reward Points Redemption Options"", ""subtitle"": ""To explore the full range of redemption options for this card, download the SaveSage Club app now."", ""barCodeImageUrl"": ""/"", ""appUrl"": ""https://savesage.co/ZH8bLjZqSPb""}]",,"[{""milestoneNumber"": 1, ""spent"": 50000, ""cycleType"": ""STATEMENT"", ""benefits"": ""The renewal fee will be waived."", ""milestoneType"": ""YEAR""}]",[],,,,"[{""mainTitle"": ""Insurance"", ""child"": ""Insurance Cover""}]","[""Insurance Cover""]",,,,savesage.club,https://savesage.club/credit-card/union-bank-visa-platinum
Federal StarBiz credit card,Federal Bank,Federal,,"[""Airline Transfer"", ""Hotel Transfer""]",275,,,2% to 4%,"[{""child"": "" No Reward Points on this category."", ""name"": ""Base Rewards""}]","[{""title"": "" Discover Reward Points Redemption Options"", ""subtitle"": ""To explore the full range of redemption options for this card, download the SaveSage Club app now."", ""barCodeImageUrl"": ""/"", ""appUrl"": ""https://savesage.co/ZH8bLjZqSPb""}]",,[],[],,,,"[{""mainTitle"": ""Card Benefits"", ""child"": ""Benefits associated with card""}]","[""Benefits associated with card""]",,,,savesage.club,https://savesage.club/credit-card/federal-starbiz
PNB Bliss credit card,Punjab National Bank,PNB,,"[""Catalogue Products""]",0,,,1% to 3%,"[{""child"": ""Earn 1 Reward Points per ₹100 spent"", ""name"": ""Base Rewards""}, {""child"": "" No Reward Points on this category."", ""name"": ""Fuel""}]","[{""title"": "" Discover Reward Points Redemption Options"", ""subtitle"": ""To explore the full range of redemption options for this card, download the SaveSage Club app now."", ""barCodeImageUrl"": ""/"", ""appUrl"": ""https://savesage.co/ZH8bLjZqSPb""}]",,[],"[{""maintitle"": ""Domestic lounge"", ""limit"": [""1 per quarter""], ""eligibility"": [""""]}, {""maintitle"": ""International lounge"", ""limit"": [""1 per year""], ""eligibility"": [""""]}]",,,,"[{""mainTitle"": ""BookMyShow"", ""child"": ""Vouchers""}, {""mainTitle"": ""Concierge"", ""child"": ""Concierge Services""}, {""mainTitle"": ""Ganna Plus"", ""child"": ""Ganna Plus Membership""}, {""mainTitle"": ""Health Check-up"", ""child"": ""Health Check-up""}, {""mainTitle"": ""Insurance"", ""child"": ""Insurance Cover""}, {""mainTitle"": ""Netmeds"", ""child"": ""Vouchers""}, {""mainTitle"": ""Nykaa"", ""child"": ""Vouchers""}, {""mainTitle"": ""Ola Cabs"", ""child"": ""Ola Cabs""}, {""mainTitle"": ""OTT"", ""child"": ""Vouchers""}, {""mainTitle"": ""Spa"", ""child"": ""Vouchers""}, {""mainTitle"": ""Swiggy"", ""child"": ""Vouchers""}, {""mainTitle"": ""Uber"", ""child"": ""Vouchers""}]","[""Vouchers"", ""Concierge Services"", ""Ganna Plus Membership"", ""Health Check-up"", ""Insurance Cover"", ""Vouchers"", ""Vouchers"", ""Ola Cabs"", ""Vouchers"", ""Vouchers"", ""Vouchers"", ""Vouchers""]",,,,savesage.club,https://savesage.club/credit-card/pnb-bliss
PNB Salary Rupay Platinum credit card,Punjab National Bank,PNB,,"[""Experience"", ""Travel Booking""]",0,,,1% to 3%,"[{""child"": ""Earn 1 Reward Points per ₹100 spent"", ""name"": ""Base Rewards""}, {""child"": "" No Reward Points on this category."", ""name"": ""Fuel""}]","[{""title"": "" Discover Reward Points Redemption Options"", ""subtitle"": ""To explore the full range of redemption options for this card, download the SaveSage Club app now."", ""barCodeImageUrl"": ""/"", ""appUrl"": ""https://savesage.co/ZH8bLjZqSPb""}]",,[],"[{""maintitle"": ""Domestic lounge"", ""limit"": [""1 per quarter""], ""eligibility"": [""""]}, {""maintitle"": ""International lounge"", ""limit"": [""1 per year""], ""eligibility"": [""""]}]",,,,"[{""mainTitle"": ""Concierge"", ""child"": ""Concierge Services""}, {""mainTitle"": ""Health Check-up"", ""child"": ""Health Check-up""}, {""mainTitle"": ""Myntra"", ""child"": ""Vouchers""}, {""mainTitle"": ""Netmeds"", ""child"": ""Vouchers""}, {""mainTitle"": ""Ola Cabs"", ""child"": ""Ola Cabs""}, {""mainTitle"": ""OTT"", ""child"": ""Vouchers""}, {""mainTitle"": ""Spa"", ""child"": ""Vouchers""}, {""mainTitle"": ""Uber"", ""child"": ""Vouchers""}]","[""Concierge Services"", ""Health Check-up"", ""Vouchers"", ""Vouchers"", ""Ola Cabs"", ""Vouchers"", ""Vouchers"", ""Vouchers""]",,,,savesage.club,https://savesage.club/credit-card/pnb-salary-rupay-platinum
PNB EaseMyTrip credit card,Punjab National Bank,PNB,,[],2000,,,NA,"[{""child"": ""Earn 2 Reward Points per ₹100 spent"", ""name"": ""Base Rewards""}, {""child"": ""Earn 4 Reward Points per ₹100 spent"", ""name"": ""Retail""}, {""child"": ""Earn 2 Reward Points per ₹100 spent"", ""name"": ""UPI""}]","[{""title"": "" Discover Reward Points Redemption Options"", ""subtitle"": ""To explore the full range of redemption options for this card, download the SaveSage Club app now."", ""barCodeImageUrl"": ""/"", ""appUrl"": ""https://savesage.co/ZH8bLjZqSPb""}]",,"[{""milestoneNumber"": 1, ""spent"": 0, ""cycleType"": ""STATEMENT"", ""benefits"": ""Welcome Voucher worth the benefit of Rs. 3000 (Flights- Rs. 500, Hotels- Rs. 1,000, Holidays- Rs. 1,500) and 300 RPs"", ""milestoneType"": ""YEAR""}, {""milestoneNumber"": 2, ""spent"": 100000, ""cycleType"": ""STATEMENT"", ""benefits"": ""The renewal fee will be waived."", ""milestoneType"": ""YEAR""}]","[{""maintitle"": ""Domestic lounge"", ""limit"": [""2 per quarter""], ""eligibility"": [""""]}, {""maintitle"": ""International lounge"", ""limit"": [""2 per year""], ""eligibility"": [""""]}]",,,,"[{""mainTitle"": ""EMT"", ""child"": ""EMT Transactional Offer""}, {""mainTitle"": ""Insurance"", ""child"": ""Insurance Cover""}]","[""EMT Transactional Offer"", ""Insurance Cover""]",,,,savesage.club,https://savesage.club/credit-card/pnb-easemytrip
Canara Rupay Platinum Secured credit card,Canara Bank,Canara,,[],0,,,NA,"[{""child"": ""Earn 2 Reward Points per ₹100 spent"", ""name"": ""Base Rewards""}, {""child"": "" No Reward Points on this category."", ""name"": ""Fuel""}]","[{""title"": "" Discover Reward Points Redemption Options"", ""subtitle"": ""To explore the full range of redemption options for this card, download the SaveSage Club app now."", ""barCodeImageUrl"": ""/"", ""appUrl"": ""https://savesage.co/ZH8bLjZqSPb""}]",,[],"[{""maintitle"": ""Domestic lounge"", ""limit"": [""2 per quarter""], ""eligibility"": [""""]}]",,,,"[{""mainTitle"": ""Insurance"", ""child"": ""Insurance Cover""}]","[""Insurance Cover""]",,,,savesage.club,https://savesage.club/credit-card/canara-rupay-platinum-secured
Canara Mastercard Gold Secured credit card,Canara Bank,Canara,,"[""Pay by Points""]",0,,,1% to 2%,"[{""child"": ""Earn 2 Reward Points per ₹100 spent"", ""name"": ""Base Rewards""}, {""child"": "" No Reward Points on this category."", ""name"": ""Fuel""}]","[{""title"": "" Discover Reward Points Redemption Options"", ""subtitle"": ""To explore the full range of redemption options for this card, download the SaveSage Club app now."", ""barCodeImageUrl"": ""/"", ""appUrl"": ""https://savesage.co/ZH8bLjZqSPb""}]",,[],[],,,,"[{""mainTitle"": ""Insurance"", ""child"": ""Insurance Cover""}]","[""Insurance Cover""]",,,,savesage.club,https://savesage.club/credit-card/canara-mastercard-gold-secured
Canara Visa Classic credit card,Canara Bank,Canara,,[],0,,,NA,"[{""child"": ""Earn 2 Reward Points per ₹100 spent"", ""name"": ""Base Rewards""}, {""child"": "" No Reward Points on this category."", ""name"": ""Fuel""}]","[{""title"": "" Discover Reward Points Redemption Options"", ""subtitle"": ""To explore the full range of redemption options for this card, download the SaveSage Club app now."", ""barCodeImageUrl"": ""/"", ""appUrl"": ""https://savesage.co/ZH8bLjZqSPb""}]",,[],[],,,,"[{""mainTitle"": ""Insurance"", ""child"": ""Insurance Cover""}]","[""Insurance Cover""]",,,,savesage.club,https://savesage.club/credit-card/canara-visa-classic
Canara Visa Gold Secured credit card,Canara Bank,Canara,,[],0,,,NA,"[{""child"": ""Earn 2 Reward Points per ₹100 spent"", ""name"": ""Base Rewards""}, {""child"": "" No Reward Points on this category."", ""name"": ""Fuel""}]","[{""title"": "" Discover Reward Points Redemption Options"", ""subtitle"": ""To explore the full range of redemption options for this card, download the SaveSage Club app now."", ""barCodeImageUrl"": ""/"", ""appUrl"": ""https://savesage.co/ZH8bLjZqSPb""}]",,[],[],,,,[],[],,,,savesage.club,https://savesage.club/credit-card/canara-visa-gold-secured
Canara Rupay Select Secured credit card,Canara Bank,Canara,,[],0,,,NA,"[{""child"": ""Earn 2 Reward Points per ₹100 spent"", ""name"": ""Base Rewards""}, {""child"": "" No Reward Points on this category."", ""name"": ""Fuel""}]","[{""title"": "" Discover Reward Points Redemption Options"", ""subtitle"": ""To explore the full range of redemption options for this card, download the SaveSage Club app now."", ""barCodeImageUrl"": ""/"", ""appUrl"": ""https://savesage.co/ZH8bLjZqSPb""}]",,[],[],,,,"[{""mainTitle"": ""Insurance"", ""child"": ""Insurance Cover""}]","[""Insurance Cover""]",,,,savesage.club,https://savesage.club/credit-card/canara-rupay-select-secured
HSBC Corporate credit card,HSBC,HSBC,,"[""Experience"", ""Travel Booking"", ""Hotel Transfer"", ""Pay by Points""]",2000,,,0.25% to 1%,"[{""child"": "" No Reward Points on this category."", ""name"": ""Base Rewards""}]","[{""title"": "" Discover Reward Points Redemption Options"", ""subtitle"": ""To explore the full range of redemption options for this card, download the SaveSage Club app now."", ""barCodeImageUrl"": ""/"", ""appUrl"": ""https://savesage.co/ZH8bLjZqSPb""}]",,[],"[{""maintitle"": ""Add on card domestic lounge"", ""limit"": [""2 per quarter""], ""eligibility"": [""""]}, {""maintitle"": ""Domestic lounge"", ""limit"": [""2 per quarter""], ""eligibility"": [""""]}]",,,,"[{""mainTitle"": ""VKYC"", ""child"": ""Get Amazon voucher""}]","[""Get Amazon voucher""]",,,,savesage.club,https://savesage.club/credit-card/hsbc-corporate
SBI Indigo Elite credit card,SBI Card,SBI,,[],4999,,,NA,"[{""child"": ""Earn 2 Reward Points per ₹100 spent"", ""name"": ""Base Rewards""}, {""child"": ""Earn 7 Reward Points per ₹100 spent"", ""name"": ""Hotels""}, {""child"": ""Earn 3 Reward Points per ₹100 spent"", ""name"": ""Travel""}, {""child"": "" No Reward Points on this category."", ""name"": ""Indigo""}, {""child"": "" No Reward Points on this category."", ""name"": ""Utilities""}, {""child"": "" No Reward Points on this category."", ""name"": ""Government""}, {""child"": "" No Reward Points on this category."", ""name"": ""Rent""}, {""child"": "" No Reward Points on this category."", ""name"": ""Insurance""}, {""child"": "" No Reward Points on this category."", ""name"": ""Gaming""}, {""child"": "" No Reward Points on this category."", ""name"": ""Fuel""}, {""child"": "" No Reward Points on this category."", ""name"": ""Crossell""}]","[{""title"": "" Discover Reward Points Redemption Options"", ""subtitle"": ""To explore the full range of redemption options for this card, download the SaveSage Club app now."", ""barCodeImageUrl"": ""/"", ""appUrl"": ""https://savesage.co/ZH8bLjZqSPb""}]",,"[{""milestoneNumber"": 1, ""spent"": 0, ""cycleType"": ""STATEMENT"", ""benefits"": ""5,000 IndiGo BluChips & 1 6E Eats Voucher"", ""milestoneType"": ""DAYS""}, {""milestoneNumber"": 2, ""spent"": 1, ""cycleType"": ""STATEMENT"", ""benefits"": ""4 6E Prime Passes"", ""milestoneType"": ""YEAR""}, {""milestoneNumber"": 3, ""spent"": 2, ""cycleType"": ""STATEMENT"", ""benefits"": ""5,000 IndiGo BluChips & 1 6E Eats Voucher"", ""milestoneType"": ""YEAR""}, {""milestoneNumber"": 4, ""spent"": 300000, ""cycleType"": ""STATEMENT"", ""benefits"": ""6,000 IndiGo Bluchips"", ""milestoneType"": ""YEAR""}, {""milestoneNumber"": 5, ""spent"": 600000, ""cycleType"": ""STATEMENT"", ""benefits"": ""6,000 IndiGo Bluchips"", ""milestoneType"": ""YEAR""}, {""milestoneNumber"": 6, ""spent"": 900000, ""cycleType"": ""STATEMENT"", ""benefits"": ""6,000 IndiGo Bluchips"", ""milestoneType"": ""YEAR""}, {""milestoneNumber"": 7, ""spent"": 1200000, ""cycleType"": ""STATEMENT"", ""benefits"": ""6,000 IndiGo Bluchips"", ""milestoneType"": ""YEAR""}]","[{""maintitle"": ""Domestic lounge"", ""limit"": [""2 per quarter""], ""eligibility"": [""""]}, {""maintitle"": ""International lounge"", ""limit"": [""2 per quarter""], ""eligibility"": [""""]}]",,,,"[{""mainTitle"": ""Insurance"", ""child"": ""Insurance Cover""}]","[""Insurance Cover""]",,,,savesage.club,https://savesage.club/credit-card/sbi-indigo-elite
SBI Bank of Mahrashtra Elite credit card,SBI Card,SBI,,"[""Airline Transfer"", ""Travel Booking""]",4999,,,2% to 4%,"[{""child"": ""Earn 2 Reward Points per ₹100 spent"", ""name"": ""Base Rewards""}, {""child"": ""Earn 10 Reward Points per ₹100 spent"", ""name"": ""Grocery""}, {""child"": ""Earn 10 Reward Points per ₹100 spent"", ""name"": ""Departmental Stores""}, {""child"": ""Earn 10 Reward Points per ₹100 spent"", ""name"": ""Dining""}, {""child"": "" No Reward Points on this category."", ""name"": ""EMI""}, {""child"": "" No Reward Points on this category."", ""name"": ""Government""}, {""child"": "" No Reward Points on this category."", ""name"": ""Rent""}, {""child"": "" No Reward Points on this category."", ""name"": ""Utilities""}, {""child"": "" No Reward Points on this category."", ""name"": ""Wallets""}, {""child"": "" No Reward Points on this category."", ""name"": ""Fuel""}]","[{""title"": "" Discover Reward Points Redemption Options"", ""subtitle"": ""To explore the full range of redemption options for this card, download the SaveSage Club app now."", ""barCodeImageUrl"": ""/"", ""appUrl"": ""https://savesage.co/ZH8bLjZqSPb""}]",,"[{""milestoneNumber"": 1, ""spent"": 0, ""cycleType"": ""STATEMENT"", ""benefits"": ""E- Gift Voucher worth Rs. 5,000 from any of the following brands: Yatra, Hush Puppies / Bata, Aditya Birla Fashion,Pantaloons"", ""milestoneType"": ""YEAR""}, {""milestoneNumber"": 2, ""spent"": 300000, ""cycleType"": ""STATEMENT"", ""benefits"": ""10,000 RPs."", ""milestoneType"": ""YEAR""}, {""milestoneNumber"": 3, ""spent"": 400000, ""cycleType"": ""STATEMENT"", ""benefits"": ""10,000 RPs."", ""milestoneType"": ""YEAR""}, {""milestoneNumber"": 4, ""spent"": 500000, ""cycleType"": ""STATEMENT"", ""benefits"": ""15,000 RPs."", ""milestoneType"": ""YEAR""}, {""milestoneNumber"": 5, ""spent"": 800000, ""cycleType"": ""STATEMENT"", ""benefits"": ""15,000 RPs."", ""milestoneType"": ""YEAR""}, {""milestoneNumber"": 6, ""spent"": 1000000, ""cycleType"": ""STATEMENT"", ""benefits"": ""The renewal fee will be waived."", ""milestoneType"": ""YEAR""}]","[{""maintitle"": ""Domestic lounge"", ""limit"": [""2 per quarter""], ""eligibility"": [""""]}, {""maintitle"": ""International lounge"", ""limit"": [""2 per quarter""], ""eligibility"": [""6 Complimentary Lounge Access using Priority Pass.""]}]",,,,"[{""mainTitle"": ""BookMyShow"", ""child"": ""Free Movie Tickets Worth Rs 6,000""}, {""mainTitle"": ""Concierge"", ""child"": ""Exclusive Concierge Service""}, {""mainTitle"": ""ITC"", ""child"": ""Club ITC Membership""}]","[""Free Movie Tickets Worth Rs 6,000"", ""Exclusive Concierge Service"", ""Club ITC Membership""]",,,,savesage.club,https://savesage.club/credit-card/sbi-bank-of-mahrashtra-elite
Axis Signature Lifestyle credit card,Axis Bank,Axis,,"[""Airline Transfer"", ""Travel Booking""]",5000,,,2% to 4%,"[{""child"": ""Earn 10 Reward Points per ₹200 spent"", ""name"": ""Base Rewards""}, {""child"": ""Earn 20 Reward Points per ₹200 spent"", ""name"": ""International""}, {""child"": "" No Reward Points on this category."", ""name"": ""Fuel""}]","[{""title"": "" Discover Reward Points Redemption Options"", ""subtitle"": ""To explore the full range of redemption options for this card, download the SaveSage Club app now."", ""barCodeImageUrl"": ""/"", ""appUrl"": ""https://savesage.co/ZH8bLjZqSPb""}]",,"[{""milestoneNumber"": 1, ""spent"": 300000, ""cycleType"": ""STATEMENT"", ""benefits"": ""The renewal fee will be waived."", ""milestoneType"": ""YEAR""}]",[],,,,"[{""mainTitle"": ""BookMyShow"", ""child"": ""BookMyShow""}, {""mainTitle"": ""EazyDiner"", ""child"": ""15% off via Dining Delights Program""}, {""mainTitle"": ""Wednesday Offer"", ""child"": ""Wednesday Offer""}]","[""BookMyShow"", ""15% off via Dining Delights Program"", ""Wednesday Offer""]",,,,savesage.club,https://savesage.club/credit-card/axis-signature-lifestyle
Dhanlaxmi Bank Platinum credit card,Dhanlaxmi Bank,Dhanlaxmi Bank,,"[""Airline Transfer"", ""Travel Booking""]",0,,,1% to 3%,"[{""child"": ""Earn 1 Reward Points per ₹100 spent"", ""name"": ""Base Rewards""}, {""child"": ""Earn 5 Reward Points per ₹100 spent"", ""name"": ""Departmental Stores""}, {""child"": ""Earn 5 Reward Points per ₹100 spent"", ""name"": ""Dining""}]","[{""title"": "" Discover Reward Points Redemption Options"", ""subtitle"": ""To explore the full range of redemption options for this card, download the SaveSage Club app now."", ""barCodeImageUrl"": ""/"", ""appUrl"": ""https://savesage.co/ZH8bLjZqSPb""}]",,[],[],,,,[],[],,,,savesage.club,https://savesage.club/credit-card/dhanlaxmi-bank-platinum
Indian Overseas Bank Rupay Classic credit card,Indian Overseas Bank,Indian Overseas Bank,,"[""Cashback""]",0,,,1% to 2%,"[{""child"": ""Earn 1 Reward Points per ₹150 spent"", ""name"": ""Base Rewards""}, {""child"": "" No Reward Points on this category."", ""name"": ""Fuel""}]","[{""title"": "" Discover Reward Points Redemption Options"", ""subtitle"": ""To explore the full range of redemption options for this card, download the SaveSage Club app now."", ""barCodeImageUrl"": ""/"", ""appUrl"": ""https://savesage.co/ZH8bLjZqSPb""}]",,[],[],,,,[],[],,,,savesage.club,https://savesage.club/credit-card/iob-rupay-classic
Indian Overseas Bank SRH (Rupay Platinum) credit card,Indian Overseas Bank,Indian Overseas Bank,,[],0,,,NA,"[{""child"": ""Earn 1 Reward Points per ₹100 spent"", ""name"": ""Base Rewards""}, {""child"": "" No Reward Points on this category."", ""name"": ""Fuel""}]","[{""title"": "" Discover Reward Points Redemption Options"", ""subtitle"": ""To explore the full range of redemption options for this card, download the SaveSage Club app now."", ""barCodeImageUrl"": ""/"", ""appUrl"": ""https://savesage.co/ZH8bLjZqSPb""}]",,[],"[{""maintitle"": ""Domestic lounge"", ""limit"": [""1 per quarter""], ""eligibility"": [""""]}, {""maintitle"": ""International lounge"", ""limit"": [""1 per year""], ""eligibility"": [""""]}]",,,,"[{""mainTitle"": ""Insurance"", ""child"": ""Insurance Cover""}]","[""Insurance Cover""]",,,,savesage.club,https://savesage.club/credit-card/iob-srh-rupay-platinum
Indian Overseas Bank Rupay Select credit card,Indian Overseas Bank,Indian Overseas Bank,,[],0,,,NA,"[{""child"": ""Earn 1 Reward Points per ₹100 spent"", ""name"": ""Base Rewards""}, {""child"": "" No Reward Points on this category."", ""name"": ""Fuel""}]","[{""title"": "" Discover Reward Points Redemption Options"", ""subtitle"": ""To explore the full range of redemption options for this card, download the SaveSage Club app now."", ""barCodeImageUrl"": ""/"", ""appUrl"": ""https://savesage.co/ZH8bLjZqSPb""}]",,[],"[{""maintitle"": ""Domestic lounge"", ""limit"": [""2 per quarter""], ""eligibility"": [""""]}, {""maintitle"": ""International lounge"", ""limit"": [""2 per year""], ""eligibility"": [""""]}]",,,,"[{""mainTitle"": ""Insurance"", ""child"": ""Insurance Cover""}]","[""Insurance Cover""]",,,,savesage.club,https://savesage.club/credit-card/iob-rupay-select
Indian Overseas Bank Visa Platinum credit card,Indian Overseas Bank,Indian Overseas Bank,,[],0,,,NA,"[{""child"": ""Earn 2 Reward Points per ₹100 spent"", ""name"": ""Base Rewards""}, {""child"": "" No Reward Points on this category."", ""name"": ""Fuel""}]","[{""title"": "" Discover Reward Points Redemption Options"", ""subtitle"": ""To explore the full range of redemption options for this card, download the SaveSage Club app now."", ""barCodeImageUrl"": ""/"", ""appUrl"": ""https://savesage.co/ZH8bLjZqSPb""}]",,[],[],,,,[],[],,,,savesage.club,https://savesage.club/credit-card/iob-visa-platinum
Indian Overseas Bank VISA Signature credit card,Indian Overseas Bank,Indian Overseas Bank,,[],0,,,NA,"[{""child"": ""Earn 4 Reward Points per ₹100 spent"", ""name"": ""Base Rewards""}, {""child"": "" No Reward Points on this category."", ""name"": ""Fuel""}, {""child"": "" No Reward Points on this category."", ""name"": ""Rent""}, {""child"": "" No Reward Points on this category."", ""name"": ""Wallets""}]","[{""title"": "" Discover Reward Points Redemption Options"", ""subtitle"": ""To explore the full range of redemption options for this card, download the SaveSage Club app now."", ""barCodeImageUrl"": ""/"", ""appUrl"": ""https://savesage.co/ZH8bLjZqSPb""}]",,[],[],,,,"[{""mainTitle"": ""BookMyShow"", ""child"": ""Free Movie Tickets""}]","[""Free Movie Tickets""]",,,,savesage.club,https://savesage.club/credit-card/iob-visa-signature
SBI Bank of Mahrashtra Prime credit card,SBI Card,SBI,,[],2999,,,NA,"[{""child"": ""Earn 2 Reward Points per ₹100 spent"", ""name"": ""Base Rewards""}, {""child"": ""Earn 20 Reward Points per ₹100 spent"", ""name"": ""Utilities""}, {""child"": ""Earn 20 Reward Points per ₹100 spent"", ""name"": ""Birthday""}, {""child"": ""Earn 10 Reward Points per ₹100 spent"", ""name"": ""Movies""}, {""child"": ""Earn 10 Reward Points per ₹100 spent"", ""name"": ""Grocery""}, {""child"": ""Earn 10 Reward Points per ₹100 spent"", ""name"": ""Dining""}, {""child"": ""Earn 10 Reward Points per ₹100 spent"", ""name"": ""Departmental Stores""}, {""child"": "" No Reward Points on this category."", ""name"": ""Fuel""}]","[{""title"": "" Discover Reward Points Redemption Options"", ""subtitle"": ""To explore the full range of redemption options for this card, download the SaveSage Club app now."", ""barCodeImageUrl"": ""/"", ""appUrl"": ""https://savesage.co/ZH8bLjZqSPb""}]",,[],"[{""maintitle"": ""Domestic lounge"", ""limit"": [""4 per year""], ""eligibility"": [""No explicit spend condition""]}, {""maintitle"": ""International lounge"", ""limit"": [""2 per quarter""], ""eligibility"": [""4 Complimentary Lounge Access using Priority Pass.""]}]",,,,"[{""mainTitle"": ""Avis"", ""child"": ""Up to 35% off""}, {""mainTitle"": ""Hertz"", ""child"": ""10% discount""}, {""mainTitle"": ""ITC"", ""child"": ""Club ITC Membership""}]","[""Up to 35% off"", ""10% discount"", ""Club ITC Membership""]",,,,savesage.club,https://savesage.club/credit-card/sbi-bank-of-mahrashtra-prime
SBI Bank of Mahrashtra SimplySAVE credit card,SBI Card,SBI,,[],499,,,NA,"[{""child"": ""Earn 1 Reward Points per ₹150 spent"", ""name"": ""Base Rewards""}, {""child"": ""Earn 10 Reward Points per ₹150 spent"", ""name"": ""Departmental Stores""}, {""child"": ""Earn 10 Reward Points per ₹150 spent"", ""name"": ""Dining""}, {""child"": ""Earn 10 Reward Points per ₹150 spent"", ""name"": ""Grocery""}, {""child"": ""Earn 10 Reward Points per ₹150 spent"", ""name"": ""Movies""}, {""child"": "" No Reward Points on this category."", ""name"": ""Rent""}, {""child"": "" No Reward Points on this category."", ""name"": ""Fuel""}, {""child"": "" No Reward Points on this category."", ""name"": ""Government""}, {""child"": "" No Reward Points on this category."", ""name"": ""EMI""}, {""child"": "" No Reward Points on this category."", ""name"": ""Wallets""}, {""child"": "" No Reward Points on this category."", ""name"": ""Utilities""}]","[{""title"": "" Discover Reward Points Redemption Options"", ""subtitle"": ""To explore the full range of redemption options for this card, download the SaveSage Club app now."", ""barCodeImageUrl"": ""/"", ""appUrl"": ""https://savesage.co/ZH8bLjZqSPb""}]",,"[{""milestoneNumber"": 1, ""spent"": 0, ""cycleType"": ""STATEMENT"", ""benefits"": ""2,000 bonus Reward Points"", ""milestoneType"": ""DAYS""}, {""milestoneNumber"": 2, ""spent"": 100000, ""cycleType"": ""STATEMENT"", ""benefits"": ""The renewal fee will be waived."", ""milestoneType"": ""YEAR""}]",[],,,,[],[],,,,savesage.club,https://savesage.club/credit-card/sbi-bank-of-mahrashtra-simplysave
SBI CBI Elite credit card,SBI Card,SBI,,"[""Travel Booking"", ""Airline Transfer"", ""Hotel Transfer""]",4999,,,2% to 4%,"[{""child"": ""Earn 2 Reward Points per ₹100 spent"", ""name"": ""Base Rewards""}, {""child"": ""Earn 10 Reward Points per ₹100 spent"", ""name"": ""Departmental Stores""}, {""child"": ""Earn 10 Reward Points per ₹100 spent"", ""name"": ""Grocery""}, {""child"": ""Earn 10 Reward Points per ₹100 spent"", ""name"": ""Dining""}, {""child"": "" No Reward Points on this category."", ""name"": ""Government""}, {""child"": "" No Reward Points on this category."", ""name"": ""Utilities""}, {""child"": "" No Reward Points on this category."", ""name"": ""Rent""}, {""child"": "" No Reward Points on this category."", ""name"": ""Fuel""}, {""child"": "" No Reward Points on this category."", ""name"": ""Wallets""}, {""child"": "" No Reward Points on this category."", ""name"": ""EMI""}]","[{""title"": "" Discover Reward Points Redemption Options"", ""subtitle"": ""To explore the full range of redemption options for this card, download the SaveSage Club app now."", ""barCodeImageUrl"": ""/"", ""appUrl"": ""https://savesage.co/ZH8bLjZqSPb""}]",,"[{""milestoneNumber"": 1, ""spent"": 0, ""cycleType"": ""STATEMENT"", ""benefits"": ""E- Gift Voucher worth Rs. 5,000 from any of the following brands: Yatra, Hush Puppies / Bata, Aditya Birla Fashion,Pantaloons"", ""milestoneType"": ""YEAR""}, {""milestoneNumber"": 2, ""spent"": 300000, ""cycleType"": ""STATEMENT"", ""benefits"": ""10,000 RPs."", ""milestoneType"": ""YEAR""}, {""milestoneNumber"": 3, ""spent"": 400000, ""cycleType"": ""STATEMENT"", ""benefits"": ""10,000 RPs."", ""milestoneType"": ""YEAR""}, {""milestoneNumber"": 4, ""spent"": 500000, ""cycleType"": ""STATEMENT"", ""benefits"": ""15,000 RPs."", ""milestoneType"": ""YEAR""}, {""milestoneNumber"": 5, ""spent"": 800000, ""cycleType"": ""STATEMENT"", ""benefits"": ""15,000 RPs."", ""milestoneType"": ""YEAR""}, {""milestoneNumber"": 6, ""spent"": 1000000, ""cycleType"": ""STATEMENT"", ""benefits"": ""The renewal fee will be waived."", ""milestoneType"": ""YEAR""}]","[{""maintitle"": ""Domestic lounge"", ""limit"": [""2 per quarter""], ""eligibility"": [""N/A""]}, {""maintitle"": ""International lounge"", ""limit"": [""2 per quarter""], ""eligibility"": [""6 Complimentary Lounge Access using Priority Pass.""]}]",,,,"[{""mainTitle"": ""BookMyShow"", ""child"": ""Free Movie Tickets Worth Rs 6,000""}, {""mainTitle"": ""Concierge"", ""child"": ""Exclusive Concierge Service""}, {""mainTitle"": ""ITC"", ""child"": ""Club ITC Membership""}]","[""Free Movie Tickets Worth Rs 6,000"", ""Exclusive Concierge Service"", ""Club ITC Membership""]",,,,savesage.club,https://savesage.club/credit-card/sbi-cbi-elite
SBI CBI Prime credit card,SBI Card,SBI,,"[""Brand Wallet"", ""Catalogue Products""]",2999,,,1% to 2%,"[{""child"": ""Earn 2 Reward Points per ₹100 spent"", ""name"": ""Base Rewards""}, {""child"": ""Earn 20 Reward Points per ₹100 spent"", ""name"": ""Birthday""}, {""child"": ""Earn 20 Reward Points per ₹100 spent"", ""name"": ""Utilities""}, {""child"": ""Earn 10 Reward Points per ₹100 spent"", ""name"": ""Dining""}, {""child"": ""Earn 10 Reward Points per ₹100 spent"", ""name"": ""Departmental Stores""}, {""child"": ""Earn 10 Reward Points per ₹100 spent"", ""name"": ""Grocery""}, {""child"": "" No Reward Points on this category."", ""name"": ""Fuel""}]","[{""title"": "" Discover Reward Points Redemption Options"", ""subtitle"": ""To explore the full range of redemption options for this card, download the SaveSage Club app now."", ""barCodeImageUrl"": ""/"", ""appUrl"": ""https://savesage.co/ZH8bLjZqSPb""}]",,"[{""milestoneNumber"": 1, ""spent"": 0, ""cycleType"": ""STATEMENT"", ""benefits"": ""E-gift Voucher worth Rs. 3,000 from any of the following brands: Bata/Hush Puppies, Pantaloons, Aditya Birla Fashion, Shoppers Stop and Yatra.com"", ""milestoneType"": ""YEAR""}, {""milestoneNumber"": 2, ""spent"": 50000, ""cycleType"": ""STATEMENT"", ""benefits"": ""Pizza Hut voucher worth ₹1,000."", ""milestoneType"": ""YEAR""}, {""milestoneNumber"": 3, ""spent"": 300000, ""cycleType"": ""STATEMENT"", ""benefits"": ""The renewal fee will be waived."", ""milestoneType"": ""YEAR""}, {""milestoneNumber"": 4, ""spent"": 500000, ""cycleType"": ""STATEMENT"", ""benefits"": ""E-gift voucher worth ₹7,000 from Yatra.com / Pantaloons."", ""milestoneType"": ""YEAR""}]","[{""maintitle"": ""Domestic lounge"", ""limit"": [""4 per year""], ""eligibility"": [""No explicit spend condition""]}, {""maintitle"": ""International lounge"", ""limit"": [""2 per quarter""], ""eligibility"": [""4 Complimentary Lounge Access using Priority Pass.""]}]",,,,"[{""mainTitle"": ""Avis"", ""child"": ""Up to 35% off""}, {""mainTitle"": ""Hertz"", ""child"": ""10% discount""}, {""mainTitle"": ""ITC"", ""child"": ""Club ITC Membership""}]","[""Up to 35% off"", ""10% discount"", ""Club ITC Membership""]",,,,savesage.club,https://savesage.club/credit-card/sbi-cbi-prime
SBI CBI SimplySAVE credit card,SBI Card,SBI,,"[""Brand Wallet"", ""Catalogue Products""]",499,,,2% to 3%,"[{""child"": ""Earn 1 Reward Points per ₹150 spent"", ""name"": ""Base Rewards""}, {""child"": ""Earn 10 Reward Points per ₹150 spent"", ""name"": ""Grocery""}, {""child"": ""Earn 10 Reward Points per ₹150 spent"", ""name"": ""Movies""}, {""child"": ""Earn 10 Reward Points per ₹150 spent"", ""name"": ""Dining""}, {""child"": ""Earn 10 Reward Points per ₹150 spent"", ""name"": ""Departmental Stores""}, {""child"": "" No Reward Points on this category."", ""name"": ""Wallets""}, {""child"": "" No Reward Points on this category."", ""name"": ""Utilities""}, {""child"": "" No Reward Points on this category."", ""name"": ""Fuel""}, {""child"": "" No Reward Points on this category."", ""name"": ""EMI""}, {""child"": "" No Reward Points on this category."", ""name"": ""Government""}, {""child"": "" No Reward Points on this category."", ""name"": ""Rent""}]","[{""title"": "" Discover Reward Points Redemption Options"", ""subtitle"": ""To explore the full range of redemption options for this card, download the SaveSage Club app now."", ""barCodeImageUrl"": ""/"", ""appUrl"": ""https://savesage.co/ZH8bLjZqSPb""}]",,"[{""milestoneNumber"": 1, ""spent"": 0, ""cycleType"": ""STATEMENT"", ""benefits"": ""2,000 bonus Reward Points"", ""milestoneType"": ""DAYS""}, {""milestoneNumber"": 2, ""spent"": 100000, ""cycleType"": ""STATEMENT"", ""benefits"": ""The renewal fee will be waived."", ""milestoneType"": ""YEAR""}]",[],,,,[],[],,,,savesage.club,https://savesage.club/credit-card/sbi-cbi-simplysave
SBI CUB Prime credit card,SBI Card,SBI,,"[""Travel Booking""]",2999,,,1% to 2%,"[{""child"": ""Earn 2 Reward Points per ₹100 spent"", ""name"": ""Base Rewards""}, {""child"": ""Earn 20 Reward Points per ₹100 spent"", ""name"": ""Utilities""}, {""child"": ""Earn 20 Reward Points per ₹100 spent"", ""name"": ""Birthday""}, {""child"": ""Earn 10 Reward Points per ₹100 spent"", ""name"": ""Grocery""}, {""child"": ""Earn 10 Reward Points per ₹100 spent"", ""name"": ""Departmental Stores""}, {""child"": ""Earn 10 Reward Points per ₹100 spent"", ""name"": ""Dining""}, {""child"": "" No Reward Points on this category."", ""name"": ""Fuel""}]","[{""title"": "" Discover Reward Points Redemption Options"", ""subtitle"": ""To explore the full range of redemption options for this card, download the SaveSage Club app now."", ""barCodeImageUrl"": ""/"", ""appUrl"": ""https://savesage.co/ZH8bLjZqSPb""}]",,"[{""milestoneNumber"": 1, ""spent"": 0, ""cycleType"": ""STATEMENT"", ""benefits"": ""E-gift Voucher worth Rs. 3,000 from any of the following brands: Bata/Hush Puppies, Pantaloons, Aditya Birla Fashion, Shoppers Stop and Yatra.com"", ""milestoneType"": ""YEAR""}, {""milestoneNumber"": 2, ""spent"": 50000, ""cycleType"": ""STATEMENT"", ""benefits"": ""Pizza Hut voucher worth ₹1,000."", ""milestoneType"": ""YEAR""}, {""milestoneNumber"": 3, ""spent"": 300000, ""cycleType"": ""STATEMENT"", ""benefits"": ""The renewal fee will be waived."", ""milestoneType"": ""YEAR""}, {""milestoneNumber"": 4, ""spent"": 500000, ""cycleType"": ""STATEMENT"", ""benefits"": ""E-gift voucher worth ₹7,000 from Yatra.com / Pantaloons."", ""milestoneType"": ""YEAR""}]","[{""maintitle"": ""Domestic lounge"", ""limit"": [""4 per year""], ""eligibility"": [""No explicit spend condition""]}, {""maintitle"": ""International lounge"", ""limit"": [""2 per quarter""], ""eligibility"": [""4 Complimentary Lounge Access using Priority Pass.""]}]",,,,"[{""mainTitle"": ""Avis"", ""child"": ""Up to 35% off""}, {""mainTitle"": ""Hertz"", ""child"": ""10% discount""}, {""mainTitle"": ""ITC"", ""child"": ""Club ITC Membership""}]","[""Up to 35% off"", ""10% discount"", ""Club ITC Membership""]",,,,savesage.club,https://savesage.club/credit-card/sbi-cub-prime
SBI CUB SimplySAVE credit card,SBI Card,SBI,,"[""Travel Booking""]",499,,,1% to 2%,"[{""child"": ""Earn 1 Reward Points per ₹150 spent"", ""name"": ""Base Rewards""}, {""child"": ""Earn 10 Reward Points per ₹150 spent"", ""name"": ""Grocery""}, {""child"": ""Earn 10 Reward Points per ₹150 spent"", ""name"": ""Dining""}, {""child"": ""Earn 10 Reward Points per ₹150 spent"", ""name"": ""Departmental Stores""}, {""child"": ""Earn 10 Reward Points per ₹150 spent"", ""name"": ""Movies""}, {""child"": "" No Reward Points on this category."", ""name"": ""Rent""}, {""child"": "" No Reward Points on this category."", ""name"": ""Utilities""}, {""child"": "" No Reward Points on this category."", ""name"": ""Wallets""}, {""child"": "" No Reward Points on this category."", ""name"": ""Fuel""}, {""child"": "" No Reward Points on this category."", ""name"": ""Government""}, {""child"": "" No Reward Points on this category."", ""name"": ""EMI""}]","[{""title"": "" Discover Reward Points Redemption Options"", ""subtitle"": ""To explore the full range of redemption options for this card, download the SaveSage Club app now."", ""barCodeImageUrl"": ""/"", ""appUrl"": ""https://savesage.co/ZH8bLjZqSPb""}]",,"[{""milestoneNumber"": 1, ""spent"": 0, ""cycleType"": ""STATEMENT"", ""benefits"": ""2,000 bonus Reward Points"", ""milestoneType"": ""DAYS""}, {""milestoneNumber"": 2, ""spent"": 100000, ""cycleType"": ""STATEMENT"", ""benefits"": ""The renewal fee will be waived."", ""milestoneType"": ""YEAR""}]",[],,,,[],[],,,,savesage.club,https://savesage.club/credit-card/sbi-cub-simplysave
SBI KVB Elite credit card,SBI Card,SBI,,"[""Airline Transfer""]",4999,,,3% to 6%,"[{""child"": ""Earn 2 Reward Points per ₹100 spent"", ""name"": ""Base Rewards""}, {""child"": ""Earn 10 Reward Points per ₹100 spent"", ""name"": ""Departmental Stores""}, {""child"": ""Earn 10 Reward Points per ₹100 spent"", ""name"": ""Dining""}, {""child"": ""Earn 10 Reward Points per ₹100 spent"", ""name"": ""Grocery""}, {""child"": "" No Reward Points on this category."", ""name"": ""EMI""}, {""child"": "" No Reward Points on this category."", ""name"": ""Government""}, {""child"": "" No Reward Points on this category."", ""name"": ""Fuel""}, {""child"": "" No Reward Points on this category."", ""name"": ""Rent""}, {""child"": "" No Reward Points on this category."", ""name"": ""Utilities""}, {""child"": "" No Reward Points on this category."", ""name"": ""Wallets""}]","[{""title"": "" Discover Reward Points Redemption Options"", ""subtitle"": ""To explore the full range of redemption options for this card, download the SaveSage Club app now."", ""barCodeImageUrl"": ""/"", ""appUrl"": ""https://savesage.co/ZH8bLjZqSPb""}]",,"[{""milestoneNumber"": 1, ""spent"": 0, ""cycleType"": ""STATEMENT"", ""benefits"": ""E- Gift Voucher worth Rs. 5,000 from any of the following brands: Yatra, Hush Puppies / Bata, Aditya Birla Fashion,Pantaloons"", ""milestoneType"": ""YEAR""}, {""milestoneNumber"": 2, ""spent"": 300000, ""cycleType"": ""STATEMENT"", ""benefits"": ""10,000 RPs."", ""milestoneType"": ""YEAR""}, {""milestoneNumber"": 3, ""spent"": 400000, ""cycleType"": ""STATEMENT"", ""benefits"": ""10,000 RPs."", ""milestoneType"": ""YEAR""}, {""milestoneNumber"": 4, ""spent"": 500000, ""cycleType"": ""STATEMENT"", ""benefits"": ""15,000 RPs."", ""milestoneType"": ""YEAR""}, {""milestoneNumber"": 5, ""spent"": 800000, ""cycleType"": ""STATEMENT"", ""benefits"": ""15,000 RPs."", ""milestoneType"": ""YEAR""}, {""milestoneNumber"": 6, ""spent"": 1000000, ""cycleType"": ""STATEMENT"", ""benefits"": ""The renewal fee will be waived."", ""milestoneType"": ""YEAR""}]","[{""maintitle"": ""Domestic lounge"", ""limit"": [""2 per quarter""], ""eligibility"": [""N/A""]}, {""maintitle"": ""International lounge"", ""limit"": [""2 per quarter""], ""eligibility"": [""6 Complimentary Lounge Access using Priority Pass.""]}]",,,,"[{""mainTitle"": ""BookMyShow"", ""child"": ""Free Movie Tickets Worth Rs 6,000""}, {""mainTitle"": ""Concierge"", ""child"": ""Exclusive Concierge Service""}, {""mainTitle"": ""ITC"", ""child"": ""Club ITC Membership""}]","[""Free Movie Tickets Worth Rs 6,000"", ""Exclusive Concierge Service"", ""Club ITC Membership""]",,,,savesage.club,https://savesage.club/credit-card/sbi-kvb-elite
SBI KVB Gold credit card,SBI Card,SBI,,"[""Travel Booking""]",499,,,0.5% to 1%,"[{""child"": ""Earn 1 Reward Points per ₹150 spent"", ""name"": ""Base Rewards""}, {""child"": ""Earn 10 Reward Points per ₹150 spent"", ""name"": ""Dining""}, {""child"": ""Earn 10 Reward Points per ₹150 spent"", ""name"": ""Grocery""}, {""child"": ""Earn 10 Reward Points per ₹150 spent"", ""name"": ""Departmental Stores""}, {""child"": "" No Reward Points on this category."", ""name"": ""Utilities""}, {""child"": "" No Reward Points on this category."", ""name"": ""Fuel""}, {""child"": "" No Reward Points on this category."", ""name"": ""Wallets""}, {""child"": "" No Reward Points on this category."", ""name"": ""EMI""}, {""child"": "" No Reward Points on this category."", ""name"": ""Government""}, {""child"": "" No Reward Points on this category."", ""name"": ""Rent""}]","[{""title"": "" Discover Reward Points Redemption Options"", ""subtitle"": ""To explore the full range of redemption options for this card, download the SaveSage Club app now."", ""barCodeImageUrl"": ""/"", ""appUrl"": ""https://savesage.co/ZH8bLjZqSPb""}]",,"[{""milestoneNumber"": 1, ""spent"": 0, ""cycleType"": ""STATEMENT"", ""benefits"": ""2,000 bonus Reward Points"", ""milestoneType"": ""DAYS""}, {""milestoneNumber"": 2, ""spent"": 100000, ""cycleType"": ""STATEMENT"", ""benefits"": ""The renewal fee will be waived."", ""milestoneType"": ""YEAR""}]",[],,,,[],[],,,,savesage.club,https://savesage.club/credit-card/sbi-kvb-gold
SBI KVB Platinum credit card,SBI Card,SBI,,"[""Brand Wallet"", ""Cashback""]",2999,,,1% to 2%,"[{""child"": ""Earn 2 Reward Points per ₹100 spent"", ""name"": ""Base Rewards""}, {""child"": ""Earn 20 Reward Points per ₹100 spent"", ""name"": ""Utilities""}, {""child"": ""Earn 20 Reward Points per ₹100 spent"", ""name"": ""Birthday""}, {""child"": ""Earn 10 Reward Points per ₹100 spent"", ""name"": ""Grocery""}, {""child"": ""Earn 10 Reward Points per ₹100 spent"", ""name"": ""Dining""}, {""child"": ""Earn 10 Reward Points per ₹100 spent"", ""name"": ""Departmental Stores""}, {""child"": "" No Reward Points on this category."", ""name"": ""Fuel""}]","[{""title"": "" Discover Reward Points Redemption Options"", ""subtitle"": ""To explore the full range of redemption options for this card, download the SaveSage Club app now."", ""barCodeImageUrl"": ""/"", ""appUrl"": ""https://savesage.co/ZH8bLjZqSPb""}]",,"[{""milestoneNumber"": 1, ""spent"": 0, ""cycleType"": ""STATEMENT"", ""benefits"": ""E-gift Voucher worth Rs. 3,000 from any of the following brands: Bata/Hush Puppies, Pantaloons, Aditya Birla Fashion, Shoppers Stop and Yatra.com"", ""milestoneType"": ""YEAR""}, {""milestoneNumber"": 2, ""spent"": 300000, ""cycleType"": ""STATEMENT"", ""benefits"": ""The renewal fee will be waived."", ""milestoneType"": ""YEAR""}, {""milestoneNumber"": 3, ""spent"": 400000, ""cycleType"": ""STATEMENT"", ""benefits"": ""E-gift voucher worth ₹7,000 from Yatra.com / Pantaloons."", ""milestoneType"": ""YEAR""}, {""milestoneNumber"": 4, ""spent"": 500000, ""cycleType"": ""STATEMENT"", ""benefits"": ""E-gift voucher worth ₹7,000 from Yatra.com / Pantaloons."", ""milestoneType"": ""YEAR""}]","[{""maintitle"": ""Domestic lounge"", ""limit"": [""4 per year""], ""eligibility"": [""No explicit spend condition""]}, {""maintitle"": ""International lounge"", ""limit"": [""4 per year""], ""eligibility"": [""4 Complimentary Lounge Access using Priority Pass.""]}]",,,,"[{""mainTitle"": ""ITC"", ""child"": ""Club ITC Membership""}]","[""Club ITC Membership""]",,,,savesage.club,https://savesage.club/credit-card/sbi-kvb-platinum
SBI KVB Prime credit card,SBI Card,SBI,,[],2999,,,NA,"[{""child"": ""Earn 2 Reward Points per ₹100 spent"", ""name"": ""Base Rewards""}, {""child"": ""Earn 20 Reward Points per ₹100 spent"", ""name"": ""Utilities""}, {""child"": ""Earn 20 Reward Points per ₹100 spent"", ""name"": ""Birthday""}, {""child"": ""Earn 10 Reward Points per ₹100 spent"", ""name"": ""Grocery""}, {""child"": ""Earn 10 Reward Points per ₹100 spent"", ""name"": ""Dining""}, {""child"": ""Earn 10 Reward Points per ₹100 spent"", ""name"": ""Departmental Stores""}, {""child"": "" No Reward Points on this category."", ""name"": ""Fuel""}]","[{""title"": "" Discover Reward Points Redemption Options"", ""subtitle"": ""To explore the full range of redemption options for this card, download the SaveSage Club app now."", ""barCodeImageUrl"": ""/"", ""appUrl"": ""https://savesage.co/ZH8bLjZqSPb""}]",,"[{""milestoneNumber"": 1, ""spent"": 0, ""cycleType"": ""STATEMENT"", ""benefits"": ""E-gift Voucher worth Rs. 3,000 from any of the following brands: Bata/Hush Puppies, Pantaloons, Aditya Birla Fashion, Shoppers Stop and Yatra.com"", ""milestoneType"": ""YEAR""}, {""milestoneNumber"": 2, ""spent"": 50000, ""cycleType"": ""STATEMENT"", ""benefits"": ""Pizza Hut voucher worth ₹1,000."", ""milestoneType"": ""YEAR""}, {""milestoneNumber"": 3, ""spent"": 300000, ""cycleType"": ""STATEMENT"", ""benefits"": ""The renewal fee will be waived."", ""milestoneType"": ""YEAR""}, {""milestoneNumber"": 4, ""spent"": 500000, ""cycleType"": ""STATEMENT"", ""benefits"": ""E-gift voucher worth ₹7,000 from Yatra.com / Pantaloons."", ""milestoneType"": ""YEAR""}]","[{""maintitle"": ""Domestic lounge"", ""limit"": [""4 per year""], ""eligibility"": [""No explicit spend condition""]}, {""maintitle"": ""International lounge"", ""limit"": [""2 per quarter""], ""eligibility"": [""4 Complimentary Lounge Access using Priority Pass.""]}]",,,,"[{""mainTitle"": ""Avis"", ""child"": ""Up to 35% off""}, {""mainTitle"": ""Hertz"", ""child"": ""10% discount""}, {""mainTitle"": ""ITC"", ""child"": ""Club ITC Membership""}]","[""Up to 35% off"", ""10% discount"", ""Club ITC Membership""]",,,,savesage.club,https://savesage.club/credit-card/sbi-kvb-prime
SBI KVB Signature credit card,SBI Card,SBI,,[],4999,,,NA,"[{""child"": ""Earn 2 Reward Points per ₹100 spent"", ""name"": ""Base Rewards""}, {""child"": ""Earn 10 Reward Points per ₹100 spent"", ""name"": ""Departmental Stores""}, {""child"": ""Earn 10 Reward Points per ₹100 spent"", ""name"": ""Dining""}, {""child"": ""Earn 10 Reward Points per ₹100 spent"", ""name"": ""Grocery""}, {""child"": "" No Reward Points on this category."", ""name"": ""Wallets""}, {""child"": "" No Reward Points on this category."", ""name"": ""Government""}, {""child"": "" No Reward Points on this category."", ""name"": ""Fuel""}, {""child"": "" No Reward Points on this category."", ""name"": ""EMI""}, {""child"": "" No Reward Points on this category."", ""name"": ""Rent""}, {""child"": "" No Reward Points on this category."", ""name"": ""Utilities""}]","[{""title"": "" Discover Reward Points Redemption Options"", ""subtitle"": ""To explore the full range of redemption options for this card, download the SaveSage Club app now."", ""barCodeImageUrl"": ""/"", ""appUrl"": ""https://savesage.co/ZH8bLjZqSPb""}]",,"[{""milestoneNumber"": 1, ""spent"": 0, ""cycleType"": ""STATEMENT"", ""benefits"": ""E- Gift Voucher worth Rs. 3,000 from any of the following brands: Yatra, Hush Puppies / Bata, Aditya Birla Fashion,Pantaloons"", ""milestoneType"": ""YEAR""}, {""milestoneNumber"": 2, ""spent"": 200000, ""cycleType"": ""STATEMENT"", ""benefits"": ""10,000 RPs."", ""milestoneType"": ""YEAR""}, {""milestoneNumber"": 3, ""spent"": 300000, ""cycleType"": ""STATEMENT"", ""benefits"": ""10,000 RPs."", ""milestoneType"": ""YEAR""}, {""milestoneNumber"": 4, ""spent"": 400000, ""cycleType"": ""STATEMENT"", ""benefits"": ""10,000 RPs."", ""milestoneType"": ""YEAR""}, {""milestoneNumber"": 5, ""spent"": 500000, ""cycleType"": ""STATEMENT"", ""benefits"": ""20,000 RPs."", ""milestoneType"": ""YEAR""}, {""milestoneNumber"": 6, ""spent"": 1000000, ""cycleType"": ""STATEMENT"", ""benefits"": ""The renewal fee will be waived."", ""milestoneType"": ""YEAR""}]","[{""maintitle"": ""Domestic lounge"", ""limit"": [""2 per quarter""], ""eligibility"": [""N/A""]}, {""maintitle"": ""International lounge"", ""limit"": [""2 per quarter""], ""eligibility"": [""6 Complimentary Lounge Access using Priority Pass.""]}]",,,,"[{""mainTitle"": ""BookMyShow"", ""child"": ""Free Movie Tickets Worth Rs 6,000""}, {""mainTitle"": ""Concierge"", ""child"": ""Exclusive Concierge Service""}, {""mainTitle"": ""ITC"", ""child"": ""Club ITC Membership""}]","[""Free Movie Tickets Worth Rs 6,000"", ""Exclusive Concierge Service"", ""Club ITC Membership""]",,,,savesage.club,https://savesage.club/credit-card/sbi-kvb-signature
SBI KVB SimplySAVE credit card,SBI Card,SBI,,[],499,,,NA,"[{""child"": ""Earn 1 Reward Points per ₹150 spent"", ""name"": ""Base Rewards""}, {""child"": ""Earn 10 Reward Points per ₹150 spent"", ""name"": ""Departmental Stores""}, {""child"": ""Earn 10 Reward Points per ₹150 spent"", ""name"": ""Dining""}, {""child"": ""Earn 10 Reward Points per ₹150 spent"", ""name"": ""Grocery""}, {""child"": ""Earn 10 Reward Points per ₹150 spent"", ""name"": ""Movies""}, {""child"": "" No Reward Points on this category."", ""name"": ""Wallets""}, {""child"": "" No Reward Points on this category."", ""name"": ""Fuel""}, {""child"": "" No Reward Points on this category."", ""name"": ""Utilities""}, {""child"": "" No Reward Points on this category."", ""name"": ""EMI""}, {""child"": "" No Reward Points on this category."", ""name"": ""Government""}, {""child"": "" No Reward Points on this category."", ""name"": ""Rent""}]","[{""title"": "" Discover Reward Points Redemption Options"", ""subtitle"": ""To explore the full range of redemption options for this card, download the SaveSage Club app now."", ""barCodeImageUrl"": ""/"", ""appUrl"": ""https://savesage.co/ZH8bLjZqSPb""}]",,"[{""milestoneNumber"": 1, ""spent"": 0, ""cycleType"": ""STATEMENT"", ""benefits"": ""2,000 bonus Reward Points"", ""milestoneType"": ""DAYS""}, {""milestoneNumber"": 2, ""spent"": 100000, ""cycleType"": ""STATEMENT"", ""benefits"": ""The renewal fee will be waived."", ""milestoneType"": ""YEAR""}]",[],,,,[],[],,,,savesage.club,https://savesage.club/credit-card/sbi-kvb-simplysave
SBI Punjab & Sind Elite credit card,SBI Card,SBI,,"[""Brand Wallet"", ""Catalogue Products""]",4999,,,0.5% to 1.5%,"[{""child"": ""Earn 2 Reward Points per ₹100 spent"", ""name"": ""Base Rewards""}, {""child"": ""Earn 10 Reward Points per ₹100 spent"", ""name"": ""Grocery""}, {""child"": ""Earn 10 Reward Points per ₹100 spent"", ""name"": ""Departmental Stores""}, {""child"": ""Earn 10 Reward Points per ₹100 spent"", ""name"": ""Dining""}, {""child"": "" No Reward Points on this category."", ""name"": ""Government""}, {""child"": "" No Reward Points on this category."", ""name"": ""EMI""}, {""child"": "" No Reward Points on this category."", ""name"": ""Rent""}, {""child"": "" No Reward Points on this category."", ""name"": ""Utilities""}, {""child"": "" No Reward Points on this category."", ""name"": ""Wallets""}, {""child"": "" No Reward Points on this category."", ""name"": ""Fuel""}]","[{""title"": "" Discover Reward Points Redemption Options"", ""subtitle"": ""To explore the full range of redemption options for this card, download the SaveSage Club app now."", ""barCodeImageUrl"": ""/"", ""appUrl"": ""https://savesage.co/ZH8bLjZqSPb""}]",,"[{""milestoneNumber"": 1, ""spent"": 0, ""cycleType"": ""STATEMENT"", ""benefits"": ""E- Gift Voucher worth Rs. 5,000 from any of the following brands: Yatra, Hush Puppies / Bata, Aditya Birla Fashion,Pantaloons"", ""milestoneType"": ""YEAR""}, {""milestoneNumber"": 2, ""spent"": 300000, ""cycleType"": ""STATEMENT"", ""benefits"": ""10,000 RPs."", ""milestoneType"": ""YEAR""}, {""milestoneNumber"": 3, ""spent"": 400000, ""cycleType"": ""STATEMENT"", ""benefits"": ""10,000 RPs."", ""milestoneType"": ""YEAR""}, {""milestoneNumber"": 4, ""spent"": 500000, ""cycleType"": ""STATEMENT"", ""benefits"": ""15,000 RPs."", ""milestoneType"": ""YEAR""}, {""milestoneNumber"": 5, ""spent"": 800000, ""cycleType"": ""STATEMENT"", ""benefits"": ""15,000 RPs."", ""milestoneType"": ""YEAR""}, {""milestoneNumber"": 6, ""spent"": 1000000, ""cycleType"": ""STATEMENT"", ""benefits"": ""The renewal fee will be waived."", ""milestoneType"": ""YEAR""}]","[{""maintitle"": ""Domestic lounge"", ""limit"": [""2 per quarter""], ""eligibility"": [""N/A""]}, {""maintitle"": ""International lounge"", ""limit"": [""2 per quarter""], ""eligibility"": [""6 Complimentary Lounge Access using Priority Pass.""]}]",,,,"[{""mainTitle"": ""BookMyShow"", ""child"": ""Free Movie Tickets Worth Rs 6,000""}, {""mainTitle"": ""Concierge"", ""child"": ""Exclusive Concierge Service""}, {""mainTitle"": ""ITC"", ""child"": ""Club ITC Membership""}]","[""Free Movie Tickets Worth Rs 6,000"", ""Exclusive Concierge Service"", ""Club ITC Membership""]",,,,savesage.club,https://savesage.club/credit-card/sbi-punjab-sind-elite
SBI Punjab & Sind Prime credit card,SBI Card,SBI,,"[""Brand Wallet"", ""Catalogue Products""]",2999,,,1% to 3%,"[{""child"": ""Earn 2 Reward Points per ₹100 spent"", ""name"": ""Base Rewards""}, {""child"": ""Earn 20 Reward Points per ₹100 spent"", ""name"": ""Utilities""}, {""child"": ""Earn 20 Reward Points per ₹100 spent"", ""name"": ""Birthday""}, {""child"": ""Earn 10 Reward Points per ₹100 spent"", ""name"": ""Grocery""}, {""child"": ""Earn 10 Reward Points per ₹100 spent"", ""name"": ""Dining""}, {""child"": ""Earn 10 Reward Points per ₹100 spent"", ""name"": ""Departmental Stores""}, {""child"": "" No Reward Points on this category."", ""name"": ""Fuel""}]","[{""title"": "" Discover Reward Points Redemption Options"", ""subtitle"": ""To explore the full range of redemption options for this card, download the SaveSage Club app now."", ""barCodeImageUrl"": ""/"", ""appUrl"": ""https://savesage.co/ZH8bLjZqSPb""}]",,"[{""milestoneNumber"": 1, ""spent"": 0, ""cycleType"": ""STATEMENT"", ""benefits"": ""E-gift Voucher worth Rs. 3,000 from any of the following brands: Bata/Hush Puppies, Pantaloons, Aditya Birla Fashion, Shoppers Stop and Yatra.com"", ""milestoneType"": ""YEAR""}, {""milestoneNumber"": 2, ""spent"": 50000, ""cycleType"": ""STATEMENT"", ""benefits"": ""Pizza Hut voucher worth ₹1,000."", ""milestoneType"": ""YEAR""}, {""milestoneNumber"": 3, ""spent"": 300000, ""cycleType"": ""STATEMENT"", ""benefits"": ""The renewal fee will be waived."", ""milestoneType"": ""YEAR""}, {""milestoneNumber"": 4, ""spent"": 500000, ""cycleType"": ""STATEMENT"", ""benefits"": ""E-gift voucher worth ₹7,000 from Yatra.com / Pantaloons."", ""milestoneType"": ""YEAR""}]","[{""maintitle"": ""Domestic lounge"", ""limit"": [""4 per year""], ""eligibility"": [""No explicit spend condition""]}, {""maintitle"": ""International lounge"", ""limit"": [""2 per quarter""], ""eligibility"": [""4 Complimentary Lounge Access using Priority Pass.""]}]",,,,"[{""mainTitle"": ""Avis"", ""child"": ""Up to 35% off""}, {""mainTitle"": ""Hertz"", ""child"": ""10% discount""}, {""mainTitle"": ""ITC"", ""child"": ""Club ITC Membership""}]","[""Up to 35% off"", ""10% discount"", ""Club ITC Membership""]",,,,savesage.club,https://savesage.club/credit-card/sbi-punjab-sind-prime
SBI Punjab & Sind SimplySAVE credit card,SBI Card,SBI,,"[""Experience"", ""Catalogue Products""]",499,,,1% to 2%,"[{""child"": ""Earn 1 Reward Points per ₹150 spent"", ""name"": ""Base Rewards""}, {""child"": ""Earn 10 Reward Points per ₹150 spent"", ""name"": ""Grocery""}, {""child"": ""Earn 10 Reward Points per ₹150 spent"", ""name"": ""Departmental Stores""}, {""child"": ""Earn 10 Reward Points per ₹150 spent"", ""name"": ""Dining""}, {""child"": ""Earn 10 Reward Points per ₹150 spent"", ""name"": ""Movies""}, {""child"": "" No Reward Points on this category."", ""name"": ""Utilities""}, {""child"": "" No Reward Points on this category."", ""name"": ""Wallets""}, {""child"": "" No Reward Points on this category."", ""name"": ""Rent""}, {""child"": "" No Reward Points on this category."", ""name"": ""EMI""}, {""child"": "" No Reward Points on this category."", ""name"": ""Government""}, {""child"": "" No Reward Points on this category."", ""name"": ""Fuel""}]","[{""title"": "" Discover Reward Points Redemption Options"", ""subtitle"": ""To explore the full range of redemption options for this card, download the SaveSage Club app now."", ""barCodeImageUrl"": ""/"", ""appUrl"": ""https://savesage.co/ZH8bLjZqSPb""}]",,"[{""milestoneNumber"": 1, ""spent"": 0, ""cycleType"": ""STATEMENT"", ""benefits"": ""2,000 bonus Reward Points"", ""milestoneType"": ""DAYS""}, {""milestoneNumber"": 2, ""spent"": 100000, ""cycleType"": ""STATEMENT"", ""benefits"": ""The renewal fee will be waived."", ""milestoneType"": ""YEAR""}]",[],,,,[],[],,,,savesage.club,https://savesage.club/credit-card/sbi-punjab-sind-simplysave
SBI SIB Prime credit card,SBI Card,SBI,,[],2999,,,NA,"[{""child"": ""Earn 2 Reward Points per ₹100 spent"", ""name"": ""Base Rewards""}, {""child"": ""Earn 20 Reward Points per ₹100 spent"", ""name"": ""Birthday""}, {""child"": ""Earn 20 Reward Points per ₹100 spent"", ""name"": ""Utilities""}, {""child"": ""Earn 10 Reward Points per ₹100 spent"", ""name"": ""Grocery""}, {""child"": ""Earn 10 Reward Points per ₹100 spent"", ""name"": ""Dining""}, {""child"": ""Earn 10 Reward Points per ₹100 spent"", ""name"": ""Departmental Stores""}, {""child"": "" No Reward Points on this category."", ""name"": ""Fuel""}]","[{""title"": "" Discover Reward Points Redemption Options"", ""subtitle"": ""To explore the full range of redemption options for this card, download the SaveSage Club app now."", ""barCodeImageUrl"": ""/"", ""appUrl"": ""https://savesage.co/ZH8bLjZqSPb""}]",,"[{""milestoneNumber"": 1, ""spent"": 0, ""cycleType"": ""STATEMENT"", ""benefits"": ""E-gift Voucher worth Rs. 3,000 from any of the following brands: Bata/Hush Puppies, Pantaloons, Aditya Birla Fashion, Shoppers Stop and Yatra.com"", ""milestoneType"": ""YEAR""}, {""milestoneNumber"": 2, ""spent"": 50000, ""cycleType"": ""STATEMENT"", ""benefits"": ""Pizza Hut voucher worth ₹1,000."", ""milestoneType"": ""YEAR""}, {""milestoneNumber"": 3, ""spent"": 300000, ""cycleType"": ""STATEMENT"", ""benefits"": ""The renewal fee will be waived."", ""milestoneType"": ""YEAR""}, {""milestoneNumber"": 4, ""spent"": 500000, ""cycleType"": ""STATEMENT"", ""benefits"": ""E-gift voucher worth ₹7,000 from Yatra.com / Pantaloons."", ""milestoneType"": ""YEAR""}]","[{""maintitle"": ""Domestic lounge"", ""limit"": [""4 per year""], ""eligibility"": [""No explicit spend condition""]}, {""maintitle"": ""International lounge"", ""limit"": [""2 per quarter""], ""eligibility"": [""4 Complimentary Lounge Access using Priority Pass.""]}]",,,,"[{""mainTitle"": ""Avis"", ""child"": ""Up to 35% off""}, {""mainTitle"": ""Hertz"", ""child"": ""10% discount""}, {""mainTitle"": ""ITC"", ""child"": ""Club ITC Membership""}]","[""Up to 35% off"", ""10% discount"", ""Club ITC Membership""]",,,,savesage.club,https://savesage.club/credit-card/sbi-sib-prime
SBI SIB SimplySAVE credit card,SBI Card,SBI,,"[""Cashback""]",499,,,0.75% to 1.5%,"[{""child"": ""Earn 1 Reward Points per ₹150 spent"", ""name"": ""Base Rewards""}, {""child"": ""Earn 10 Reward Points per ₹150 spent"", ""name"": ""Dining""}, {""child"": ""Earn 10 Reward Points per ₹150 spent"", ""name"": ""Departmental Stores""}, {""child"": ""Earn 10 Reward Points per ₹150 spent"", ""name"": ""Grocery""}, {""child"": ""Earn 10 Reward Points per ₹150 spent"", ""name"": ""Movies""}, {""child"": "" No Reward Points on this category."", ""name"": ""Fuel""}, {""child"": "" No Reward Points on this category."", ""name"": ""Utilities""}, {""child"": "" No Reward Points on this category."", ""name"": ""EMI""}, {""child"": "" No Reward Points on this category."", ""name"": ""Government""}, {""child"": "" No Reward Points on this category."", ""name"": ""Rent""}, {""child"": "" No Reward Points on this category."", ""name"": ""Wallets""}]","[{""title"": "" Discover Reward Points Redemption Options"", ""subtitle"": ""To explore the full range of redemption options for this card, download the SaveSage Club app now."", ""barCodeImageUrl"": ""/"", ""appUrl"": ""https://savesage.co/ZH8bLjZqSPb""}]",,"[{""milestoneNumber"": 1, ""spent"": 0, ""cycleType"": ""STATEMENT"", ""benefits"": ""2,000 bonus Reward Points"", ""milestoneType"": ""DAYS""}, {""milestoneNumber"": 2, ""spent"": 100000, ""cycleType"": ""STATEMENT"", ""benefits"": ""The renewal fee will be waived."", ""milestoneType"": ""YEAR""}]",[],,,,[],[],,,,savesage.club,https://savesage.club/credit-card/sbi-sib-simplysave
SBI UCO Elite credit card,SBI Card,SBI,,"[""Cashback""]",4999,,,2% to 4%,"[{""child"": ""Earn 2 Reward Points per ₹100 spent"", ""name"": ""Base Rewards""}, {""child"": ""Earn 10 Reward Points per ₹100 spent"", ""name"": ""Departmental Stores""}, {""child"": ""Earn 10 Reward Points per ₹100 spent"", ""name"": ""Dining""}, {""child"": ""Earn 10 Reward Points per ₹100 spent"", ""name"": ""Grocery""}, {""child"": "" No Reward Points on this category."", ""name"": ""Fuel""}, {""child"": "" No Reward Points on this category."", ""name"": ""Government""}, {""child"": "" No Reward Points on this category."", ""name"": ""Utilities""}, {""child"": "" No Reward Points on this category."", ""name"": ""Wallets""}, {""child"": "" No Reward Points on this category."", ""name"": ""EMI""}, {""child"": "" No Reward Points on this category."", ""name"": ""Rent""}]","[{""title"": "" Discover Reward Points Redemption Options"", ""subtitle"": ""To explore the full range of redemption options for this card, download the SaveSage Club app now."", ""barCodeImageUrl"": ""/"", ""appUrl"": ""https://savesage.co/ZH8bLjZqSPb""}]",,"[{""milestoneNumber"": 1, ""spent"": 0, ""cycleType"": ""STATEMENT"", ""benefits"": ""E- Gift Voucher worth Rs. 5,000."", ""milestoneType"": ""YEAR""}, {""milestoneNumber"": 2, ""spent"": 300000, ""cycleType"": ""STATEMENT"", ""benefits"": ""10,000 RPs."", ""milestoneType"": ""YEAR""}, {""milestoneNumber"": 3, ""spent"": 400000, ""cycleType"": ""STATEMENT"", ""benefits"": ""10,000 RPs."", ""milestoneType"": ""YEAR""}, {""milestoneNumber"": 4, ""spent"": 500000, ""cycleType"": ""STATEMENT"", ""benefits"": ""15,000 RPs."", ""milestoneType"": ""YEAR""}, {""milestoneNumber"": 5, ""spent"": 800000, ""cycleType"": ""STATEMENT"", ""benefits"": ""15,000 RPs."", ""milestoneType"": ""YEAR""}, {""milestoneNumber"": 6, ""spent"": 1000000, ""cycleType"": ""STATEMENT"", ""benefits"": ""The renewal fee will be waived."", ""milestoneType"": ""YEAR""}]","[{""maintitle"": ""Domestic lounge"", ""limit"": [""2 per quarter""], ""eligibility"": [""N/A""]}, {""maintitle"": ""International lounge"", ""limit"": [""2 per quarter""], ""eligibility"": [""6 Complimentary Lounge Access using Priority Pass.""]}]",,,,"[{""mainTitle"": ""BookMyShow"", ""child"": ""Free Movie Tickets Worth Rs 6,000""}, {""mainTitle"": ""Concierge"", ""child"": ""Exclusive Concierge Service""}, {""mainTitle"": ""ITC"", ""child"": ""Club ITC Membership""}]","[""Free Movie Tickets Worth Rs 6,000"", ""Exclusive Concierge Service"", ""Club ITC Membership""]",,,,savesage.club,https://savesage.club/credit-card/sbi-uco-elite
SBI UCO Prime credit card,SBI Card,SBI,,[],2999,,,NA,"[{""child"": ""Earn 2 Reward Points per ₹100 spent"", ""name"": ""Base Rewards""}, {""child"": ""Earn 20 Reward Points per ₹100 spent"", ""name"": ""Utilities""}, {""child"": ""Earn 20 Reward Points per ₹100 spent"", ""name"": ""Birthday""}, {""child"": ""Earn 10 Reward Points per ₹100 spent"", ""name"": ""Departmental Stores""}, {""child"": ""Earn 10 Reward Points per ₹100 spent"", ""name"": ""Dining""}, {""child"": ""Earn 10 Reward Points per ₹100 spent"", ""name"": ""Grocery""}, {""child"": "" No Reward Points on this category."", ""name"": ""Fuel""}]","[{""title"": "" Discover Reward Points Redemption Options"", ""subtitle"": ""To explore the full range of redemption options for this card, download the SaveSage Club app now."", ""barCodeImageUrl"": ""/"", ""appUrl"": ""https://savesage.co/ZH8bLjZqSPb""}]",,"[{""milestoneNumber"": 1, ""spent"": 0, ""cycleType"": ""STATEMENT"", ""benefits"": ""E-gift Voucher worth Rs. 3,000 from any of the following brands: Bata/Hush Puppies, Pantaloons, Aditya Birla Fashion, Shoppers Stop and Yatra.com"", ""milestoneType"": ""YEAR""}, {""milestoneNumber"": 2, ""spent"": 50000, ""cycleType"": ""STATEMENT"", ""benefits"": ""Pizza Hut voucher worth ₹1,000."", ""milestoneType"": ""YEAR""}, {""milestoneNumber"": 3, ""spent"": 300000, ""cycleType"": ""STATEMENT"", ""benefits"": ""The renewal fee will be waived."", ""milestoneType"": ""YEAR""}, {""milestoneNumber"": 4, ""spent"": 500000, ""cycleType"": ""STATEMENT"", ""benefits"": ""E-gift voucher worth ₹7,000 from Yatra.com / Pantaloons."", ""milestoneType"": ""YEAR""}]","[{""maintitle"": ""Domestic lounge"", ""limit"": [""4 per year""], ""eligibility"": [""No explicit spend condition""]}, {""maintitle"": ""International lounge"", ""limit"": [""2 per quarter""], ""eligibility"": [""4 Complimentary Lounge Access using Priority Pass.""]}]",,,,"[{""mainTitle"": ""Avis"", ""child"": ""Up to 35% off""}, {""mainTitle"": ""Hertz"", ""child"": ""10% discount""}, {""mainTitle"": ""ITC"", ""child"": ""Club ITC Membership""}]","[""Up to 35% off"", ""10% discount"", ""Club ITC Membership""]",,,,savesage.club,https://savesage.club/credit-card/sbi-uco-prime
SBI UCO SimplySAVE credit card,SBI Card,SBI,,[],499,,,NA,"[{""child"": ""Earn 1 Reward Points per ₹150 spent"", ""name"": ""Base Rewards""}, {""child"": ""Earn 10 Reward Points per ₹150 spent"", ""name"": ""Departmental Stores""}, {""child"": ""Earn 10 Reward Points per ₹150 spent"", ""name"": ""Movies""}, {""child"": ""Earn 10 Reward Points per ₹150 spent"", ""name"": ""Grocery""}, {""child"": ""Earn 10 Reward Points per ₹150 spent"", ""name"": ""Dining""}, {""child"": "" No Reward Points on this category."", ""name"": ""Fuel""}, {""child"": "" No Reward Points on this category."", ""name"": ""Wallets""}, {""child"": "" No Reward Points on this category."", ""name"": ""EMI""}, {""child"": "" No Reward Points on this category."", ""name"": ""Government""}, {""child"": "" No Reward Points on this category."", ""name"": ""Rent""}, {""child"": "" No Reward Points on this category."", ""name"": ""Utilities""}]","[{""title"": "" Discover Reward Points Redemption Options"", ""subtitle"": ""To explore the full range of redemption options for this card, download the SaveSage Club app now."", ""barCodeImageUrl"": ""/"", ""appUrl"": ""https://savesage.co/ZH8bLjZqSPb""}]",,"[{""milestoneNumber"": 1, ""spent"": 0, ""cycleType"": ""STATEMENT"", ""benefits"": ""2,000 bonus Reward Points"", ""milestoneType"": ""DAYS""}, {""milestoneNumber"": 2, ""spent"": 100000, ""cycleType"": ""STATEMENT"", ""benefits"": ""The renewal fee will be waived."", ""milestoneType"": ""YEAR""}]",[],,,,[],[],,,,savesage.club,https://savesage.club/credit-card/sbi-uco-simplysave
Yes Bank Anq Phi credit card,Yes Bank,Yes Bank,,"[""Experience"", ""Travel Booking""]",0,,,2% to 5%,"[{""child"": ""Earn 4 Reward Points per ₹200 spent"", ""name"": ""Base Rewards""}, {""child"": ""Earn 24 Reward Points per ₹200 spent"", ""name"": ""Entertainment""}, {""child"": ""Earn 24 Reward Points per ₹200 spent"", ""name"": ""Travel""}, {""child"": ""Earn 24 Reward Points per ₹200 spent"", ""name"": ""Dining""}, {""child"": ""Earn 24 Reward Points per ₹200 spent"", ""name"": ""Hotels""}, {""child"": ""Earn 24 Reward Points per ₹200 spent"", ""name"": ""Fast Food""}, {""child"": ""Earn 24 Reward Points per ₹200 spent"", ""name"": ""Grocery""}, {""child"": ""Earn 24 Reward Points per ₹200 spent"", ""name"": ""Supermarket""}, {""child"": ""Earn 24 Reward Points per ₹200 spent"", ""name"": ""Apparel""}, {""child"": ""Earn 4 Reward Points per ₹200 spent"", ""name"": ""Railways""}, {""child"": ""Earn 4 Reward Points per ₹200 spent"", ""name"": ""Transportation""}, {""child"": "" No Reward Points on this category."", ""name"": ""Fuel""}]","[{""title"": "" Discover Reward Points Redemption Options"", ""subtitle"": ""To explore the full range of redemption options for this card, download the SaveSage Club app now."", ""barCodeImageUrl"": ""/"", ""appUrl"": ""https://savesage.co/ZH8bLjZqSPb""}]",,"[{""milestoneNumber"": 1, ""spent"": 120000, ""cycleType"": ""STATEMENT"", ""benefits"": ""The renewal fee will be waived."", ""milestoneType"": ""YEAR""}]",[],,,,[],[],,,,savesage.club,https://savesage.club/credit-card/yes-bank-anq-phi
Yes Bank Anq Pi credit card,Yes Bank,Yes Bank,,"[""Cashback""]",0,,,1% to 2%,"[{""child"": ""Earn 2 Reward Points per ₹200 spent"", ""name"": ""Base Rewards""}, {""child"": ""Earn 4 Reward Points per ₹200 spent"", ""name"": ""UPI>₹2K""}, {""child"": ""Earn 2 Reward Points per ₹200 spent"", ""name"": ""Transportation""}, {""child"": ""Earn 2 Reward Points per ₹200 spent"", ""name"": ""Railways""}, {""child"": "" No Reward Points on this category."", ""name"": ""Fuel""}]","[{""title"": "" Discover Reward Points Redemption Options"", ""subtitle"": ""To explore the full range of redemption options for this card, download the SaveSage Club app now."", ""barCodeImageUrl"": ""/"", ""appUrl"": ""https://savesage.co/ZH8bLjZqSPb""}]",,[],[],,,,[],[],,,,savesage.club,https://savesage.club/credit-card/yes-bank-anq-pi
Yes Bank Freo credit card,Yes Bank,Yes Bank,,"[""Experience""]",399,,,1% to 2%,"[{""child"": ""Earn 1 Reward Points per ₹100 spent"", ""name"": ""Base Rewards""}, {""child"": ""Earn 1 Reward Points per ₹100 spent"", ""name"": ""Transportation""}, {""child"": ""Earn 1 Reward Points per ₹100 spent"", ""name"": ""Railways""}, {""child"": "" No Reward Points on this category."", ""name"": ""Fuel""}, {""child"": "" No Reward Points on this category."", ""name"": ""Wallets""}, {""child"": "" No Reward Points on this category."", ""name"": ""Utilities""}, {""child"": "" No Reward Points on this category."", ""name"": ""EMI""}, {""child"": "" No Reward Points on this category."", ""name"": ""Rent""}, {""child"": "" No Reward Points on this category."", ""name"": ""Government""}]","[{""title"": "" Discover Reward Points Redemption Options"", ""subtitle"": ""To explore the full range of redemption options for this card, download the SaveSage Club app now."", ""barCodeImageUrl"": ""/"", ""appUrl"": ""https://savesage.co/ZH8bLjZqSPb""}]",,"[{""milestoneNumber"": 1, ""spent"": 10000, ""cycleType"": ""STATEMENT"", ""benefits"": ""The joining fee will be waived."", ""milestoneType"": ""DAYS""}, {""milestoneNumber"": 2, ""spent"": 100000, ""cycleType"": ""STATEMENT"", ""benefits"": ""The renewal fee will be waived."", ""milestoneType"": ""YEAR""}]",[],,,,[],[],,,,savesage.club,https://savesage.club/credit-card/yes-bank-freo
RBL Aspire Banking credit card,RBL Bank,RBL,,"[""Experience"", ""Travel Booking""]",0,,,2% to 4%,"[{""child"": ""Earn 1 Reward Points per ₹100 spent"", ""name"": ""Base Rewards""}, {""child"": ""Earn 3 Reward Points per ₹100 spent"", ""name"": ""RBL Portal""}, {""child"": "" No Reward Points on this category."", ""name"": ""Railways""}, {""child"": "" No Reward Points on this category."", ""name"": ""Fuel""}, {""child"": "" No Reward Points on this category."", ""name"": ""Utilities""}, {""child"": "" No Reward Points on this category."", ""name"": ""Wallets""}, {""child"": "" No Reward Points on this category."", ""name"": ""Rent""}, {""child"": "" No Reward Points on this category."", ""name"": ""Insurance""}, {""child"": "" No Reward Points on this category."", ""name"": ""Education""}, {""child"": "" No Reward Points on this category."", ""name"": ""Government""}]","[{""title"": "" Discover Reward Points Redemption Options"", ""subtitle"": ""To explore the full range of redemption options for this card, download the SaveSage Club app now."", ""barCodeImageUrl"": ""/"", ""appUrl"": ""https://savesage.co/ZH8bLjZqSPb""}]",,"[{""milestoneNumber"": 1, ""spent"": 300000, ""cycleType"": ""STATEMENT"", ""benefits"": ""₹1500 Cashback"", ""milestoneType"": ""YEAR""}, {""milestoneNumber"": 2, ""spent"": 500000, ""cycleType"": ""STATEMENT"", ""benefits"": ""₹3000 Cashback"", ""milestoneType"": ""YEAR""}]","[{""maintitle"": ""Domestic lounge"", ""limit"": [""1 per quarter""], ""eligibility"": [""""]}]",,,,"[{""mainTitle"": ""BookMyShow"", ""child"": ""Buy One Get One Free""}]","[""Buy One Get One Free""]",,,,savesage.club,https://savesage.club/credit-card/rbl-aspire-banking
RBL Signature Banking credit card,RBL Bank,RBL,,"[""Airline Transfer"", ""Travel Booking""]",0,,,1% to 2.5%,"[{""child"": ""Earn 1 Reward Points per ₹100 spent"", ""name"": ""Base Rewards""}, {""child"": ""Earn 4 Reward Points per ₹100 spent"", ""name"": ""RBL Portal""}, {""child"": "" No Reward Points on this category."", ""name"": ""Fuel""}, {""child"": "" No Reward Points on this category."", ""name"": ""Railways""}, {""child"": "" No Reward Points on this category."", ""name"": ""Wallets""}, {""child"": "" No Reward Points on this category."", ""name"": ""Rent""}, {""child"": "" No Reward Points on this category."", ""name"": ""Insurance""}, {""child"": "" No Reward Points on this category."", ""name"": ""Education""}, {""child"": "" No Reward Points on this category."", ""name"": ""Government""}, {""child"": "" No Reward Points on this category."", ""name"": ""Utilities""}]","[{""title"": "" Discover Reward Points Redemption Options"", ""subtitle"": ""To explore the full range of redemption options for this card, download the SaveSage Club app now."", ""barCodeImageUrl"": ""/"", ""appUrl"": ""https://savesage.co/ZH8bLjZqSPb""}]",,"[{""milestoneNumber"": 1, ""spent"": 300000, ""cycleType"": ""STATEMENT"", ""benefits"": ""₹2000 Cashback"", ""milestoneType"": ""YEAR""}, {""milestoneNumber"": 2, ""spent"": 500000, ""cycleType"": ""STATEMENT"", ""benefits"": ""₹4000 Cashback"", ""milestoneType"": ""YEAR""}]","[{""maintitle"": ""Domestic lounge"", ""limit"": [""2 per quarter""], ""eligibility"": [""""]}, {""maintitle"": ""International lounge"", ""limit"": [""2 per quarter""], ""eligibility"": [""""]}]",,,,"[{""mainTitle"": ""BookMyShow"", ""child"": ""Buy One Get One Free""}]","[""Buy One Get One Free""]",,,,savesage.club,https://savesage.club/credit-card/rbl-signature-banking
RBL Apex credit card,RBL Bank,RBL,,"[""Catalogue Brand Vouchers""]",1000,,,5% to 8.5%,"[{""child"": ""Earn 1 Reward Points per ₹100 spent"", ""name"": ""Base Rewards""}, {""child"": ""Earn 2 Reward Points per ₹100 spent"", ""name"": ""RBL Portal""}, {""child"": "" No Reward Points on this category."", ""name"": ""Utilities""}, {""child"": "" No Reward Points on this category."", ""name"": ""Wallets""}, {""child"": "" No Reward Points on this category."", ""name"": ""Rent""}, {""child"": "" No Reward Points on this category."", ""name"": ""Insurance""}, {""child"": "" No Reward Points on this category."", ""name"": ""Education""}, {""child"": "" No Reward Points on this category."", ""name"": ""Railways""}, {""child"": "" No Reward Points on this category."", ""name"": ""Government""}, {""child"": "" No Reward Points on this category."", ""name"": ""Fuel""}]","[{""title"": "" Discover Reward Points Redemption Options"", ""subtitle"": ""To explore the full range of redemption options for this card, download the SaveSage Club app now."", ""barCodeImageUrl"": ""/"", ""appUrl"": ""https://savesage.co/ZH8bLjZqSPb""}]",,"[{""milestoneNumber"": 1, ""spent"": 200000, ""cycleType"": ""STATEMENT"", ""benefits"": ""₹1000 Cashback"", ""milestoneType"": ""YEAR""}, {""milestoneNumber"": 2, ""spent"": 400000, ""cycleType"": ""STATEMENT"", ""benefits"": ""₹2000 Cashback"", ""milestoneType"": ""YEAR""}]","[{""maintitle"": ""Domestic lounge"", ""limit"": [""1 per quarter""], ""eligibility"": [""""]}]",,,,"[{""mainTitle"": ""BookMyShow"", ""child"": ""Buy One Get One Free""}]","[""Buy One Get One Free""]",,,,savesage.club,https://savesage.club/credit-card/rbl-apex
RBL World Safari Lite credit card,RBL Bank,RBL,,"[""Brand Wallet"", ""Cashback""]",1000,,,3% to 5%,"[{""child"": ""Earn 1 Reward Points per ₹100 spent"", ""name"": ""Base Rewards""}, {""child"": ""Earn 5 Reward Points per ₹100 spent"", ""name"": ""Travel (RBL Portal)""}, {""child"": "" No Reward Points on this category."", ""name"": ""International""}, {""child"": "" No Reward Points on this category."", ""name"": ""Utilities""}, {""child"": "" No Reward Points on this category."", ""name"": ""Insurance""}, {""child"": "" No Reward Points on this category."", ""name"": ""Rent""}, {""child"": "" No Reward Points on this category."", ""name"": ""Fuel""}, {""child"": "" No Reward Points on this category."", ""name"": ""Wallets""}, {""child"": "" No Reward Points on this category."", ""name"": ""Railways""}]","[{""title"": "" Discover Reward Points Redemption Options"", ""subtitle"": ""To explore the full range of redemption options for this card, download the SaveSage Club app now."", ""barCodeImageUrl"": ""/"", ""appUrl"": ""https://savesage.co/ZH8bLjZqSPb""}]",,"[{""milestoneNumber"": 1, ""spent"": 0, ""cycleType"": ""STATEMENT"", ""benefits"": ""Ixigo voucher worth ₹599,Swiggy One,OTT Play"", ""milestoneType"": ""DAYS""}, {""milestoneNumber"": 2, ""spent"": 250000, ""cycleType"": ""STATEMENT"", ""benefits"": ""5,000 Reward Points"", ""milestoneType"": ""YEAR""}, {""milestoneNumber"": 3, ""spent"": 500000, ""cycleType"": ""STATEMENT"", ""benefits"": ""10,000 Reward Points"", ""milestoneType"": ""YEAR""}]","[{""maintitle"": ""Domestic lounge"", ""limit"": [""1 per quarter""], ""eligibility"": [""""]}, {""maintitle"": ""International lounge"", ""limit"": [""1 per quarter""], ""eligibility"": [""""]}]",,,,[],[],,,,savesage.club,https://savesage.club/credit-card/rbl-world-safari-lite
RBL TVS credit card,RBL Bank,RBL,,"[""Experience"", ""Catalogue Products""]",500,,,1% to 2%,"[{""child"": ""Earn 1 Reward Points per ₹100 spent"", ""name"": ""Base Rewards""}, {""child"": ""Earn 2 Reward Points per ₹100 spent"", ""name"": ""Online""}, {""child"": "" No Reward Points on this category."", ""name"": ""Fuel""}, {""child"": "" No Reward Points on this category."", ""name"": ""Railways""}, {""child"": "" No Reward Points on this category."", ""name"": ""Utilities""}, {""child"": "" No Reward Points on this category."", ""name"": ""Rent""}, {""child"": "" No Reward Points on this category."", ""name"": ""Insurance""}, {""child"": "" No Reward Points on this category."", ""name"": ""Education""}, {""child"": "" No Reward Points on this category."", ""name"": ""Government""}, {""child"": "" No Reward Points on this category."", ""name"": ""Wallets""}]","[{""title"": "" Discover Reward Points Redemption Options"", ""subtitle"": ""To explore the full range of redemption options for this card, download the SaveSage Club app now."", ""barCodeImageUrl"": ""/"", ""appUrl"": ""https://savesage.co/ZH8bLjZqSPb""}]",,"[{""milestoneNumber"": 1, ""spent"": 10000, ""cycleType"": ""STATEMENT"", ""benefits"": ""Buy One Get One Voucher of BookMyShow upto ₹200 Off"", ""milestoneType"": ""MONTH""}, {""milestoneNumber"": 2, ""spent"": 150000, ""cycleType"": ""STATEMENT"", ""benefits"": ""2000 Reward Points"", ""milestoneType"": ""YEAR""}]","[{""maintitle"": ""Railway lounge"", ""limit"": [""1 per quarter""], ""eligibility"": [""""]}]",,,,[],[],,,,savesage.club,https://savesage.club/credit-card/rbl-tvs
RBL MoCash credit card,RBL Bank,RBL,,[],500,,,NA,"[{""child"": ""Earn 1 Reward Points per ₹100 spent"", ""name"": ""Base Rewards""}, {""child"": ""Earn 2 Reward Points per ₹100 spent"", ""name"": ""Online""}, {""child"": "" No Reward Points on this category."", ""name"": ""Fuel""}, {""child"": "" No Reward Points on this category."", ""name"": ""Railways""}, {""child"": "" No Reward Points on this category."", ""name"": ""Utilities""}, {""child"": "" No Reward Points on this category."", ""name"": ""Wallets""}, {""child"": "" No Reward Points on this category."", ""name"": ""Rent""}, {""child"": "" No Reward Points on this category."", ""name"": ""Insurance""}, {""child"": "" No Reward Points on this category."", ""name"": ""Education""}, {""child"": "" No Reward Points on this category."", ""name"": ""Government""}]","[{""title"": "" Discover Reward Points Redemption Options"", ""subtitle"": ""To explore the full range of redemption options for this card, download the SaveSage Club app now."", ""barCodeImageUrl"": ""/"", ""appUrl"": ""https://savesage.co/ZH8bLjZqSPb""}]",,"[{""milestoneNumber"": 1, ""spent"": 100000, ""cycleType"": ""STATEMENT"", ""benefits"": ""The renewal fee will be waived and Shopping voucher worth ₹1K"", ""milestoneType"": ""YEAR""}, {""milestoneNumber"": 2, ""spent"": 200000, ""cycleType"": ""STATEMENT"", ""benefits"": ""Shopping voucher worth ₹1K"", ""milestoneType"": ""YEAR""}, {""milestoneNumber"": 3, ""spent"": 300000, ""cycleType"": ""STATEMENT"", ""benefits"": ""Shopping voucher worth ₹1K"", ""milestoneType"": ""YEAR""}, {""milestoneNumber"": 4, ""spent"": 400000, ""cycleType"": ""STATEMENT"", ""benefits"": ""Shopping voucher worth ₹1K"", ""milestoneType"": ""YEAR""}, {""milestoneNumber"": 5, ""spent"": 500000, ""cycleType"": ""STATEMENT"", ""benefits"": ""Shopping voucher worth ₹1K"", ""milestoneType"": ""YEAR""}]",[],,,,"[{""mainTitle"": ""BookMyShow"", ""child"": ""BookMyShow""}]","[""BookMyShow""]",,,,savesage.club,https://savesage.club/credit-card/rbl-mocash
RBL Platinum Edge credit card,RBL Bank,RBL,,"[""Cashback""]",1999,,,0.5% to 1.5%,"[{""child"": ""Earn 1 Reward Points per ₹100 spent"", ""name"": ""Base Rewards""}, {""child"": ""Earn 2 Reward Points per ₹100 spent"", ""name"": ""Online""}, {""child"": "" No Reward Points on this category."", ""name"": ""Fuel""}, {""child"": "" No Reward Points on this category."", ""name"": ""Railways""}, {""child"": "" No Reward Points on this category."", ""name"": ""Wallets""}, {""child"": "" No Reward Points on this category."", ""name"": ""Rent""}, {""child"": "" No Reward Points on this category."", ""name"": ""Insurance""}, {""child"": "" No Reward Points on this category."", ""name"": ""Education""}, {""child"": "" No Reward Points on this category."", ""name"": ""Government""}, {""child"": "" No Reward Points on this category."", ""name"": ""Utilities""}]","[{""title"": "" Discover Reward Points Redemption Options"", ""subtitle"": ""To explore the full range of redemption options for this card, download the SaveSage Club app now."", ""barCodeImageUrl"": ""/"", ""appUrl"": ""https://savesage.co/ZH8bLjZqSPb""}]",,"[{""milestoneNumber"": 1, ""spent"": 150000, ""cycleType"": ""STATEMENT"", ""benefits"": ""10,000 Reward Points"", ""milestoneType"": ""YEAR""}, {""milestoneNumber"": 2, ""spent"": 250000, ""cycleType"": ""STATEMENT"", ""benefits"": ""5,000 Reward Points"", ""milestoneType"": ""YEAR""}]",[],,,,"[{""mainTitle"": ""BookMyShow"", ""child"": ""Buy One Get One Free""}]","[""Buy One Get One Free""]",,,,savesage.club,https://savesage.club/credit-card/rbl-platinum-edge
RBL Platinum ShopDaily credit card,RBL Bank,RBL,,[],499,,,NA,"[{""child"": "" No Reward Points on this category."", ""name"": ""Base Rewards""}, {""child"": ""Earn 5 Reward Points per ₹100 spent"", ""name"": ""Grocery""}, {""child"": "" No Reward Points on this category."", ""name"": ""Government""}, {""child"": "" No Reward Points on this category."", ""name"": ""Fuel""}, {""child"": "" No Reward Points on this category."", ""name"": ""Railways""}, {""child"": "" No Reward Points on this category."", ""name"": ""Utilities""}, {""child"": "" No Reward Points on this category."", ""name"": ""Wallets""}, {""child"": "" No Reward Points on this category."", ""name"": ""Rent""}, {""child"": "" No Reward Points on this category."", ""name"": ""Education""}, {""child"": "" No Reward Points on this category."", ""name"": ""Insurance""}]","[{""title"": "" Discover Reward Points Redemption Options"", ""subtitle"": ""To explore the full range of redemption options for this card, download the SaveSage Club app now."", ""barCodeImageUrl"": ""/"", ""appUrl"": ""https://savesage.co/ZH8bLjZqSPb""}]",,"[{""milestoneNumber"": 1, ""spent"": 0, ""cycleType"": ""STATEMENT"", ""benefits"": ""Gift Voucher worth ₹500"", ""milestoneType"": ""DAYS""}, {""milestoneNumber"": 2, ""spent"": 50000, ""cycleType"": ""STATEMENT"", ""benefits"": ""The renewal fee will be waived."", ""milestoneType"": ""YEAR""}]",[],,,,[],[],,,,savesage.club,https://savesage.club/credit-card/rbl-platinum-shopdaily
RBL Platinum Plus credit card,RBL Bank,RBL,,"[""Cashback""]",999,,,1% to 2%,"[{""child"": ""Earn 1 Reward Points per ₹100 spent"", ""name"": ""Base Rewards""}, {""child"": ""Earn 2 Reward Points per ₹100 spent"", ""name"": ""Online""}, {""child"": "" No Reward Points on this category."", ""name"": ""Insurance""}, {""child"": "" No Reward Points on this category."", ""name"": ""Education""}, {""child"": "" No Reward Points on this category."", ""name"": ""Government""}, {""child"": "" No Reward Points on this category."", ""name"": ""Fuel""}, {""child"": "" No Reward Points on this category."", ""name"": ""Railways""}, {""child"": "" No Reward Points on this category."", ""name"": ""Utilities""}, {""child"": "" No Reward Points on this category."", ""name"": ""Wallets""}, {""child"": "" No Reward Points on this category."", ""name"": ""Rent""}]","[{""title"": "" Discover Reward Points Redemption Options"", ""subtitle"": ""To explore the full range of redemption options for this card, download the SaveSage Club app now."", ""barCodeImageUrl"": ""/"", ""appUrl"": ""https://savesage.co/ZH8bLjZqSPb""}]",,"[{""milestoneNumber"": 1, ""spent"": 0, ""cycleType"": ""STATEMENT"", ""benefits"": ""4,000 Reward Points"", ""milestoneType"": ""DAYS""}, {""milestoneNumber"": 2, ""spent"": 100000, ""cycleType"": ""STATEMENT"", ""benefits"": ""The renewal fee will be waived."", ""milestoneType"": ""YEAR""}]","[{""maintitle"": ""Domestic lounge"", ""limit"": [""1 per quarter""], ""eligibility"": [""""]}]",,,,"[{""mainTitle"": ""BookMyShow"", ""child"": ""Buy One Get One Free""}]","[""Buy One Get One Free""]",,,,savesage.club,https://savesage.club/credit-card/rbl-platinum-plus
RBL World Prime credit card,RBL Bank,RBL,,[],2999,,,NA,"[{""child"": ""Earn 1 Reward Points per ₹100 spent"", ""name"": ""Base Rewards""}, {""child"": ""Earn 2 Reward Points per ₹100 spent"", ""name"": ""Online""}, {""child"": "" No Reward Points on this category."", ""name"": ""Railways""}, {""child"": "" No Reward Points on this category."", ""name"": ""Utilities""}, {""child"": "" No Reward Points on this category."", ""name"": ""Rent""}, {""child"": "" No Reward Points on this category."", ""name"": ""Education""}, {""child"": "" No Reward Points on this category."", ""name"": ""Government""}, {""child"": "" No Reward Points on this category."", ""name"": ""Fuel""}, {""child"": "" No Reward Points on this category."", ""name"": ""Insurance""}, {""child"": "" No Reward Points on this category."", ""name"": ""Wallets""}]","[{""title"": "" Discover Reward Points Redemption Options"", ""subtitle"": ""To explore the full range of redemption options for this card, download the SaveSage Club app now."", ""barCodeImageUrl"": ""/"", ""appUrl"": ""https://savesage.co/ZH8bLjZqSPb""}]",,"[{""milestoneNumber"": 1, ""spent"": 0, ""cycleType"": ""STATEMENT"", ""benefits"": ""12,000 Reward Points"", ""milestoneType"": ""DAYS""}, {""milestoneNumber"": 2, ""spent"": 100000, ""cycleType"": ""STATEMENT"", ""benefits"": ""The renewal fee will be waived."", ""milestoneType"": ""YEAR""}, {""milestoneNumber"": 3, ""spent"": 150000, ""cycleType"": ""STATEMENT"", ""benefits"": ""10,000 Reward Points"", ""milestoneType"": ""YEAR""}, {""milestoneNumber"": 4, ""spent"": 350000, ""cycleType"": ""STATEMENT"", ""benefits"": ""10,000 Reward Points"", ""milestoneType"": ""YEAR""}]","[{""maintitle"": ""Domestic lounge"", ""limit"": [""2 per quarter""], ""eligibility"": [""""]}]",,,,"[{""mainTitle"": ""BookMyShow"", ""child"": ""Buy One Get One Free""}, {""mainTitle"": ""Concierge"", ""child"": ""World Class Concierge""}]","[""Buy One Get One Free"", ""World Class Concierge""]",,,,savesage.club,https://savesage.club/credit-card/rbl-world-prime
RBL Platinum TravelEasy credit card,RBL Bank,RBL,,[],999,,,NA,"[{""child"": "" No Reward Points on this category."", ""name"": ""Base Rewards""}, {""child"": ""Earn 10 Reward Points per ₹100 spent"", ""name"": ""Cab""}, {""child"": ""Earn 10 Reward Points per ₹100 spent"", ""name"": ""Fuel""}, {""child"": "" No Reward Points on this category."", ""name"": ""Education""}, {""child"": "" No Reward Points on this category."", ""name"": ""Government""}, {""child"": "" No Reward Points on this category."", ""name"": ""Railways""}, {""child"": "" No Reward Points on this category."", ""name"": ""Utilities""}, {""child"": "" No Reward Points on this category."", ""name"": ""Wallets""}, {""child"": "" No Reward Points on this category."", ""name"": ""Rent""}, {""child"": "" No Reward Points on this category."", ""name"": ""Insurance""}]","[{""title"": "" Discover Reward Points Redemption Options"", ""subtitle"": ""To explore the full range of redemption options for this card, download the SaveSage Club app now."", ""barCodeImageUrl"": ""/"", ""appUrl"": ""https://savesage.co/ZH8bLjZqSPb""}]",,"[{""milestoneNumber"": 1, ""spent"": 100000, ""cycleType"": ""STATEMENT"", ""benefits"": ""The renewal fee will be waived and Shopping voucher worth ₹1K"", ""milestoneType"": ""YEAR""}]",[],,,,[],[],,,,savesage.club,https://savesage.club/credit-card/rbl-platinum-traveleasy
RBL Shopsmart credit card,RBL Bank,RBL,,"[""Brand Wallet"", ""Catalogue Products""]",499,,,2% to 3%,"[{""child"": "" No Reward Points on this category."", ""name"": ""Base Rewards""}, {""child"": ""Earn 5 Reward Points per ₹100 spent"", ""name"": ""Grocery""}, {""child"": "" No Reward Points on this category."", ""name"": ""Insurance""}, {""child"": "" No Reward Points on this category."", ""name"": ""Fuel""}, {""child"": "" No Reward Points on this category."", ""name"": ""Railways""}, {""child"": "" No Reward Points on this category."", ""name"": ""Utilities""}, {""child"": "" No Reward Points on this category."", ""name"": ""Wallets""}, {""child"": "" No Reward Points on this category."", ""name"": ""Rent""}, {""child"": "" No Reward Points on this category."", ""name"": ""Education""}, {""child"": "" No Reward Points on this category."", ""name"": ""Government""}]","[{""title"": "" Discover Reward Points Redemption Options"", ""subtitle"": ""To explore the full range of redemption options for this card, download the SaveSage Club app now."", ""barCodeImageUrl"": ""/"", ""appUrl"": ""https://savesage.co/ZH8bLjZqSPb""}]",,"[{""milestoneNumber"": 1, ""spent"": 100000, ""cycleType"": ""STATEMENT"", ""benefits"": ""The renewal fee will be waived and Shopping voucher worth ₹500"", ""milestoneType"": ""YEAR""}]",[],,,,"[{""mainTitle"": ""BookMyShow"", ""child"": ""Buy One Get One Free""}]","[""Buy One Get One Free""]",,,,savesage.club,https://savesage.club/credit-card/rbl-shopsmart
RBL Platinum ValuePlus credit card,RBL Bank,RBL,,"[""Travel Booking"", ""Experience""]",499,,,2% to 5%,"[{""child"": "" No Reward Points on this category."", ""name"": ""Base Rewards""}, {""child"": ""Earn 10 Reward Points per ₹100 spent"", ""name"": ""Fuel""}, {""child"": "" No Reward Points on this category."", ""name"": ""Wallets""}, {""child"": "" No Reward Points on this category."", ""name"": ""Railways""}, {""child"": "" No Reward Points on this category."", ""name"": ""Rent""}, {""child"": "" No Reward Points on this category."", ""name"": ""Insurance""}, {""child"": "" No Reward Points on this category."", ""name"": ""Education""}, {""child"": "" No Reward Points on this category."", ""name"": ""Utilities""}, {""child"": "" No Reward Points on this category."", ""name"": ""Government""}]","[{""title"": "" Discover Reward Points Redemption Options"", ""subtitle"": ""To explore the full range of redemption options for this card, download the SaveSage Club app now."", ""barCodeImageUrl"": ""/"", ""appUrl"": ""https://savesage.co/ZH8bLjZqSPb""}]",,"[{""milestoneNumber"": 1, ""spent"": 0, ""cycleType"": ""STATEMENT"", ""benefits"": ""Gift Voucher worth ₹500"", ""milestoneType"": ""DAYS""}, {""milestoneNumber"": 2, ""spent"": 50000, ""cycleType"": ""STATEMENT"", ""benefits"": ""The renewal fee will be waived."", ""milestoneType"": ""YEAR""}]",[],,,,[],[],,,,savesage.club,https://savesage.club/credit-card/rbl-platinum-valueplus
RBL Platinum Max credit card,RBL Bank,RBL,,[],999,,,NA,"[{""child"": ""Earn 2 Reward Points per ₹100 spent"", ""name"": ""Base Rewards""}, {""child"": ""Earn 20 Reward Points per ₹100 spent"", ""name"": ""Dining (Wednesday)""}, {""child"": "" No Reward Points on this category."", ""name"": ""Government""}, {""child"": "" No Reward Points on this category."", ""name"": ""Fuel""}, {""child"": "" No Reward Points on this category."", ""name"": ""Railways""}, {""child"": "" No Reward Points on this category."", ""name"": ""Utilities""}, {""child"": "" No Reward Points on this category."", ""name"": ""Wallets""}, {""child"": "" No Reward Points on this category."", ""name"": ""Insurance""}, {""child"": "" No Reward Points on this category."", ""name"": ""Rent""}, {""child"": "" No Reward Points on this category."", ""name"": ""Education""}]","[{""title"": "" Discover Reward Points Redemption Options"", ""subtitle"": ""To explore the full range of redemption options for this card, download the SaveSage Club app now."", ""barCodeImageUrl"": ""/"", ""appUrl"": ""https://savesage.co/ZH8bLjZqSPb""}]",,"[{""milestoneNumber"": 1, ""spent"": 0, ""cycleType"": ""STATEMENT"", ""benefits"": ""4,000 Reward Points"", ""milestoneType"": ""DAYS""}]",[],,,,"[{""mainTitle"": ""BookMyShow"", ""child"": ""Buy One Get One Free""}]","[""Buy One Get One Free""]",,,,savesage.club,https://savesage.club/credit-card/rbl-platinum-max
RBL World Max credit card,RBL Bank,RBL,,"[""Experience"", ""Travel Booking"", ""Hotel Transfer"", ""Pay by Points""]",2999,,,3% to 10%,"[{""child"": ""Earn 2 Reward Points per ₹100 spent"", ""name"": ""Base Rewards""}, {""child"": ""Earn 20 Reward Points per ₹100 spent"", ""name"": ""Dining (Weekends)""}, {""child"": "" No Reward Points on this category."", ""name"": ""Wallets""}, {""child"": "" No Reward Points on this category."", ""name"": ""Rent""}, {""child"": "" No Reward Points on this category."", ""name"": ""Insurance""}, {""child"": "" No Reward Points on this category."", ""name"": ""Utilities""}, {""child"": "" No Reward Points on this category."", ""name"": ""Fuel""}, {""child"": "" No Reward Points on this category."", ""name"": ""Railways""}, {""child"": "" No Reward Points on this category."", ""name"": ""Education""}, {""child"": "" No Reward Points on this category."", ""name"": ""Government""}]","[{""title"": "" Discover Reward Points Redemption Options"", ""subtitle"": ""To explore the full range of redemption options for this card, download the SaveSage Club app now."", ""barCodeImageUrl"": ""/"", ""appUrl"": ""https://savesage.co/ZH8bLjZqSPb""}]",,"[{""milestoneNumber"": 1, ""spent"": 0, ""cycleType"": ""STATEMENT"", ""benefits"": ""12,000 Reward Points"", ""milestoneType"": ""DAYS""}, {""milestoneNumber"": 2, ""spent"": 25000, ""cycleType"": ""STATEMENT"", ""benefits"": ""1500 Reward Points"", ""milestoneType"": ""MONTH""}, {""milestoneNumber"": 3, ""spent"": 40000, ""cycleType"": ""STATEMENT"", ""benefits"": ""1000 Reward Points"", ""milestoneType"": ""MONTH""}, {""milestoneNumber"": 4, ""spent"": 50000, ""cycleType"": ""STATEMENT"", ""benefits"": ""1000 Reward Points"", ""milestoneType"": ""MONTH""}]","[{""maintitle"": ""Domestic lounge"", ""limit"": [""2 per quarter""], ""eligibility"": [""""]}]",,,,"[{""mainTitle"": ""BookMyShow"", ""child"": ""Buy One Get One Free""}, {""mainTitle"": ""Concierge"", ""child"": ""World Class Concierge""}]","[""Buy One Get One Free"", ""World Class Concierge""]",,,,savesage.club,https://savesage.club/credit-card/rbl-world-max
RBL Platinum Classic credit card,RBL Bank,RBL,,"[""Experience""]",499,,,0.5% to 1%,"[{""child"": ""Earn 2 Reward Points per ₹100 spent"", ""name"": ""Base Rewards""}, {""child"": "" No Reward Points on this category."", ""name"": ""Fuel""}, {""child"": "" No Reward Points on this category."", ""name"": ""Railways""}, {""child"": "" No Reward Points on this category."", ""name"": ""Utilities""}, {""child"": "" No Reward Points on this category."", ""name"": ""Wallets""}, {""child"": "" No Reward Points on this category."", ""name"": ""Rent""}, {""child"": "" No Reward Points on this category."", ""name"": ""Insurance""}, {""child"": "" No Reward Points on this category."", ""name"": ""Education""}, {""child"": "" No Reward Points on this category."", ""name"": ""Government""}]","[{""title"": "" Discover Reward Points Redemption Options"", ""subtitle"": ""To explore the full range of redemption options for this card, download the SaveSage Club app now."", ""barCodeImageUrl"": ""/"", ""appUrl"": ""https://savesage.co/ZH8bLjZqSPb""}]",,"[{""milestoneNumber"": 1, ""spent"": 0, ""cycleType"": ""STATEMENT"", ""benefits"": ""2000 Reward Points"", ""milestoneType"": ""DAYS""}, {""milestoneNumber"": 2, ""spent"": 50000, ""cycleType"": ""STATEMENT"", ""benefits"": ""The renewal fee will be waived."", ""milestoneType"": ""YEAR""}]",[],,,,[],[],,,,savesage.club,https://savesage.club/credit-card/rbl-platinum-classic
RBL Platinum Prime credit card,RBL Bank,RBL,,[],999,,,NA,"[{""child"": ""Earn 2 Reward Points per ₹100 spent"", ""name"": ""Base Rewards""}, {""child"": ""Earn 20 Reward Points per ₹100 spent"", ""name"": ""Dining (Wednesday)""}, {""child"": "" No Reward Points on this category."", ""name"": ""Railways""}, {""child"": "" No Reward Points on this category."", ""name"": ""Utilities""}, {""child"": "" No Reward Points on this category."", ""name"": ""Wallets""}, {""child"": "" No Reward Points on this category."", ""name"": ""Rent""}, {""child"": "" No Reward Points on this category."", ""name"": ""Insurance""}, {""child"": "" No Reward Points on this category."", ""name"": ""Education""}, {""child"": "" No Reward Points on this category."", ""name"": ""Government""}, {""child"": "" No Reward Points on this category."", ""name"": ""Fuel""}]","[{""title"": "" Discover Reward Points Redemption Options"", ""subtitle"": ""To explore the full range of redemption options for this card, download the SaveSage Club app now."", ""barCodeImageUrl"": ""/"", ""appUrl"": ""https://savesage.co/ZH8bLjZqSPb""}]",,"[{""milestoneNumber"": 1, ""spent"": 0, ""cycleType"": ""STATEMENT"", ""benefits"": ""4,000 Reward Points"", ""milestoneType"": ""DAYS""}]",[],,,,"[{""mainTitle"": ""BookMyShow"", ""child"": ""Buy One Get One Free""}]","[""Buy One Get One Free""]",,,,savesage.club,https://savesage.club/credit-card/rbl-platinum-prime
RBL Platinum Bonus credit card,RBL Bank,RBL,,[],999,,,NA,"[{""child"": "" No Reward Points on this category."", ""name"": ""Base Rewards""}]","[{""title"": "" Discover Reward Points Redemption Options"", ""subtitle"": ""To explore the full range of redemption options for this card, download the SaveSage Club app now."", ""barCodeImageUrl"": ""/"", ""appUrl"": ""https://savesage.co/ZH8bLjZqSPb""}]",,"[{""milestoneNumber"": 1, ""spent"": 0, ""cycleType"": ""STATEMENT"", ""benefits"": ""6,000 Reward Points"", ""milestoneType"": ""DAYS""}, {""milestoneNumber"": 2, ""spent"": 100000, ""cycleType"": ""STATEMENT"", ""benefits"": ""The renewal fee will be waived."", ""milestoneType"": ""YEAR""}]",[],,,,[],[],,,,savesage.club,https://savesage.club/credit-card/rbl-platinum-bonus
RBL Platinum ShopGain credit card,RBL Bank,RBL,,[],1499,,,NA,"[{""child"": ""Earn 1 Reward Points per ₹100 spent"", ""name"": ""Base Rewards""}, {""child"": ""Earn 25 Reward Points per ₹100 spent"", ""name"": ""Utilities""}, {""child"": "" No Reward Points on this category."", ""name"": ""Education""}, {""child"": "" No Reward Points on this category."", ""name"": ""Government""}, {""child"": "" No Reward Points on this category."", ""name"": ""Fuel""}, {""child"": "" No Reward Points on this category."", ""name"": ""Railways""}, {""child"": "" No Reward Points on this category."", ""name"": ""Wallets""}, {""child"": "" No Reward Points on this category."", ""name"": ""Insurance""}, {""child"": "" No Reward Points on this category."", ""name"": ""Rent""}]","[{""title"": "" Discover Reward Points Redemption Options"", ""subtitle"": ""To explore the full range of redemption options for this card, download the SaveSage Club app now."", ""barCodeImageUrl"": ""/"", ""appUrl"": ""https://savesage.co/ZH8bLjZqSPb""}]",,"[{""milestoneNumber"": 1, ""spent"": 0, ""cycleType"": ""STATEMENT"", ""benefits"": ""6000 Reward Points"", ""milestoneType"": ""DAYS""}, {""milestoneNumber"": 2, ""spent"": 150000, ""cycleType"": ""STATEMENT"", ""benefits"": ""The renewal fee will be waived."", ""milestoneType"": ""YEAR""}, {""milestoneNumber"": 3, ""spent"": 200000, ""cycleType"": ""STATEMENT"", ""benefits"": ""Zomato/Amazon Voucher"", ""milestoneType"": ""YEAR""}, {""milestoneNumber"": 4, ""spent"": 300000, ""cycleType"": ""STATEMENT"", ""benefits"": ""10000 Reward Points"", ""milestoneType"": ""YEAR""}, {""milestoneNumber"": 5, ""spent"": 400000, ""cycleType"": ""STATEMENT"", ""benefits"": ""10000 Reward Points"", ""milestoneType"": ""YEAR""}]","[{""maintitle"": ""Domestic lounge"", ""limit"": [""1 per quarter""], ""eligibility"": [""""]}]",,,,"[{""mainTitle"": ""BookMyShow"", ""child"": ""Buy One Get One Free""}]","[""Buy One Get One Free""]",,,,savesage.club,https://savesage.club/credit-card/rbl-platinum-shopgain
RBL Binge credit card,RBL Bank,RBL,,[],999,,,NA,"[{""child"": ""Earn 1 Reward Points per ₹100 spent"", ""name"": ""Base Rewards""}, {""child"": ""Earn 2 Reward Points per ₹100 spent"", ""name"": ""Online""}, {""child"": "" No Reward Points on this category."", ""name"": ""Railways""}, {""child"": "" No Reward Points on this category."", ""name"": ""Utilities""}, {""child"": "" No Reward Points on this category."", ""name"": ""Wallets""}, {""child"": "" No Reward Points on this category."", ""name"": ""Rent""}, {""child"": "" No Reward Points on this category."", ""name"": ""Insurance""}, {""child"": "" No Reward Points on this category."", ""name"": ""Education""}, {""child"": "" No Reward Points on this category."", ""name"": ""Government""}, {""child"": "" No Reward Points on this category."", ""name"": ""Fuel""}]","[{""title"": "" Discover Reward Points Redemption Options"", ""subtitle"": ""To explore the full range of redemption options for this card, download the SaveSage Club app now."", ""barCodeImageUrl"": ""/"", ""appUrl"": ""https://savesage.co/ZH8bLjZqSPb""}]",,"[{""milestoneNumber"": 1, ""spent"": 0, ""cycleType"": ""STATEMENT"", ""benefits"": ""4,000 Reward Points"", ""milestoneType"": ""DAYS""}, {""milestoneNumber"": 2, ""spent"": 100000, ""cycleType"": ""STATEMENT"", ""benefits"": ""The renewal fee will be waived."", ""milestoneType"": ""YEAR""}]","[{""maintitle"": ""Domestic lounge"", ""limit"": [""1 per quarter""], ""eligibility"": [""""]}]",,,,"[{""mainTitle"": ""BookMyShow"", ""child"": ""Buy One Get One Free""}]","[""Buy One Get One Free""]",,,,savesage.club,https://savesage.club/credit-card/rbl-binge
RBL MyFirst credit card,RBL Bank,RBL,,"[""Cashback"", ""Pay by Points""]",999,,,1% to 3%,"[{""child"": ""Earn 1 Reward Points per ₹400 spent"", ""name"": ""Base Rewards""}, {""child"": ""Earn 8 Reward Points per ₹400 spent"", ""name"": ""Education""}, {""child"": ""Earn 8 Reward Points per ₹400 spent"", ""name"": ""Bill Payments""}, {""child"": "" No Reward Points on this category."", ""name"": ""Utilities""}, {""child"": "" No Reward Points on this category."", ""name"": ""Wallets""}, {""child"": "" No Reward Points on this category."", ""name"": ""Rent""}, {""child"": "" No Reward Points on this category."", ""name"": ""Insurance""}, {""child"": "" No Reward Points on this category."", ""name"": ""Government""}, {""child"": "" No Reward Points on this category."", ""name"": ""Fuel""}, {""child"": "" No Reward Points on this category."", ""name"": ""Railways""}]","[{""title"": "" Discover Reward Points Redemption Options"", ""subtitle"": ""To explore the full range of redemption options for this card, download the SaveSage Club app now."", ""barCodeImageUrl"": ""/"", ""appUrl"": ""https://savesage.co/ZH8bLjZqSPb""}]",,"[{""milestoneNumber"": 1, ""spent"": 0, ""cycleType"": ""STATEMENT"", ""benefits"": ""2,000 Reward Points"", ""milestoneType"": ""DAYS""}]",[],,,,[],[],,,,savesage.club,https://savesage.club/credit-card/rbl-myfirst
Axis Airtel (Rupay) credit card,Axis Bank,Axis,Rupay,"[""Travel Booking"", ""Airline Transfer"", ""Hotel Transfer""]",500,,,2% to 5%,"[{""child"": ""Earn 1 Reward Points per ₹100 spent"", ""name"": ""Base Rewards""}, {""child"": ""Earn 25 Reward Points per ₹100 spent"", ""name"": ""Airtel Thanks (DTH, Wifi, Mobile)""}, {""child"": ""Earn 10 Reward Points per ₹100 spent"", ""name"": ""Blinkit""}, {""child"": ""Earn 10 Reward Points per ₹100 spent"", ""name"": ""Airtel Thanks (Utilities)""}, {""child"": ""Earn 10 Reward Points per ₹100 spent"", ""name"": ""District""}, {""child"": ""Earn 10 Reward Points per ₹100 spent"", ""name"": ""Zomato""}, {""child"": "" No Reward Points on this category."", ""name"": ""Education""}, {""child"": "" No Reward Points on this category."", ""name"": ""EMI""}, {""child"": "" No Reward Points on this category."", ""name"": ""Government""}, {""child"": "" No Reward Points on this category."", ""name"": ""Utilities""}, {""child"": "" No Reward Points on this category."", ""name"": ""International""}, {""child"": "" No Reward Points on this category."", ""name"": ""Insurance""}, {""child"": "" No Reward Points on this category."", ""name"": ""Jewellery""}, {""child"": "" No Reward Points on this category."", ""name"": ""Rent""}, {""child"": "" No Reward Points on this category."", ""name"": ""Wallets""}, {""child"": "" No Reward Points on this category."", ""name"": ""Fuel""}]","[{""title"": "" Discover Reward Points Redemption Options"", ""subtitle"": ""To explore the full range of redemption options for this card, download the SaveSage Club app now."", ""barCodeImageUrl"": ""/"", ""appUrl"": ""https://savesage.co/ZH8bLjZqSPb""}]",,"[{""milestoneNumber"": 1, ""spent"": 0, ""cycleType"": ""STATEMENT"", ""benefits"": ""Amazon e-Voucher worth Rs. 500"", ""milestoneType"": ""DAYS""}, {""milestoneNumber"": 2, ""spent"": 200000, ""cycleType"": ""STATEMENT"", ""benefits"": ""The renewal fee will be waived."", ""milestoneType"": ""YEAR""}]",[],,,,"[{""mainTitle"": ""EazyDiner"", ""child"": ""15% off via Dining Delights Program""}]","[""15% off via Dining Delights Program""]",,,,savesage.club,https://savesage.club/credit-card/axis-airtel-rupay