card_name,issuing_bank,issuing_bank_raw,card_network,categories,joining_fee,annual_fee,fee_waiver_condition,reward_rate,reward_structure,redemption_options,welcome_benefits,milestone_benefits,lounge_access,eligibility,interest_rate_apr,forex_markup,other_charges,key_features,pros,cons,rating,source_site,source_url
HDFC Shoppers Stop Black credit card,HDFC Bank,HDFC,,"[""Cashback"", ""Catalogue Products""]",4500,,,0.5% to 1%,"[{""child"": ""Earn 2 Reward Points per ₹100 spent"", ""name"": ""Base Rewards""}, {""child"": ""Earn 7 Reward Points per ₹100 spent"", ""name"": ""Shoppers Stop""}, {""child"": ""Earn 2 Reward Points per ₹100 spent"", ""name"": ""Grocery""}, {""child"": "" No Reward Points on this category."", ""name"": ""Rent""}, {""child"": "" No Reward Points on this category."", ""name"": ""Utilities""}, {""child"": "" No Reward Points on this category."", ""name"": ""Jewellery""}, {""child"": "" No Reward Points on this category."", ""name"": ""Wallets""}, {""child"": "" No Reward Points on this category."", ""name"": ""Fuel""}, {""child"": "" No Reward Points on this category."", ""name"": ""Government""}]","[{""title"": "" Discover Reward Points Redemption Options"", ""subtitle"": ""To explore the full range of redemption options for this card, download the SaveSage Club app now."", ""barCodeImageUrl"": ""/"", ""appUrl"": ""https://savesage.co/ZH8bLjZqSPb""}]",,"[{""milestoneNumber"": 1, ""spent"": 50000, ""cycleType"": ""CALENDAR"", ""benefits"": ""Earn Rs.2000 per month for a min. purchase of Rs.50,000 on Shoppers Stop over the weekend (capped to maximum once in a month and 5 times in a year)"", ""milestoneType"": ""MONTH""}]","[{""maintitle"": ""Domestic lounge"", ""limit"": [""4 per quarter""], ""eligibility"": [""spend ₹75,000 in the previous calendar quarter""]}, {""maintitle"": ""International lounge"", ""limit"": [""2 per quarter""], ""eligibility"": [""No explicit spend condition""]}]",,,,"[{""mainTitle"": ""First Citizen"", ""child"": ""First Citizen Black membership""}, {""mainTitle"": ""Insurance"", ""child"": ""Insurance""}]","[""First Citizen Black membership"", ""Insurance""]",,,,savesage.club,https://savesage.club/credit-card/hdfc-shoppers-stop-black
HDFC Freedom credit card,HDFC Bank,HDFC,,"[""Cashback""]",500,,,0.5% to 1.5%,"[{""child"": ""Earn 1 Reward Points per ₹200 spent"", ""name"": ""Base Rewards""}, {""child"": ""Earn 10 Reward Points per ₹200 spent"", ""name"": ""Swiggy""}, {""child"": ""Earn 10 Reward Points per ₹200 spent"", ""name"": ""Uber""}, {""child"": ""Earn 10 Reward Points per ₹200 spent"", ""name"": ""Oyo""}, {""child"": ""Earn 10 Reward Points per ₹200 spent"", ""name"": ""BookMyShow""}, {""child"": ""Earn 10 Reward Points per ₹200 spent"", ""name"": ""BigBasket""}, {""child"": ""Earn 1 Reward Points per ₹200 spent"", ""name"": ""Education""}, {""child"": ""Earn 1 Reward Points per ₹200 spent"", ""name"": ""Telecom & Cables""}, {""child"": ""Earn 1 Reward Points per ₹200 spent"", ""name"": ""UPI""}, {""child"": ""Earn 1 Reward Points per ₹200 spent"", ""name"": ""Utilities""}, {""child"": "" No Reward Points on this category."", ""name"": ""Rent""}, {""child"": "" No Reward Points on this category."", ""name"": ""Education (Third-Party)""}, {""child"": "" No Reward Points on this category."", ""name"": ""Grocery""}, {""child"": "" No Reward Points on this category."", ""name"": ""Government""}, {""child"": "" No Reward Points on this category."", ""name"": ""Wallets""}, {""child"": "" No Reward Points on this category."", ""name"": ""Jewellery""}, {""child"": "" No Reward Points on this category."", ""name"": ""Fuel""}, {""child"": "" No Reward Points on this category."", ""name"": ""EMI""}]","[{""title"": "" Discover Reward Points Redemption Options"", ""subtitle"": ""To explore the full range of redemption options for this card, download the SaveSage Club app now."", ""barCodeImageUrl"": ""/"", ""appUrl"": ""https://savesage.co/ZH8bLjZqSPb""}]",,"[{""milestoneNumber"": 1, ""spent"": 50000, ""cycleType"": ""STATEMENT"", ""benefits"": ""The renewal fee will be waived."", ""milestoneType"": ""YEAR""}]",[],,,,"[{""mainTitle"": ""Swiggy Dineout"", ""child"": ""Upto 20% Off""}]","[""Upto 20% Off""]",,,,savesage.club,https://savesage.club/credit-card/hdfc-freedom
HDFC Paytm Select credit card,HDFC Bank,HDFC,,"[""Travel Booking""]",1000,,,1% to 3%,"[{""child"": ""Earn 1 Reward Points per ₹100 spent"", ""name"": ""Base Rewards""}, {""child"": ""Earn 5 Reward Points per ₹100 spent"", ""name"": ""Paytm (Movies and Utilities)""}, {""child"": ""Earn 3 Reward Points per ₹100 spent"", ""name"": ""Ajio""}, {""child"": ""Earn 3 Reward Points per ₹100 spent"", ""name"": ""Swiggy""}, {""child"": ""Earn 3 Reward Points per ₹100 spent"", ""name"": ""Uber""}, {""child"": ""Earn 3 Reward Points per ₹100 spent"", ""name"": ""BigBasket""}, {""child"": ""Earn 1 Reward Points per ₹100 spent"", ""name"": ""Grocery""}, {""child"": ""Earn 1 Reward Points per ₹100 spent"", ""name"": ""Travel""}, {""child"": ""Earn 1 Reward Points per ₹100 spent"", ""name"": ""Education""}, {""child"": "" No Reward Points on this category."", ""name"": ""Rent""}, {""child"": "" No Reward Points on this category."", ""name"": ""Fuel""}, {""child"": "" No Reward Points on this category."", ""name"": ""Education (Third-Party)""}, {""child"": "" No Reward Points on this category."", ""name"": ""EMI""}, {""child"": "" No Reward Points on this category."", ""name"": ""Government""}, {""child"": "" No Reward Points on this category."", ""name"": ""Jewellery""}, {""child"": "" No Reward Points on this category."", ""name"": ""Utilities""}, {""child"": "" No Reward Points on this category."", ""name"": ""Wallets""}]","[{""title"": "" Discover Reward Points Redemption Options"", ""subtitle"": ""To explore the full range of redemption options for this card, download the SaveSage Club app now."", ""barCodeImageUrl"": ""/"", ""appUrl"": ""https://savesage.co/ZH8bLjZqSPb""}]",,"[{""milestoneNumber"": 1, ""spent"": 50000, ""cycleType"": ""STATEMENT"", ""benefits"": ""Gift vouchers worth ₹500 (non EMI spend) per calendar quarter."", ""milestoneType"": ""QUARTER""}, {""milestoneNumber"": 2, ""spent"": 150000, ""cycleType"": ""STATEMENT"", ""benefits"": ""The renewal fee will be waived."", ""milestoneType"": ""YEAR""}]",[],,,,"[{""mainTitle"": ""Dining"", ""child"": ""20% Discount Via Dineout""}, {""mainTitle"": ""Paytm"", ""child"": ""Paytm first membership""}]","[""20% Discount Via Dineout"", ""Paytm first membership""]",,,,savesage.club,https://savesage.club/credit-card/hdfc-paytm-select
HDFC Indian Oil credit card,HDFC Bank,HDFC,,"[""Brand Wallet"", ""Cashback""]",500,,,1% to 3%,"[{""child"": ""Earn 1 Reward Points per ₹150 spent"", ""name"": ""Base Rewards""}, {""child"": ""Earn 5 Reward Points per ₹100 spent"", ""name"": ""IOCL""}, {""child"": ""Earn 5 Reward Points per ₹100 spent"", ""name"": ""Grocery""}, {""child"": ""Earn 5 Reward Points per ₹100 spent"", ""name"": ""Utilities""}, {""child"": ""Earn 5 Reward Points per ₹100 spent"", ""name"": ""Fuel (Other than IOCL)""}, {""child"": "" No Reward Points on this category."", ""name"": ""Rent""}, {""child"": "" No Reward Points on this category."", ""name"": ""Jewellery""}, {""child"": "" No Reward Points on this category."", ""name"": ""Wallets""}, {""child"": "" No Reward Points on this category."", ""name"": ""UPI""}]","[{""title"": "" Discover Reward Points Redemption Options"", ""subtitle"": ""To explore the full range of redemption options for this card, download the SaveSage Club app now."", ""barCodeImageUrl"": ""/"", ""appUrl"": ""https://savesage.co/ZH8bLjZqSPb""}]",,"[{""milestoneNumber"": 1, ""spent"": 50000, ""cycleType"": ""STATEMENT"", ""benefits"": ""The renewal fee will be waived."", ""milestoneType"": ""YEAR""}]",[],,,,"[{""mainTitle"": ""IndianOil"", ""child"": ""ndianOil XtraRewards Program (IXRP) membership""}]","[""ndianOil XtraRewards Program (IXRP) membership""]",,,,savesage.club,https://savesage.club/credit-card/hdfc-indian-oil
HDFC Paytm credit card,HDFC Bank,HDFC,,[],500,,,NA,"[{""child"": ""Earn 1 Reward Points per ₹100 spent"", ""name"": ""Base Rewards""}, {""child"": ""Earn 3 Reward Points per ₹100 spent"", ""name"": ""Paytm (Movies and Utilities)""}, {""child"": ""Earn 2 Reward Points per ₹100 spent"", ""name"": ""Paytm""}, {""child"": ""Earn 1 Reward Points per ₹100 spent"", ""name"": ""Grocery""}, {""child"": ""Earn 1 Reward Points per ₹100 spent"", ""name"": ""Travel""}, {""child"": "" No Reward Points on this category."", ""name"": ""EMI""}, {""child"": "" No Reward Points on this category."", ""name"": ""Jewellery""}, {""child"": "" No Reward Points on this category."", ""name"": ""Fuel""}, {""child"": "" No Reward Points on this category."", ""name"": ""Government""}, {""child"": "" No Reward Points on this category."", ""name"": ""Rent""}, {""child"": "" No Reward Points on this category."", ""name"": ""Utilities""}, {""child"": "" No Reward Points on this category."", ""name"": ""Wallets""}]","[{""title"": "" Discover Reward Points Redemption Options"", ""subtitle"": ""To explore the full range of redemption options for this card, download the SaveSage Club app now."", ""barCodeImageUrl"": ""/"", ""appUrl"": ""https://savesage.co/ZH8bLjZqSPb""}]",,"[{""milestoneNumber"": 1, ""spent"": 5000, ""cycleType"": ""STATEMENT"", ""benefits"": ""The renewal fee will be waived."", ""milestoneType"": ""YEAR""}]",[],,,,"[{""mainTitle"": ""Dining"", ""child"": ""20% Discount""}]","[""20% Discount""]",,,,savesage.club,https://savesage.club/credit-card/hdfc-paytm
HDFC Paytm Mobile credit card,HDFC Bank,HDFC,,"[""Cashback""]",348,,,1.5% to 3%,"[{""child"": ""Earn 0.5 Reward Points per ₹100 spent"", ""name"": ""Base Rewards""}, {""child"": ""Earn 2 Reward Points per ₹100 spent"", ""name"": ""Movies via Paytm""}, {""child"": ""Earn 1 Reward Points per ₹100 spent"", ""name"": ""Paytm""}, {""child"": "" No Reward Points on this category."", ""name"": ""Rent""}, {""child"": "" No Reward Points on this category."", ""name"": ""Utilities""}, {""child"": "" No Reward Points on this category."", ""name"": ""Wallets""}, {""child"": "" No Reward Points on this category."", ""name"": ""Fuel""}, {""child"": "" No Reward Points on this category."", ""name"": ""EMI""}, {""child"": "" No Reward Points on this category."", ""name"": ""Government""}, {""child"": "" No Reward Points on this category."", ""name"": ""Jewellery""}]","[{""title"": "" Discover Reward Points Redemption Options"", ""subtitle"": ""To explore the full range of redemption options for this card, download the SaveSage Club app now."", ""barCodeImageUrl"": ""/"", ""appUrl"": ""https://savesage.co/ZH8bLjZqSPb""}]",,[],[],,,,"[{""mainTitle"": ""Dining"", ""child"": ""20% Discount""}]","[""20% Discount""]",,,,savesage.club,https://savesage.club/credit-card/hdfc-paytm-mobile
HDFC UPI Rupay Credit credit card,HDFC Bank,HDFC,,"[""Cashback""]",99,,,0.25% to 0.5%,"[{""child"": ""Earn 1 Reward Points per ₹100 spent"", ""name"": ""Base Rewards""}, {""child"": ""Earn 3 Reward Points per ₹100 spent"", ""name"": ""Dining""}, {""child"": ""Earn 3 Reward Points per ₹100 spent"", ""name"": ""Grocery""}, {""child"": ""Earn 3 Reward Points per ₹100 spent"", ""name"": ""Supermarket""}, {""child"": ""Earn 2 Reward Points per ₹100 spent"", ""name"": ""Utilities""}, {""child"": "" No Reward Points on this category."", ""name"": ""Education""}, {""child"": "" No Reward Points on this category."", ""name"": ""Insurance""}, {""child"": "" No Reward Points on this category."", ""name"": ""EMI""}, {""child"": "" No Reward Points on this category."", ""name"": ""Rent""}, {""child"": "" No Reward Points on this category."", ""name"": ""Wallets""}, {""child"": "" No Reward Points on this category."", ""name"": ""Fuel""}, {""child"": "" No Reward Points on this category."", ""name"": ""Government""}, {""child"": "" No Reward Points on this category."", ""name"": ""Gift Cards""}]","[{""title"": "" Discover Reward Points Redemption Options"", ""subtitle"": ""To explore the full range of redemption options for this card, download the SaveSage Club app now."", ""barCodeImageUrl"": ""/"", ""appUrl"": ""https://savesage.co/ZH8bLjZqSPb""}]",,"[{""milestoneNumber"": 1, ""spent"": 25000, ""cycleType"": ""STATEMENT"", ""benefits"": ""The renewal fee will be waived."", ""milestoneType"": ""YEAR""}]",[],,,,[],[],,,,savesage.club,https://savesage.club/credit-card/hdfc-upi-rupay-credit
HDFC Solitaire credit card,HDFC Bank,HDFC,,"[""Cashback"", ""Catalogue Products""]",500,,,0.5% to 1%,"[{""child"": ""Earn 3 Reward Points per ₹200 spent"", ""name"": ""Base Rewards""}, {""child"": ""Earn 4.5 Reward Points per ₹200 spent"", ""name"": ""Fuel""}, {""child"": ""Earn 4.5 Reward Points per ₹200 spent"", ""name"": ""Dining""}, {""child"": ""Earn 4.5 Reward Points per ₹200 spent"", ""name"": ""Grocery""}, {""child"": "" No Reward Points on this category."", ""name"": ""UPI""}, {""child"": "" No Reward Points on this category."", ""name"": ""Rent""}, {""child"": "" No Reward Points on this category."", ""name"": ""Utilities""}, {""child"": "" No Reward Points on this category."", ""name"": ""Wallets""}, {""child"": "" No Reward Points on this category."", ""name"": ""Jewellery""}]","[{""title"": "" Discover Reward Points Redemption Options"", ""subtitle"": ""To explore the full range of redemption options for this card, download the SaveSage Club app now."", ""barCodeImageUrl"": ""/"", ""appUrl"": ""https://savesage.co/ZH8bLjZqSPb""}]",,"[{""milestoneNumber"": 1, ""spent"": 50000, ""cycleType"": ""STATEMENT"", ""benefits"": ""The renewal fee will be waived."", ""milestoneType"": ""YEAR""}]",[],,,,[],[],,,,savesage.club,https://savesage.club/credit-card/hdfc-solitaire
HDFC Bharat credit card,HDFC Bank,HDFC,,"[""Experience"", ""Travel Booking"", ""Hotel Transfer"", ""Pay by Points""]",500,,,3% to 10%,"[{""child"": ""Earn 1 Reward Points per ₹100 spent"", ""name"": ""Base Rewards""}, {""child"": ""Earn 5 Reward Points per ₹100 spent"", ""name"": ""Fuel""}, {""child"": ""Earn 5 Reward Points per ₹100 spent"", ""name"": ""Bill Payment & Recharges""}, {""child"": ""Earn 5 Reward Points per ₹100 spent"", ""name"": ""Grocery""}, {""child"": ""Earn 5 Reward Points per ₹100 spent"", ""name"": ""IRCTC""}, {""child"": ""Earn 5 Reward Points per ₹100 spent"", ""name"": ""PayZapp/EasyEMI/SmartBUY/SmartPay""}, {""child"": "" No Reward Points on this category."", ""name"": ""Rent""}, {""child"": "" No Reward Points on this category."", ""name"": ""Wallets""}, {""child"": "" No Reward Points on this category."", ""name"": ""Utilities""}]","[{""title"": "" Discover Reward Points Redemption Options"", ""subtitle"": ""To explore the full range of redemption options for this card, download the SaveSage Club app now."", ""barCodeImageUrl"": ""/"", ""appUrl"": ""https://savesage.co/ZH8bLjZqSPb""}]",,"[{""milestoneNumber"": 1, ""spent"": 20000, ""cycleType"": ""STATEMENT"", ""benefits"": ""The renewal fee will be waived."", ""milestoneType"": ""YEAR""}]",[],,,,[],[],,,,savesage.club,https://savesage.club/credit-card/hdfc-bharat
HDFC Regalia First credit card,HDFC Bank,HDFC,,[],1000,,,NA,"[{""child"": ""Earn 3 Reward Points per ₹200 spent"", ""name"": ""Base Rewards""}, {""child"": ""Earn 30 Reward Points per ₹200 spent"", ""name"": ""Hotels""}, {""child"": ""Earn 15 Reward Points per ₹200 spent"", ""name"": ""RedBus via SmartBuy""}, {""child"": ""Earn 15 Reward Points per ₹200 spent"", ""name"": ""Flights via SmartBuy""}, {""child"": ""Earn 15 Reward Points per ₹200 spent"", ""name"": ""Gift Cards via SmartBuy""}, {""child"": ""Earn 15 Reward Points per ₹200 spent"", ""name"": ""Holidays via SmartBuy""}, {""child"": ""Earn 9 Reward Points per ₹200 spent"", ""name"": ""Trains via SmartBuy""}, {""child"": ""Earn 3 Reward Points per ₹200 spent"", ""name"": ""Education""}, {""child"": ""Earn 3 Reward Points per ₹200 spent"", ""name"": ""Utilities""}, {""child"": ""Earn 3 Reward Points per ₹200 spent"", ""name"": ""Insurance""}, {""child"": "" No Reward Points on this category."", ""name"": ""EMI""}, {""child"": "" No Reward Points on this category."", ""name"": ""Wallets""}, {""child"": "" No Reward Points on this category."", ""name"": ""Rent""}, {""child"": "" No Reward Points on this category."", ""name"": ""Government""}, {""child"": "" No Reward Points on this category."", ""name"": ""Jewellery""}, {""child"": "" No Reward Points on this category."", ""name"": ""Fuel""}, {""child"": "" No Reward Points on this category."", ""name"": ""Education (Third-Party)""}]","[{""title"": "" Discover Reward Points Redemption Options"", ""subtitle"": ""To explore the full range of redemption options for this card, download the SaveSage Club app now."", ""barCodeImageUrl"": ""/"", ""appUrl"": ""https://savesage.co/ZH8bLjZqSPb""}]",,"[{""milestoneNumber"": 1, ""spent"": 100000, ""cycleType"": ""STATEMENT"", ""benefits"": ""The renewal fee will be waived."", ""milestoneType"": ""YEAR""}, {""milestoneNumber"": 2, ""spent"": 300000, ""cycleType"": ""STATEMENT"", ""benefits"": ""5,000 RPs."", ""milestoneType"": ""YEAR""}, {""milestoneNumber"": 3, ""spent"": 600000, ""cycleType"": ""STATEMENT"", ""benefits"": ""2,500 RPs."", ""milestoneType"": ""YEAR""}]",[],,,,"[{""mainTitle"": ""Good Food Trail"", ""child"": ""Good Food Trail Dining Program""}]","[""Good Food Trail Dining Program""]",,,,savesage.club,https://savesage.club/credit-card/hdfc-regalia-first
HDFC Regalia credit card,HDFC Bank,HDFC,,"[""Brand Wallet"", ""Catalogue Products"", ""Cashback""]",2500,,,5% to 10%,"[{""child"": ""Earn 4 Reward Points per ₹200 spent"", ""name"": ""Base Rewards""}, {""child"": ""Earn 40 Reward Points per ₹200 spent"", ""name"": ""PharmEasy via SmartBuy""}, {""child"": ""Earn 40 Reward Points per ₹200 spent"", ""name"": ""Jockey via SmartBuy""}, {""child"": ""Earn 40 Reward Points per ₹200 spent"", ""name"": ""Hotels via SmartBuy""}, {""child"": ""Earn 20 Reward Points per ₹200 spent"", ""name"": ""MMT via SmartBuy""}, {""child"": ""Earn 20 Reward Points per ₹200 spent"", ""name"": ""Gift Cards via SmartBuy""}, {""child"": ""Earn 20 Reward Points per ₹200 spent"", ""name"": ""Flights via SmartBuy""}, {""child"": ""Earn 20 Reward Points per ₹200 spent"", ""name"": ""RedBus via SmartBuy""}, {""child"": ""Earn 20 Reward Points per ₹200 spent"", ""name"": ""Myntra via SmartBuy""}, {""child"": ""Earn 20 Reward Points per ₹200 spent"", ""name"": ""Duty Free (Adani One) via Smartbuy""}, {""child"": ""Earn 4 Reward Points per ₹200 spent"", ""name"": ""Retail""}, {""child"": ""Earn 4 Reward Points per ₹200 spent"", ""name"": ""Insurance""}, {""child"": "" No Reward Points on this category."", ""name"": ""Packers & Movers""}, {""child"": "" No Reward Points on this category."", ""name"": ""EMI""}, {""child"": "" No Reward Points on this category."", ""name"": ""Fuel""}, {""child"": "" No Reward Points on this category."", ""name"": ""Rent""}, {""child"": "" No Reward Points on this category."", ""name"": ""Government""}, {""child"": "" No Reward Points on this category."", ""name"": ""Wallets""}]","[{""title"": "" Discover Reward Points Redemption Options"", ""subtitle"": ""To explore the full range of redemption options for this card, download the SaveSage Club app now."", ""barCodeImageUrl"": ""/"", ""appUrl"": ""https://savesage.co/ZH8bLjZqSPb""}]",,"[{""milestoneNumber"": 1, ""spent"": 300000, ""cycleType"": ""STATEMENT"", ""benefits"": ""The renewal fee will be waived."", ""milestoneType"": ""YEAR""}, {""milestoneNumber"": 2, ""spent"": 500000, ""cycleType"": ""STATEMENT"", ""benefits"": ""10,000 RPs."", ""milestoneType"": ""YEAR""}, {""milestoneNumber"": 3, ""spent"": 800000, ""cycleType"": ""STATEMENT"", ""benefits"": ""5,000 RPs."", ""milestoneType"": ""YEAR""}]","[{""maintitle"": ""Domestic lounge"", ""limit"": [""2 per quarter""], ""eligibility"": [""Spend ₹1 Lakh or more in a calendar quarter (Jan-Mar, Apr-Jun,  Jul-Sep,  Oct-Dec).\nOn meeting the spend criteria, visit the Regalia SmartBuy page >> Lounge Benefits >> Lounge access voucher.\nYou can avail up to 2 complimentary lounge access vouchers as part of the quarterly milestone benefit.""]}, {""maintitle"": ""International lounge"", ""limit"": [""6 per year""], ""eligibility"": [""Lounge Access can be availed via priority pass which can be issued on request for both Primary Cardholder and Add-on cardholder after making a minimum of 4 transactions from a card.""]}]",,,,"[{""mainTitle"": ""Swiggy Dineout"", ""child"": ""Upto 7.5% Off""}]","[""Upto 7.5% Off""]",,,,savesage.club,https://savesage.club/credit-card/hdfc-regalia
HDFC Diners Club Miles credit card,HDFC Bank,HDFC,,"[""Experience""]",1000,,,2% to 3.5%,"[{""child"": ""Earn 4 Reward Points per ₹200 spent"", ""name"": ""Base Rewards""}, {""child"": "" No Reward Points on this category."", ""name"": ""Jewellery""}, {""child"": "" No Reward Points on this category."", ""name"": ""Wallets""}, {""child"": "" No Reward Points on this category."", ""name"": ""Fuel""}, {""child"": "" No Reward Points on this category."", ""name"": ""Rent""}, {""child"": "" No Reward Points on this category."", ""name"": ""Utilities""}]","[{""title"": "" Discover Reward Points Redemption Options"", ""subtitle"": ""To explore the full range of redemption options for this card, download the SaveSage Club app now."", ""barCodeImageUrl"": ""/"", ""appUrl"": ""https://savesage.co/ZH8bLjZqSPb""}]",,"[{""milestoneNumber"": 1, ""spent"": 100000, ""cycleType"": ""STATEMENT"", ""benefits"": ""The renewal fee will be waived."", ""milestoneType"": ""YEAR""}]","[{""maintitle"": ""International lounge"", ""limit"": [""6 per year""], ""eligibility"": [""No explicit spend condition""]}]",,,,"[{""mainTitle"": ""Dining"", ""child"": ""Get 15% Discount and other Benefits""}, {""mainTitle"": ""Insurance"", ""child"": ""Air Accident Cover""}]","[""Get 15% Discount and other Benefits"", ""Air Accident Cover""]",,,,savesage.club,https://savesage.club/credit-card/hdfc-diners-club-miles
HDFC Diners Club Rewardz credit card,HDFC Bank,HDFC,,"[""Experience"", ""Travel Booking"", ""Hotel Transfer"", ""Pay by Points""]",1000,,,3% to 33%,"[{""child"": ""Earn 3 Reward Points per ₹200 spent"", ""name"": ""Base Rewards""}, {""child"": "" No Reward Points on this category."", ""name"": ""Jewellery""}, {""child"": "" No Reward Points on this category."", ""name"": ""Rent""}, {""child"": "" No Reward Points on this category."", ""name"": ""Utilities""}, {""child"": "" No Reward Points on this category."", ""name"": ""Wallets""}, {""child"": "" No Reward Points on this category."", ""name"": ""Fuel""}]","[{""title"": "" Discover Reward Points Redemption Options"", ""subtitle"": ""To explore the full range of redemption options for this card, download the SaveSage Club app now."", ""barCodeImageUrl"": ""/"", ""appUrl"": ""https://savesage.co/ZH8bLjZqSPb""}]",,"[{""milestoneNumber"": 1, ""spent"": 100000, ""cycleType"": ""STATEMENT"", ""benefits"": ""The renewal fee will be waived."", ""milestoneType"": ""YEAR""}]",[],,,,[],[],,,,savesage.club,https://savesage.club/credit-card/hdfc-diners-club-rewardz
SBI Elite credit card,SBI Card,SBI,,"[""Cashback""]",4999,,,0.25% to 2.5%,"[{""child"": ""Earn 2 Reward Points per ₹100 spent"", ""name"": ""Base Rewards""}, {""child"": ""Earn 10 Reward Points per ₹100 spent"", ""name"": ""Grocery""}, {""child"": ""Earn 10 Reward Points per ₹100 spent"", ""name"": ""Departmental Stores""}, {""child"": ""Earn 10 Reward Points per ₹100 spent"", ""name"": ""Dining""}, {""child"": "" No Reward Points on this category."", ""name"": ""Government""}, {""child"": "" No Reward Points on this category."", ""name"": ""EMI""}, {""child"": "" No Reward Points on this category."", ""name"": ""Rent""}, {""child"": "" No Reward Points on this category."", ""name"": ""Utilities""}, {""child"": "" No Reward Points on this category."", ""name"": ""Wallets""}, {""child"": "" No Reward Points on this category."", ""name"": ""Fuel""}]","[{""title"": "" Discover Reward Points Redemption Options"", ""subtitle"": ""To explore the full range of redemption options for this card, download the SaveSage Club app now."", ""barCodeImageUrl"": ""/"", ""appUrl"": ""https://savesage.co/ZH8bLjZqSPb""}]",,"[{""milestoneNumber"": 1, ""spent"": 0, ""cycleType"": ""STATEMENT"", ""benefits"": ""E- Gift Voucher worth Rs. 5,000 from any of the following brands: Yatra, Hush Puppies / Bata, Aditya Birla Fashion,Pantaloons and Shoppers Stop."", ""milestoneType"": ""YEAR""}, {""milestoneNumber"": 2, ""spent"": 300000, ""cycleType"": ""STATEMENT"", ""benefits"": ""10,000 RPs."", ""milestoneType"": ""YEAR""}, {""milestoneNumber"": 3, ""spent"": 400000, ""cycleType"": ""STATEMENT"", ""benefits"": ""10,000 RPs."", ""milestoneType"": ""YEAR""}, {""milestoneNumber"": 4, ""spent"": 500000, ""cycleType"": ""STATEMENT"", ""benefits"": ""15,000 RPs."", ""milestoneType"": ""YEAR""}, {""milestoneNumber"": 5, ""spent"": 800000, ""cycleType"": ""STATEMENT"", ""benefits"": ""15,000 RPs."", ""milestoneType"": ""YEAR""}, {""milestoneNumber"": 6, ""spent"": 1000000, ""cycleType"": ""STATEMENT"", ""benefits"": ""The renewal fee will be waived."", ""milestoneType"": ""YEAR""}]","[{""maintitle"": ""Domestic lounge"", ""limit"": [""2 per quarter""], ""eligibility"": [""N/A""]}, {""maintitle"": ""International lounge"", ""limit"": [""2 per quarter""], ""eligibility"": [""6 Complimentary Lounge Access using Priority Pass.""]}]",,,,"[{""mainTitle"": ""BookMyShow"", ""child"": ""Free Movie Tickets Worth Rs 6,000""}, {""mainTitle"": ""Concierge"", ""child"": ""Exclusive Concierge Service""}, {""mainTitle"": ""ITC"", ""child"": ""Club ITC Membership""}, {""mainTitle"": ""Trident Privilege"", ""child"": ""Trident Privilege Red Tier membership""}]","[""Free Movie Tickets Worth Rs 6,000"", ""Exclusive Concierge Service"", ""Club ITC Membership"", ""Trident Privilege Red Tier membership""]",,,,savesage.club,https://savesage.club/credit-card/sbi-elite
SBI Elite (Amex) credit card,SBI Card,SBI,Amex,"[""Airline Transfer""]",4999,,,3% to 5%,"[{""child"": ""Earn 2 Reward Points per ₹100 spent"", ""name"": ""Base Rewards""}, {""child"": ""Earn 10 Reward Points per ₹100 spent"", ""name"": ""Departmental Stores""}, {""child"": ""Earn 10 Reward Points per ₹100 spent"", ""name"": ""Dining""}, {""child"": ""Earn 10 Reward Points per ₹100 spent"", ""name"": ""Grocery""}, {""child"": "" No Reward Points on this category."", ""name"": ""Fuel""}]","[{""title"": "" Discover Reward Points Redemption Options"", ""subtitle"": ""To explore the full range of redemption options for this card, download the SaveSage Club app now."", ""barCodeImageUrl"": ""/"", ""appUrl"": ""https://savesage.co/ZH8bLjZqSPb""}]",,"[{""milestoneNumber"": 1, ""spent"": 0, ""cycleType"": ""STATEMENT"", ""benefits"": ""E- Gift Voucher worth Rs. 5,000 from any of the following brands: Yatra, Hush Puppies / Bata, Aditya Birla Fashion,Pantaloons and Shopper's Stop."", ""milestoneType"": ""YEAR""}, {""milestoneNumber"": 2, ""spent"": 300000, ""cycleType"": ""STATEMENT"", ""benefits"": ""10,000 RPs."", ""milestoneType"": ""YEAR""}, {""milestoneNumber"": 3, ""spent"": 400000, ""cycleType"": ""STATEMENT"", ""benefits"": ""10,000 RPs."", ""milestoneType"": ""YEAR""}, {""milestoneNumber"": 4, ""spent"": 500000, ""cycleType"": ""STATEMENT"", ""benefits"": ""15,000 RPs."", ""milestoneType"": ""YEAR""}, {""milestoneNumber"": 5, ""spent"": 800000, ""cycleType"": ""STATEMENT"", ""benefits"": ""15,000 RPs."", ""milestoneType"": ""YEAR""}, {""milestoneNumber"": 6, ""spent"": 1000000, ""cycleType"": ""STATEMENT"", ""benefits"": ""The renewal fee will be waived."", ""milestoneType"": ""YEAR""}]","[{""maintitle"": ""Domestic lounge"", ""limit"": [""2 per quarter""], ""eligibility"": [""No explicit spend condition""]}]",,,,"[{""mainTitle"": ""Dining"", ""child"": ""American Express Dining Platform""}, {""mainTitle"": ""Movies"", ""child"": ""Movies Tickets""}, {""mainTitle"": ""Tablet Plus"", ""child"": ""Tablet Plus membership""}]","[""American Express Dining Platform"", ""Movies Tickets"", ""Tablet Plus membership""]",,,,savesage.club,https://savesage.club/credit-card/sbi-elite-amex
SBI Elite (Mastercard) credit card,SBI Card,SBI,Mastercard,"[""Airline Transfer""]",4999,,,3% to 5%,"[{""child"": ""Earn 2 Reward Points per ₹100 spent"", ""name"": ""Base Rewards""}, {""child"": ""Earn 10 Reward Points per ₹100 spent"", ""name"": ""Departmental Stores""}, {""child"": ""Earn 10 Reward Points per ₹100 spent"", ""name"": ""Dining""}, {""child"": ""Earn 10 Reward Points per ₹100 spent"", ""name"": ""Grocery""}, {""child"": "" No Reward Points on this category."", ""name"": ""Fuel""}]","[{""title"": "" Discover Reward Points Redemption Options"", ""subtitle"": ""To explore the full range of redemption options for this card, download the SaveSage Club app now."", ""barCodeImageUrl"": ""/"", ""appUrl"": ""https://savesage.co/ZH8bLjZqSPb""}]",,"[{""milestoneNumber"": 1, ""spent"": 0, ""cycleType"": ""STATEMENT"", ""benefits"": ""E- Gift Voucher worth Rs. 5,000 from any of the following brands: Yatra, Hush Puppies / Bata, Aditya Birla Fashion,Pantaloons and Shopper's Stop."", ""milestoneType"": ""YEAR""}, {""milestoneNumber"": 2, ""spent"": 300000, ""cycleType"": ""STATEMENT"", ""benefits"": ""10,000 RPs."", ""milestoneType"": ""YEAR""}, {""milestoneNumber"": 3, ""spent"": 400000, ""cycleType"": ""STATEMENT"", ""benefits"": ""10,000 RPs."", ""milestoneType"": ""YEAR""}, {""milestoneNumber"": 4, ""spent"": 500000, ""cycleType"": ""STATEMENT"", ""benefits"": ""15,000 RPs."", ""milestoneType"": ""YEAR""}, {""milestoneNumber"": 5, ""spent"": 800000, ""cycleType"": ""STATEMENT"", ""benefits"": ""15,000 RPs."", ""milestoneType"": ""YEAR""}, {""milestoneNumber"": 6, ""spent"": 1000000, ""cycleType"": ""STATEMENT"", ""benefits"": ""The renewal fee will be waived."", ""milestoneType"": ""YEAR""}]","[{""maintitle"": ""Domestic lounge"", ""limit"": [""2 per quarter""], ""eligibility"": [""No explicit spend condition""]}]",,,,"[{""mainTitle"": ""Golf"", ""child"": ""Golf Access""}]","[""Golf Access""]",,,,savesage.club,https://savesage.club/credit-card/sbi-elite-mastercard
SBI Aurum credit card,SBI Card,SBI,,"[""Airline Transfer"", ""Travel Booking""]",9999,,,2% to 4%,"[{""child"": ""Earn 4 Reward Points per ₹100 spent"", ""name"": ""Base Rewards""}, {""child"": "" No Reward Points on this category."", ""name"": ""Education (Third-party)""}, {""child"": "" No Reward Points on this category."", ""name"": ""Jewellery""}, {""child"": "" No Reward Points on this category."", ""name"": ""UPI""}, {""child"": "" No Reward Points on this category."", ""name"": ""Rent""}, {""child"": "" No Reward Points on this category."", ""name"": ""Utilities""}, {""child"": "" No Reward Points on this category."", ""name"": ""Wallets""}, {""child"": "" No Reward Points on this category."", ""name"": ""Fuel""}, {""child"": "" No Reward Points on this category."", ""name"": ""Gaming""}]","[{""title"": "" Discover Reward Points Redemption Options"", ""subtitle"": ""To explore the full range of redemption options for this card, download the SaveSage Club app now."", ""barCodeImageUrl"": ""/"", ""appUrl"": ""https://savesage.co/ZH8bLjZqSPb""}]",,"[{""milestoneNumber"": 1, ""spent"": 0, ""cycleType"": ""STATEMENT"", ""benefits"": ""40,000 RPs"", ""milestoneType"": ""YEAR""}, {""milestoneNumber"": 2, ""spent"": 100000, ""cycleType"": ""CALENDAR"", ""benefits"": ""Tata CliQ voucher worth ₹1,500."", ""milestoneType"": ""MONTH""}, {""milestoneNumber"": 3, ""spent"": 500000, ""cycleType"": ""STATEMENT"", ""benefits"": ""Tata CliQ Luxury voucher worth ₹5,000."", ""milestoneType"": ""YEAR""}, {""milestoneNumber"": 4, ""spent"": 1000000, ""cycleType"": ""STATEMENT"", ""benefits"": ""Taj experience voucher worth ₹10,000."", ""milestoneType"": ""YEAR""}, {""milestoneNumber"": 5, ""spent"": 1200000, ""cycleType"": ""STATEMENT"", ""benefits"": ""The renewal fee will be waived."", ""milestoneType"": ""YEAR""}, {""milestoneNumber"": 6, ""spent"": 2000000, ""cycleType"": ""STATEMENT"", ""benefits"": ""Apple vouchers worth ₹20,000."", ""milestoneType"": ""YEAR""}]","[{""maintitle"": ""Domestic lounge"", ""limit"": [""4 per quarter""], ""eligibility"": [""Applicable for Add-on Cardholder(s) as well.""]}, {""maintitle"": ""International lounge"", ""limit"": [""Unlimited""], ""eligibility"": [""Complimentary DreamFolks Membership and enjoy unlimited complimentary access to 1000+ International Airport Lounges, along with complimentary visit, once a quarter, for a guest""]}, {""maintitle"": ""Domestic airport spa"", ""limit"": [""1 per quarter""], ""eligibility"": [""No explicit spend condition""]}]",,,,"[{""mainTitle"": ""Angel Investment Network"", ""child"": ""Complementary Access to Angel Investment Network""}, {""mainTitle"": ""BookMyShow"", ""child"": ""Get 4 Movie Tickets Worth Rs 1,000""}, {""mainTitle"": ""Club Marriott"", ""child"": ""Club Marriott""}, {""mainTitle"": ""Concierge"", ""child"": ""Concierge""}, {""mainTitle"": ""Golf"", ""child"": ""Golf Privilege""}, {""mainTitle"": ""Insurance"", ""child"": ""Insurance""}, {""mainTitle"": ""Mint"", ""child"": ""Annual membership of the Wall Street Journal""}, {""mainTitle"": ""The Wall Street Journal"", ""child"": ""Annual membership of Mint""}]","[""Complementary Access to Angel Investment Network"", ""Get 4 Movie Tickets Worth Rs 1,000"", ""Club Marriott"", ""Concierge"", ""Golf Privilege"", ""Insurance"", ""Annual membership of the Wall Street Journal"", ""Annual membership of Mint""]",,,,savesage.club,https://savesage.club/credit-card/sbi-aurum
SBI SimplyClick credit card,SBI Card,SBI,,"[""Travel Booking"", ""Hotel Transfer""]",499,,,2% to 4%,"[{""child"": ""Earn 1 Reward Points per ₹100 spent"", ""name"": ""Base Rewards""}, {""child"": ""Earn 10 Reward Points per ₹100 spent"", ""name"": ""Apollo""}, {""child"": ""Earn 10 Reward Points per ₹100 spent"", ""name"": ""IGP""}, {""child"": ""Earn 10 Reward Points per ₹100 spent"", ""name"": ""BookMyShow""}, {""child"": ""Earn 10 Reward Points per ₹100 spent"", ""name"": ""Cleartrip""}, {""child"": ""Earn 10 Reward Points per ₹100 spent"", ""name"": ""Domino's""}, {""child"": ""Earn 10 Reward Points per ₹100 spent"", ""name"": ""Yatra""}, {""child"": ""Earn 10 Reward Points per ₹100 spent"", ""name"": ""Myntra""}, {""child"": ""Earn 10 Reward Points per ₹100 spent"", ""name"": ""Tata Cliq""}, {""child"": ""Earn 10 Reward Points per ₹100 spent"", ""name"": ""Netmeds""}, {""child"": ""Earn 10 Reward Points per ₹100 spent"", ""name"": ""Swiggy""}, {""child"": ""Earn 10 Reward Points per ₹100 spent"", ""name"": ""Gyftr""}, {""child"": ""Earn 5 Reward Points per ₹100 spent"", ""name"": ""Online""}, {""child"": "" No Reward Points on this category."", ""name"": ""Fuel""}, {""child"": "" No Reward Points on this category."", ""name"": ""Government""}, {""child"": "" No Reward Points on this category."", ""name"": ""Jewellery""}, {""child"": "" No Reward Points on this category."", ""name"": ""Rent""}, {""child"": "" No Reward Points on this category."", ""name"": ""Utilities""}, {""child"": "" No Reward Points on this category."", ""name"": ""Wallets""}, {""child"": "" No Reward Points on this category."", ""name"": ""Digital Gaming""}, {""child"": "" No Reward Points on this category."", ""name"": ""EMI""}]","[{""title"": "" Discover Reward Points Redemption Options"", ""subtitle"": ""To explore the full range of redemption options for this card, download the SaveSage Club app now."", ""barCodeImageUrl"": ""/"", ""appUrl"": ""https://savesage.co/ZH8bLjZqSPb""}]",,"[{""milestoneNumber"": 1, ""spent"": 0, ""cycleType"": ""STATEMENT"", ""benefits"": ""Get Amazon.in gift card worth Rs.500."", ""milestoneType"": ""YEAR""}, {""milestoneNumber"": 2, ""spent"": 100000, ""cycleType"": ""STATEMENT"", ""benefits"": ""The renewal fee will be waived.E-Vouchers worth  Rs. 2,000."", ""milestoneType"": ""YEAR""}, {""milestoneNumber"": 3, ""spent"": 200000, ""cycleType"": ""STATEMENT"", ""benefits"": ""E-Vouchers worth  Rs. 2,000."", ""milestoneType"": ""YEAR""}]",[],,,,[],[],,,,savesage.club,https://savesage.club/credit-card/sbi-simplyclick
SBI SimplySAVE credit card,SBI Card,SBI,,[],499,,,NA,"[{""child"": ""Earn 1 Reward Points per ₹150 spent"", ""name"": ""Base Rewards""}, {""child"": ""Earn 10 Reward Points per ₹150 spent"", ""name"": ""Departmental Stores""}, {""child"": ""Earn 10 Reward Points per ₹150 spent"", ""name"": ""Dining""}, {""child"": ""Earn 10 Reward Points per ₹150 spent"", ""name"": ""Grocery""}, {""child"": ""Earn 10 Reward Points per ₹150 spent"", ""name"": ""Movies""}, {""child"": "" No Reward Points on this category."", ""name"": ""Wallets""}, {""child"": "" No Reward Points on this category."", ""name"": ""Rent""}, {""child"": "" No Reward Points on this category."", ""name"": ""Government""}, {""child"": "" No Reward Points on this category."", ""name"": ""Fuel""}, {""child"": "" No Reward Points on this category."", ""name"": ""EMI""}, {""child"": "" No Reward Points on this category."", ""name"": ""Utilities""}]","[{""title"": "" Discover Reward Points Redemption Options"", ""subtitle"": ""To explore the full range of redemption options for this card, download the SaveSage Club app now."", ""barCodeImageUrl"": ""/"", ""appUrl"": ""https://savesage.co/ZH8bLjZqSPb""}]",,"[{""milestoneNumber"": 1, ""spent"": 0, ""cycleType"": ""STATEMENT"", ""benefits"": ""2000 Reward Points"", ""milestoneType"": ""DAYS""}, {""milestoneNumber"": 2, ""spent"": 100000, ""cycleType"": ""STATEMENT"", ""benefits"": ""The renewal fee will be waived."", ""milestoneType"": ""YEAR""}]",[],,,,"[{""mainTitle"": ""Zero Liability Protection"", ""child"": ""Zero Liability Protection""}]","[""Zero Liability Protection""]",,,,savesage.club,https://savesage.club/credit-card/sbi-simplysave
SBI Pulse credit card,SBI Card,SBI,,[],1499,,,NA,"[{""child"": ""Earn 2 Reward Points per ₹100 spent"", ""name"": ""Base Rewards""}, {""child"": ""Earn 10 Reward Points per ₹100 spent"", ""name"": ""Sports""}, {""child"": ""Earn 10 Reward Points per ₹100 spent"", ""name"": ""Dining""}, {""child"": ""Earn 10 Reward Points per ₹100 spent"", ""name"": ""Movies""}, {""child"": ""Earn 10 Reward Points per ₹100 spent"", ""name"": ""Pharmacy""}, {""child"": ""Earn 10 Reward Points per ₹100 spent"", ""name"": ""Drinking Place""}, {""child"": "" No Reward Points on this category."", ""name"": ""Utilities""}, {""child"": "" No Reward Points on this category."", ""name"": ""Wallets""}, {""child"": "" No Reward Points on this category."", ""name"": ""Fuel""}, {""child"": "" No Reward Points on this category."", ""name"": ""Rent""}, {""child"": "" No Reward Points on this category."", ""name"": ""EMI""}, {""child"": "" No Reward Points on this category."", ""name"": ""Jewellery""}, {""child"": "" No Reward Points on this category."", ""name"": ""Government""}]","[{""title"": "" Discover Reward Points Redemption Options"", ""subtitle"": ""To explore the full range of redemption options for this card, download the SaveSage Club app now."", ""barCodeImageUrl"": ""/"", ""appUrl"": ""https://savesage.co/ZH8bLjZqSPb""}]",,"[{""milestoneNumber"": 1, ""spent"": 0, ""cycleType"": ""STATEMENT"", ""benefits"": ""ColorFit Pulse 4 Pro Smartwatch worth Rs. 7,999"", ""milestoneType"": ""YEAR""}, {""milestoneNumber"": 2, ""spent"": 200000, ""cycleType"": ""STATEMENT"", ""benefits"": ""The renewal fee will be waived."", ""milestoneType"": ""YEAR""}, {""milestoneNumber"": 3, ""spent"": 400000, ""cycleType"": ""STATEMENT"", ""benefits"": ""Netmeds e-gift voucher of ₹1,500."", ""milestoneType"": ""YEAR""}]","[{""maintitle"": ""Domestic lounge"", ""limit"": [""1 per quarter""], ""eligibility"": [""Minimum monthly spends of ₹20,000""]}]",,,,"[{""mainTitle"": ""Insurance"", ""child"": ""Air Accident Cover""}]","[""Air Accident Cover""]",,,,savesage.club,https://savesage.club/credit-card/sbi-pulse
SBI BPCL credit card,SBI Card,SBI,,"[""Travel Booking""]",499,,,0.5% to 1%,"[{""child"": ""Earn 1 Reward Points per ₹100 spent"", ""name"": ""Base Rewards""}, {""child"": ""Earn 13 Reward Points per ₹100 spent"", ""name"": ""BPCL""}, {""child"": ""Earn 5 Reward Points per ₹100 spent"", ""name"": ""Dining""}, {""child"": ""Earn 5 Reward Points per ₹100 spent"", ""name"": ""Grocery""}, {""child"": ""Earn 5 Reward Points per ₹100 spent"", ""name"": ""Departmental Stores""}, {""child"": ""Earn 5 Reward Points per ₹100 spent"", ""name"": ""Movies""}, {""child"": "" No Reward Points on this category."", ""name"": ""Fuel (Other than BPCL)""}, {""child"": "" No Reward Points on this category."", ""name"": ""Rent""}, {""child"": "" No Reward Points on this category."", ""name"": ""Utilities""}, {""child"": "" No Reward Points on this category."", ""name"": ""EMI""}, {""child"": "" No Reward Points on this category."", ""name"": ""Government""}, {""child"": "" No Reward Points on this category."", ""name"": ""UPI""}, {""child"": "" No Reward Points on this category."", ""name"": ""Wallets""}]","[{""title"": "" Discover Reward Points Redemption Options"", ""subtitle"": ""To explore the full range of redemption options for this card, download the SaveSage Club app now."", ""barCodeImageUrl"": ""/"", ""appUrl"": ""https://savesage.co/ZH8bLjZqSPb""}]",,"[{""milestoneNumber"": 1, ""spent"": 0, ""cycleType"": ""STATEMENT"", ""benefits"": ""Get 2,000 Activation Bonus Reward Points worth Rs. 500."", ""milestoneType"": ""YEAR""}, {""milestoneNumber"": 2, ""spent"": 100000, ""cycleType"": ""STATEMENT"", ""benefits"": ""The renewal fee will be waived."", ""milestoneType"": ""YEAR""}]",[],,,,[],[],,,,savesage.club,https://savesage.club/credit-card/sbi-bpcl
SBI Reliance Prime credit card,SBI Card,SBI,,"[""Catalogue Products""]",2999,,,1% to 2%,"[{""child"": ""Earn 2 Reward Points per ₹100 spent"", ""name"": ""Base Rewards""}, {""child"": ""Earn 20 Reward Points per ₹100 spent"", ""name"": ""Jio Mart""}, {""child"": ""Earn 20 Reward Points per ₹100 spent"", ""name"": ""Ajio""}, {""child"": ""Earn 10 Reward Points per ₹100 spent"", ""name"": ""Reliance Retail Stores""}, {""child"": ""Earn 5 Reward Points per ₹100 spent"", ""name"": ""Dining""}, {""child"": ""Earn 5 Reward Points per ₹100 spent"", ""name"": ""International""}, {""child"": ""Earn 5 Reward Points per ₹100 spent"", ""name"": ""Movies""}, {""child"": "" No Reward Points on this category."", ""name"": ""Utilities""}, {""child"": "" No Reward Points on this category."", ""name"": ""Fuel""}, {""child"": "" No Reward Points on this category."", ""name"": ""Rent""}, {""child"": "" No Reward Points on this category."", ""name"": ""EMI""}, {""child"": "" No Reward Points on this category."", ""name"": ""Wallets""}, {""child"": "" No Reward Points on this category."", ""name"": ""Jewellery""}]","[{""title"": "" Discover Reward Points Redemption Options"", ""subtitle"": ""To explore the full range of redemption options for this card, download the SaveSage Club app now."", ""barCodeImageUrl"": ""/"", ""appUrl"": ""https://savesage.co/ZH8bLjZqSPb""}]",,"[{""milestoneNumber"": 1, ""spent"": 0, ""cycleType"": ""STATEMENT"", ""benefits"": ""Reliance Retail Voucher worth Rs. 3000"", ""milestoneType"": ""YEAR""}, {""milestoneNumber"": 2, ""spent"": 75000, ""cycleType"": ""STATEMENT"", ""benefits"": ""Reliance Retail voucher worth ₹1,500."", ""milestoneType"": ""YEAR""}, {""milestoneNumber"": 3, ""spent"": 150000, ""cycleType"": ""STATEMENT"", ""benefits"": ""Reliance Retail voucher worth ₹2,250."", ""milestoneType"": ""YEAR""}, {""milestoneNumber"": 4, ""spent"": 300000, ""cycleType"": ""STATEMENT"", ""benefits"": ""Reliance Retail voucher worth ₹5000."", ""milestoneType"": ""YEAR""}]","[{""maintitle"": ""Domestic lounge"", ""limit"": [""2 per quarter""], ""eligibility"": [""No explicit spend condition""]}, {""maintitle"": ""International lounge"", ""limit"": [""2 per quarter""], ""eligibility"": [""No explicit spend condition""]}]",,,,"[{""mainTitle"": ""BookMyShow"", ""child"": ""1 Movie Ticket a Month Worth Rs 250/-""}]","[""1 Movie Ticket a Month Worth Rs 250/-""]",,,,savesage.club,https://savesage.club/credit-card/sbi-reliance-prime
SBI Reliance credit card,SBI Card,SBI,,"[""Brand Wallet"", ""Catalogue Products""]",499,,,1% to 2%,"[{""child"": ""Earn 1 Reward Points per ₹100 spent"", ""name"": ""Base Rewards""}, {""child"": ""Earn 10 Reward Points per ₹100 spent"", ""name"": ""Ajio""}, {""child"": ""Earn 10 Reward Points per ₹100 spent"", ""name"": ""Jio Mart""}, {""child"": ""Earn 5 Reward Points per ₹100 spent"", ""name"": ""Dining""}, {""child"": ""Earn 5 Reward Points per ₹100 spent"", ""name"": ""Movies""}, {""child"": ""Earn 5 Reward Points per ₹100 spent"", ""name"": ""Reliance Retail Stores""}, {""child"": "" No Reward Points on this category."", ""name"": ""Fuel""}, {""child"": "" No Reward Points on this category."", ""name"": ""Wallets""}, {""child"": "" No Reward Points on this category."", ""name"": ""Jewellery""}, {""child"": "" No Reward Points on this category."", ""name"": ""Rent""}, {""child"": "" No Reward Points on this category."", ""name"": ""Utilities""}, {""child"": "" No Reward Points on this category."", ""name"": ""EMI""}]","[{""title"": "" Discover Reward Points Redemption Options"", ""subtitle"": ""To explore the full range of redemption options for this card, download the SaveSage Club app now."", ""barCodeImageUrl"": ""/"", ""appUrl"": ""https://savesage.co/ZH8bLjZqSPb""}]",,"[{""milestoneNumber"": 1, ""spent"": 0, ""cycleType"": ""STATEMENT"", ""benefits"": ""Get Reliance Retail Voucher worth Rs. 500"", ""milestoneType"": ""YEAR""}, {""milestoneNumber"": 2, ""spent"": 25000, ""cycleType"": ""STATEMENT"", ""benefits"": ""Reliance Retail voucher worth ₹500."", ""milestoneType"": ""YEAR""}, {""milestoneNumber"": 3, ""spent"": 50000, ""cycleType"": ""STATEMENT"", ""benefits"": ""Reliance Retail voucher worth ₹750."", ""milestoneType"": ""YEAR""}, {""milestoneNumber"": 4, ""spent"": 80000, ""cycleType"": ""STATEMENT"", ""benefits"": ""Reliance Retail voucher worth ₹1,500."", ""milestoneType"": ""YEAR""}, {""milestoneNumber"": 5, ""spent"": 100000, ""cycleType"": ""STATEMENT"", ""benefits"": ""The renewal fee will be waived."", ""milestoneType"": ""YEAR""}]",[],,,,[],[],,,,savesage.club,https://savesage.club/credit-card/sbi-reliance
SBI Air India Platinum credit card,SBI Card,SBI,,[],1499,,,NA,"[{""child"": ""Earn 2 Reward Points per ₹100 spent"", ""name"": ""Base Rewards""}, {""child"": ""Earn 15 Reward Points per ₹100 spent"", ""name"": ""Air India Bookings - Self""}, {""child"": ""Earn 5 Reward Points per ₹100 spent"", ""name"": ""Air India (Booking Offices or Call Centres)""}, {""child"": "" No Reward Points on this category."", ""name"": ""Government""}, {""child"": "" No Reward Points on this category."", ""name"": ""Rent""}, {""child"": "" No Reward Points on this category."", ""name"": ""Fuel""}, {""child"": "" No Reward Points on this category."", ""name"": ""Utilities""}, {""child"": "" No Reward Points on this category."", ""name"": ""Wallets""}, {""child"": "" No Reward Points on this category."", ""name"": ""EMI""}]","[{""title"": "" Discover Reward Points Redemption Options"", ""subtitle"": ""To explore the full range of redemption options for this card, download the SaveSage Club app now."", ""barCodeImageUrl"": ""/"", ""appUrl"": ""https://savesage.co/ZH8bLjZqSPb""}]",,"[{""milestoneNumber"": 1, ""spent"": 0, ""cycleType"": ""STATEMENT"", ""benefits"": ""5,000 RPs"", ""milestoneType"": ""YEAR""}, {""milestoneNumber"": 2, ""spent"": 1, ""cycleType"": ""STATEMENT"", ""benefits"": ""Anniversary gift of 2,000 Reward points every year"", ""milestoneType"": ""YEAR""}, {""milestoneNumber"": 3, ""spent"": 200000, ""cycleType"": ""STATEMENT"", ""benefits"": ""5,000 RPs."", ""milestoneType"": ""YEAR""}, {""milestoneNumber"": 4, ""spent"": 300000, ""cycleType"": ""STATEMENT"", ""benefits"": ""10,000 RPs."", ""milestoneType"": ""YEAR""}]","[{""maintitle"": ""Domestic lounge"", ""limit"": [""1 per quarter""], ""eligibility"": [""No explicit spend condition""]}]",,,,"[{""mainTitle"": ""Insurance"", ""child"": ""Complimentary Insurance Cover""}]","[""Complimentary Insurance Cover""]",,,,savesage.club,https://savesage.club/credit-card/sbi-air-india-platinum
SBI Air India Signature credit card,SBI Card,SBI,,[],4999,,,NA,"[{""child"": ""Earn 4 Reward Points per ₹100 spent"", ""name"": ""Base Rewards""}, {""child"": ""Earn 10 Reward Points per ₹100 spent"", ""name"": ""Air India Bookings""}, {""child"": "" No Reward Points on this category."", ""name"": ""Rent""}, {""child"": "" No Reward Points on this category."", ""name"": ""Wallets""}, {""child"": "" No Reward Points on this category."", ""name"": ""Fuel""}, {""child"": "" No Reward Points on this category."", ""name"": ""Government""}, {""child"": "" No Reward Points on this category."", ""name"": ""EMI""}]","[{""title"": "" Discover Reward Points Redemption Options"", ""subtitle"": ""To explore the full range of redemption options for this card, download the SaveSage Club app now."", ""barCodeImageUrl"": ""/"", ""appUrl"": ""https://savesage.co/ZH8bLjZqSPb""}]",,"[{""milestoneNumber"": 1, ""spent"": 0, ""cycleType"": ""STATEMENT"", ""benefits"": ""20,000 RPs"", ""milestoneType"": ""YEAR""}, {""milestoneNumber"": 2, ""spent"": 1, ""cycleType"": ""STATEMENT"", ""benefits"": ""Anniversary gift of 5,000 Reward points every year"", ""milestoneType"": ""YEAR""}, {""milestoneNumber"": 3, ""spent"": 500000, ""cycleType"": ""STATEMENT"", ""benefits"": ""20,000 RPs."", ""milestoneType"": ""YEAR""}, {""milestoneNumber"": 4, ""spent"": 1000000, ""cycleType"": ""STATEMENT"", ""benefits"": ""30,000 RPs."", ""milestoneType"": ""YEAR""}, {""milestoneNumber"": 5, ""spent"": 2000000, ""cycleType"": ""STATEMENT"", ""benefits"": ""50,000 RPs."", ""milestoneType"": ""YEAR""}]","[{""maintitle"": ""Domestic lounge"", ""limit"": [""8 per year""], ""eligibility"": [""No explicit spend condition""]}]",,,,"[{""mainTitle"": ""Insurance"", ""child"": ""Lost Card Liability""}]","[""Lost Card Liability""]",,,,savesage.club,https://savesage.club/credit-card/sbi-air-india-signature
SBI Club Vistara Prime credit card,SBI Card,SBI,,[],2999,,,NA,"[{""child"": ""Earn 4 Reward Points per ₹200 spent"", ""name"": ""Base Rewards""}, {""child"": ""Earn 4 Reward Points per ₹200 spent"", ""name"": ""Utilities""}, {""child"": ""Earn 4 Reward Points per ₹200 spent"", ""name"": ""Fuel""}, {""child"": "" No Reward Points on this category."", ""name"": ""Wallets""}, {""child"": "" No Reward Points on this category."", ""name"": ""Rent""}, {""child"": "" No Reward Points on this category."", ""name"": ""EMI""}, {""child"": "" No Reward Points on this category."", ""name"": ""Government""}]","[{""title"": "" Discover Reward Points Redemption Options"", ""subtitle"": ""To explore the full range of redemption options for this card, download the SaveSage Club app now."", ""barCodeImageUrl"": ""/"", ""appUrl"": ""https://savesage.co/ZH8bLjZqSPb""}]",,"[{""milestoneNumber"": 1, ""spent"": 800000, ""cycleType"": ""STATEMENT"", ""benefits"": ""E-Voucher from Yatra worth Rs. 10,000"", ""milestoneType"": ""YEAR""}]","[{""maintitle"": ""Domestic lounge"", ""limit"": [""8 per year""], ""eligibility"": [""No explicit spend condition""]}]",,,,"[{""mainTitle"": ""Insurance"", ""child"": ""Air Accident Cover""}]","[""Air Accident Cover""]",,,,savesage.club,https://savesage.club/credit-card/sbi-club-vistara-prime
SBI IRCTC Premier credit card,SBI Card,SBI,,"[""Brand Wallet"", ""Catalogue Products""]",1499,,,2% to 3%,"[{""child"": ""Earn 1 Reward Points per ₹125 spent"", ""name"": ""Base Rewards""}, {""child"": ""Earn 10 Reward Points per ₹125 spent"", ""name"": ""IRCTC (AC1, AC2, AC3, AC CC)""}, {""child"": ""Earn 5 Reward Points per ₹125 spent"", ""name"": ""IRCTC - Air""}, {""child"": ""Earn 5 Reward Points per ₹125 spent"", ""name"": ""IRCTC - E-catering""}, {""child"": ""Earn 3 Reward Points per ₹125 spent"", ""name"": ""Dining""}, {""child"": ""Earn 3 Reward Points per ₹125 spent"", ""name"": ""Utilities""}, {""child"": "" No Reward Points on this category."", ""name"": ""Rent""}, {""child"": "" No Reward Points on this category."", ""name"": ""EMI""}, {""child"": "" No Reward Points on this category."", ""name"": ""Wallets""}, {""child"": "" No Reward Points on this category."", ""name"": ""Fuel""}, {""child"": "" No Reward Points on this category."", ""name"": ""Government""}, {""child"": "" No Reward Points on this category."", ""name"": ""Jewellery""}]","[{""title"": "" Discover Reward Points Redemption Options"", ""subtitle"": ""To explore the full range of redemption options for this card, download the SaveSage Club app now."", ""barCodeImageUrl"": ""/"", ""appUrl"": ""https://savesage.co/ZH8bLjZqSPb""}]",,"[{""milestoneNumber"": 1, ""spent"": 50000, ""cycleType"": ""STATEMENT"", ""benefits"": ""2,500 bonus RPs."", ""milestoneType"": ""YEAR""}, {""milestoneNumber"": 2, ""spent"": 100000, ""cycleType"": ""STATEMENT"", ""benefits"": ""5,000 bonus RPs."", ""milestoneType"": ""YEAR""}, {""milestoneNumber"": 3, ""spent"": 200000, ""cycleType"": ""STATEMENT"", ""benefits"": ""The renewal fee will be waived."", ""milestoneType"": ""YEAR""}]",[],,,,"[{""mainTitle"": ""Insurance"", ""child"": ""Air Accident Cover""}]","[""Air Accident Cover""]",,,,savesage.club,https://savesage.club/credit-card/sbi-irctc-premier
SBI IRCTC Platinum credit card,SBI Card,SBI,,"[""Brand Wallet"", ""Catalogue Products""]",500,,,1% to 2%,"[{""child"": ""Earn 1 Reward Points per ₹125 spent"", ""name"": ""Base Rewards""}, {""child"": ""Earn 10 Reward Points per ₹125 spent"", ""name"": ""IRCTC (AC1, AC2, AC3, AC CC)""}, {""child"": "" No Reward Points on this category."", ""name"": ""Utilities""}, {""child"": "" No Reward Points on this category."", ""name"": ""Wallets""}, {""child"": "" No Reward Points on this category."", ""name"": ""EMI""}, {""child"": "" No Reward Points on this category."", ""name"": ""Government""}, {""child"": "" No Reward Points on this category."", ""name"": ""Fuel""}, {""child"": "" No Reward Points on this category."", ""name"": ""Jewellery""}, {""child"": "" No Reward Points on this category."", ""name"": ""Rent""}]","[{""title"": "" Discover Reward Points Redemption Options"", ""subtitle"": ""To explore the full range of redemption options for this card, download the SaveSage Club app now."", ""barCodeImageUrl"": ""/"", ""appUrl"": ""https://savesage.co/ZH8bLjZqSPb""}]",,"[{""milestoneNumber"": 1, ""spent"": 500, ""cycleType"": ""STATEMENT"", ""benefits"": ""500 Reward Points"", ""milestoneType"": ""YEAR""}]",[],,,,[],[],,,,savesage.club,https://savesage.club/credit-card/sbi-irctc-platinum
SBI IRCTC credit card,SBI Card,SBI,,[],500,,,NA,"[{""child"": ""Earn 1 Reward Points per ₹125 spent"", ""name"": ""Base Rewards""}, {""child"": ""Earn 10 Reward Points per ₹125 spent"", ""name"": ""Value Back""}, {""child"": "" No Reward Points on this category."", ""name"": ""Rent""}, {""child"": "" No Reward Points on this category."", ""name"": ""Wallets""}, {""child"": "" No Reward Points on this category."", ""name"": ""Fuel""}, {""child"": "" No Reward Points on this category."", ""name"": ""Utilities""}, {""child"": "" No Reward Points on this category."", ""name"": ""Jewellery""}]","[{""title"": "" Discover Reward Points Redemption Options"", ""subtitle"": ""To explore the full range of redemption options for this card, download the SaveSage Club app now."", ""barCodeImageUrl"": ""/"", ""appUrl"": ""https://savesage.co/ZH8bLjZqSPb""}]",,"[{""milestoneNumber"": 1, ""spent"": 30000, ""cycleType"": ""STATEMENT"", ""benefits"": ""Gift vouchers worth ₹500."", ""milestoneType"": ""QUARTER""}, {""milestoneNumber"": 2, ""spent"": 150000, ""cycleType"": ""STATEMENT"", ""benefits"": ""The renewal fee will be waived."", ""milestoneType"": ""YEAR""}]","[{""maintitle"": ""Railway lounge"", ""limit"": [""2 per quarter""], ""eligibility"": [""No explicit spend condition""]}]",,,,[],[],,,,savesage.club,https://savesage.club/credit-card/sbi-irctc
SBI Yatra credit card,SBI Card,SBI,,[],499,,,NA,"[{""child"": ""Earn 10 Reward Points per ₹100 spent"", ""name"": ""Base Rewards""}, {""child"": ""Earn 6 Reward Points per ₹100 spent"", ""name"": ""Grocery""}, {""child"": ""Earn 6 Reward Points per ₹100 spent"", ""name"": ""Departmental Stores""}, {""child"": ""Earn 6 Reward Points per ₹100 spent"", ""name"": ""Dining""}, {""child"": ""Earn 6 Reward Points per ₹100 spent"", ""name"": ""Entertainment""}, {""child"": "" No Reward Points on this category."", ""name"": ""Government""}, {""child"": "" No Reward Points on this category."", ""name"": ""Fuel""}, {""child"": "" No Reward Points on this category."", ""name"": ""Jewellery""}, {""child"": "" No Reward Points on this category."", ""name"": ""Rent""}, {""child"": "" No Reward Points on this category."", ""name"": ""Utilities""}, {""child"": "" No Reward Points on this category."", ""name"": ""Wallets""}, {""child"": "" No Reward Points on this category."", ""name"": ""EMI""}]","[{""title"": "" Discover Reward Points Redemption Options"", ""subtitle"": ""To explore the full range of redemption options for this card, download the SaveSage Club app now."", ""barCodeImageUrl"": ""/"", ""appUrl"": ""https://savesage.co/ZH8bLjZqSPb""}]",,"[{""milestoneNumber"": 1, ""spent"": 100000, ""cycleType"": ""STATEMENT"", ""benefits"": ""The renewal fee will be waived."", ""milestoneType"": ""YEAR""}]",[],,,,"[{""mainTitle"": ""Insurance"", ""child"": ""Air Accident Cover""}]","[""Air Accident Cover""]",,,,savesage.club,https://savesage.club/credit-card/sbi-yatra
SBI Paytm Select credit card,SBI Card,SBI,,[],1499,,,NA,"[{""child"": ""Earn 1 Reward Points per ₹100 spent"", ""name"": ""Base Rewards""}, {""child"": ""Earn 5 Reward Points per ₹100 spent"", ""name"": ""Paytm (Movies and Travel)""}, {""child"": ""Earn 2 Reward Points per ₹100 spent"", ""name"": ""Paytm""}, {""child"": "" No Reward Points on this category."", ""name"": ""Jewellery""}, {""child"": "" No Reward Points on this category."", ""name"": ""Government""}, {""child"": "" No Reward Points on this category."", ""name"": ""Rent""}, {""child"": "" No Reward Points on this category."", ""name"": ""Utilities""}, {""child"": "" No Reward Points on this category."", ""name"": ""Wallets""}, {""child"": "" No Reward Points on this category."", ""name"": ""Fuel""}]","[{""title"": "" Discover Reward Points Redemption Options"", ""subtitle"": ""To explore the full range of redemption options for this card, download the SaveSage Club app now."", ""barCodeImageUrl"": ""/"", ""appUrl"": ""https://savesage.co/ZH8bLjZqSPb""}]",,"[{""milestoneNumber"": 1, ""spent"": 0, ""cycleType"": ""STATEMENT"", ""benefits"": ""Complimentary Paytm First Membership and 750 RPs"", ""milestoneType"": ""YEAR""}, {""milestoneNumber"": 2, ""spent"": 100000, ""cycleType"": ""STATEMENT"", ""benefits"": ""The renewal fee will be waived."", ""milestoneType"": ""YEAR""}, {""milestoneNumber"": 3, ""spent"": 400000, ""cycleType"": ""STATEMENT"", ""benefits"": ""E-Gift vouchers worth ₹2,000 of Bata/Hush,Puppies and Pantaloons."", ""milestoneType"": ""YEAR""}, {""milestoneNumber"": 4, ""spent"": 600000, ""cycleType"": ""STATEMENT"", ""benefits"": ""E-Gift vouchers worth ₹4,000 of Bata/Hush,Puppies and Pantaloons."", ""milestoneType"": ""YEAR""}]","[{""maintitle"": ""Domestic lounge"", ""limit"": [""4 per year""], ""eligibility"": [""No explicit spend condition""]}, {""maintitle"": ""International lounge"", ""limit"": [""2 per quarter""], ""eligibility"": [""""]}]",,,,"[{""mainTitle"": ""Insurance"", ""child"": ""Air Accident Cover""}]","[""Air Accident Cover""]",,,,savesage.club,https://savesage.club/credit-card/sbi-paytm-select
SBI Paytm credit card,SBI Card,SBI,,"[""Experience"", ""Catalogue Products""]",499,,,1% to 2.5%,"[{""child"": ""Earn 1 Reward Points per ₹100 spent"", ""name"": ""Base Rewards""}, {""child"": ""Earn 3 Reward Points per ₹100 spent"", ""name"": ""Paytm (Movies and Travel)""}, {""child"": ""Earn 2 Reward Points per ₹100 spent"", ""name"": ""Paytm""}, {""child"": "" No Reward Points on this category."", ""name"": ""Jewellery""}, {""child"": "" No Reward Points on this category."", ""name"": ""Government""}, {""child"": "" No Reward Points on this category."", ""name"": ""Rent""}, {""child"": "" No Reward Points on this category."", ""name"": ""Utilities""}, {""child"": "" No Reward Points on this category."", ""name"": ""Wallets""}, {""child"": "" No Reward Points on this category."", ""name"": ""Fuel""}]","[{""title"": "" Discover Reward Points Redemption Options"", ""subtitle"": ""To explore the full range of redemption options for this card, download the SaveSage Club app now."", ""barCodeImageUrl"": ""/"", ""appUrl"": ""https://savesage.co/ZH8bLjZqSPb""}]",,[],[],,,,[],[],,,,savesage.club,https://savesage.club/credit-card/sbi-paytm
SBI Aditya Birla Select credit card,SBI Card,SBI,,[],1499,,,NA,"[{""child"": ""Earn 2 Reward Points per ₹200 spent"", ""name"": ""Base Rewards""}, {""child"": ""Earn 20 Reward Points per ₹100 spent"", ""name"": ""Aditya Birla Stores""}, {""child"": ""Earn 10 Reward Points per ₹100 spent"", ""name"": ""Dining""}, {""child"": ""Earn 10 Reward Points per ₹100 spent"", ""name"": ""Hotels""}, {""child"": ""Earn 10 Reward Points per ₹100 spent"", ""name"": ""Entertainment""}, {""child"": "" No Reward Points on this category."", ""name"": ""EMI""}, {""child"": "" No Reward Points on this category."", ""name"": ""Government""}, {""child"": "" No Reward Points on this category."", ""name"": ""Rent""}, {""child"": "" No Reward Points on this category."", ""name"": ""Utilities""}, {""child"": "" No Reward Points on this category."", ""name"": ""Wallets""}, {""child"": "" No Reward Points on this category."", ""name"": ""Fuel""}]","[{""title"": "" Discover Reward Points Redemption Options"", ""subtitle"": ""To explore the full range of redemption options for this card, download the SaveSage Club app now."", ""barCodeImageUrl"": ""/"", ""appUrl"": ""https://savesage.co/ZH8bLjZqSPb""}]",,"[{""milestoneNumber"": 1, ""spent"": 150000, ""cycleType"": ""STATEMENT"", ""benefits"": ""3,000 RPs."", ""milestoneType"": ""YEAR""}, {""milestoneNumber"": 2, ""spent"": 300000, ""cycleType"": ""STATEMENT"", ""benefits"": ""3,000 RPs."", ""milestoneType"": ""YEAR""}]","[{""maintitle"": ""Domestic lounge"", ""limit"": [""4 per year""], ""eligibility"": [""No explicit spend condition""]}]",,,,[],[],,,,savesage.club,https://savesage.club/credit-card/sbi-aditya-birla-select
SBI Aditya Birla credit card,SBI Card,SBI,,"[""Cashback""]",499,,,1% to 5%,"[{""child"": ""Earn 1 Reward Points per ₹200 spent"", ""name"": ""Base Rewards""}, {""child"": ""Earn 10 Reward Points per ₹100 spent"", ""name"": ""Aditya Birla Stores""}, {""child"": ""Earn 5 Reward Points per ₹100 spent"", ""name"": ""Dining""}, {""child"": ""Earn 5 Reward Points per ₹100 spent"", ""name"": ""Entertainment""}, {""child"": ""Earn 5 Reward Points per ₹100 spent"", ""name"": ""Hotels""}, {""child"": "" No Reward Points on this category."", ""name"": ""Government""}, {""child"": "" No Reward Points on this category."", ""name"": ""Wallets""}, {""child"": "" No Reward Points on this category."", ""name"": ""Fuel""}, {""child"": "" No Reward Points on this category."", ""name"": ""Rent""}, {""child"": "" No Reward Points on this category."", ""name"": ""Utilities""}, {""child"": "" No Reward Points on this category."", ""name"": ""EMI""}]","[{""title"": "" Discover Reward Points Redemption Options"", ""subtitle"": ""To explore the full range of redemption options for this card, download the SaveSage Club app now."", ""barCodeImageUrl"": ""/"", ""appUrl"": ""https://savesage.co/ZH8bLjZqSPb""}]",,"[{""milestoneNumber"": 1, ""spent"": 100000, ""cycleType"": ""STATEMENT"", ""benefits"": ""2,000 RPs."", ""milestoneType"": ""YEAR""}, {""milestoneNumber"": 2, ""spent"": 150000, ""cycleType"": ""STATEMENT"", ""benefits"": ""2,000 RPs."", ""milestoneType"": ""YEAR""}]",[],,,,[],[],,,,savesage.club,https://savesage.club/credit-card/sbi-aditya-birla
SBI Doctors IMA credit card,SBI Card,SBI,,"[""Cashback""]",1499,,,0.5% to 1%,"[{""child"": ""Earn 1 Reward Points per ₹100 spent"", ""name"": ""Base Rewards""}, {""child"": ""Earn 5 Reward Points per ₹100 spent"", ""name"": ""Online Travel Agencies""}, {""child"": ""Earn 5 Reward Points per ₹100 spent"", ""name"": ""Doctor's Day (1 July)""}, {""child"": ""Earn 5 Reward Points per ₹100 spent"", ""name"": ""International""}, {""child"": ""Earn 5 Reward Points per ₹100 spent"", ""name"": ""Hospitals""}, {""child"": "" No Reward Points on this category."", ""name"": ""Fuel""}, {""child"": "" No Reward Points on this category."", ""name"": ""EMI""}, {""child"": "" No Reward Points on this category."", ""name"": ""Jewellery""}, {""child"": "" No Reward Points on this category."", ""name"": ""Rent""}, {""child"": "" No Reward Points on this category."", ""name"": ""Government""}, {""child"": "" No Reward Points on this category."", ""name"": ""Wallets""}]","[{""title"": "" Discover Reward Points Redemption Options"", ""subtitle"": ""To explore the full range of redemption options for this card, download the SaveSage Club app now."", ""barCodeImageUrl"": ""/"", ""appUrl"": ""https://savesage.co/ZH8bLjZqSPb""}]",,"[{""milestoneNumber"": 1, ""spent"": 200000, ""cycleType"": ""STATEMENT"", ""benefits"": ""The renewal fee will be waived."", ""milestoneType"": ""YEAR""}, {""milestoneNumber"": 2, ""spent"": 500000, ""cycleType"": ""STATEMENT"", ""benefits"": ""E-Gift Voucher from Yatra.com/Bata/Shoppers Stop worth ₹5,000."", ""milestoneType"": ""YEAR""}]","[{""maintitle"": ""Domestic lounge"", ""limit"": [""1 per quarter""], ""eligibility"": [""No explicit spend condition""]}, {""maintitle"": ""International lounge"", ""limit"": [""2 per quarter""], ""eligibility"": [""N/A""]}]",,,,"[{""mainTitle"": ""Insurance"", ""child"": ""Indemnity Insurance""}]","[""Indemnity Insurance""]",,,,savesage.club,https://savesage.club/credit-card/sbi-doctors-ima
SBI Delhi Metro credit card,SBI Card,SBI,,"[""Travel Booking""]",499,,,2% to 3%,"[{""child"": ""Earn 1 Reward Points per ₹100 spent"", ""name"": ""Base Rewards""}, {""child"": ""Earn 10 Reward Points per ₹100 spent"", ""name"": ""Departmental Stores""}, {""child"": ""Earn 10 Reward Points per ₹100 spent"", ""name"": ""Utilities""}, {""child"": ""Earn 10 Reward Points per ₹100 spent"", ""name"": ""Movies""}, {""child"": ""Earn 10 Reward Points per ₹100 spent"", ""name"": ""Grocery""}, {""child"": ""Earn 10 Reward Points per ₹100 spent"", ""name"": ""Dining""}, {""child"": "" No Reward Points on this category."", ""name"": ""Rent""}, {""child"": "" No Reward Points on this category."", ""name"": ""Fuel""}, {""child"": "" No Reward Points on this category."", ""name"": ""Jewellery""}, {""child"": "" No Reward Points on this category."", ""name"": ""Government""}, {""child"": "" No Reward Points on this category."", ""name"": ""EMI""}, {""child"": "" No Reward Points on this category."", ""name"": ""Wallets""}]","[{""title"": "" Discover Reward Points Redemption Options"", ""subtitle"": ""To explore the full range of redemption options for this card, download the SaveSage Club app now."", ""barCodeImageUrl"": ""/"", ""appUrl"": ""https://savesage.co/ZH8bLjZqSPb""}]",,"[{""milestoneNumber"": 1, ""spent"": 100000, ""cycleType"": ""STATEMENT"", ""benefits"": ""The renewal fee will be waived."", ""milestoneType"": ""YEAR""}]",[],,,,[],[],,,,savesage.club,https://savesage.club/credit-card/sbi-delhi-metro
SBI Mumbai Metro credit card,SBI Card,SBI,,"[""Cashback"", ""Pay by Points""]",499,,,1% to 2%,"[{""child"": ""Earn 1 Reward Points per ₹100 spent"", ""name"": ""Base Rewards""}, {""child"": ""Earn 10 Reward Points per ₹100 spent"", ""name"": ""Utilities""}, {""child"": ""Earn 10 Reward Points per ₹100 spent"", ""name"": ""Mumbai Metro Recharge""}, {""child"": ""Earn 10 Reward Points per ₹100 spent"", ""name"": ""Dining""}, {""child"": ""Earn 10 Reward Points per ₹100 spent"", ""name"": ""Movies""}, {""child"": ""Earn 10 Reward Points per ₹100 spent"", ""name"": ""Grocery""}, {""child"": ""Earn 10 Reward Points per ₹100 spent"", ""name"": ""Departmental Stores""}, {""child"": "" No Reward Points on this category."", ""name"": ""Fuel""}, {""child"": "" No Reward Points on this category."", ""name"": ""EMI""}, {""child"": "" No Reward Points on this category."", ""name"": ""Government""}, {""child"": "" No Reward Points on this category."", ""name"": ""Jewellery""}, {""child"": "" No Reward Points on this category."", ""name"": ""Rent""}, {""child"": "" No Reward Points on this category."", ""name"": ""Wallets""}]","[{""title"": "" Discover Reward Points Redemption Options"", ""subtitle"": ""To explore the full range of redemption options for this card, download the SaveSage Club app now."", ""barCodeImageUrl"": ""/"", ""appUrl"": ""https://savesage.co/ZH8bLjZqSPb""}]",,"[{""milestoneNumber"": 1, ""spent"": 100000, ""cycleType"": ""STATEMENT"", ""benefits"": ""The renewal fee will be waived."", ""milestoneType"": ""YEAR""}]",[],,,,[],[],,,,savesage.club,https://savesage.club/credit-card/sbi-mumbai-metro
SBI Ola Money credit card,SBI Card,SBI,,"[""Experience"", ""Travel Booking"", ""Hotel Transfer""]",0,,,2% to 4%,"[{""child"": ""Earn 1 Reward Points per ₹100 spent"", ""name"": ""Base Rewards""}, {""child"": ""Earn 7 Reward Points per ₹100 spent"", ""name"": ""Ola""}, {""child"": "" No Reward Points on this category."", ""name"": ""Jewellery""}, {""child"": "" No Reward Points on this category."", ""name"": ""Rent""}, {""child"": "" No Reward Points on this category."", ""name"": ""Utilities""}, {""child"": "" No Reward Points on this category."", ""name"": ""Wallets""}, {""child"": "" No Reward Points on this category."", ""name"": ""EMI""}, {""child"": "" No Reward Points on this category."", ""name"": ""Fuel""}, {""child"": "" No Reward Points on this category."", ""name"": ""Government""}]","[{""title"": "" Discover Reward Points Redemption Options"", ""subtitle"": ""To explore the full range of redemption options for this card, download the SaveSage Club app now."", ""barCodeImageUrl"": ""/"", ""appUrl"": ""https://savesage.co/ZH8bLjZqSPb""}]",,"[{""milestoneNumber"": 1, ""spent"": 100000, ""cycleType"": ""STATEMENT"", ""benefits"": ""The renewal fee will be waived."", ""milestoneType"": ""YEAR""}]",[],,,,[],[],,,,savesage.club,https://savesage.club/credit-card/sbi-ola-money
SBI Tata Platinum credit card,SBI Card,SBI,,[],2999,,,NA,"[{""child"": ""Earn 1 Reward Points per ₹100 spent"", ""name"": ""Base Rewards""}, {""child"": ""Earn 5 Reward Points per ₹100 spent"", ""name"": ""Tata Stores""}, {""child"": ""Earn 3 Reward Points per ₹100 spent"", ""name"": ""Movies""}, {""child"": ""Earn 3 Reward Points per ₹100 spent"", ""name"": ""Departmental Stores""}, {""child"": ""Earn 3 Reward Points per ₹100 spent"", ""name"": ""Dining""}, {""child"": ""Earn 3 Reward Points per ₹100 spent"", ""name"": ""Grocery""}, {""child"": ""Earn 3 Reward Points per ₹100 spent"", ""name"": ""International""}, {""child"": ""Earn 2 Reward Points per ₹100 spent"", ""name"": ""Croma""}, {""child"": "" No Reward Points on this category."", ""name"": ""Rent""}, {""child"": "" No Reward Points on this category."", ""name"": ""Fuel""}, {""child"": "" No Reward Points on this category."", ""name"": ""Government""}, {""child"": "" No Reward Points on this category."", ""name"": ""EMI""}, {""child"": "" No Reward Points on this category."", ""name"": ""Utilities""}, {""child"": "" No Reward Points on this category."", ""name"": ""Jewellery""}, {""child"": "" No Reward Points on this category."", ""name"": ""Wallets""}]","[{""title"": "" Discover Reward Points Redemption Options"", ""subtitle"": ""To explore the full range of redemption options for this card, download the SaveSage Club app now."", ""barCodeImageUrl"": ""/"", ""appUrl"": ""https://savesage.co/ZH8bLjZqSPb""}]",,"[{""milestoneNumber"": 1, ""spent"": 400000, ""cycleType"": ""STATEMENT"", ""benefits"": ""E-Gift vouchers worth ₹3,000 from Yatra, Hush Puppies / Bata, Aditya Birla Fashion and Westside."", ""milestoneType"": ""YEAR""}, {""milestoneNumber"": 2, ""spent"": 500000, ""cycleType"": ""STATEMENT"", ""benefits"": ""E-Gift vouchers worth ₹3,000 from Yatra, Hush Puppies / Bata, Aditya Birla Fashion and Westside."", ""milestoneType"": ""YEAR""}]","[{""maintitle"": ""Domestic lounge"", ""limit"": [""8 per year""], ""eligibility"": [""No explicit spend condition""]}]",,,,[],[],,,,savesage.club,https://savesage.club/credit-card/sbi-tata-platinum
SBI FabIndia Select credit card,SBI Card,SBI,,[],1499,,,NA,"[{""child"": ""Earn 2 Reward Points per ₹200 spent"", ""name"": ""Base Rewards""}, {""child"": ""Earn 10 Reward Points per ₹200 spent"", ""name"": ""FabIndia Store""}, {""child"": ""Earn 3 Reward Points per ₹200 spent"", ""name"": ""Movies""}, {""child"": ""Earn 3 Reward Points per ₹200 spent"", ""name"": ""Dining""}, {""child"": ""Earn 3 Reward Points per ₹200 spent"", ""name"": ""Entertainment""}, {""child"": "" No Reward Points on this category."", ""name"": ""Utilities""}, {""child"": "" No Reward Points on this category."", ""name"": ""Wallets""}, {""child"": "" No Reward Points on this category."", ""name"": ""Fuel""}, {""child"": "" No Reward Points on this category."", ""name"": ""Government""}, {""child"": "" No Reward Points on this category."", ""name"": ""EMI""}, {""child"": "" No Reward Points on this category."", ""name"": ""Jewellery""}, {""child"": "" No Reward Points on this category."", ""name"": ""Rent""}]","[{""title"": "" Discover Reward Points Redemption Options"", ""subtitle"": ""To explore the full range of redemption options for this card, download the SaveSage Club app now."", ""barCodeImageUrl"": ""/"", ""appUrl"": ""https://savesage.co/ZH8bLjZqSPb""}]",,"[{""milestoneNumber"": 1, ""spent"": 200000, ""cycleType"": ""STATEMENT"", ""benefits"": ""The renewal fee will be waived."", ""milestoneType"": ""YEAR""}]","[{""maintitle"": ""Domestic lounge"", ""limit"": [""4 per year""], ""eligibility"": [""No explicit spend condition""]}]",,,,[],[],,,,savesage.club,https://savesage.club/credit-card/sbi-fabindia-select
SBI FabIndia credit card,SBI Card,SBI,,[],499,,,NA,"[{""child"": ""Earn 1 Reward Points per ₹100 spent"", ""name"": ""Base Rewards""}, {""child"": ""Earn 5 Reward Points per ₹100 spent"", ""name"": ""FabIndia Store""}, {""child"": ""Earn 2 Reward Points per ₹100 spent"", ""name"": ""Dining""}, {""child"": ""Earn 2 Reward Points per ₹100 spent"", ""name"": ""Movies""}, {""child"": ""Earn 2 Reward Points per ₹100 spent"", ""name"": ""Entertainment""}, {""child"": "" No Reward Points on this category."", ""name"": ""Rent""}, {""child"": "" No Reward Points on this category."", ""name"": ""EMI""}, {""child"": "" No Reward Points on this category."", ""name"": ""Utilities""}, {""child"": "" No Reward Points on this category."", ""name"": ""Wallets""}, {""child"": "" No Reward Points on this category."", ""name"": ""Fuel""}, {""child"": "" No Reward Points on this category."", ""name"": ""Government""}, {""child"": "" No Reward Points on this category."", ""name"": ""Jewellery""}]","[{""title"": "" Discover Reward Points Redemption Options"", ""subtitle"": ""To explore the full range of redemption options for this card, download the SaveSage Club app now."", ""barCodeImageUrl"": ""/"", ""appUrl"": ""https://savesage.co/ZH8bLjZqSPb""}]",,"[{""milestoneNumber"": 1, ""spent"": 100000, ""cycleType"": ""STATEMENT"", ""benefits"": ""The renewal fee will be waived.Gift vouchers worth ₹750 from Aditya Birla Fashion / Urban Ladder / Yatra / BATA / Hush Puppies."", ""milestoneType"": ""YEAR""}]",[],,,,[],[],,,,savesage.club,https://savesage.club/credit-card/sbi-fabindia
SBI Lifestyle Home Centre credit card,SBI Card,SBI,,"[""Cashback""]",499,,,1% to 10%,"[{""child"": ""Earn 1 Reward Points per ₹100 spent"", ""name"": ""Base Rewards""}, {""child"": ""Earn 5 Reward Points per ₹100 spent"", ""name"": ""Dining""}, {""child"": ""Earn 5 Reward Points per ₹100 spent"", ""name"": ""Movies""}, {""child"": ""Earn 5 Reward Points per ₹100 spent"", ""name"": ""Homecentre""}, {""child"": ""Earn 5 Reward Points per ₹100 spent"", ""name"": ""Spar""}, {""child"": ""Earn 5 Reward Points per ₹100 spent"", ""name"": ""Lifestyle""}, {""child"": ""Earn 5 Reward Points per ₹100 spent"", ""name"": ""Max""}, {""child"": "" No Reward Points on this category."", ""name"": ""EMI""}, {""child"": "" No Reward Points on this category."", ""name"": ""Utilities""}, {""child"": "" No Reward Points on this category."", ""name"": ""Wallets""}, {""child"": "" No Reward Points on this category."", ""name"": ""Fuel""}, {""child"": "" No Reward Points on this category."", ""name"": ""Rent""}, {""child"": "" No Reward Points on this category."", ""name"": ""Government""}, {""child"": "" No Reward Points on this category."", ""name"": ""Jewellery""}]","[{""title"": "" Discover Reward Points Redemption Options"", ""subtitle"": ""To explore the full range of redemption options for this card, download the SaveSage Club app now."", ""barCodeImageUrl"": ""/"", ""appUrl"": ""https://savesage.co/ZH8bLjZqSPb""}]",,"[{""milestoneNumber"": 1, ""spent"": 20000, ""cycleType"": ""STATEMENT"", ""benefits"": ""1,000 RPs (only if spent on Landmark stores)."", ""milestoneType"": ""YEAR""}, {""milestoneNumber"": 2, ""spent"": 45000, ""cycleType"": ""STATEMENT"", ""benefits"": ""2,000 RPs (only if spent on Landmark stores)."", ""milestoneType"": ""YEAR""}, {""milestoneNumber"": 3, ""spent"": 95000, ""cycleType"": ""STATEMENT"", ""benefits"": ""5,000 RPs (only if spent on Landmark stores)."", ""milestoneType"": ""YEAR""}, {""milestoneNumber"": 4, ""spent"": 200000, ""cycleType"": ""STATEMENT"", ""benefits"": ""8,000 RPs."", ""milestoneType"": ""YEAR""}]",[],,,,[],[],,,,savesage.club,https://savesage.club/credit-card/sbi-lifestyle-home-centre
SBI Lifestyle Home Centre Prime credit card,SBI Card,SBI,,"[""Experience"", ""Travel Booking"", ""Hotel Transfer"", ""Pay by Points""]",2999,,,1% to 2.5%,"[{""child"": ""Earn 2 Reward Points per ₹100 spent"", ""name"": ""Base Rewards""}, {""child"": ""Earn 15 Reward Points per ₹100 spent"", ""name"": ""Lifestyle""}, {""child"": ""Earn 15 Reward Points per ₹100 spent"", ""name"": ""Max""}, {""child"": ""Earn 15 Reward Points per ₹100 spent"", ""name"": ""Homecentre""}, {""child"": ""Earn 15 Reward Points per ₹100 spent"", ""name"": ""Spar""}, {""child"": ""Earn 10 Reward Points per ₹100 spent"", ""name"": ""Dining""}, {""child"": ""Earn 10 Reward Points per ₹100 spent"", ""name"": ""Movies""}, {""child"": "" No Reward Points on this category."", ""name"": ""EMI""}, {""child"": "" No Reward Points on this category."", ""name"": ""Utilities""}, {""child"": "" No Reward Points on this category."", ""name"": ""Wallets""}, {""child"": "" No Reward Points on this category."", ""name"": ""Fuel""}, {""child"": "" No Reward Points on this category."", ""name"": ""Rent""}, {""child"": "" No Reward Points on this category."", ""name"": ""Government""}, {""child"": "" No Reward Points on this category."", ""name"": ""Jewellery""}]","[{""title"": "" Discover Reward Points Redemption Options"", ""subtitle"": ""To explore the full range of redemption options for this card, download the SaveSage Club app now."", ""barCodeImageUrl"": ""/"", ""appUrl"": ""https://savesage.co/ZH8bLjZqSPb""}]",,"[{""milestoneNumber"": 1, ""spent"": 40000, ""cycleType"": ""STATEMENT"", ""benefits"": ""8,000 RPs (only if spent on Landmark stores)."", ""milestoneType"": ""YEAR""}, {""milestoneNumber"": 2, ""spent"": 100000, ""cycleType"": ""STATEMENT"", ""benefits"": ""12,000 RPs (only if spent on Landmark stores)."", ""milestoneType"": ""YEAR""}, {""milestoneNumber"": 3, ""spent"": 180000, ""cycleType"": ""STATEMENT"", ""benefits"": ""20,000 RPs (only if spent on Landmark stores)."", ""milestoneType"": ""YEAR""}, {""milestoneNumber"": 4, ""spent"": 500000, ""cycleType"": ""STATEMENT"", ""benefits"": ""20,000 RPs."", ""milestoneType"": ""YEAR""}]","[{""maintitle"": ""Domestic lounge"", ""limit"": [""8 per year""], ""eligibility"": [""No explicit spend condition""]}, {""maintitle"": ""International lounge"", ""limit"": [""2 per quarter""], ""eligibility"": [""No explicit spend condition""]}]",,,,"[{""mainTitle"": ""Priority Pass"", ""child"": ""Complimentary Priority Pass membership""}]","[""Complimentary Priority Pass membership""]",,,,savesage.club,https://savesage.club/credit-card/sbi-lifestyle-home-centre-prime
SBI Apollo credit card,SBI Card,SBI,,"[""Catalogue Products""]",499,,,1% to 3%,"[{""child"": ""Earn 1 Reward Points per ₹100 spent"", ""name"": ""Base Rewards""}, {""child"": ""Earn 3 Reward Points per ₹100 spent"", ""name"": ""Apollo""}, {""child"": ""Earn 2 Reward Points per ₹100 spent"", ""name"": ""Movies""}, {""child"": ""Earn 2 Reward Points per ₹100 spent"", ""name"": ""Dining""}, {""child"": ""Earn 2 Reward Points per ₹100 spent"", ""name"": ""Entertainment""}, {""child"": ""Earn 1 Reward Points per ₹100 spent"", ""name"": ""Beauty/Wellness""}, {""child"": "" No Reward Points on this category."", ""name"": ""Fuel""}, {""child"": "" No Reward Points on this category."", ""name"": ""EMI""}, {""child"": "" No Reward Points on this category."", ""name"": ""Government""}, {""child"": "" No Reward Points on this category."", ""name"": ""Jewellery""}, {""child"": "" No Reward Points on this category."", ""name"": ""Utilities""}, {""child"": "" No Reward Points on this category."", ""name"": ""Rent""}, {""child"": "" No Reward Points on this category."", ""name"": ""Wallets""}]","[{""title"": "" Discover Reward Points Redemption Options"", ""subtitle"": ""To explore the full range of redemption options for this card, download the SaveSage Club app now."", ""barCodeImageUrl"": ""/"", ""appUrl"": ""https://savesage.co/ZH8bLjZqSPb""}]",,"[{""milestoneNumber"": 1, ""spent"": 0, ""cycleType"": ""STATEMENT"", ""benefits"": ""Get 500 Reward Points.Get Complimentary apollo gold tier membership."", ""milestoneType"": ""YEAR""}, {""milestoneNumber"": 2, ""spent"": 100000, ""cycleType"": ""STATEMENT"", ""benefits"": ""The renewal fee will be waived."", ""milestoneType"": ""YEAR""}]",[],,,,[],[],,,,savesage.club,https://savesage.club/credit-card/sbi-apollo
SBI Shaurya credit card,SBI Card,SBI,,[],250,,,NA,"[{""child"": ""Earn 1 Reward Points per ₹100 spent"", ""name"": ""Base Rewards""}, {""child"": ""Earn 10 Reward Points per ₹100 spent"", ""name"": ""CSD (Canteen Store Department)""}, {""child"": ""Earn 5 Reward Points per ₹100 spent"", ""name"": ""Grocery""}, {""child"": ""Earn 5 Reward Points per ₹100 spent"", ""name"": ""Movies""}, {""child"": ""Earn 5 Reward Points per ₹100 spent"", ""name"": ""Departmental Stores""}, {""child"": ""Earn 5 Reward Points per ₹100 spent"", ""name"": ""Dining""}, {""child"": "" No Reward Points on this category."", ""name"": ""Fuel""}, {""child"": "" No Reward Points on this category."", ""name"": ""Utilities""}, {""child"": "" No Reward Points on this category."", ""name"": ""Jewellery""}, {""child"": "" No Reward Points on this category."", ""name"": ""Wallets""}, {""child"": "" No Reward Points on this category."", ""name"": ""Rent""}]","[{""title"": "" Discover Reward Points Redemption Options"", ""subtitle"": ""To explore the full range of redemption options for this card, download the SaveSage Club app now."", ""barCodeImageUrl"": ""/"", ""appUrl"": ""https://savesage.co/ZH8bLjZqSPb""}]",,"[{""milestoneNumber"": 1, ""spent"": 0, ""cycleType"": ""STATEMENT"", ""benefits"": ""Get 1000 Reward Points"", ""milestoneType"": ""YEAR""}, {""milestoneNumber"": 2, ""spent"": 50000, ""cycleType"": ""STATEMENT"", ""benefits"": ""The renewal fee will be waived."", ""milestoneType"": ""YEAR""}]",[],,,,"[{""mainTitle"": ""Insurance"", ""child"": ""Personal Accident""}]","[""Personal Accident""]",,,,savesage.club,https://savesage.club/credit-card/sbi-shaurya
SBI Shaurya Select credit card,SBI Card,SBI,,[],0,,,NA,"[{""child"": ""Earn 2 Reward Points per ₹100 spent"", ""name"": ""Base Rewards""}, {""child"": ""Earn 10 Reward Points per ₹100 spent"", ""name"": ""Grocery""}, {""child"": ""Earn 10 Reward Points per ₹100 spent"", ""name"": ""CSD (Canteen Store Department)""}, {""child"": ""Earn 10 Reward Points per ₹100 spent"", ""name"": ""Movies""}, {""child"": ""Earn 10 Reward Points per ₹100 spent"", ""name"": ""Dining""}, {""child"": ""Earn 10 Reward Points per ₹100 spent"", ""name"": ""Departmental Stores""}, {""child"": "" No Reward Points on this category."", ""name"": ""Wallets""}, {""child"": "" No Reward Points on this category."", ""name"": ""Fuel""}, {""child"": "" No Reward Points on this category."", ""name"": ""EMI""}, {""child"": "" No Reward Points on this category."", ""name"": ""Government""}, {""child"": "" No Reward Points on this category."", ""name"": ""Jewellery""}, {""child"": "" No Reward Points on this category."", ""name"": ""Rent""}, {""child"": "" No Reward Points on this category."", ""name"": ""Utilities""}]","[{""title"": "" Discover Reward Points Redemption Options"", ""subtitle"": ""To explore the full range of redemption options for this card, download the SaveSage Club app now."", ""barCodeImageUrl"": ""/"", ""appUrl"": ""https://savesage.co/ZH8bLjZqSPb""}]",,"[{""milestoneNumber"": 1, ""spent"": 1, ""cycleType"": ""STATEMENT"", ""benefits"": ""1,500 Reward Points on payment of Renewal Fee"", ""milestoneType"": ""YEAR""}, {""milestoneNumber"": 2, ""spent"": 50000, ""cycleType"": ""CALENDAR"", ""benefits"": ""Pizza Hut e-voucher worth ₹500."", ""milestoneType"": ""QUARTER""}, {""milestoneNumber"": 3, ""spent"": 150000, ""cycleType"": ""STATEMENT"", ""benefits"": ""The renewal fee will be waived."", ""milestoneType"": ""YEAR""}, {""milestoneNumber"": 4, ""spent"": 500000, ""cycleType"": ""STATEMENT"", ""benefits"": ""Yatra / Pantaloons e-voucher worth ₹7,000."", ""milestoneType"": ""YEAR""}]","[{""maintitle"": ""Domestic lounge"", ""limit"": [""1 per quarter""], ""eligibility"": [""""]}]",,,,"[{""mainTitle"": ""Insurance"", ""child"": ""Personal Accident""}]","[""Personal Accident""]",,,,savesage.club,https://savesage.club/credit-card/sbi-shaurya-select
SBI Max Select credit card,SBI Card,SBI,,"[""Experience"", ""Travel Booking"", ""Hotel Transfer"", ""Pay by Points""]",1499,,,1% to 2.5%,"[{""child"": ""Earn 2 Reward Points per ₹100 spent"", ""name"": ""Base Rewards""}, {""child"": ""Earn 10 Reward Points per ₹100 spent"", ""name"": ""Lifestyle""}, {""child"": ""Earn 10 Reward Points per ₹100 spent"", ""name"": ""Max""}, {""child"": ""Earn 10 Reward Points per ₹100 spent"", ""name"": ""Homecentre""}, {""child"": ""Earn 10 Reward Points per ₹100 spent"", ""name"": ""Spar""}, {""child"": "" No Reward Points on this category."", ""name"": ""Jewellery""}, {""child"": "" No Reward Points on this category."", ""name"": ""Rent""}, {""child"": "" No Reward Points on this category."", ""name"": ""Fuel""}, {""child"": "" No Reward Points on this category."", ""name"": ""EMI""}, {""child"": "" No Reward Points on this category."", ""name"": ""Government""}, {""child"": "" No Reward Points on this category."", ""name"": ""Utilities""}, {""child"": "" No Reward Points on this category."", ""name"": ""Wallets""}]","[{""title"": "" Discover Reward Points Redemption Options"", ""subtitle"": ""To explore the full range of redemption options for this card, download the SaveSage Club app now."", ""barCodeImageUrl"": ""/"", ""appUrl"": ""https://savesage.co/ZH8bLjZqSPb""}]",,"[{""milestoneNumber"": 1, ""spent"": 25000, ""cycleType"": ""STATEMENT"", ""benefits"": ""2,400 RPs (Only if spent at Landmark stores)."", ""milestoneType"": ""YEAR""}, {""milestoneNumber"": 2, ""spent"": 75000, ""cycleType"": ""STATEMENT"", ""benefits"": ""Earn 8,000 bonus Reward Points."", ""milestoneType"": ""YEAR""}, {""milestoneNumber"": 3, ""spent"": 300000, ""cycleType"": ""STATEMENT"", ""benefits"": ""12,000 RPs."", ""milestoneType"": ""YEAR""}]",[],,,,[],[],,,,savesage.club,https://savesage.club/credit-card/sbi-max-select
ICICI Emirates Skywards Emeralde credit card,ICICI Bank,ICICI,,"[""Airline Transfer"", ""Travel Booking"", ""Hotel Transfer""]",10000,,,1% to 1.5%,"[{""child"": ""Earn 2 Reward Points per ₹100 spent"", ""name"": ""Base Rewards""}, {""child"": ""Earn 24 Reward Points per ₹100 spent"", ""name"": ""Hotels via iShop""}, {""child"": ""Earn 12 Reward Points per ₹100 spent"", ""name"": ""Vouchers via iShop""}, {""child"": ""Earn 12 Reward Points per ₹100 spent"", ""name"": ""Bus via iShop""}, {""child"": ""Earn 12 Reward Points per ₹100 spent"", ""name"": ""Flights via iShop""}, {""child"": "" No Reward Points on this category."", ""name"": ""Education""}, {""child"": "" No Reward Points on this category."", ""name"": ""Skill Based Gaming""}, {""child"": "" No Reward Points on this category."", ""name"": ""EMI""}, {""child"": "" No Reward Points on this category."", ""name"": ""UPI""}, {""child"": "" No Reward Points on this category."", ""name"": ""Insurance""}, {""child"": "" No Reward Points on this category."", ""name"": ""Fuel""}, {""child"": "" No Reward Points on this category."", ""name"": ""Rent""}, {""child"": "" No Reward Points on this category."", ""name"": ""Wallets""}, {""child"": "" No Reward Points on this category."", ""name"": ""Utilities""}, {""child"": "" No Reward Points on this category."", ""name"": ""Government""}]","[{""title"": "" Discover Reward Points Redemption Options"", ""subtitle"": ""To explore the full range of redemption options for this card, download the SaveSage Club app now."", ""barCodeImageUrl"": ""/"", ""appUrl"": ""https://savesage.co/ZH8bLjZqSPb""}]",,"[{""milestoneNumber"": 1, ""spent"": 0, ""cycleType"": ""STATEMENT"", ""benefits"": ""Get 10,000 Skywards Miles and Emirates Skywards Silver Tier Membership"", ""milestoneType"": ""YEAR""}, {""milestoneNumber"": 2, ""spent"": 1, ""cycleType"": ""STATEMENT"", ""benefits"": ""Get 10,000 Skywards Miles and upgrade to Gold Tier on annual renewal"", ""milestoneType"": ""YEAR""}, {""milestoneNumber"": 3, ""spent"": 1500000, ""cycleType"": ""STATEMENT"", ""benefits"": ""Emirates Gold Tier Membership"", ""milestoneType"": ""YEAR""}]","[{""maintitle"": ""International lounge"", ""limit"": [""Unlimited""], ""eligibility"": [""Unlimited through Priority Pass membership""]}, {""maintitle"": ""Domestic lounge"", ""limit"": [""Unlimited""], ""eligibility"": [""No explicit spend condition""]}, {""maintitle"": ""Airport spa"", ""limit"": [""Unlimited""], ""eligibility"": [""No explicit spend condition""]}]",,,,"[{""mainTitle"": ""BookMyShow"", ""child"": ""Buy One Get One""}]","[""Buy One Get One""]",,,,savesage.club,https://savesage.club/credit-card/icici-emirates-skywards-emeralde
Axis Reserve credit card,Axis Bank,Axis,,"[""Catalogue Products"", ""Catalogue Brand Vouchers""]",50000,,,0.5% to 1%,"[{""child"": ""Earn 15 Reward Points per ₹200 spent"", ""name"": ""Base Rewards""}, {""child"": ""Earn 30 Reward Points per ₹200 spent"", ""name"": ""International""}, {""child"": ""Earn 15 Reward Points per ₹200 spent"", ""name"": ""Rent""}, {""child"": "" No Reward Points on this category."", ""name"": ""EMI""}, {""child"": "" No Reward Points on this category."", ""name"": ""Government""}, {""child"": "" No Reward Points on this category."", ""name"": ""Jewellery""}, {""child"": "" No Reward Points on this category."", ""name"": ""Utilities""}, {""child"": "" No Reward Points on this category."", ""name"": ""Wallets""}, {""child"": "" No Reward Points on this category."", ""name"": ""Fuel""}, {""child"": "" No Reward Points on this category."", ""name"": ""Insurance""}]","[{""title"": "" Discover Reward Points Redemption Options"", ""subtitle"": ""To explore the full range of redemption options for this card, download the SaveSage Club app now."", ""barCodeImageUrl"": ""/"", ""appUrl"": ""https://savesage.co/ZH8bLjZqSPb""}]",,"[{""milestoneNumber"": 1, ""spent"": 0, ""cycleType"": ""CALENDAR"", ""benefits"": ""15,000 Edge Reward points"", ""milestoneType"": ""DAYS""}, {""milestoneNumber"": 2, ""spent"": 3500000, ""cycleType"": ""STATEMENT"", ""benefits"": ""The renewal fee will be waived."", ""milestoneType"": ""YEAR""}]","[{""maintitle"": ""International lounge"", ""limit"": [""Unlimited""], ""eligibility"": [""Unlimited through Priority Pass membership""]}, {""maintitle"": ""Domestic lounge"", ""limit"": [""Unlimited""], ""eligibility"": [""No explicit spend condition""]}, {""maintitle"": ""Add on card domestic lounge"", ""limit"": [""Unlimited""], ""eligibility"": [""As per primary card.""]}, {""maintitle"": ""Add on card international lounge"", ""limit"": [""Unlimited""], ""eligibility"": [""Unlimited through Priority Pass membership""]}, {""maintitle"": ""Guest lounge"", ""limit"": [""12 per year for both domestic and international lounges""], ""eligibility"": [""As per primary card.""]}]",,,,"[{""mainTitle"": ""Accor Plus"", ""child"": ""AccorPlus membership""}, {""mainTitle"": ""BookMyShow"", ""child"": ""Buy 1 Movie Ticket and Get Upto Rs 500 Off on the 2nd Ticket""}, {""mainTitle"": ""BookMyShow"", ""child"": ""Buy 1 Movie Ticket and Get Upto Rs 1000 Off on the 2nd Ticket""}, {""mainTitle"": ""Club ITC Culinaire"", ""child"": ""Complimentary Club ITC Culinaire membership""}, {""mainTitle"": ""Club Marriott"", ""child"": ""Handcrafted Club Marriott Asia Pacific membership""}, {""mainTitle"": ""Concierge"", ""child"": ""24x7 Concierge Services""}, {""mainTitle"": ""EazyDiner"", ""child"": ""30% off up to INR 1000""}, {""mainTitle"": ""EazyDiner"", ""child"": ""50% off up to INR 3000""}, {""mainTitle"": ""EazyDiner"", ""child"": ""EazyDiner Prime Membership""}, {""mainTitle"": ""Golf"", ""child"": ""50 Complimentary Golf Rounds""}, {""mainTitle"": ""Insurance"", ""child"": ""Lost Card Liability""}, {""mainTitle"": ""Insurance"", ""child"": ""Purchase Protection""}]","[""AccorPlus membership"", ""Buy 1 Movie Ticket and Get Upto Rs 500 Off on the 2nd Ticket"", ""Buy 1 Movie Ticket and Get Upto Rs 1000 Off on the 2nd Ticket"", ""Complimentary Club ITC Culinaire membership"", ""Handcrafted Club Marriott Asia Pacific membership"", ""24x7 Concierge Services"", ""30% off up to INR 1000"", ""50% off up to INR 3000"", ""EazyDiner Prime Membership"", ""50 Complimentary Golf Rounds"", ""Lost Card Liability"", ""Purchase Protection""]",,,,savesage.club,https://savesage.club/credit-card/axis-reserve
Axis Rewards credit card,Axis Bank,Axis,,"[""Brand Wallet"", ""Experience""]",1000,,,3% to 5%,"[{""child"": ""Earn 2 Reward Points per ₹125 spent"", ""name"": ""Base Rewards""}, {""child"": ""Earn 20 Reward Points per ₹125 spent"", ""name"": ""Departmental Stores""}, {""child"": ""Earn 20 Reward Points per ₹125 spent"", ""name"": ""Apparel""}, {""child"": "" No Reward Points on this category."", ""name"": ""EMI""}, {""child"": "" No Reward Points on this category."", ""name"": ""Government""}, {""child"": "" No Reward Points on this category."", ""name"": ""Jewellery""}, {""child"": "" No Reward Points on this category."", ""name"": ""Rent""}, {""child"": "" No Reward Points on this category."", ""name"": ""Transportation & Tolls""}, {""child"": "" No Reward Points on this category."", ""name"": ""Utilities""}, {""child"": "" No Reward Points on this category."", ""name"": ""Education""}, {""child"": "" No Reward Points on this category."", ""name"": ""Wallets""}, {""child"": "" No Reward Points on this category."", ""name"": ""Fuel""}, {""child"": "" No Reward Points on this category."", ""name"": ""Insurance""}]","[{""title"": "" Discover Reward Points Redemption Options"", ""subtitle"": ""To explore the full range of redemption options for this card, download the SaveSage Club app now."", ""barCodeImageUrl"": ""/"", ""appUrl"": ""https://savesage.co/ZH8bLjZqSPb""}]",,"[{""milestoneNumber"": 1, ""spent"": 1000, ""cycleType"": ""STATEMENT"", ""benefits"": ""5000 Edge RPs"", ""milestoneType"": ""DAYS""}, {""milestoneNumber"": 2, ""spent"": 30000, ""cycleType"": ""STATEMENT"", ""benefits"": ""1,500 Edge RPs (Every Statement cycle)."", ""milestoneType"": ""MONTH""}, {""milestoneNumber"": 3, ""spent"": 200000, ""cycleType"": ""STATEMENT"", ""benefits"": ""The renewal fee will be waived."", ""milestoneType"": ""YEAR""}]","[{""maintitle"": ""Domestic lounge"", ""limit"": [""2 per quarter""], ""eligibility"": [""Minimum spends of ₹50k in previous 3 calendar months.""]}]",,,,"[{""mainTitle"": ""Insurance"", ""child"": ""1 Lakh Purchase Protection Cover""}, {""mainTitle"": ""Swiggy"", ""child"": ""30% Off on Swiggy Orders""}]","[""1 Lakh Purchase Protection Cover"", ""30% Off on Swiggy Orders""]",,,,savesage.club,https://savesage.club/credit-card/axis-rewards
Axis Select credit card,Axis Bank,Axis,,"[""Catalogue Brand Vouchers""]",3000,,,1% to 2%,"[{""child"": ""Earn 10 Reward Points per ₹200 spent"", ""name"": ""Base Rewards""}, {""child"": ""Earn 20 Reward Points per ₹200 spent"", ""name"": ""Retail""}, {""child"": "" No Reward Points on this category."", ""name"": ""Fuel""}, {""child"": "" No Reward Points on this category."", ""name"": ""Insurance""}, {""child"": "" No Reward Points on this category."", ""name"": ""EMI""}, {""child"": "" No Reward Points on this category."", ""name"": ""Government""}, {""child"": "" No Reward Points on this category."", ""name"": ""Jewellery""}, {""child"": "" No Reward Points on this category."", ""name"": ""Rent""}, {""child"": "" No Reward Points on this category."", ""name"": ""Utilities""}, {""child"": "" No Reward Points on this category."", ""name"": ""UPI""}, {""child"": "" No Reward Points on this category."", ""name"": ""Wallets""}, {""child"": "" No Reward Points on this category."", ""name"": ""Education""}]","[{""title"": "" Discover Reward Points Redemption Options"", ""subtitle"": ""To explore the full range of redemption options for this card, download the SaveSage Club app now."", ""barCodeImageUrl"": ""/"", ""appUrl"": ""https://savesage.co/ZH8bLjZqSPb""}]",,"[{""milestoneNumber"": 1, ""spent"": 0, ""cycleType"": ""STATEMENT"", ""benefits"": ""10000 Edge RPsNot Applicable for Life Time Free Card/Burgundy Account Holders"", ""milestoneType"": ""DAYS""}, {""milestoneNumber"": 2, ""spent"": 300000, ""cycleType"": ""STATEMENT"", ""benefits"": ""5,000 bonus EDGE Points.Complimentary Priority Pass membership."", ""milestoneType"": ""YEAR""}, {""milestoneNumber"": 3, ""spent"": 800000, ""cycleType"": ""STATEMENT"", ""benefits"": ""The renewal fee will be waived."", ""milestoneType"": ""YEAR""}]","[{""maintitle"": ""International lounge"", ""limit"": [""12 per year with a priority pass membership""], ""eligibility"": [""No explicit spend condition""]}, {""maintitle"": ""Domestic lounge"", ""limit"": [""2 per quarter""], ""eligibility"": [""Minimum spends of ₹50k in previous 3 calendar months.""]}]",,,,"[{""mainTitle"": ""bigbasket"", ""child"": ""Flat Rs 500 off per Month on Minimum Purchase of Rs 2500""}, {""mainTitle"": ""Concierge"", ""child"": ""24x7 Concierge Services.""}, {""mainTitle"": ""EazyDiner"", ""child"": ""15% off via Dining Delights Program""}, {""mainTitle"": ""Golf"", ""child"": ""6 Complimentary Golf Rounds + 3 More Rounds (Conditions Apply)""}, {""mainTitle"": ""Insurance"", ""child"": ""1 Lakh Purchase Protection Cover""}, {""mainTitle"": ""Priority Pass"", ""child"": ""Priority Pass membership.""}, {""mainTitle"": ""Swiggy"", ""child"": ""Flat Rs 200 off""}]","[""Flat Rs 500 off per Month on Minimum Purchase of Rs 2500"", ""24x7 Concierge Services."", ""15% off via Dining Delights Program"", ""6 Complimentary Golf Rounds + 3 More Rounds (Conditions Apply)"", ""1 Lakh Purchase Protection Cover"", ""Priority Pass membership."", ""Flat Rs 200 off""]",,,,savesage.club,https://savesage.club/credit-card/axis-select
HDFC Marriott Bonvoy credit card,HDFC Bank,HDFC,,"[""Cashback""]",3000,,,1% to 10%,"[{""child"": ""Earn 2 Reward Points per ₹150 spent"", ""name"": ""Base Rewards""}, {""child"": ""Earn 8 Reward Points per ₹150 spent"", ""name"": ""Marriott Hotels""}, {""child"": ""Earn 4 Reward Points per ₹150 spent"", ""name"": ""Travel""}, {""child"": ""Earn 4 Reward Points per ₹150 spent"", ""name"": ""Dining""}, {""child"": ""Earn 4 Reward Points per ₹150 spent"", ""name"": ""Entertainment""}, {""child"": ""Earn 2 Reward Points per ₹150 spent"", ""name"": ""Grocery""}, {""child"": "" No Reward Points on this category."", ""name"": ""Fuel""}, {""child"": "" No Reward Points on this category."", ""name"": ""EMI""}, {""child"": "" No Reward Points on this category."", ""name"": ""Rent""}, {""child"": "" No Reward Points on this category."", ""name"": ""Government""}, {""child"": "" No Reward Points on this category."", ""name"": ""Wallets""}, {""child"": "" No Reward Points on this category."", ""name"": ""UPI""}, {""child"": "" No Reward Points on this category."", ""name"": ""Gaming (Online)""}]","[{""title"": "" Discover Reward Points Redemption Options"", ""subtitle"": ""To explore the full range of redemption options for this card, download the SaveSage Club app now."", ""barCodeImageUrl"": ""/"", ""appUrl"": ""https://savesage.co/ZH8bLjZqSPb""}]",,"[{""milestoneNumber"": 1, ""spent"": 0, ""cycleType"": ""STATEMENT"", ""benefits"": ""1 free night worth 15,000 points."", ""milestoneType"": ""YEAR""}, {""milestoneNumber"": 2, ""spent"": 1, ""cycleType"": ""STATEMENT"", ""benefits"": ""Get 1 free night worth 15,000 points."", ""milestoneType"": ""YEAR""}, {""milestoneNumber"": 3, ""spent"": 600000, ""cycleType"": ""STATEMENT"", ""benefits"": ""1 free night worth 15,000 points."", ""milestoneType"": ""YEAR""}, {""milestoneNumber"": 4, ""spent"": 900000, ""cycleType"": ""STATEMENT"", ""benefits"": ""1 free night worth 15,000 points."", ""milestoneType"": ""YEAR""}, {""milestoneNumber"": 5, ""spent"": 1500000, ""cycleType"": ""STATEMENT"", ""benefits"": ""1 free night worth 15,000 points."", ""milestoneType"": ""YEAR""}]","[{""maintitle"": ""Domestic lounge"", ""limit"": [""12 per calendar year""], ""eligibility"": [""No explicit spend condition""]}, {""maintitle"": ""International lounge"", ""limit"": [""12 per calendar year""], ""eligibility"": [""No explicit spend condition""]}, {""maintitle"": ""Add on card international lounge"", ""limit"": [""12 per calendar year""], ""eligibility"": [""""]}, {""maintitle"": ""Add on card domestic lounge"", ""limit"": [""12 per calendar year""], ""eligibility"": [""""]}]",,,,"[{""mainTitle"": ""Golf"", ""child"": ""2 Golf Lessons""}, {""mainTitle"": ""Insurance"", ""child"": ""Air Accident Insurance""}, {""mainTitle"": ""Insurance"", ""child"": ""Credit Shield and Loss Liability""}, {""mainTitle"": ""Marriott Bonvoy"", ""child"": ""Marriott Bonvoy Silver Elite Status""}]","[""2 Golf Lessons"", ""Air Accident Insurance"", ""Credit Shield and Loss Liability"", ""Marriott Bonvoy Silver Elite Status""]",,,,savesage.club,https://savesage.club/credit-card/hdfc-marriott-bonvoy
HDFC 6E Rewards XL - Indigo credit card,HDFC Bank,HDFC,,"[""Cashback""]",1500,,,1% to 3%,"[{""child"": ""Earn 2 Reward Points per ₹100 spent"", ""name"": ""Base Rewards""}, {""child"": ""Earn 5 Reward Points per ₹100 spent"", ""name"": ""IndiGo""}, {""child"": ""Earn 3 Reward Points per ₹100 spent"", ""name"": ""Entertainment""}, {""child"": ""Earn 3 Reward Points per ₹100 spent"", ""name"": ""Grocery""}, {""child"": ""Earn 3 Reward Points per ₹100 spent"", ""name"": ""Dining""}, {""child"": ""Earn 2 Reward Points per ₹100 spent"", ""name"": ""Fuel""}, {""child"": "" No Reward Points on this category."", ""name"": ""Utilities""}, {""child"": "" No Reward Points on this category."", ""name"": ""Rent""}, {""child"": "" No Reward Points on this category."", ""name"": ""Jewellery""}, {""child"": "" No Reward Points on this category."", ""name"": ""Wallets""}]","[{""title"": "" Discover Reward Points Redemption Options"", ""subtitle"": ""To explore the full range of redemption options for this card, download the SaveSage Club app now."", ""barCodeImageUrl"": ""/"", ""appUrl"": ""https://savesage.co/ZH8bLjZqSPb""}]",,[],"[{""maintitle"": ""Domestic lounge"", ""limit"": [""2 per quarter""], ""eligibility"": [""No explicit spend condition""]}]",,,,"[{""mainTitle"": ""Good Food Trail"", ""child"": ""Good Food Trail Dining Program""}]","[""Good Food Trail Dining Program""]",,,,savesage.club,https://savesage.club/credit-card/hdfc-6e-rewards-xl-indigo
HDFC 6E Rewards - Indigo credit card,HDFC Bank,HDFC,,"[""Airline Transfer"", ""Hotel Transfer""]",500,,,1% to 3%,"[{""child"": ""Earn 1 Reward Points per ₹100 spent"", ""name"": ""Base Rewards""}, {""child"": ""Earn 2.5 Reward Points per ₹100 spent"", ""name"": ""IndiGo""}, {""child"": ""Earn 2 Reward Points per ₹100 spent"", ""name"": ""Grocery""}, {""child"": ""Earn 2 Reward Points per ₹100 spent"", ""name"": ""Dining""}, {""child"": ""Earn 2 Reward Points per ₹100 spent"", ""name"": ""Entertainment""}, {""child"": ""Earn 1 Reward Points per ₹100 spent"", ""name"": ""Fuel""}, {""child"": "" No Reward Points on this category."", ""name"": ""Jewellery""}, {""child"": "" No Reward Points on this category."", ""name"": ""Rent""}, {""child"": "" No Reward Points on this category."", ""name"": ""Utilities""}, {""child"": "" No Reward Points on this category."", ""name"": ""Wallets""}]","[{""title"": "" Discover Reward Points Redemption Options"", ""subtitle"": ""To explore the full range of redemption options for this card, download the SaveSage Club app now."", ""barCodeImageUrl"": ""/"", ""appUrl"": ""https://savesage.co/ZH8bLjZqSPb""}]",,[],[],,,,"[{""mainTitle"": ""Dining"", ""child"": ""Good Food Trail Dining Program""}, {""mainTitle"": ""Travel"", ""child"": ""Free Flight, Check-in, Free Meal""}]","[""Good Food Trail Dining Program"", ""Free Flight, Check-in, Free Meal""]",,,,savesage.club,https://savesage.club/credit-card/hdfc-6e-rewards-indigo
SBI Prime (Mastercard) credit card,SBI Card,SBI,Mastercard,"[""Catalogue Products"", ""Cashback""]",2999,,,0.5% to 1%,"[{""child"": ""Earn 2 Reward Points per ₹100 spent"", ""name"": ""Base Rewards""}, {""child"": ""Earn 20 Reward Points per ₹100 spent"", ""name"": ""Birthday""}, {""child"": ""Earn 10 Reward Points per ₹100 spent"", ""name"": ""Movies""}, {""child"": ""Earn 10 Reward Points per ₹100 spent"", ""name"": ""Dining""}, {""child"": ""Earn 10 Reward Points per ₹100 spent"", ""name"": ""Grocery""}, {""child"": ""Earn 10 Reward Points per ₹100 spent"", ""name"": ""Departmental Stores""}, {""child"": "" No Reward Points on this category."", ""name"": ""Fuel""}, {""child"": "" No Reward Points on this category."", ""name"": ""Jewellery""}, {""child"": "" No Reward Points on this category."", ""name"": ""Government""}, {""child"": "" No Reward Points on this category."", ""name"": ""EMI""}, {""child"": "" No Reward Points on this category."", ""name"": ""Rent""}, {""child"": "" No Reward Points on this category."", ""name"": ""Utilities""}, {""child"": "" No Reward Points on this category."", ""name"": ""Wallets""}]","[{""title"": "" Discover Reward Points Redemption Options"", ""subtitle"": ""To explore the full range of redemption options for this card, download the SaveSage Club app now."", ""barCodeImageUrl"": ""/"", ""appUrl"": ""https://savesage.co/ZH8bLjZqSPb""}]",,"[{""milestoneNumber"": 1, ""spent"": 0, ""cycleType"": ""STATEMENT"", ""benefits"": ""E-gift Voucher worth Rs. 3,000 from any of the following brands: Bata/Hush Puppies, Pantaloons, Aditya Birla Fashion, Shoppers Stop and Yatra.com"", ""milestoneType"": ""YEAR""}, {""milestoneNumber"": 2, ""spent"": 50000, ""cycleType"": ""STATEMENT"", ""benefits"": ""Pizza Hut voucher worth ₹1,000."", ""milestoneType"": ""YEAR""}, {""milestoneNumber"": 3, ""spent"": 300000, ""cycleType"": ""STATEMENT"", ""benefits"": ""The renewal fee will be waived."", ""milestoneType"": ""YEAR""}, {""milestoneNumber"": 4, ""spent"": 500000, ""cycleType"": ""STATEMENT"", ""benefits"": ""E-gift voucher worth ₹7,000 from Yatra.com / Pantaloons."", ""milestoneType"": ""YEAR""}]","[{""maintitle"": ""Domestic lounge"", ""limit"": [""2 per quarter""], ""eligibility"": [""No explicit spend condition""]}, {""maintitle"": ""International lounge"", ""limit"": [""2 per quarter""], ""eligibility"": [""4 Complimentary Lounge Access using Priority Pass.""]}]",,,,"[{""mainTitle"": ""Dining"", ""child"": ""Get Upto 25% Discount""}, {""mainTitle"": ""Golf"", ""child"": ""1 Complimentary Golf Lesson""}, {""mainTitle"": ""ITC"", ""child"": ""Club ITC Membership""}, {""mainTitle"": ""Trident Privilege"", ""child"": ""Trident Privelage Red Tier membership""}]","[""Get Upto 25% Discount"", ""1 Complimentary Golf Lesson"", ""Club ITC Membership"", ""Trident Privelage Red Tier membership""]",,,,savesage.club,https://savesage.club/credit-card/sbi-prime-mastercard
SBI Prime (Amex) credit card,SBI Card,SBI,Amex,"[""Cashback"", ""Catalogue Brand Vouchers""]",2999,,,1.25% to 2.5%,"[{""child"": ""Earn 2 Reward Points per ₹100 spent"", ""name"": ""Base Rewards""}, {""child"": ""Earn 20 Reward Points per ₹100 spent"", ""name"": ""Birthday""}, {""child"": ""Earn 10 Reward Points per ₹100 spent"", ""name"": ""Grocery""}, {""child"": ""Earn 10 Reward Points per ₹100 spent"", ""name"": ""Departmental Stores""}, {""child"": ""Earn 10 Reward Points per ₹100 spent"", ""name"": ""Dining""}, {""child"": ""Earn 10 Reward Points per ₹100 spent"", ""name"": ""Movies""}, {""child"": "" No Reward Points on this category."", ""name"": ""Jewellery""}, {""child"": "" No Reward Points on this category."", ""name"": ""Government""}, {""child"": "" No Reward Points on this category."", ""name"": ""Rent""}, {""child"": "" No Reward Points on this category."", ""name"": ""Utilities""}, {""child"": "" No Reward Points on this category."", ""name"": ""Wallets""}, {""child"": "" No Reward Points on this category."", ""name"": ""Fuel""}, {""child"": "" No Reward Points on this category."", ""name"": ""EMI""}]","[{""title"": "" Discover Reward Points Redemption Options"", ""subtitle"": ""To explore the full range of redemption options for this card, download the SaveSage Club app now."", ""barCodeImageUrl"": ""/"", ""appUrl"": ""https://savesage.co/ZH8bLjZqSPb""}]",,"[{""milestoneNumber"": 1, ""spent"": 0, ""cycleType"": ""STATEMENT"", ""benefits"": ""E-gift Voucher worth Rs. 3,000 from any of the following brands: Bata/Hush Puppies, Pantaloons, Aditya Birla Fashion, Shoppers Stop and Yatra.com"", ""milestoneType"": ""YEAR""}, {""milestoneNumber"": 2, ""spent"": 50000, ""cycleType"": ""STATEMENT"", ""benefits"": ""Pizza Hut voucher worth ₹1,000."", ""milestoneType"": ""YEAR""}, {""milestoneNumber"": 3, ""spent"": 300000, ""cycleType"": ""STATEMENT"", ""benefits"": ""The renewal fee will be waived."", ""milestoneType"": ""YEAR""}, {""milestoneNumber"": 4, ""spent"": 500000, ""cycleType"": ""STATEMENT"", ""benefits"": ""E-gift voucher worth ₹7,000 from Yatra.com / Pantaloons."", ""milestoneType"": ""YEAR""}]","[{""maintitle"": ""Domestic lounge"", ""limit"": [""2 per quarter""], ""eligibility"": [""No explicit spend condition""]}, {""maintitle"": ""International lounge"", ""limit"": [""2 per quarter""], ""eligibility"": [""4 Complimentary Lounge Access using Priority Pass.""]}]",,,,"[{""mainTitle"": ""American Express Dining Platform"", ""child"": ""American Express Dining Platform""}, {""mainTitle"": ""Insurance"", ""child"": ""Air Accident Cover""}, {""mainTitle"": ""Tablet Plus"", ""child"": ""Tablet Plus membership""}]","[""American Express Dining Platform"", ""Air Accident Cover"", ""Tablet Plus membership""]",,,,savesage.club,https://savesage.club/credit-card/sbi-prime-amex
SBI Cashback credit card,SBI Card,SBI,,"[""Experience"", ""Travel Booking"", ""Hotel Transfer"", ""Pay by Points""]",999,,,2% to 5%,"[{""child"": ""Earn 1 Reward Points per ₹100 spent"", ""name"": ""Base Rewards""}, {""child"": ""Earn 5 Reward Points per ₹100 spent"", ""name"": ""Online Spends""}, {""child"": "" No Reward Points on this category."", ""name"": ""Rent""}, {""child"": "" No Reward Points on this category."", ""name"": ""Jewellery""}, {""child"": "" No Reward Points on this category."", ""name"": ""Trains""}, {""child"": "" No Reward Points on this category."", ""name"": ""Souvenir Shops""}, {""child"": "" No Reward Points on this category."", ""name"": ""Education""}, {""child"": "" No Reward Points on this category."", ""name"": ""UPI""}, {""child"": "" No Reward Points on this category."", ""name"": ""EMI""}, {""child"": "" No Reward Points on this category."", ""name"": ""Utilities""}, {""child"": "" No Reward Points on this category."", ""name"": ""Wallets""}, {""child"": "" No Reward Points on this category."", ""name"": ""Fuel""}, {""child"": "" No Reward Points on this category."", ""name"": ""Insurance""}, {""child"": "" No Reward Points on this category."", ""name"": ""Government""}, {""child"": "" No Reward Points on this category."", ""name"": ""Gaming""}, {""child"": "" No Reward Points on this category."", ""name"": ""Financial Institutions""}, {""child"": "" No Reward Points on this category."", ""name"": ""Transportation & Tolls""}, {""child"": "" No Reward Points on this category."", ""name"": ""Gift Cards""}]","[{""title"": "" Discover Reward Points Redemption Options"", ""subtitle"": ""To explore the full range of redemption options for this card, download the SaveSage Club app now."", ""barCodeImageUrl"": ""/"", ""appUrl"": ""https://savesage.co/ZH8bLjZqSPb""}]",,"[{""milestoneNumber"": 1, ""spent"": 200000, ""cycleType"": ""STATEMENT"", ""benefits"": ""The renewal fee will be waived."", ""milestoneType"": ""YEAR""}]",[],,,,[],[],,,,savesage.club,https://savesage.club/credit-card/sbi-cashback
SBI Club Vistara credit card,SBI Card,SBI,,"[""Airline Transfer""]",1499,,,2% to 4%,"[{""child"": ""Earn 3 Reward Points per ₹200 spent"", ""name"": ""Base Rewards""}, {""child"": ""Earn 3 Reward Points per ₹200 spent"", ""name"": ""Fuel""}, {""child"": ""Earn 3 Reward Points per ₹200 spent"", ""name"": ""Utilities""}, {""child"": "" No Reward Points on this category."", ""name"": ""Government""}, {""child"": "" No Reward Points on this category."", ""name"": ""Wallets""}, {""child"": "" No Reward Points on this category."", ""name"": ""Rent""}]","[{""title"": "" Discover Reward Points Redemption Options"", ""subtitle"": ""To explore the full range of redemption options for this card, download the SaveSage Club app now."", ""barCodeImageUrl"": ""/"", ""appUrl"": ""https://savesage.co/ZH8bLjZqSPb""}]",,"[{""milestoneNumber"": 1, ""spent"": 500000, ""cycleType"": ""STATEMENT"", ""benefits"": ""1 Hotel E-Voucher from Yatra worth Rs. 5000"", ""milestoneType"": ""YEAR""}]","[{""maintitle"": ""Domestic lounge"", ""limit"": [""4 per year""], ""eligibility"": [""No explicit spend condition""]}]",,,,"[{""mainTitle"": ""Insurance"", ""child"": ""Air Accident Cover""}]","[""Air Accident Cover""]",,,,savesage.club,https://savesage.club/credit-card/sbi-club-vistara
HSBC Platinum credit card,HSBC,HSBC,,[],0,,,NA,"[{""child"": ""Earn 2 Reward Points per ₹150 spent"", ""name"": ""Base Rewards""}, {""child"": ""Earn 12 Reward Points per ₹150 spent"", ""name"": ""HSBC - Hotels""}, {""child"": ""Earn 8 Reward Points per ₹150 spent"", ""name"": ""HSBC - Flights""}, {""child"": ""Earn 4 Reward Points per ₹150 spent"", ""name"": ""HSBC - Car Rentals""}, {""child"": "" No Reward Points on this category."", ""name"": ""Wallets""}, {""child"": "" No Reward Points on this category."", ""name"": ""Government""}, {""child"": "" No Reward Points on this category."", ""name"": ""Insurance""}, {""child"": "" No Reward Points on this category."", ""name"": ""UPI""}, {""child"": "" No Reward Points on this category."", ""name"": ""Fuel""}, {""child"": "" No Reward Points on this category."", ""name"": ""Education""}, {""child"": "" No Reward Points on this category."", ""name"": ""Jewellery""}, {""child"": "" No Reward Points on this category."", ""name"": ""Rent""}, {""child"": "" No Reward Points on this category."", ""name"": ""Utilities""}]","[{""title"": "" Discover Reward Points Redemption Options"", ""subtitle"": ""To explore the full range of redemption options for this card, download the SaveSage Club app now."", ""barCodeImageUrl"": ""/"", ""appUrl"": ""https://savesage.co/ZH8bLjZqSPb""}]",,"[{""milestoneNumber"": 1, ""spent"": 5000, ""cycleType"": ""STATEMENT"", ""benefits"": ""Earn 2,000 reward points when you download and log on to the HSBC India Mobile Banking app"", ""milestoneType"": ""DAYS""}]",[],,,,"[{""mainTitle"": ""District"", ""child"": ""BOGO""}, {""mainTitle"": ""MakeMyTrip"", ""child"": ""Complimentary flight seat selections""}, {""mainTitle"": ""MakeMyTrip"", ""child"": ""MMT MyCash""}, {""mainTitle"": ""Swiggy"", ""child"": ""Swiggy Membership""}, {""mainTitle"": ""Tata Cliq"", ""child"": ""10% Discount Upto""}, {""mainTitle"": ""Times Prime"", ""child"": ""Times Prime""}, {""mainTitle"": ""VKYC"", ""child"": ""Get Amazon voucher""}]","[""BOGO"", ""Complimentary flight seat selections"", ""MMT MyCash"", ""Swiggy Membership"", ""10% Discount Upto"", ""Times Prime"", ""Get Amazon voucher""]",,,,savesage.club,https://savesage.club/credit-card/hsbc-platinum
HSBC Premier Metal credit card,HSBC,HSBC,,"[""Brand Wallet"", ""Catalogue Products""]",12000,,,0.25% to 0.5%,"[{""child"": ""Earn 3 Reward Points per ₹100 spent"", ""name"": ""Base Rewards""}, {""child"": ""Earn 36 Reward Points per ₹100 spent"", ""name"": ""HSBC - Hotels""}, {""child"": ""Earn 18 Reward Points per ₹100 spent"", ""name"": ""HSBC - Flights""}, {""child"": ""Earn 6 Reward Points per ₹100 spent"", ""name"": ""HSBC - Car Rentals""}, {""child"": ""Earn 3 Reward Points per ₹100 spent"", ""name"": ""Insurance""}, {""child"": ""Earn 3 Reward Points per ₹100 spent"", ""name"": ""Jewellery""}, {""child"": ""Earn 3 Reward Points per ₹100 spent"", ""name"": ""Rent""}, {""child"": ""Earn 3 Reward Points per ₹100 spent"", ""name"": ""Utilities""}, {""child"": ""Earn 3 Reward Points per ₹100 spent"", ""name"": ""Wallets""}, {""child"": ""Earn 3 Reward Points per ₹100 spent"", ""name"": ""Government""}, {""child"": ""Earn 3 Reward Points per ₹100 spent"", ""name"": ""Education""}, {""child"": "" No Reward Points on this category."", ""name"": ""Fuel""}, {""child"": "" No Reward Points on this category."", ""name"": ""UPI""}]","[{""title"": "" Discover Reward Points Redemption Options"", ""subtitle"": ""To explore the full range of redemption options for this card, download the SaveSage Club app now."", ""barCodeImageUrl"": ""/"", ""appUrl"": ""https://savesage.co/ZH8bLjZqSPb""}]",,"[{""milestoneNumber"": 1, ""spent"": 0, ""cycleType"": ""CALENDAR"", ""benefits"": ""20,000 reward points"", ""milestoneType"": ""DAYS""}, {""milestoneNumber"": 2, ""spent"": 1, ""cycleType"": ""CALENDAR"", ""benefits"": ""The renewal fee will be waived"", ""milestoneType"": ""YEAR""}]","[{""maintitle"": ""Domestic lounge"", ""limit"": [""Unlimited""], ""eligibility"": [""No explicit spend condition""]}, {""maintitle"": ""Guest lounge"", ""limit"": [""8 per year""], ""eligibility"": [""8 International guest lounge per year.""]}, {""maintitle"": ""International lounge"", ""limit"": [""Unlimited""], ""eligibility"": [""No explicit spend condition""]}, {""maintitle"": ""Add on card domestic lounge"", ""limit"": [""Unlimited""], ""eligibility"": [""""]}, {""maintitle"": ""Add on card international lounge"", ""limit"": [""Unlimited""], ""eligibility"": [""""]}]",,,,"[{""mainTitle"": ""Avis"", ""child"": ""Avis""}, {""mainTitle"": ""Blacklane"", ""child"": ""Blacklane Pick and Drop""}, {""mainTitle"": ""District"", ""child"": ""BOGO""}, {""mainTitle"": ""British Council"", ""child"": ""Discount offers with Learning Partners""}, {""mainTitle"": ""EazyDiner"", ""child"": ""30% off on EazyDiner""}, {""mainTitle"": ""EDX"", ""child"": ""Discount offers with Learning Partners""}, {""mainTitle"": ""Golf"", ""child"": ""Golf lesson/round""}, {""mainTitle"": ""Meet and Greet"", ""child"": ""Complimentary Meet and Greet with adani one""}, {""mainTitle"": ""VKYC"", ""child"": ""Get Amazon voucher""}, {""mainTitle"": ""Yousician"", ""child"": ""Discount offers with Learning Partners""}]","[""Avis"", ""Blacklane Pick and Drop"", ""BOGO"", ""Discount offers with Learning Partners"", ""30% off on EazyDiner"", ""Discount offers with Learning Partners"", ""Golf lesson/round"", ""Complimentary Meet and Greet with adani one"", ""Get Amazon voucher"", ""Discount offers with Learning Partners""]",,,,savesage.club,https://savesage.club/credit-card/hsbc-premier-metal
HSBC Smartvalue credit card,HSBC,HSBC,,"[""Catalogue Products"", ""Experience""]",0,,,0.25% to 0.5%,"[{""child"": ""Earn 1 Reward Points per ₹100 spent"", ""name"": ""Base Rewards""}, {""child"": ""Earn 3 Reward Points per ₹100 spent"", ""name"": ""Online""}, {""child"": ""Earn 3 Reward Points per ₹100 spent"", ""name"": ""Dining""}, {""child"": ""Earn 3 Reward Points per ₹100 spent"", ""name"": ""Telecom & Cable""}, {""child"": "" No Reward Points on this category."", ""name"": ""Fuel""}, {""child"": "" No Reward Points on this category."", ""name"": ""Utilities""}, {""child"": "" No Reward Points on this category."", ""name"": ""Wallets""}, {""child"": "" No Reward Points on this category."", ""name"": ""Rent""}, {""child"": "" No Reward Points on this category."", ""name"": ""Jewellery""}]","[{""title"": "" Discover Reward Points Redemption Options"", ""subtitle"": ""To explore the full range of redemption options for this card, download the SaveSage Club app now."", ""barCodeImageUrl"": ""/"", ""appUrl"": ""https://savesage.co/ZH8bLjZqSPb""}]",,[],[],,,,"[{""mainTitle"": ""VKYC"", ""child"": ""Get Amazon voucher""}]","[""Get Amazon voucher""]",,,,savesage.club,https://savesage.club/credit-card/hsbc-smartvalue
IDFC First Millennia credit card,IDFC FIRST Bank,IDFC,,"[""Indigo""]",0,,,0.5% to 3%,"[{""child"": ""Earn 3 Reward Points per ₹200 spent"", ""name"": ""Base Rewards""}, {""child"": ""Earn 69 Reward Points per ₹200 spent"", ""name"": ""Hotels via IDFC App""}, {""child"": ""Earn 29 Reward Points per ₹200 spent"", ""name"": ""Flights via IDFC App""}, {""child"": ""Earn 10 Reward Points per ₹200 spent"", ""name"": ""Dining""}, {""child"": ""Earn 10 Reward Points per ₹200 spent"", ""name"": ""Travel""}, {""child"": ""Earn 10 Reward Points per ₹200 spent"", ""name"": ""International""}, {""child"": ""Earn 3 Reward Points per ₹200 spent"", ""name"": ""Education""}, {""child"": ""Earn 3 Reward Points per ₹200 spent"", ""name"": ""Rent""}, {""child"": ""Earn 3 Reward Points per ₹200 spent"", ""name"": ""Government""}, {""child"": ""Earn 3 Reward Points per ₹200 spent"", ""name"": ""Wallets""}, {""child"": ""Earn 1 Reward Points per ₹200 spent"", ""name"": ""Utilities""}, {""child"": ""Earn 1 Reward Points per ₹200 spent"", ""name"": ""Insurance""}, {""child"": ""Earn 1 Reward Points per ₹200 spent"", ""name"": ""Railways""}, {""child"": ""Earn 1 Reward Points per ₹200 spent"", ""name"": ""FasTag""}, {""child"": "" No Reward Points on this category."", ""name"": ""EMI""}, {""child"": "" No Reward Points on this category."", ""name"": ""UPI""}, {""child"": "" No Reward Points on this category."", ""name"": ""Fuel""}]","[{""title"": "" Discover Reward Points Redemption Options"", ""subtitle"": ""To explore the full range of redemption options for this card, download the SaveSage Club app now."", ""barCodeImageUrl"": ""/"", ""appUrl"": ""https://savesage.co/ZH8bLjZqSPb""}]",,"[{""milestoneNumber"": 1, ""spent"": 0, ""cycleType"": ""STATEMENT"", ""benefits"": ""Enjoy 5% cashback of up to ₹1,000This offer is applicable only on first EMI conversion within first 30 days of card generation."", ""milestoneType"": ""DAYS""}, {""milestoneNumber"": 2, ""spent"": 1, ""cycleType"": ""STATEMENT"", ""benefits"": ""₹500 gift voucher from choice of brands like - Amazon, Bigbasket, Uber and Lifestyle"", ""milestoneType"": ""DAYS""}]","[{""maintitle"": ""Railway lounge"", ""limit"": [""4 per quarter""], ""eligibility"": [""spend a minimum of ₹20,000 in the previous calendar month""]}]",,,,"[{""mainTitle"": ""District"", ""child"": ""25% Discount on Movie Tickets""}, {""mainTitle"": ""Insurance"", ""child"": ""Personal Accident""}, {""mainTitle"": ""Road Side Assistance"", ""child"": ""Road Side Assistance""}]","[""25% Discount on Movie Tickets"", ""Personal Accident"", ""Road Side Assistance""]",,,,savesage.club,https://savesage.club/credit-card/idfc-first-millennia
IDFC Swyp credit card,IDFC FIRST Bank,IDFC,,"[""Cashback""]",499,,,1% to 2%,"[{""child"": "" No Reward Points on this category."", ""name"": ""Base Rewards""}, {""child"": ""Earn 35 Reward Points per ₹150 spent"", ""name"": ""Flights via IDFC App""}, {""child"": ""Earn 15 Reward Points per ₹150 spent"", ""name"": ""Hotels via IDFC App""}, {""child"": "" No Reward Points on this category."", ""name"": ""Fuel""}, {""child"": "" No Reward Points on this category."", ""name"": ""FasTag""}, {""child"": "" No Reward Points on this category."", ""name"": ""Railways""}]","[{""title"": "" Discover Reward Points Redemption Options"", ""subtitle"": ""To explore the full range of redemption options for this card, download the SaveSage Club app now."", ""barCodeImageUrl"": ""/"", ""appUrl"": ""https://savesage.co/ZH8bLjZqSPb""}]",,"[{""milestoneNumber"": 1, ""spent"": 5000, ""cycleType"": ""STATEMENT"", ""benefits"": ""250 RPs."", ""milestoneType"": ""MONTH""}, {""milestoneNumber"": 2, ""spent"": 10000, ""cycleType"": ""STATEMENT"", ""benefits"": ""500 RPs."", ""milestoneType"": ""MONTH""}, {""milestoneNumber"": 3, ""spent"": 15000, ""cycleType"": ""STATEMENT"", ""benefits"": ""1,000 RPs."", ""milestoneType"": ""MONTH""}, {""milestoneNumber"": 4, ""spent"": 30000, ""cycleType"": ""STATEMENT"", ""benefits"": ""2,000 RPs."", ""milestoneType"": ""MONTH""}, {""milestoneNumber"": 5, ""spent"": 60000, ""cycleType"": ""STATEMENT"", ""benefits"": ""4,000 RPs"", ""milestoneType"": ""MONTH""}]","[{""maintitle"": ""Railway lounge"", ""limit"": [""4 per quarter""], ""eligibility"": [""Monthly spends (typically ₹20,000 as seen on other IDFC FIRST cards, but always re-confirm for SWYP).""]}]",,,,"[{""mainTitle"": ""District"", ""child"": ""25% Discount on Movie Tickets""}, {""mainTitle"": ""Lenskart"", ""child"": ""Lenskart""}, {""mainTitle"": ""Road Side Assistance"", ""child"": ""Road Side Assistance""}, {""mainTitle"": ""Times Prime"", ""child"": ""Times Prime""}]","[""25% Discount on Movie Tickets"", ""Lenskart"", ""Road Side Assistance"", ""Times Prime""]",,,,savesage.club,https://savesage.club/credit-card/idfc-swyp
IDFC Power credit card,IDFC FIRST Bank,IDFC,,"[""Cashback""]",199,,,1% to 2%,"[{""child"": ""Earn 2 Reward Points per ₹150 spent"", ""name"": ""Base Rewards""}, {""child"": ""Earn 21 Reward Points per ₹150 spent"", ""name"": ""HPCL""}, {""child"": ""Earn 15 Reward Points per ₹150 spent"", ""name"": ""Fastag via IDFC""}, {""child"": ""Earn 15 Reward Points per ₹150 spent"", ""name"": ""Grocery""}, {""child"": ""Earn 15 Reward Points per ₹150 spent"", ""name"": ""Utilities""}, {""child"": ""Earn 6 Reward Points per ₹150 spent"", ""name"": ""HP Pay App (Wallet)""}, {""child"": ""Earn 2 Reward Points per ₹150 spent"", ""name"": ""Rent""}, {""child"": "" No Reward Points on this category."", ""name"": ""Wallets""}, {""child"": "" No Reward Points on this category."", ""name"": ""Fuel (Others)""}, {""child"": "" No Reward Points on this category."", ""name"": ""EMI""}, {""child"": "" No Reward Points on this category."", ""name"": ""Jewellery""}]","[{""title"": "" Discover Reward Points Redemption Options"", ""subtitle"": ""To explore the full range of redemption options for this card, download the SaveSage Club app now."", ""barCodeImageUrl"": ""/"", ""appUrl"": ""https://savesage.co/ZH8bLjZqSPb""}]",,[],[],,,,"[{""mainTitle"": ""Eco Rent A Car & Europcar"", ""child"": ""Eco Rent a Car & Europcar Discount""}, {""mainTitle"": ""Insurance"", ""child"": ""Personal Accident""}, {""mainTitle"": ""Road Side Assistance"", ""child"": ""Road Side Assistance""}, {""mainTitle"": ""Swiggy"", ""child"": ""Rs 150 Off on Swiggy Orders""}, {""mainTitle"": ""Zoom Car Rentals"", ""child"": ""Rs 1000 Off""}]","[""Eco Rent a Car & Europcar Discount"", ""Personal Accident"", ""Road Side Assistance"", ""Rs 150 Off on Swiggy Orders"", ""Rs 1000 Off""]",,,,savesage.club,https://savesage.club/credit-card/idfc-power
IDFC Classic credit card,IDFC FIRST Bank,IDFC,,[],0,,,NA,"[{""child"": ""Earn 1 Reward Points per ₹150 spent"", ""name"": ""Base Rewards""}, {""child"": ""Earn 10 Reward Points per ₹150 spent"", ""name"": ""Spends > 20K""}, {""child"": ""Earn 3 Reward Points per ₹150 spent"", ""name"": ""Online""}, {""child"": ""Earn 3 Reward Points per ₹150 spent"", ""name"": ""Offline""}, {""child"": ""Earn 1 Reward Points per ₹150 spent"", ""name"": ""Rent""}, {""child"": ""Earn 1 Reward Points per ₹150 spent"", ""name"": ""Utilities""}, {""child"": "" No Reward Points on this category."", ""name"": ""Fuel""}, {""child"": "" No Reward Points on this category."", ""name"": ""Jewellery""}, {""child"": "" No Reward Points on this category."", ""name"": ""Wallets""}, {""child"": "" No Reward Points on this category."", ""name"": ""EMI""}]","[{""title"": "" Discover Reward Points Redemption Options"", ""subtitle"": ""To explore the full range of redemption options for this card, download the SaveSage Club app now."", ""barCodeImageUrl"": ""/"", ""appUrl"": ""https://savesage.co/ZH8bLjZqSPb""}]",,[],"[{""maintitle"": ""Railway lounge"", ""limit"": [""4 per quarter""], ""eligibility"": [""Applicable only on minimum monthly spends of ₹20,000.""]}]",,,,"[{""mainTitle"": ""Dining"", ""child"": ""Discount of Upto 20%""}, {""mainTitle"": ""District"", ""child"": ""25% Discount""}, {""mainTitle"": ""Health & Wellness"", ""child"": ""Upto 15% Off""}, {""mainTitle"": ""Insurance"", ""child"": ""Personal Accident""}, {""mainTitle"": ""Road Side Assistance"", ""child"": ""Road Side Assistance""}]","[""Discount of Upto 20%"", ""25% Discount"", ""Upto 15% Off"", ""Personal Accident"", ""Road Side Assistance""]",,,,savesage.club,https://savesage.club/credit-card/idfc-classic
IDFC Select credit card,IDFC FIRST Bank,IDFC,,"[""Cashback""]",0,,,2% to 4%,"[{""child"": ""Earn 3 Reward Points per ₹200 spent"", ""name"": ""Base Rewards""}, {""child"": ""Earn 69 Reward Points per ₹200 spent"", ""name"": ""Hotels via IDFC App""}, {""child"": ""Earn 29 Reward Points per ₹200 spent"", ""name"": ""Flights via IDFC App""}, {""child"": ""Earn 10 Reward Points per ₹200 spent"", ""name"": ""Spends > 20K""}, {""child"": ""Earn 3 Reward Points per ₹200 spent"", ""name"": ""Rent""}, {""child"": ""Earn 3 Reward Points per ₹200 spent"", ""name"": ""Government""}, {""child"": ""Earn 3 Reward Points per ₹200 spent"", ""name"": ""Wallets""}, {""child"": ""Earn 3 Reward Points per ₹200 spent"", ""name"": ""Education""}, {""child"": ""Earn 1 Reward Points per ₹200 spent"", ""name"": ""Utilities""}, {""child"": ""Earn 1 Reward Points per ₹200 spent"", ""name"": ""FasTag""}, {""child"": ""Earn 1 Reward Points per ₹200 spent"", ""name"": ""Railways""}, {""child"": ""Earn 1 Reward Points per ₹200 spent"", ""name"": ""Insurance""}, {""child"": "" No Reward Points on this category."", ""name"": ""UPI""}, {""child"": "" No Reward Points on this category."", ""name"": ""Fuel""}, {""child"": "" No Reward Points on this category."", ""name"": ""EMI""}]","[{""title"": "" Discover Reward Points Redemption Options"", ""subtitle"": ""To explore the full range of redemption options for this card, download the SaveSage Club app now."", ""barCodeImageUrl"": ""/"", ""appUrl"": ""https://savesage.co/ZH8bLjZqSPb""}]",,"[{""milestoneNumber"": 1, ""spent"": 0, ""cycleType"": ""STATEMENT"", ""benefits"": ""Enjoy 5% cashback of up to ₹1,000This offer is applicable only on first EMI conversion within first 30 days of card generation."", ""milestoneType"": ""DAYS""}, {""milestoneNumber"": 2, ""spent"": 1, ""cycleType"": ""STATEMENT"", ""benefits"": ""₹500 gift voucher from choice of brands like - Amazon, Bigbasket, Uber and Lifestyle"", ""milestoneType"": ""DAYS""}]","[{""maintitle"": ""Domestic lounge"", ""limit"": [""1 per quarter""], ""eligibility"": [""Spend 20,000 in a month.""]}, {""maintitle"": ""Railway lounge"", ""limit"": [""4 per quarter""], ""eligibility"": [""spend a minimum of ₹20,000 in the previous calendar month""]}]",,,,"[{""mainTitle"": ""Concierge"", ""child"": ""Concierge""}, {""mainTitle"": ""District"", ""child"": ""BOGO""}, {""mainTitle"": ""Insurance"", ""child"": ""Cancellation for any reason""}, {""mainTitle"": ""Insurance"", ""child"": ""Personal Accident""}, {""mainTitle"": ""Road Side Assistance"", ""child"": ""Road Side Assistance""}]","[""Concierge"", ""BOGO"", ""Cancellation for any reason"", ""Personal Accident"", ""Road Side Assistance""]",,,,savesage.club,https://savesage.club/credit-card/idfc-select
IDFC Wealth credit card,IDFC FIRST Bank,IDFC,,[],0,,,NA,"[{""child"": ""Earn 3 Reward Points per ₹200 spent"", ""name"": ""Base Rewards""}, {""child"": ""Earn 69 Reward Points per ₹200 spent"", ""name"": ""Hotels via IDFC App""}, {""child"": ""Earn 29 Reward Points per ₹200 spent"", ""name"": ""Flights via IDFC App""}, {""child"": ""Earn 10 Reward Points per ₹200 spent"", ""name"": ""International""}, {""child"": ""Earn 10 Reward Points per ₹200 spent"", ""name"": ""Travel""}, {""child"": ""Earn 10 Reward Points per ₹200 spent"", ""name"": ""Dining""}, {""child"": ""Earn 3 Reward Points per ₹200 spent"", ""name"": ""Rent""}, {""child"": ""Earn 3 Reward Points per ₹200 spent"", ""name"": ""Education""}, {""child"": ""Earn 3 Reward Points per ₹200 spent"", ""name"": ""Wallets""}, {""child"": ""Earn 3 Reward Points per ₹200 spent"", ""name"": ""Government""}, {""child"": ""Earn 1 Reward Points per ₹200 spent"", ""name"": ""Utilities""}, {""child"": ""Earn 1 Reward Points per ₹200 spent"", ""name"": ""FasTag""}, {""child"": ""Earn 1 Reward Points per ₹200 spent"", ""name"": ""Railways""}, {""child"": ""Earn 1 Reward Points per ₹200 spent"", ""name"": ""Insurance""}, {""child"": "" No Reward Points on this category."", ""name"": ""EMI""}, {""child"": "" No Reward Points on this category."", ""name"": ""UPI""}, {""child"": "" No Reward Points on this category."", ""name"": ""Fuel""}]","[{""title"": "" Discover Reward Points Redemption Options"", ""subtitle"": ""To explore the full range of redemption options for this card, download the SaveSage Club app now."", ""barCodeImageUrl"": ""/"", ""appUrl"": ""https://savesage.co/ZH8bLjZqSPb""}]",,"[{""milestoneNumber"": 1, ""spent"": 0, ""cycleType"": ""STATEMENT"", ""benefits"": ""₹500 gift voucher from choice of brands like - Amazon, Bigbasket, Uber and Lifestyle"", ""milestoneType"": ""DAYS""}, {""milestoneNumber"": 2, ""spent"": 1, ""cycleType"": ""STATEMENT"", ""benefits"": ""Enjoy 5% cashback of up to ₹1,000This offer is applicable only on first EMI conversion within first 30 days of card generation."", ""milestoneType"": ""DAYS""}]","[{""maintitle"": ""Domestic lounge"", ""limit"": [""1 per quarter""], ""eligibility"": [""Spend 20,000 in a month.""]}, {""maintitle"": ""Add on card domestic lounge"", ""limit"": [""1 per quarter""], ""eligibility"": [""""]}, {""maintitle"": ""International lounge"", ""limit"": [""1 per quarter""], ""eligibility"": [""spending ₹20,000 or more in the preceding month""]}, {""maintitle"": ""Add on card international lounge"", ""limit"": [""1 per quarter""], ""eligibility"": [""""]}, {""maintitle"": ""Railway lounge"", ""limit"": [""4 per quarter""], ""eligibility"": [""spending ₹20,000 or more in the preceding month.""]}]",,,,"[{""mainTitle"": ""Concierge"", ""child"": ""Concierge""}, {""mainTitle"": ""District"", ""child"": ""Buy One Get One Free""}, {""mainTitle"": ""Elivaas Properties"", ""child"": ""Elivaas Properties""}, {""mainTitle"": ""Golf"", ""child"": ""Complimentary Golf Rounds""}, {""mainTitle"": ""Insurance"", ""child"": ""Personal Accident""}, {""mainTitle"": ""Insurance"", ""child"": ""Cancellation for any reason""}, {""mainTitle"": ""ITC Hotels"", ""child"": ""Stay at ITC""}, {""mainTitle"": ""Meet and Greet"", ""child"": ""Complimentary meet & greet service""}, {""mainTitle"": ""Road Side Assistance"", ""child"": ""Road Side Assistance""}]","[""Concierge"", ""Buy One Get One Free"", ""Elivaas Properties"", ""Complimentary Golf Rounds"", ""Personal Accident"", ""Cancellation for any reason"", ""Stay at ITC"", ""Complimentary meet & greet service"", ""Road Side Assistance""]",,,,savesage.club,https://savesage.club/credit-card/idfc-wealth
IDFC Club Vistara credit card,IDFC FIRST Bank,IDFC,,"[""Experience"", ""Travel Booking"", ""Hotel Transfer""]",0,,,2% to 5%,"[{""child"": ""Earn 1 Reward Points per ₹200 spent"", ""name"": ""Base Rewards""}, {""child"": ""Earn 10 Reward Points per ₹200 spent"", ""name"": ""Dining on Birthday""}, {""child"": ""Earn 6 Reward Points per ₹200 spent"", ""name"": ""<1L/month""}, {""child"": ""Earn 4 Reward Points per ₹200 spent"", ""name"": "">1L/month""}, {""child"": ""Earn 1 Reward Points per ₹200 spent"", ""name"": ""Government""}, {""child"": ""Earn 1 Reward Points per ₹200 spent"", ""name"": ""Education""}, {""child"": ""Earn 1 Reward Points per ₹200 spent"", ""name"": ""Jewellery""}, {""child"": ""Earn 1 Reward Points per ₹200 spent"", ""name"": ""Gift Cards""}, {""child"": ""Earn 1 Reward Points per ₹200 spent"", ""name"": ""Rent""}, {""child"": ""Earn 1 Reward Points per ₹200 spent"", ""name"": ""Utilities""}, {""child"": ""Earn 1 Reward Points per ₹200 spent"", ""name"": ""Insurance""}, {""child"": ""Earn 1 Reward Points per ₹200 spent"", ""name"": ""Fuel""}, {""child"": "" No Reward Points on this category."", ""name"": ""EMI""}]","[{""title"": "" Discover Reward Points Redemption Options"", ""subtitle"": ""To explore the full range of redemption options for this card, download the SaveSage Club app now."", ""barCodeImageUrl"": ""/"", ""appUrl"": ""https://savesage.co/ZH8bLjZqSPb""}]",,"[{""milestoneNumber"": 1, ""spent"": 30000, ""cycleType"": ""STATEMENT"", ""benefits"": ""Earn up to 6000 Maharaja Points by spending minimum 30,000 every month for 3 applicable billing cycles.Billing statement for month 2, 3 and 4 from date of joining (Spend 30K and earn 2000 Maharaja Points per month)."", ""milestoneType"": ""MONTH""}]","[{""maintitle"": ""Domestic lounge"", ""limit"": [""2 per quarter""], ""eligibility"": [""Spend 5000 in a month.""]}, {""maintitle"": ""International lounge"", ""limit"": [""1 per quarter""], ""eligibility"": [""Minimum monthly spends of ₹20,000.""]}, {""maintitle"": ""Domestic airport spa"", ""limit"": [""2 per quarter""], ""eligibility"": [""Minimum monthly spends of ₹20,000.""]}]",,,,"[{""mainTitle"": ""Dining"", ""child"": ""20% Discount""}, {""mainTitle"": ""Golf"", ""child"": ""Complimentary Golf Rounds""}, {""mainTitle"": ""Health & Wellness"", ""child"": ""Upto 15% Off""}, {""mainTitle"": ""Road Side Assistance"", ""child"": ""Road Side Assistance""}]","[""20% Discount"", ""Complimentary Golf Rounds"", ""Upto 15% Off"", ""Road Side Assistance""]",,,,savesage.club,https://savesage.club/credit-card/idfc-club-vistara
IDFC Power Plus credit card,IDFC FIRST Bank,IDFC,,"[""Cashback""]",499,,,1% to 2%,"[{""child"": ""Earn 3 Reward Points per ₹150 spent"", ""name"": ""Base Rewards""}, {""child"": ""Earn 53 Reward Points per ₹150 spent"", ""name"": ""Hotels via IDFC App""}, {""child"": ""Earn 33 Reward Points per ₹150 spent"", ""name"": ""Flights via IDFC App""}, {""child"": ""Earn 30 Reward Points per ₹150 spent"", ""name"": ""Utilities""}, {""child"": ""Earn 30 Reward Points per ₹150 spent"", ""name"": ""HPCL""}, {""child"": ""Earn 30 Reward Points per ₹150 spent"", ""name"": ""Fastag via IDFC""}, {""child"": ""Earn 30 Reward Points per ₹150 spent"", ""name"": ""Grocery""}, {""child"": ""Earn 6 Reward Points per ₹150 spent"", ""name"": ""HP Pay App (Wallet)""}, {""child"": "" No Reward Points on this category."", ""name"": ""Wallets""}, {""child"": "" No Reward Points on this category."", ""name"": ""Fuel (Others)""}, {""child"": "" No Reward Points on this category."", ""name"": ""Insurance""}, {""child"": "" No Reward Points on this category."", ""name"": ""UPI""}, {""child"": "" No Reward Points on this category."", ""name"": ""EMI""}, {""child"": "" No Reward Points on this category."", ""name"": ""Jewellery""}, {""child"": "" No Reward Points on this category."", ""name"": ""Rent""}]","[{""title"": "" Discover Reward Points Redemption Options"", ""subtitle"": ""To explore the full range of redemption options for this card, download the SaveSage Club app now."", ""barCodeImageUrl"": ""/"", ""appUrl"": ""https://savesage.co/ZH8bLjZqSPb""}]",,"[{""milestoneNumber"": 1, ""spent"": 0, ""cycleType"": ""STATEMENT"", ""benefits"": ""Gift voucher worth ₹500"", ""milestoneType"": ""YEAR""}, {""milestoneNumber"": 2, ""spent"": 1, ""cycleType"": ""STATEMENT"", ""benefits"": ""₹250 worth Shoppers Stop Gift Vouchers"", ""milestoneType"": ""DAYS""}, {""milestoneNumber"": 3, ""spent"": 150000, ""cycleType"": ""STATEMENT"", ""benefits"": ""The renewal fee will be waived."", ""milestoneType"": ""YEAR""}]","[{""maintitle"": ""Domestic lounge"", ""limit"": [""1 per quarter""], ""eligibility"": [""Spend 20,000 in a month.""]}]",,,,"[{""mainTitle"": ""District"", ""child"": ""25% off on Movie Tickets""}, {""mainTitle"": ""Insurance"", ""child"": ""Personal Accident""}, {""mainTitle"": ""Road Side Assistance"", ""child"": ""Road Side Assistance""}]","[""25% off on Movie Tickets"", ""Personal Accident"", ""Road Side Assistance""]",,,,savesage.club,https://savesage.club/credit-card/idfc-power-plus
IDFC Wow credit card,IDFC FIRST Bank,IDFC,,[],0,,,NA,"[{""child"": ""Earn 4 Reward Points per ₹200 spent"", ""name"": ""Base Rewards""}, {""child"": ""Earn 1 Reward Points per ₹200 spent"", ""name"": ""Insurance""}, {""child"": ""Earn 1 Reward Points per ₹200 spent"", ""name"": ""Utilities""}, {""child"": "" No Reward Points on this category."", ""name"": ""Rent""}, {""child"": "" No Reward Points on this category."", ""name"": ""EMI""}, {""child"": "" No Reward Points on this category."", ""name"": ""Wallets""}, {""child"": "" No Reward Points on this category."", ""name"": ""Fuel""}, {""child"": "" No Reward Points on this category."", ""name"": ""Jewellery""}]","[{""title"": "" Discover Reward Points Redemption Options"", ""subtitle"": ""To explore the full range of redemption options for this card, download the SaveSage Club app now."", ""barCodeImageUrl"": ""/"", ""appUrl"": ""https://savesage.co/ZH8bLjZqSPb""}]",,[],[],,,,"[{""mainTitle"": ""BookMyShow"", ""child"": ""50% off on BookMyShow""}, {""mainTitle"": ""EazyDiner"", ""child"": ""Upto ₹400 off""}, {""mainTitle"": ""Insurance"", ""child"": ""Personal Accident""}, {""mainTitle"": ""Road Side Assistance"", ""child"": ""Road Side Assistance""}]","[""50% off on BookMyShow"", ""Upto ₹400 off"", ""Personal Accident"", ""Road Side Assistance""]",,,,savesage.club,https://savesage.club/credit-card/idfc-wow
IDFC Private credit card,IDFC FIRST Bank,IDFC,,"[""Cashback""]",50000,,,0.5% to 1.5%,"[{""child"": ""Earn 10 Reward Points per ₹150 spent"", ""name"": ""Base Rewards""}, {""child"": ""Earn 60 Reward Points per ₹150 spent"", ""name"": ""Hotels via IDFC App""}, {""child"": ""Earn 30 Reward Points per ₹150 spent"", ""name"": ""Flights via IDFC App""}, {""child"": ""Earn 3 Reward Points per ₹150 spent"", ""name"": ""Education""}, {""child"": ""Earn 3 Reward Points per ₹150 spent"", ""name"": ""Rent""}, {""child"": ""Earn 1 Reward Points per ₹150 spent"", ""name"": ""Insurance""}, {""child"": "" No Reward Points on this category."", ""name"": ""EMI""}, {""child"": "" No Reward Points on this category."", ""name"": ""Fuel""}, {""child"": "" No Reward Points on this category."", ""name"": ""UPI""}, {""child"": "" No Reward Points on this category."", ""name"": ""Government""}]","[{""title"": "" Discover Reward Points Redemption Options"", ""subtitle"": ""To explore the full range of redemption options for this card, download the SaveSage Club app now."", ""barCodeImageUrl"": ""/"", ""appUrl"": ""https://savesage.co/ZH8bLjZqSPb""}]",,"[{""milestoneNumber"": 1, ""spent"": 0, ""cycleType"": ""STATEMENT"", ""benefits"": ""Joining Benefit: 50,000 Reward Points and Club ITC Culinaire Hotel Membership."", ""milestoneType"": ""YEAR""}]","[{""maintitle"": ""Domestic lounge"", ""limit"": [""Unlimited""], ""eligibility"": [""No explicit spend condition""]}, {""maintitle"": ""International lounge"", ""limit"": [""Unlimited""], ""eligibility"": [""No explicit spend condition""]}, {""maintitle"": ""Guest lounge"", ""limit"": [""4 per year""], ""eligibility"": [""No explicit spend condition""]}, {""maintitle"": ""Railway lounge"", ""limit"": [""Unlimited""], ""eligibility"": [""No explicit spend condition""]}]",,,,"[{""mainTitle"": ""BookMyShow"", ""child"": ""Get upto Rs 750 Discount on Movie Tickets""}, {""mainTitle"": ""CLUB ITC"", ""child"": ""2+1 complimentary night @ ITC Hotels""}, {""mainTitle"": ""EazyDiner"", ""child"": ""Upto ₹1000 off""}, {""mainTitle"": ""Golf"", ""child"": ""Unlimited Golf Rounds""}, {""mainTitle"": ""Insurance"", ""child"": ""Personal Accident""}, {""mainTitle"": ""Meet and Greet"", ""child"": ""Meet and Greet""}, {""mainTitle"": ""Road Side Assistance"", ""child"": ""Road Side Assistance""}, {""mainTitle"": ""The Quorum"", ""child"": ""Complimentary membership of The Quorum""}]","[""Get upto Rs 750 Discount on Movie Tickets"", ""2+1 complimentary night @ ITC Hotels"", ""Upto ₹1000 off"", ""Unlimited Golf Rounds"", ""Personal Accident"", ""Meet and Greet"", ""Road Side Assistance"", ""Complimentary membership of The Quorum""]",,,,savesage.club,https://savesage.club/credit-card/idfc-private
AU Altura credit card,AU Small Finance Bank,AU,,"[""Cashback"", ""Catalogue Products""]",199,,,0.5% to 1%,"[{""child"": ""Earn 1 Reward Points per ₹100 spent"", ""name"": ""Base Rewards""}, {""child"": ""Earn 2 Reward Points per ₹100 spent"", ""name"": ""Grocery""}, {""child"": ""Earn 2 Reward Points per ₹100 spent"", ""name"": ""Utilities""}, {""child"": "" No Reward Points on this category."", ""name"": ""Jewellery""}, {""child"": "" No Reward Points on this category."", ""name"": ""Rent""}, {""child"": "" No Reward Points on this category."", ""name"": ""Transportation & Tolls""}, {""child"": "" No Reward Points on this category."", ""name"": ""Education""}, {""child"": "" No Reward Points on this category."", ""name"": ""Wallets""}, {""child"": "" No Reward Points on this category."", ""name"": ""Fuel""}, {""child"": "" No Reward Points on this category."", ""name"": ""Government""}]","[{""title"": "" Discover Reward Points Redemption Options"", ""subtitle"": ""To explore the full range of redemption options for this card, download the SaveSage Club app now."", ""barCodeImageUrl"": ""/"", ""appUrl"": ""https://savesage.co/ZH8bLjZqSPb""}]",,"[{""milestoneNumber"": 1, ""spent"": 10000, ""cycleType"": ""STATEMENT"", ""benefits"": ""Earn a cashback of ₹50 every statement cycle."", ""milestoneType"": ""MONTH""}, {""milestoneNumber"": 2, ""spent"": 10000, ""cycleType"": ""STATEMENT"", ""benefits"": ""The joining fee will be waived."", ""milestoneType"": ""QUARTER""}]","[{""maintitle"": ""Railway lounge"", ""limit"": [""2 per quarter""], ""eligibility"": [""No explicit spend condition""]}]",,,,"[{""mainTitle"": ""EazyDiner"", ""child"": ""Upto ₹500 off""}]","[""Upto ₹500 off""]",,,,savesage.club,https://savesage.club/credit-card/au-altura
AU Altura Plus credit card,AU Small Finance Bank,AU,,"[""Cashback"", ""Catalogue Products""]",499,,,1% to 2%,"[{""child"": ""Earn 1 Reward Points per ₹100 spent"", ""name"": ""Base Rewards""}, {""child"": ""Earn 2 Reward Points per ₹100 spent"", ""name"": ""Online""}, {""child"": ""Earn 1.5 Reward Points per ₹100 spent"", ""name"": ""Offline for spends <= ₹6666 in a statement cycle""}, {""child"": ""Earn 1 Reward Points per ₹100 spent"", ""name"": ""Utilities""}, {""child"": "" No Reward Points on this category."", ""name"": ""Wallets""}, {""child"": "" No Reward Points on this category."", ""name"": ""Fuel""}, {""child"": "" No Reward Points on this category."", ""name"": ""Rent""}, {""child"": "" No Reward Points on this category."", ""name"": ""Transportation & Tolls""}, {""child"": "" No Reward Points on this category."", ""name"": ""EMI""}, {""child"": "" No Reward Points on this category."", ""name"": ""Government""}, {""child"": "" No Reward Points on this category."", ""name"": ""Jewellery""}, {""child"": "" No Reward Points on this category."", ""name"": ""Education""}]","[{""title"": "" Discover Reward Points Redemption Options"", ""subtitle"": ""To explore the full range of redemption options for this card, download the SaveSage Club app now."", ""barCodeImageUrl"": ""/"", ""appUrl"": ""https://savesage.co/ZH8bLjZqSPb""}]",,"[{""milestoneNumber"": 1, ""spent"": 20000, ""cycleType"": ""STATEMENT"", ""benefits"": ""500 bonus RPs."", ""milestoneType"": ""MONTH""}, {""milestoneNumber"": 2, ""spent"": 20000, ""cycleType"": ""STATEMENT"", ""benefits"": ""The joining fee will be waived."", ""milestoneType"": ""QUARTER""}]","[{""maintitle"": ""Railway lounge"", ""limit"": [""2 per quarter""], ""eligibility"": [""No explicit spend condition""]}]",,,,"[{""mainTitle"": ""EazyDiner"", ""child"": ""Upto ₹500 off""}]","[""Upto ₹500 off""]",,,,savesage.club,https://savesage.club/credit-card/au-altura-plus
AU Vetta credit card,AU Small Finance Bank,AU,,"[""Cashback"", ""Catalogue Products""]",2999,,,0.5% to 1%,"[{""child"": ""Earn 2 Reward Points per ₹100 spent"", ""name"": ""Base Rewards""}, {""child"": ""Earn 4 Reward Points per ₹100 spent"", ""name"": ""Grocery""}, {""child"": ""Earn 1 Reward Points per ₹100 spent"", ""name"": ""Telecom & Cable""}, {""child"": ""Earn 1 Reward Points per ₹100 spent"", ""name"": ""Insurance""}, {""child"": ""Earn 1 Reward Points per ₹100 spent"", ""name"": ""Utilities""}, {""child"": "" No Reward Points on this category."", ""name"": ""Jewellery""}, {""child"": "" No Reward Points on this category."", ""name"": ""Rent""}, {""child"": "" No Reward Points on this category."", ""name"": ""Fuel""}, {""child"": "" No Reward Points on this category."", ""name"": ""BBPS""}, {""child"": "" No Reward Points on this category."", ""name"": ""EMI""}, {""child"": "" No Reward Points on this category."", ""name"": ""Transportation & Tolls""}, {""child"": "" No Reward Points on this category."", ""name"": ""Education""}, {""child"": "" No Reward Points on this category."", ""name"": ""Wallets""}, {""child"": "" No Reward Points on this category."", ""name"": ""Government""}]","[{""title"": "" Discover Reward Points Redemption Options"", ""subtitle"": ""To explore the full range of redemption options for this card, download the SaveSage Club app now."", ""barCodeImageUrl"": ""/"", ""appUrl"": ""https://savesage.co/ZH8bLjZqSPb""}]",,"[{""milestoneNumber"": 1, ""spent"": 40000, ""cycleType"": ""STATEMENT"", ""benefits"": ""The joining fee will be waived."", ""milestoneType"": ""QUARTER""}, {""milestoneNumber"": 2, ""spent"": 50000, ""cycleType"": ""CALENDAR"", ""benefits"": ""500 Bonus RPs."", ""milestoneType"": ""QUARTER""}, {""milestoneNumber"": 3, ""spent"": 100000, ""cycleType"": ""CALENDAR"", ""benefits"": ""1,000 Bonus RPs."", ""milestoneType"": ""QUARTER""}, {""milestoneNumber"": 4, ""spent"": 250000, ""cycleType"": ""STATEMENT"", ""benefits"": ""Vouchers worth ₹1,000 from top brands."", ""milestoneType"": ""YEAR""}]","[{""maintitle"": ""Domestic lounge"", ""limit"": [""1 per quarter""], ""eligibility"": [""On reaching minimum quarterly spends of ₹20,000.""]}, {""maintitle"": ""International lounge"", ""limit"": [""1 per quarter""], ""eligibility"": [""1 Complimentary Lounge Access using Priority Pass.""]}]",,,,"[{""mainTitle"": ""Concierge"", ""child"": ""24x7 Concierge Services""}, {""mainTitle"": ""EazyDiner"", ""child"": ""Upto ₹500 off""}, {""mainTitle"": ""Insurance"", ""child"": ""Air Accident Cover""}, {""mainTitle"": ""Priority Pass"", ""child"": ""Priority Pass""}]","[""24x7 Concierge Services"", ""Upto ₹500 off"", ""Air Accident Cover"", ""Priority Pass""]",,,,savesage.club,https://savesage.club/credit-card/au-vetta
AU Zenith credit card,AU Small Finance Bank,AU,,"[""Experience"", ""Travel Booking"", ""Hotel Transfer""]",7999,,,3% to 6%,"[{""child"": ""Earn 3 Reward Points per ₹100 spent"", ""name"": ""Base Rewards""}, {""child"": ""Earn 5 Reward Points per ₹100 spent"", ""name"": ""International""}, {""child"": ""Earn 5 Reward Points per ₹100 spent"", ""name"": ""Grocery""}, {""child"": ""Earn 5 Reward Points per ₹100 spent"", ""name"": ""Dining""}, {""child"": ""Earn 1 Reward Points per ₹100 spent"", ""name"": ""Insurance""}, {""child"": ""Earn 1 Reward Points per ₹100 spent"", ""name"": ""Telecom & Cable""}, {""child"": ""Earn 1 Reward Points per ₹100 spent"", ""name"": ""Utilities""}, {""child"": "" No Reward Points on this category."", ""name"": ""Jewellery""}, {""child"": "" No Reward Points on this category."", ""name"": ""Fuel""}, {""child"": "" No Reward Points on this category."", ""name"": ""Wallets""}, {""child"": "" No Reward Points on this category."", ""name"": ""Transportation & Tolls""}, {""child"": "" No Reward Points on this category."", ""name"": ""Rent""}, {""child"": "" No Reward Points on this category."", ""name"": ""EMI""}, {""child"": "" No Reward Points on this category."", ""name"": ""Government""}, {""child"": "" No Reward Points on this category."", ""name"": ""Education""}]","[{""title"": "" Discover Reward Points Redemption Options"", ""subtitle"": ""To explore the full range of redemption options for this card, download the SaveSage Club app now."", ""barCodeImageUrl"": ""/"", ""appUrl"": ""https://savesage.co/ZH8bLjZqSPb""}]",,"[{""milestoneNumber"": 1, ""spent"": 0, ""cycleType"": ""STATEMENT"", ""benefits"": ""Earn 2,500 Bonus Reward Points."", ""milestoneType"": ""YEAR""}, {""milestoneNumber"": 2, ""spent"": 50000, ""cycleType"": ""STATEMENT"", ""benefits"": ""On spending Rs. 50,000 or more in a statement cycle, you will earn 1000 Bonus Reward Points."", ""milestoneType"": ""YEAR""}, {""milestoneNumber"": 3, ""spent"": 125000, ""cycleType"": ""STATEMENT"", ""benefits"": ""The joining fee will be waived."", ""milestoneType"": ""QUARTER""}, {""milestoneNumber"": 4, ""spent"": 500000, ""cycleType"": ""STATEMENT"", ""benefits"": ""The renewal fee will be waived."", ""milestoneType"": ""YEAR""}, {""milestoneNumber"": 5, ""spent"": 75000, ""cycleType"": ""STATEMENT"", ""benefits"": ""Bonus of 1,000 RPs."", ""milestoneType"": ""MONTH""}, {""milestoneNumber"": 6, ""spent"": 1200000, ""cycleType"": ""STATEMENT"", ""benefits"": ""Taj Epicure Membership."", ""milestoneType"": ""YEAR""}]","[{""maintitle"": ""Domestic lounge"", ""limit"": [""2 per quarter""], ""eligibility"": [""On reaching minimum quarterly spends of ₹20,000.""]}, {""maintitle"": ""International lounge"", ""limit"": [""2 per quarter""], ""eligibility"": [""2 Complimentary Lounge Access using Priority Pass..""]}, {""maintitle"": ""Railway lounge"", ""limit"": [""2 per quarter""], ""eligibility"": [""No explicit spend condition""]}]",,,,"[{""mainTitle"": ""Birthday"", ""child"": ""Birthday benefit""}, {""mainTitle"": ""Concierge"", ""child"": ""24x7 Concierge Services""}, {""mainTitle"": ""EazyDiner"", ""child"": ""Upto ₹500 off""}, {""mainTitle"": ""Insurance"", ""child"": ""Air Accident Cover""}, {""mainTitle"": ""Taj Epicure"", ""child"": ""Taj Epicure membership""}]","[""Birthday benefit"", ""24x7 Concierge Services"", ""Upto ₹500 off"", ""Air Accident Cover"", ""Taj Epicure membership""]",,,,savesage.club,https://savesage.club/credit-card/au-zenith
AU Zenith credit card,AU Small Finance Bank,AU,,"[""Experience"", ""Travel Booking"", ""Hotel Transfer""]",7999,,,2% to 5%,"[{""child"": ""Earn 3 Reward Points per ₹100 spent"", ""name"": ""Base Rewards""}, {""child"": ""Earn 5 Reward Points per ₹100 spent"", ""name"": ""International""}, {""child"": ""Earn 5 Reward Points per ₹100 spent"", ""name"": ""Grocery""}, {""child"": ""Earn 5 Reward Points per ₹100 spent"", ""name"": ""Dining""}, {""child"": ""Earn 1 Reward Points per ₹100 spent"", ""name"": ""Insurance""}, {""child"": ""Earn 1 Reward Points per ₹100 spent"", ""name"": ""Telecom & Cable""}, {""child"": ""Earn 1 Reward Points per ₹100 spent"", ""name"": ""Utilities""}, {""child"": "" No Reward Points on this category."", ""name"": ""Jewellery""}, {""child"": "" No Reward Points on this category."", ""name"": ""Fuel""}, {""child"": "" No Reward Points on this category."", ""name"": ""Wallets""}, {""child"": "" No Reward Points on this category."", ""name"": ""Transportation & Tolls""}, {""child"": "" No Reward Points on this category."", ""name"": ""Rent""}, {""child"": "" No Reward Points on this category."", ""name"": ""EMI""}, {""child"": "" No Reward Points on this category."", ""name"": ""Government""}, {""child"": "" No Reward Points on this category."", ""name"": ""Education""}]","[{""title"": "" Discover Reward Points Redemption Options"", ""subtitle"": ""To explore the full range of redemption options for this card, download the SaveSage Club app now."", ""barCodeImageUrl"": ""/"", ""appUrl"": ""https://savesage.co/ZH8bLjZqSPb""}]",,"[{""milestoneNumber"": 1, ""spent"": 0, ""cycleType"": ""STATEMENT"", ""benefits"": ""Earn 2,500 Bonus Reward Points."", ""milestoneType"": ""YEAR""}, {""milestoneNumber"": 2, ""spent"": 50000, ""cycleType"": ""STATEMENT"", ""benefits"": ""On spending Rs. 50,000 or more in a statement cycle, you will earn 1000 Bonus Reward Points."", ""milestoneType"": ""YEAR""}, {""milestoneNumber"": 3, ""spent"": 125000, ""cycleType"": ""STATEMENT"", ""benefits"": ""The joining fee will be waived."", ""milestoneType"": ""QUARTER""}, {""milestoneNumber"": 4, ""spent"": 500000, ""cycleType"": ""STATEMENT"", ""benefits"": ""The renewal fee will be waived."", ""milestoneType"": ""YEAR""}, {""milestoneNumber"": 5, ""spent"": 75000, ""cycleType"": ""STATEMENT"", ""benefits"": ""Bonus of 1,000 RPs."", ""milestoneType"": ""MONTH""}, {""milestoneNumber"": 6, ""spent"": 1200000, ""cycleType"": ""STATEMENT"", ""benefits"": ""Taj Epicure Membership."", ""milestoneType"": ""YEAR""}]","[{""maintitle"": ""Domestic lounge"", ""limit"": [""2 per quarter""], ""eligibility"": [""On reaching minimum quarterly spends of ₹20,000.""]}, {""maintitle"": ""International lounge"", ""limit"": [""2 per quarter""], ""eligibility"": [""2 Complimentary Lounge Access using Priority Pass..""]}, {""maintitle"": ""Railway lounge"", ""limit"": [""2 per quarter""], ""eligibility"": [""No explicit spend condition""]}]",,,,"[{""mainTitle"": ""Birthday"", ""child"": ""Birthday benefit""}, {""mainTitle"": ""Concierge"", ""child"": ""24x7 Concierge Services""}, {""mainTitle"": ""EazyDiner"", ""child"": ""Upto ₹500 off""}, {""mainTitle"": ""Insurance"", ""child"": ""Air Accident Cover""}, {""mainTitle"": ""Taj Epicure"", ""child"": ""Taj Epicure membership""}]","[""Birthday benefit"", ""24x7 Concierge Services"", ""Upto ₹500 off"", ""Air Accident Cover"", ""Taj Epicure membership""]",,,,savesage.club,https://savesage.club/credit-card/au-zenith
AU Ixigo credit card,AU Small Finance Bank,AU,,"[""Travel Booking"", ""Hotel Transfer""]",0,,,1% to 3%,"[{""child"": ""Earn 5 Reward Points per ₹200 spent"", ""name"": ""Base Rewards""}, {""child"": ""Earn 10 Reward Points per ₹200 spent"", ""name"": ""Online""}, {""child"": ""Earn 1 Reward Points per ₹200 spent"", ""name"": ""Utilities""}, {""child"": ""Earn 1 Reward Points per ₹200 spent"", ""name"": ""Insurance""}, {""child"": ""Earn 1 Reward Points per ₹200 spent"", ""name"": ""Telecom & Cable""}, {""child"": "" No Reward Points on this category."", ""name"": ""Fuel""}, {""child"": "" No Reward Points on this category."", ""name"": ""Wallets""}, {""child"": "" No Reward Points on this category."", ""name"": ""Education""}, {""child"": "" No Reward Points on this category."", ""name"": ""Government""}, {""child"": "" No Reward Points on this category."", ""name"": ""EMI""}, {""child"": "" No Reward Points on this category."", ""name"": ""Jewellery""}, {""child"": "" No Reward Points on this category."", ""name"": ""Rent""}, {""child"": "" No Reward Points on this category."", ""name"": ""International""}, {""child"": "" No Reward Points on this category."", ""name"": ""Transportation & Tolls""}]","[{""title"": "" Discover Reward Points Redemption Options"", ""subtitle"": ""To explore the full range of redemption options for this card, download the SaveSage Club app now."", ""barCodeImageUrl"": ""/"", ""appUrl"": ""https://savesage.co/ZH8bLjZqSPb""}]",,[],"[{""maintitle"": ""Railway lounge"", ""limit"": [""2 per quarter""], ""eligibility"": [""No explicit spend condition""]}, {""maintitle"": ""International lounge"", ""limit"": [""1 per year""], ""eligibility"": [""1 Complimentary Lounge Access using Priority Pass.""]}, {""maintitle"": ""Domestic lounge"", ""limit"": [""4 per quarter""], ""eligibility"": [""On reaching minimum quarterly spends of ₹20,000.""]}, {""maintitle"": ""Add on card domestic lounge"", ""limit"": [""Available - within the mentioned complimentary number of visits""], ""eligibility"": [""As per primary card.""]}, {""maintitle"": ""Add on card international lounge"", ""limit"": [""Available - within the mentioned complimentary number of visits""], ""eligibility"": [""As per primary card.""]}]",,,,"[{""mainTitle"": ""Bus"", ""child"": ""10% Off on Buses""}, {""mainTitle"": ""EazyDiner"", ""child"": ""Upto ₹500 off""}, {""mainTitle"": ""Flights"", ""child"": ""10% Off on flights""}, {""mainTitle"": ""Hotel"", ""child"": ""10% Off on Hotel""}, {""mainTitle"": ""Train"", ""child"": ""Waiver of PG charges on Train""}]","[""10% Off on Buses"", ""Upto ₹500 off"", ""10% Off on flights"", ""10% Off on Hotel"", ""Waiver of PG charges on Train""]",,,,savesage.club,https://savesage.club/credit-card/au-ixigo
AU LIT credit card,AU Small Finance Bank,AU,,"[""Cashback"", ""Catalogue Products""]",0,,,0.5% to 1.5%,"[{""child"": ""Earn 1 Reward Points per ₹100 spent"", ""name"": ""Base Rewards""}, {""child"": ""Earn 10 Reward Points per ₹100 spent"", ""name"": ""Online""}, {""child"": ""Earn 10 Reward Points per ₹100 spent"", ""name"": ""Offline""}, {""child"": ""Earn 5 Reward Points per ₹100 spent"", ""name"": ""Apparel""}, {""child"": ""Earn 5 Reward Points per ₹100 spent"", ""name"": ""Grocery""}, {""child"": ""Earn 1 Reward Points per ₹100 spent"", ""name"": ""Utilities & Telecom""}, {""child"": ""Earn 1 Reward Points per ₹100 spent"", ""name"": ""Insurance""}, {""child"": "" No Reward Points on this category."", ""name"": ""Fuel""}, {""child"": "" No Reward Points on this category."", ""name"": ""Transportation & Tolls""}, {""child"": "" No Reward Points on this category."", ""name"": ""Rent""}, {""child"": "" No Reward Points on this category."", ""name"": ""Wallets""}, {""child"": "" No Reward Points on this category."", ""name"": ""Education""}]","[{""title"": "" Discover Reward Points Redemption Options"", ""subtitle"": ""To explore the full range of redemption options for this card, download the SaveSage Club app now."", ""barCodeImageUrl"": ""/"", ""appUrl"": ""https://savesage.co/ZH8bLjZqSPb""}]",,"[{""milestoneNumber"": 1, ""spent"": 7500, ""cycleType"": ""STATEMENT"", ""benefits"": ""5% Additional Cashback.Applicable on minimum spends of ₹10,000, excluding fuel, rent, cash withdrawals, EMI, and BBPS transactions.Maximum benefit capped at ₹500 per 30-day period.Fee: ₹299 (valid for 30 days)."", ""milestoneType"": ""MONTH""}, {""milestoneNumber"": 2, ""spent"": 10000, ""cycleType"": ""STATEMENT"", ""benefits"": ""Earn an additional 2% cashback on eligible spends.Applicable on minimum spends of ₹15,000, excluding fuel, rent, cash withdrawals, EMI, and BBPS transactions.Maximum cashback capped at ₹1,000 per 30-day period. Price: ₹199 (valid for 30 days)."", ""milestoneType"": ""MONTH""}]","[{""maintitle"": ""Domestic lounge"", ""limit"": [""2 per quarter""], ""eligibility"": [""Enjoy 1 visit to domestic airport lounges across India for ₹399, valid for 90 days.""]}]",,,,"[{""mainTitle"": ""Amazon Prime"", ""child"": ""Amazon Prime""}, {""mainTitle"": ""EazyDiner"", ""child"": ""Upto ₹500 off""}, {""mainTitle"": ""ZEE5"", ""child"": ""Zee5""}]","[""Amazon Prime"", ""Upto ₹500 off"", ""Zee5""]",,,,savesage.club,https://savesage.club/credit-card/au-lit
AU Xcite Ultra credit card,AU Small Finance Bank,AU,,"[""Experience"", ""Travel Booking"", ""Hotel Transfer""]",0,,,3% to 5%,"[{""child"": ""Earn 4 Reward Points per ₹100 spent"", ""name"": ""Base Rewards""}, {""child"": ""Earn 12 Reward Points per ₹100 spent"", ""name"": ""International""}, {""child"": ""Earn 8 Reward Points per ₹100 spent"", ""name"": ""Online""}, {""child"": "" No Reward Points on this category."", ""name"": ""Transportation & Tolls""}, {""child"": "" No Reward Points on this category."", ""name"": ""EMI""}, {""child"": "" No Reward Points on this category."", ""name"": ""Jewellery""}, {""child"": "" No Reward Points on this category."", ""name"": ""Fuel""}, {""child"": "" No Reward Points on this category."", ""name"": ""Rent""}, {""child"": "" No Reward Points on this category."", ""name"": ""Wallets""}, {""child"": "" No Reward Points on this category."", ""name"": ""Utilities""}]","[{""title"": "" Discover Reward Points Redemption Options"", ""subtitle"": ""To explore the full range of redemption options for this card, download the SaveSage Club app now."", ""barCodeImageUrl"": ""/"", ""appUrl"": ""https://savesage.co/ZH8bLjZqSPb""}]",,"[{""milestoneNumber"": 1, ""spent"": 5000, ""cycleType"": ""STATEMENT"", ""benefits"": ""Get 500 bonus RPs on spending ₹5,000 or more within the first 5 days of a month."", ""milestoneType"": ""MONTH""}, {""milestoneNumber"": 2, ""spent"": 250000, ""cycleType"": ""STATEMENT"", ""benefits"": ""5,000 bonus RPs."", ""milestoneType"": ""YEAR""}]","[{""maintitle"": ""Domestic lounge"", ""limit"": [""2 per quarter""], ""eligibility"": [""On reaching minimum quarterly spends of ₹20,000.""]}, {""maintitle"": ""Railway lounge"", ""limit"": [""2 per quarter""], ""eligibility"": [""No explicit spend condition""]}]",,,,"[{""mainTitle"": ""Concierge"", ""child"": ""24x7 Concierge Services""}, {""mainTitle"": ""Dining"", ""child"": ""Enjoy Upto 30% Discount""}, {""mainTitle"": ""EazyDiner"", ""child"": ""Upto ₹500 off""}, {""mainTitle"": ""Insurance"", ""child"": ""Personal Accident""}]","[""24x7 Concierge Services"", ""Enjoy Upto 30% Discount"", ""Upto ₹500 off"", ""Personal Accident""]",,,,savesage.club,https://savesage.club/credit-card/au-xcite-ultra
AU Xcite Ace credit card,AU Small Finance Bank,AU,,"[""Cashback"", ""Catalogue Products""]",0,,,1% to 2%,"[{""child"": "" No Reward Points on this category."", ""name"": ""Base Rewards""}, {""child"": ""Earn 3 Reward Points per ₹100 spent"", ""name"": ""Net Monthly Spends > ₹20K""}, {""child"": ""Earn 2 Reward Points per ₹100 spent"", ""name"": ""Net Monthly Spends > ₹12.5K""}, {""child"": ""Earn 1 Reward Points per ₹100 spent"", ""name"": ""Net Monthly Spends > ₹7.5K""}, {""child"": "" No Reward Points on this category."", ""name"": ""Utilities""}, {""child"": "" No Reward Points on this category."", ""name"": ""Fuel""}, {""child"": "" No Reward Points on this category."", ""name"": ""Transportation & Tolls""}, {""child"": "" No Reward Points on this category."", ""name"": ""Rent""}]","[{""title"": "" Discover Reward Points Redemption Options"", ""subtitle"": ""To explore the full range of redemption options for this card, download the SaveSage Club app now."", ""barCodeImageUrl"": ""/"", ""appUrl"": ""https://savesage.co/ZH8bLjZqSPb""}]",,[],"[{""maintitle"": ""Domestic lounge"", ""limit"": [""2 per quarter""], ""eligibility"": [""On reaching minimum quarterly spends of ₹20,000.""]}, {""maintitle"": ""Railway lounge"", ""limit"": [""2 per quarter""], ""eligibility"": [""No explicit spend condition""]}]",,,,"[{""mainTitle"": ""Concierge"", ""child"": ""24x7 Concierge Services""}, {""mainTitle"": ""EazyDiner"", ""child"": ""Upto ₹500 off""}, {""mainTitle"": ""Insurance"", ""child"": ""Personal Accident""}]","[""24x7 Concierge Services"", ""Upto ₹500 off"", ""Personal Accident""]",,,,savesage.club,https://savesage.club/credit-card/au-xcite-ace
AU Xcite credit card,AU Small Finance Bank,AU,,"[""Cashback"", ""Catalogue Products""]",0,,,0.5% to 1.5%,"[{""child"": ""Earn 3 Reward Points per ₹100 spent"", ""name"": ""Base Rewards""}, {""child"": ""Earn 15 Reward Points per ₹100 spent"", ""name"": ""Grocery""}, {""child"": ""Earn 15 Reward Points per ₹100 spent"", ""name"": ""Dining""}, {""child"": ""Earn 15 Reward Points per ₹100 spent"", ""name"": ""Movies""}, {""child"": ""Earn 4 Reward Points per ₹100 spent"", ""name"": ""Retail""}, {""child"": "" No Reward Points on this category."", ""name"": ""Jewellery""}, {""child"": "" No Reward Points on this category."", ""name"": ""Rent""}, {""child"": "" No Reward Points on this category."", ""name"": ""EMI""}, {""child"": "" No Reward Points on this category."", ""name"": ""Utilities""}, {""child"": "" No Reward Points on this category."", ""name"": ""Wallets""}, {""child"": "" No Reward Points on this category."", ""name"": ""Transportation & Tolls""}, {""child"": "" No Reward Points on this category."", ""name"": ""Fuel""}]","[{""title"": "" Discover Reward Points Redemption Options"", ""subtitle"": ""To explore the full range of redemption options for this card, download the SaveSage Club app now."", ""barCodeImageUrl"": ""/"", ""appUrl"": ""https://savesage.co/ZH8bLjZqSPb""}]",,[],[],,,,"[{""mainTitle"": ""EazyDiner"", ""child"": ""Upto ₹500 off""}]","[""Upto ₹500 off""]",,,,savesage.club,https://savesage.club/credit-card/au-xcite
AU Instapay credit card,AU Small Finance Bank,AU,,"[""Cashback"", ""Catalogue Products""]",0,,,0.5% to 1%,"[{""child"": ""Earn 1 Reward Points per ₹100 spent"", ""name"": ""Base Rewards""}, {""child"": ""Earn 1 Reward Points per ₹100 spent"", ""name"": ""Dining""}, {""child"": ""Earn 1 Reward Points per ₹100 spent"", ""name"": ""Supermarket""}, {""child"": ""Earn 1 Reward Points per ₹100 spent"", ""name"": ""Pharmacy""}, {""child"": ""Earn 1 Reward Points per ₹100 spent"", ""name"": ""Grocery""}, {""child"": "" No Reward Points on this category."", ""name"": ""Wallets""}, {""child"": "" No Reward Points on this category."", ""name"": ""EMI""}, {""child"": "" No Reward Points on this category."", ""name"": ""Jewellery""}, {""child"": "" No Reward Points on this category."", ""name"": ""Rent""}, {""child"": "" No Reward Points on this category."", ""name"": ""Utilities""}, {""child"": "" No Reward Points on this category."", ""name"": ""Transportation & Tolls""}, {""child"": "" No Reward Points on this category."", ""name"": ""Fuel""}]","[{""title"": "" Discover Reward Points Redemption Options"", ""subtitle"": ""To explore the full range of redemption options for this card, download the SaveSage Club app now."", ""barCodeImageUrl"": ""/"", ""appUrl"": ""https://savesage.co/ZH8bLjZqSPb""}]",,[],[],,,,"[{""mainTitle"": ""EazyDiner"", ""child"": ""Upto ₹500 off""}]","[""Upto ₹500 off""]",,,,savesage.club,https://savesage.club/credit-card/au-instapay
AU Aditya Birla Flex credit card,AU Small Finance Bank,AU,,"[""Brand Wallet"", ""Catalogue Products""]",0,,,1% to 2%,"[{""child"": ""Earn 1 Reward Points per ₹200 spent"", ""name"": ""Base Rewards""}, {""child"": ""Earn 6 Reward Points per ₹200 spent"", ""name"": ""Education""}, {""child"": ""Earn 6 Reward Points per ₹200 spent"", ""name"": ""Grocery""}, {""child"": ""Earn 6 Reward Points per ₹200 spent"", ""name"": ""Utilities""}, {""child"": ""Earn 4 Reward Points per ₹200 spent"", ""name"": ""Online""}, {""child"": ""Earn 2 Reward Points per ₹200 spent"", ""name"": ""Offline""}, {""child"": ""Earn 1 Reward Points per ₹200 spent"", ""name"": ""Transportation & Tolls""}, {""child"": "" No Reward Points on this category."", ""name"": ""Jewellery""}, {""child"": "" No Reward Points on this category."", ""name"": ""Fuel""}, {""child"": "" No Reward Points on this category."", ""name"": ""EMI""}, {""child"": "" No Reward Points on this category."", ""name"": ""Wallets""}, {""child"": "" No Reward Points on this category."", ""name"": ""Rent""}, {""child"": "" No Reward Points on this category."", ""name"": ""Insurance""}]","[{""title"": "" Discover Reward Points Redemption Options"", ""subtitle"": ""To explore the full range of redemption options for this card, download the SaveSage Club app now."", ""barCodeImageUrl"": ""/"", ""appUrl"": ""https://savesage.co/ZH8bLjZqSPb""}]",,"[{""milestoneNumber"": 1, ""spent"": 50000, ""cycleType"": ""CALENDAR"", ""benefits"": ""Double RPs on retail spends greater than ₹50,000."", ""milestoneType"": ""QUARTER""}]","[{""maintitle"": ""Railway lounge"", ""limit"": [""2 per quarter""], ""eligibility"": [""No explicit spend condition""]}]",,,,"[{""mainTitle"": ""EazyDiner"", ""child"": ""Upto ₹500 off""}]","[""Upto ₹500 off""]",,,,savesage.club,https://savesage.club/credit-card/au-aditya-birla-flex
AU Aditya Birla Pro credit card,AU Small Finance Bank,AU,,"[""Brand Wallet"", ""Catalogue Products""]",999,,,1% to 3%,"[{""child"": ""Earn 4 Reward Points per ₹200 spent"", ""name"": ""Base Rewards""}, {""child"": ""Earn 10 Reward Points per ₹200 spent"", ""name"": ""International""}, {""child"": ""Earn 10 Reward Points per ₹200 spent"", ""name"": ""Travel""}, {""child"": ""Earn 10 Reward Points per ₹200 spent"", ""name"": ""Entertainment""}, {""child"": ""Earn 10 Reward Points per ₹200 spent"", ""name"": ""Dining""}, {""child"": ""Earn 6 Reward Points per ₹200 spent"", ""name"": ""Online""}, {""child"": "" No Reward Points on this category."", ""name"": ""Wallets""}, {""child"": "" No Reward Points on this category."", ""name"": ""Fuel""}, {""child"": "" No Reward Points on this category."", ""name"": ""Insurance""}, {""child"": "" No Reward Points on this category."", ""name"": ""Rent""}, {""child"": "" No Reward Points on this category."", ""name"": ""Transportation & Tolls""}, {""child"": "" No Reward Points on this category."", ""name"": ""EMI""}, {""child"": "" No Reward Points on this category."", ""name"": ""Jewellery""}, {""child"": "" No Reward Points on this category."", ""name"": ""Utilities""}]","[{""title"": "" Discover Reward Points Redemption Options"", ""subtitle"": ""To explore the full range of redemption options for this card, download the SaveSage Club app now."", ""barCodeImageUrl"": ""/"", ""appUrl"": ""https://savesage.co/ZH8bLjZqSPb""}]",,"[{""milestoneNumber"": 1, ""spent"": 15000, ""cycleType"": ""STATEMENT"", ""benefits"": ""The joining fee will be waived."", ""milestoneType"": ""DAYS""}, {""milestoneNumber"": 2, ""spent"": 250000, ""cycleType"": ""STATEMENT"", ""benefits"": ""Earn complimentary EazyDiner membership on making ₹2.5 lac retail spends."", ""milestoneType"": ""YEAR""}]","[{""maintitle"": ""Domestic lounge"", ""limit"": [""2 per quarter""], ""eligibility"": [""On reaching minimum quarterly spends of ₹20,000.""]}, {""maintitle"": ""International lounge"", ""limit"": [""1 per quarter""], ""eligibility"": [""1 Complimentary Lounge Access using Priority Pass.""]}]",,,,"[{""mainTitle"": ""Dining"", ""child"": ""Enjoy Upto 30% Discount""}, {""mainTitle"": ""EazyDiner"", ""child"": ""Upto ₹500 off""}]","[""Enjoy Upto 30% Discount"", ""Upto ₹500 off""]",,,,savesage.club,https://savesage.club/credit-card/au-aditya-birla-pro
AU Aditya Birla Nxt credit card,AU Small Finance Bank,AU,,"[""Brand Wallet"", ""Catalogue Products""]",0,,,1% to 3%,"[{""child"": ""Earn 1 Reward Points per ₹200 spent"", ""name"": ""Base Rewards""}, {""child"": ""Earn 6 Reward Points per ₹200 spent"", ""name"": ""Grocery""}, {""child"": ""Earn 6 Reward Points per ₹200 spent"", ""name"": ""Education""}, {""child"": ""Earn 6 Reward Points per ₹200 spent"", ""name"": ""Utilities""}, {""child"": ""Earn 4 Reward Points per ₹200 spent"", ""name"": ""Online""}, {""child"": ""Earn 2 Reward Points per ₹200 spent"", ""name"": ""Offline""}, {""child"": "" No Reward Points on this category."", ""name"": ""Insurance""}, {""child"": "" No Reward Points on this category."", ""name"": ""Wallets""}, {""child"": "" No Reward Points on this category."", ""name"": ""EMI""}, {""child"": "" No Reward Points on this category."", ""name"": ""Jewellery""}, {""child"": "" No Reward Points on this category."", ""name"": ""Fuel""}, {""child"": "" No Reward Points on this category."", ""name"": ""Transportation & Tolls""}, {""child"": "" No Reward Points on this category."", ""name"": ""Rent""}]","[{""title"": "" Discover Reward Points Redemption Options"", ""subtitle"": ""To explore the full range of redemption options for this card, download the SaveSage Club app now."", ""barCodeImageUrl"": ""/"", ""appUrl"": ""https://savesage.co/ZH8bLjZqSPb""}]",,"[{""milestoneNumber"": 1, ""spent"": 50000, ""cycleType"": ""CALENDAR"", ""benefits"": ""Double RPs on retail spends greater than ₹50,000."", ""milestoneType"": ""QUARTER""}]","[{""maintitle"": ""Railway lounge"", ""limit"": [""2 per quarter""], ""eligibility"": [""No explicit spend condition""]}]",,,,"[{""mainTitle"": ""EazyDiner"", ""child"": ""Upto ₹500 off""}]","[""Upto ₹500 off""]",,,,savesage.club,https://savesage.club/credit-card/au-aditya-birla-nxt
AU Aditya Birla Biz credit card,AU Small Finance Bank,AU,,"[""Brand Wallet"", ""Catalogue Products""]",588,,,1% to 3%,"[{""child"": ""Earn 2 Reward Points per ₹200 spent"", ""name"": ""Base Rewards""}, {""child"": ""Earn 10 Reward Points per ₹200 spent"", ""name"": ""Education""}, {""child"": ""Earn 10 Reward Points per ₹200 spent"", ""name"": ""Utilities""}, {""child"": ""Earn 10 Reward Points per ₹200 spent"", ""name"": ""Government""}, {""child"": ""Earn 10 Reward Points per ₹200 spent"", ""name"": ""Grocery""}, {""child"": ""Earn 10 Reward Points per ₹200 spent"", ""name"": ""Insurance""}, {""child"": ""Earn 4 Reward Points per ₹200 spent"", ""name"": ""1 - 5 dates""}, {""child"": "" No Reward Points on this category."", ""name"": ""Rent""}, {""child"": "" No Reward Points on this category."", ""name"": ""Transportation & Tolls""}, {""child"": "" No Reward Points on this category."", ""name"": ""BBPS""}, {""child"": "" No Reward Points on this category."", ""name"": ""Jewellery""}, {""child"": "" No Reward Points on this category."", ""name"": ""Wallets""}, {""child"": "" No Reward Points on this category."", ""name"": ""Fuel""}, {""child"": "" No Reward Points on this category."", ""name"": ""EMI""}]","[{""title"": "" Discover Reward Points Redemption Options"", ""subtitle"": ""To explore the full range of redemption options for this card, download the SaveSage Club app now."", ""barCodeImageUrl"": ""/"", ""appUrl"": ""https://savesage.co/ZH8bLjZqSPb""}]",,"[{""milestoneNumber"": 1, ""spent"": 10000, ""cycleType"": ""STATEMENT"", ""benefits"": ""Monthly fee of ₹49 + GST reversed."", ""milestoneType"": ""MONTH""}]",[],,,,"[{""mainTitle"": ""EazyDiner"", ""child"": ""Upto ₹500 off""}]","[""Upto ₹500 off""]",,,,savesage.club,https://savesage.club/credit-card/au-aditya-birla-biz
AU Nomo credit card,AU Small Finance Bank,AU,,"[""Cashback"", ""Catalogue Products""]",199,,,0.5% to 1%,"[{""child"": ""Earn 2 Reward Points per ₹100 spent"", ""name"": ""Base Rewards""}, {""child"": ""Earn 1 Reward Points per ₹100 spent"", ""name"": ""Utilities""}, {""child"": ""Earn 1 Reward Points per ₹100 spent"", ""name"": ""Insurance""}, {""child"": "" No Reward Points on this category."", ""name"": ""BBPS""}, {""child"": "" No Reward Points on this category."", ""name"": ""EMI""}, {""child"": "" No Reward Points on this category."", ""name"": ""Jewellery""}, {""child"": "" No Reward Points on this category."", ""name"": ""Rent""}, {""child"": "" No Reward Points on this category."", ""name"": ""Education""}, {""child"": "" No Reward Points on this category."", ""name"": ""Wallets""}, {""child"": "" No Reward Points on this category."", ""name"": ""Fuel""}, {""child"": "" No Reward Points on this category."", ""name"": ""Transportation & Tolls""}]","[{""title"": "" Discover Reward Points Redemption Options"", ""subtitle"": ""To explore the full range of redemption options for this card, download the SaveSage Club app now."", ""barCodeImageUrl"": ""/"", ""appUrl"": ""https://savesage.co/ZH8bLjZqSPb""}]",,"[{""milestoneNumber"": 1, ""spent"": 25000, ""cycleType"": ""CALENDAR"", ""benefits"": ""500 RPs."", ""milestoneType"": ""QUARTER""}, {""milestoneNumber"": 2, ""spent"": 50000, ""cycleType"": ""CALENDAR"", ""benefits"": ""Additional 500 RPs."", ""milestoneType"": ""QUARTER""}]","[{""maintitle"": ""Railway lounge"", ""limit"": [""2 per quarter""], ""eligibility"": [""No explicit spend condition""]}, {""maintitle"": ""Domestic lounge"", ""limit"": [""2 per quarter""], ""eligibility"": [""On reaching minimum quarterly spends of ₹20,000.""]}]",,,,"[{""mainTitle"": ""EazyDiner"", ""child"": ""Upto ₹500 off""}]","[""Upto ₹500 off""]",,,,savesage.club,https://savesage.club/credit-card/au-nomo
IndusInd Legend credit card,IndusInd Bank,IndusInd,,"[""Catalogue Products""]",0,,,1% to 3%,"[{""child"": ""Earn 1 Reward Points per ₹100 spent"", ""name"": ""Base Rewards""}, {""child"": ""Earn 2 Reward Points per ₹100 spent"", ""name"": ""Weekends""}, {""child"": ""Earn 0.7 Reward Points per ₹100 spent"", ""name"": ""Education""}, {""child"": ""Earn 0.7 Reward Points per ₹100 spent"", ""name"": ""Rent""}, {""child"": ""Earn 0.7 Reward Points per ₹100 spent"", ""name"": ""Utilities""}, {""child"": ""Earn 0.7 Reward Points per ₹100 spent"", ""name"": ""Government""}, {""child"": ""Earn 0.7 Reward Points per ₹100 spent"", ""name"": ""Insurance""}, {""child"": "" No Reward Points on this category."", ""name"": ""Wallets""}, {""child"": "" No Reward Points on this category."", ""name"": ""Jewellery""}, {""child"": "" No Reward Points on this category."", ""name"": ""EMI""}, {""child"": "" No Reward Points on this category."", ""name"": ""Fuel""}, {""child"": "" No Reward Points on this category."", ""name"": ""UPI""}]","[{""title"": "" Discover Reward Points Redemption Options"", ""subtitle"": ""To explore the full range of redemption options for this card, download the SaveSage Club app now."", ""barCodeImageUrl"": ""/"", ""appUrl"": ""https://savesage.co/ZH8bLjZqSPb""}]",,"[{""milestoneNumber"": 1, ""spent"": 500000, ""cycleType"": ""STATEMENT"", ""benefits"": ""3,000 bonus RPs.Spends made on categories such as fuel, transportation & tolls, utilities, insurance, educational institutions, telecommunications, security brokers, cleaning and maintenance, janitorial services, and government institutions will not be counted towards milestone achievements."", ""milestoneType"": ""YEAR""}]",[],,,,"[{""mainTitle"": ""Alaya Stays"", ""child"": ""Visa Offers: Exclusive Stay Offers with Alaya Stays""}, {""mainTitle"": ""BookMyShow"", ""child"": ""BOGO""}, {""mainTitle"": ""Concierge"", ""child"": ""Legend Concierge""}, {""mainTitle"": ""Insurance"", ""child"": ""Travel Insurance""}, {""mainTitle"": ""MakeMyTrip"", ""child"": ""MakeMyTrip""}, {""mainTitle"": ""Road Side Assistance"", ""child"": ""Legend Auto-Assist""}, {""mainTitle"": ""Times Prime"", ""child"": ""Times Prime""}]","[""Visa Offers: Exclusive Stay Offers with Alaya Stays"", ""BOGO"", ""Legend Concierge"", ""Travel Insurance"", ""MakeMyTrip"", ""Legend Auto-Assist"", ""Times Prime""]",,,,savesage.club,https://savesage.club/credit-card/indusind-legend
IndusInd Platinum (Rupay) credit card,IndusInd Bank,IndusInd,Rupay,[],0,,,NA,"[{""child"": ""Earn 1 Reward Points per ₹100 spent"", ""name"": ""Base Rewards""}, {""child"": ""Earn 2 Reward Points per ₹100 spent"", ""name"": ""UPI""}, {""child"": ""Earn 0.7 Reward Points per ₹100 spent"", ""name"": ""Education""}, {""child"": ""Earn 0.7 Reward Points per ₹100 spent"", ""name"": ""Government""}, {""child"": ""Earn 0.7 Reward Points per ₹100 spent"", ""name"": ""Utilities""}, {""child"": ""Earn 0.7 Reward Points per ₹100 spent"", ""name"": ""Insurance""}, {""child"": "" No Reward Points on this category."", ""name"": ""Fuel""}, {""child"": "" No Reward Points on this category."", ""name"": ""Wallets""}, {""child"": "" No Reward Points on this category."", ""name"": ""Rent""}, {""child"": "" No Reward Points on this category."", ""name"": ""EMI""}]","[{""title"": "" Discover Reward Points Redemption Options"", ""subtitle"": ""To explore the full range of redemption options for this card, download the SaveSage Club app now."", ""barCodeImageUrl"": ""/"", ""appUrl"": ""https://savesage.co/ZH8bLjZqSPb""}]",,[],[],,,,"[{""mainTitle"": ""Insurance"", ""child"": ""Travel Insurance""}]","[""Travel Insurance""]",,,,savesage.club,https://savesage.club/credit-card/indusind-platinum-rupay
IndusInd EazyDiner Platinum credit card,IndusInd Bank,IndusInd,,"[""Experience"", ""Travel Booking"", ""Hotel Transfer""]",0,,,0.5% to 1%,"[{""child"": ""Earn 2 Reward Points per ₹100 spent"", ""name"": ""Base Rewards""}, {""child"": ""Earn 4 Reward Points per ₹100 spent"", ""name"": ""EazyPay""}, {""child"": ""Earn 0.7 Reward Points per ₹100 spent"", ""name"": ""Rent""}, {""child"": ""Earn 0.7 Reward Points per ₹100 spent"", ""name"": ""Utilities""}, {""child"": ""Earn 0.7 Reward Points per ₹100 spent"", ""name"": ""Government""}, {""child"": ""Earn 0.7 Reward Points per ₹100 spent"", ""name"": ""Insurance""}, {""child"": "" No Reward Points on this category."", ""name"": ""Fuel""}, {""child"": "" No Reward Points on this category."", ""name"": ""UPI""}, {""child"": "" No Reward Points on this category."", ""name"": ""EMI""}, {""child"": "" No Reward Points on this category."", ""name"": ""Education""}, {""child"": "" No Reward Points on this category."", ""name"": ""Wallets""}]","[{""title"": "" Discover Reward Points Redemption Options"", ""subtitle"": ""To explore the full range of redemption options for this card, download the SaveSage Club app now."", ""barCodeImageUrl"": ""/"", ""appUrl"": ""https://savesage.co/ZH8bLjZqSPb""}]",,[],[],,,,"[{""mainTitle"": ""EazyDiner"", ""child"": ""Discounts of 20%""}, {""mainTitle"": ""EazyDiner"", ""child"": ""EazyDiner""}]","[""Discounts of 20%"", ""EazyDiner""]",,,,savesage.club,https://savesage.club/credit-card/indusind-eazydiner-platinum
IndusInd EazyDiner Signature credit card,IndusInd Bank,IndusInd,,"[""Experience"", ""Travel Booking"", ""Hotel Transfer""]",2999,,,0.5% to 1.5%,"[{""child"": ""Earn 4 Reward Points per ₹100 spent"", ""name"": ""Base Rewards""}, {""child"": ""Earn 10 Reward Points per ₹100 spent"", ""name"": ""Shopping""}, {""child"": ""Earn 10 Reward Points per ₹100 spent"", ""name"": ""Travel""}, {""child"": ""Earn 10 Reward Points per ₹100 spent"", ""name"": ""Entertainment""}, {""child"": ""Earn 10 Reward Points per ₹100 spent"", ""name"": ""Hotels""}, {""child"": ""Earn 4 Reward Points per ₹100 spent"", ""name"": ""Rent""}, {""child"": ""Earn 4 Reward Points per ₹100 spent"", ""name"": ""Education""}, {""child"": ""Earn 4 Reward Points per ₹100 spent"", ""name"": ""Utilities""}, {""child"": "" No Reward Points on this category."", ""name"": ""UPI""}, {""child"": "" No Reward Points on this category."", ""name"": ""Fuel""}, {""child"": "" No Reward Points on this category."", ""name"": ""Dining""}]","[{""title"": "" Discover Reward Points Redemption Options"", ""subtitle"": ""To explore the full range of redemption options for this card, download the SaveSage Club app now."", ""barCodeImageUrl"": ""/"", ""appUrl"": ""https://savesage.co/ZH8bLjZqSPb""}]",,"[{""milestoneNumber"": 1, ""spent"": 0, ""cycleType"": ""CALENDAR"", ""benefits"": ""The Postcard Hotel stay voucher worth INR 7,500.Enjoy 12 months EazyDiner Prime membership worth INR 3,550. Enjoy GUARANTEED 25% up to 50% OFF at over 2000+ premium restaurants & bars.Unlock more Prime-exclusive benefits like 3X EazyPoints and redeem them for FREE luxury hotel stays & FREE meals & exclusive EazyEvents"", ""milestoneType"": ""YEAR""}, {""milestoneNumber"": 2, ""spent"": 2999, ""cycleType"": ""CALENDAR"", ""benefits"": ""12 months EazyDiner Prime Membership will be renewed.Also, you would get 2000 welcome bonus EazyPoints and INR 7500 voucher of The Postcard Hotel"", ""milestoneType"": ""YEAR""}]",[],,,,"[{""mainTitle"": ""EazyDiner"", ""child"": ""Discounts of 25%""}, {""mainTitle"": ""EazyDiner"", ""child"": ""Alcoholic Beverages""}, {""mainTitle"": ""EazyDiner"", ""child"": ""EazyDiner""}]","[""Discounts of 25%"", ""Alcoholic Beverages"", ""EazyDiner""]",,,,savesage.club,https://savesage.club/credit-card/indusind-eazydiner-signature
IndusInd Platinum Aura Edge credit card,IndusInd Bank,IndusInd,,[],0,,,NA,"[{""child"": ""Earn 0.5 Reward Points per ₹100 spent"", ""name"": ""Base Rewards""}, {""child"": ""Earn 4 Reward Points per ₹100 spent"", ""name"": ""Grocery""}, {""child"": ""Earn 4 Reward Points per ₹100 spent"", ""name"": ""Hotels""}, {""child"": ""Earn 4 Reward Points per ₹100 spent"", ""name"": ""Departmental Stores""}, {""child"": ""Earn 2.5 Reward Points per ₹100 spent"", ""name"": ""Flights""}, {""child"": ""Earn 2 Reward Points per ₹100 spent"", ""name"": ""Electronics""}, {""child"": ""Earn 1.5 Reward Points per ₹100 spent"", ""name"": ""Restaurant""}, {""child"": ""Earn 1.5 Reward Points per ₹100 spent"", ""name"": ""Transportation & Tolls""}, {""child"": ""Earn 1.5 Reward Points per ₹100 spent"", ""name"": ""Movies""}, {""child"": ""Earn 1.5 Reward Points per ₹100 spent"", ""name"": ""Hospitals""}, {""child"": ""Earn 1.5 Reward Points per ₹100 spent"", ""name"": ""Book""}, {""child"": ""Earn 1.4 Reward Points per ₹100 spent"", ""name"": ""Electricity/Cellphone Bills""}, {""child"": ""Earn 1.4 Reward Points per ₹100 spent"", ""name"": ""Insurance""}, {""child"": ""Earn 0.5 Reward Points per ₹100 spent"", ""name"": ""Rent""}, {""child"": ""Earn 0.5 Reward Points per ₹100 spent"", ""name"": ""Utilities""}, {""child"": ""Earn 0.5 Reward Points per ₹100 spent"", ""name"": ""Wallets""}, {""child"": ""Earn 0.5 Reward Points per ₹100 spent"", ""name"": ""Education""}, {""child"": "" No Reward Points on this category."", ""name"": ""Fuel""}]","[{""title"": "" Discover Reward Points Redemption Options"", ""subtitle"": ""To explore the full range of redemption options for this card, download the SaveSage Club app now."", ""barCodeImageUrl"": ""/"", ""appUrl"": ""https://savesage.co/ZH8bLjZqSPb""}]",,[],[],,,,"[{""mainTitle"": ""Concierge"", ""child"": ""24x7 Concierge Services""}, {""mainTitle"": ""Insurance"", ""child"": ""Travel Insurance""}, {""mainTitle"": ""Insurance"", ""child"": ""Lost Baggage: Rs 1 lakh.""}, {""mainTitle"": ""Insurance"", ""child"": ""Delayed Baggage: Rs 25,000.""}, {""mainTitle"": ""Insurance"", ""child"": ""Loss of Passport: Rs 50,000.""}, {""mainTitle"": ""Insurance"", ""child"": ""Lost Ticket: Rs 25,000.""}, {""mainTitle"": ""Insurance"", ""child"": ""Missed Connection: Rs 25,000.""}, {""mainTitle"": ""Insurance"", ""child"": ""Air Accident Insurance: Rs 25 lakh.""}]","[""24x7 Concierge Services"", ""Travel Insurance"", ""Lost Baggage: Rs 1 lakh."", ""Delayed Baggage: Rs 25,000."", ""Loss of Passport: Rs 50,000."", ""Lost Ticket: Rs 25,000."", ""Missed Connection: Rs 25,000."", ""Air Accident Insurance: Rs 25 lakh.""]",,,,savesage.club,https://savesage.club/credit-card/indusind-platinum-aura-edge
IndusInd Club Vistara Explorer credit card,IndusInd Bank,IndusInd,,"[""Experience"", ""Travel Booking"", ""Hotel Transfer""]",40000,,,3% to 6%,"[{""child"": ""Earn 2 Reward Points per ₹200 spent"", ""name"": ""Base Rewards""}, {""child"": ""Earn 6 Reward Points per ₹200 spent"", ""name"": ""Hotels""}, {""child"": ""Earn 6 Reward Points per ₹200 spent"", ""name"": ""Travel""}, {""child"": ""Earn 6 Reward Points per ₹200 spent"", ""name"": ""Flights""}, {""child"": ""Earn 1 Reward Points per ₹200 spent"", ""name"": ""Insurance""}, {""child"": ""Earn 1 Reward Points per ₹200 spent"", ""name"": ""Utilities""}, {""child"": ""Earn 1 Reward Points per ₹200 spent"", ""name"": ""Government""}, {""child"": ""Earn 1 Reward Points per ₹200 spent"", ""name"": ""Fuel""}, {""child"": "" No Reward Points on this category."", ""name"": ""Wallets""}, {""child"": "" No Reward Points on this category."", ""name"": ""EMI""}, {""child"": "" No Reward Points on this category."", ""name"": ""Rent""}, {""child"": "" No Reward Points on this category."", ""name"": ""Jewellery""}]","[{""title"": "" Discover Reward Points Redemption Options"", ""subtitle"": ""To explore the full range of redemption options for this card, download the SaveSage Club app now."", ""barCodeImageUrl"": ""/"", ""appUrl"": ""https://savesage.co/ZH8bLjZqSPb""}]",,[],"[{""maintitle"": ""Domestic lounge"", ""limit"": [""1 per quarter""], ""eligibility"": [""No explicit spend condition""]}, {""maintitle"": ""International lounge"", ""limit"": [""16 per year""], ""eligibility"": [""4 Complimentary Lounge Access using Priority Pass.""]}]",,,,"[{""mainTitle"": ""BookMyShow"", ""child"": ""BOGO""}, {""mainTitle"": ""Concierge"", ""child"": ""24x7 Concierge Services""}, {""mainTitle"": ""EazyDiner"", ""child"": ""Get Rs 3,000 Off""}, {""mainTitle"": ""EazyDiner"", ""child"": ""Upto ₹3000 off""}, {""mainTitle"": ""Insurance"", ""child"": ""Air Accident Cover""}, {""mainTitle"": ""Priority Pass"", ""child"": ""Priority Pass""}]","[""BOGO"", ""24x7 Concierge Services"", ""Get Rs 3,000 Off"", ""Upto ₹3000 off"", ""Air Accident Cover"", ""Priority Pass""]",,,,savesage.club,https://savesage.club/credit-card/indusind-club-vistara-explorer
IndusInd Samman credit card,IndusInd Bank,IndusInd,,"[""Airline Transfer"", ""Travel Booking""]",0,,,1% to 3%,"[{""child"": ""Earn 1 Reward Points per ₹100 spent"", ""name"": ""Base Rewards""}, {""child"": ""Earn 1 Reward Points per ₹100 spent"", ""name"": ""Retail""}, {""child"": "" No Reward Points on this category."", ""name"": ""Jewellery""}, {""child"": "" No Reward Points on this category."", ""name"": ""Rent""}, {""child"": "" No Reward Points on this category."", ""name"": ""Utilities""}, {""child"": "" No Reward Points on this category."", ""name"": ""EMI""}, {""child"": "" No Reward Points on this category."", ""name"": ""Wallets""}, {""child"": "" No Reward Points on this category."", ""name"": ""Fuel""}]","[{""title"": "" Discover Reward Points Redemption Options"", ""subtitle"": ""To explore the full range of redemption options for this card, download the SaveSage Club app now."", ""barCodeImageUrl"": ""/"", ""appUrl"": ""https://savesage.co/ZH8bLjZqSPb""}]",,[],[],,,,"[{""mainTitle"": ""BookMyShow"", ""child"": ""One Free Movie Ticket Every""}]","[""One Free Movie Ticket Every""]",,,,savesage.club,https://savesage.club/credit-card/indusind-samman
IndusInd Solitaire credit card,IndusInd Bank,IndusInd,,"[""Airline Transfer"", ""Travel Booking""]",30000,,,2% to 5%,"[{""child"": ""Earn 1 Reward Points per ₹100 spent"", ""name"": ""Base Rewards""}, {""child"": ""Earn null Reward Points per ₹100 spent"", ""name"": ""Wallets""}, {""child"": ""Earn 0.7 Reward Points per ₹100 spent"", ""name"": ""Government""}, {""child"": ""Earn 0.7 Reward Points per ₹100 spent"", ""name"": ""Utilities""}, {""child"": ""Earn 0.7 Reward Points per ₹100 spent"", ""name"": ""Insurance""}, {""child"": ""Earn 0.7 Reward Points per ₹100 spent"", ""name"": ""Education""}, {""child"": ""Earn 0.7 Reward Points per ₹100 spent"", ""name"": ""Rent""}, {""child"": "" No Reward Points on this category."", ""name"": ""Fuel""}, {""child"": "" No Reward Points on this category."", ""name"": ""Jewellery""}, {""child"": "" No Reward Points on this category."", ""name"": ""EMI""}]","[{""title"": "" Discover Reward Points Redemption Options"", ""subtitle"": ""To explore the full range of redemption options for this card, download the SaveSage Club app now."", ""barCodeImageUrl"": ""/"", ""appUrl"": ""https://savesage.co/ZH8bLjZqSPb""}]",,"[{""milestoneNumber"": 1, ""spent"": 1, ""cycleType"": ""STATEMENT"", ""benefits"": ""5000 Bonus Reward Points"", ""milestoneType"": ""DAYS""}]","[{""maintitle"": ""Domestic lounge"", ""limit"": [""4 per quarter""], ""eligibility"": [""No explicit spend condition""]}, {""maintitle"": ""International lounge"", ""limit"": [""4 per  quarter""], ""eligibility"": [""No explicit spend condition""]}]",,,,"[{""mainTitle"": ""EazyDiner"", ""child"": ""EazyDiner Prime""}, {""mainTitle"": ""Golf"", ""child"": ""Complimentary Golf Rounds""}, {""mainTitle"": ""Moneycontrol Pro"", ""child"": ""Moneycontrol Pro""}, {""mainTitle"": ""Taj Epicure Preferred"", ""child"": ""Taj Epicure Preferred""}]","[""EazyDiner Prime"", ""Complimentary Golf Rounds"", ""Moneycontrol Pro"", ""Taj Epicure Preferred""]",,,,savesage.club,https://savesage.club/credit-card/indusind-solitaire
IndusInd Nexxt credit card,IndusInd Bank,IndusInd,,[],10000,,,NA,"[{""child"": ""Earn 1 Reward Points per ₹150 spent"", ""name"": ""Base Rewards""}, {""child"": "" No Reward Points on this category."", ""name"": ""EMI""}, {""child"": "" No Reward Points on this category."", ""name"": ""Jewellery""}, {""child"": "" No Reward Points on this category."", ""name"": ""Rent""}, {""child"": "" No Reward Points on this category."", ""name"": ""Utilities""}, {""child"": "" No Reward Points on this category."", ""name"": ""Wallets""}, {""child"": "" No Reward Points on this category."", ""name"": ""Fuel""}]","[{""title"": "" Discover Reward Points Redemption Options"", ""subtitle"": ""To explore the full range of redemption options for this card, download the SaveSage Club app now."", ""barCodeImageUrl"": ""/"", ""appUrl"": ""https://savesage.co/ZH8bLjZqSPb""}]",,[],[],,,,"[{""mainTitle"": ""BookMyShow"", ""child"": ""Buy One Get One Free""}]","[""Buy One Get One Free""]",,,,savesage.club,https://savesage.club/credit-card/indusind-nexxt
IndusInd Duo Plus credit card,IndusInd Bank,IndusInd,,"[""Experience"", ""Travel Booking"", ""Hotel Transfer""]",1500,,,0.5% to 1.5%,"[{""child"": ""Earn 1 Reward Points per ₹150 spent"", ""name"": ""Base Rewards""}, {""child"": "" No Reward Points on this category."", ""name"": ""Utilities""}, {""child"": "" No Reward Points on this category."", ""name"": ""Wallets""}, {""child"": "" No Reward Points on this category."", ""name"": ""Fuel""}, {""child"": "" No Reward Points on this category."", ""name"": ""EMI""}, {""child"": "" No Reward Points on this category."", ""name"": ""Jewellery""}, {""child"": "" No Reward Points on this category."", ""name"": ""Rent""}]","[{""title"": "" Discover Reward Points Redemption Options"", ""subtitle"": ""To explore the full range of redemption options for this card, download the SaveSage Club app now."", ""barCodeImageUrl"": ""/"", ""appUrl"": ""https://savesage.co/ZH8bLjZqSPb""}]",,[],[],,,,"[{""mainTitle"": ""BookMyShow"", ""child"": ""Buy One Get One Free""}]","[""Buy One Get One Free""]",,,,savesage.club,https://savesage.club/credit-card/indusind-duo-plus
IndusInd Crest credit card,IndusInd Bank,IndusInd,,"[""Experience"", ""Travel Booking"", ""Hotel Transfer""]",75000,,,2% to 4%,"[{""child"": ""Earn 1 Reward Points per ₹100 spent"", ""name"": ""Base Rewards""}, {""child"": ""Earn 2.5 Reward Points per ₹100 spent"", ""name"": ""International""}, {""child"": "" No Reward Points on this category."", ""name"": ""Jewellery""}, {""child"": "" No Reward Points on this category."", ""name"": ""Rent""}, {""child"": "" No Reward Points on this category."", ""name"": ""Utilities""}, {""child"": "" No Reward Points on this category."", ""name"": ""Wallets""}, {""child"": "" No Reward Points on this category."", ""name"": ""Fuel""}, {""child"": "" No Reward Points on this category."", ""name"": ""EMI""}]","[{""title"": "" Discover Reward Points Redemption Options"", ""subtitle"": ""To explore the full range of redemption options for this card, download the SaveSage Club app now."", ""barCodeImageUrl"": ""/"", ""appUrl"": ""https://savesage.co/ZH8bLjZqSPb""}]",,"[{""milestoneNumber"": 1, ""spent"": 0, ""cycleType"": ""STATEMENT"", ""benefits"": ""Club ITC Culinaire membership"", ""milestoneType"": ""YEAR""}, {""milestoneNumber"": 2, ""spent"": 1000000, ""cycleType"": ""STATEMENT"", ""benefits"": ""The renewal fee will be waived."", ""milestoneType"": ""YEAR""}]","[{""maintitle"": ""International lounge"", ""limit"": [""2 per quarter""], ""eligibility"": [""No explicit spend condition""]}, {""maintitle"": ""Domestic lounge"", ""limit"": [""2 per quarter""], ""eligibility"": [""card should have been used for a minimum amount of ₹2,500 for purchase transactions during the billing month.""]}, {""maintitle"": ""Add on card domestic lounge"", ""limit"": [""2 per quarter""], ""eligibility"": [""As per primary card.""]}]",,,,"[{""mainTitle"": ""BookMyShow"", ""child"": ""Buy One Get One Free""}, {""mainTitle"": ""CLUB ITC"", ""child"": ""Club ITC Culinaire membership""}, {""mainTitle"": ""EazyDiner"", ""child"": ""Upto ₹3000 off""}, {""mainTitle"": ""Golf"", ""child"": ""Complimentary Golf Rounds/Lessons""}, {""mainTitle"": ""Insurance"", ""child"": ""Personal Accident""}]","[""Buy One Get One Free"", ""Club ITC Culinaire membership"", ""Upto ₹3000 off"", ""Complimentary Golf Rounds/Lessons"", ""Personal Accident""]",,,,savesage.club,https://savesage.club/credit-card/indusind-crest
IndusInd Celesta credit card,IndusInd Bank,IndusInd,,"[""Experience"", ""Travel Booking"", ""Hotel Transfer""]",25000,,,1% to 2%,"[{""child"": ""Earn 1 Reward Points per ₹100 spent"", ""name"": ""Base Rewards""}, {""child"": ""Earn 3 Reward Points per ₹100 spent"", ""name"": ""International""}, {""child"": ""Earn 0.7 Reward Points per ₹100 spent"", ""name"": ""Utilities""}, {""child"": ""Earn 0.7 Reward Points per ₹100 spent"", ""name"": ""Government""}, {""child"": ""Earn 0.7 Reward Points per ₹100 spent"", ""name"": ""Insurance""}, {""child"": ""Earn 0.7 Reward Points per ₹100 spent"", ""name"": ""Education""}, {""child"": "" No Reward Points on this category."", ""name"": ""Wallets""}, {""child"": "" No Reward Points on this category."", ""name"": ""Fuel""}, {""child"": "" No Reward Points on this category."", ""name"": ""EMI""}, {""child"": "" No Reward Points on this category."", ""name"": ""Rent""}, {""child"": "" No Reward Points on this category."", ""name"": ""Jewellery""}]","[{""title"": "" Discover Reward Points Redemption Options"", ""subtitle"": ""To explore the full range of redemption options for this card, download the SaveSage Club app now."", ""barCodeImageUrl"": ""/"", ""appUrl"": ""https://savesage.co/ZH8bLjZqSPb""}]",,"[{""milestoneNumber"": 1, ""spent"": 1000000, ""cycleType"": ""STATEMENT"", ""benefits"": ""The renewal fee will be waived."", ""milestoneType"": ""YEAR""}]","[{""maintitle"": ""Domestic lounge"", ""limit"": [""Unlimited""], ""eligibility"": [""No explicit spend condition""]}, {""maintitle"": ""International lounge"", ""limit"": [""2 per quarter""], ""eligibility"": [""2 Complimentary Lounge Access using Priority Pass.""]}]",,,,"[{""mainTitle"": ""BookMyShow"", ""child"": ""Buy One Get One Free""}, {""mainTitle"": ""Dining"", ""child"": ""Sumptuous Beginnings Program""}, {""mainTitle"": ""EazyDiner"", ""child"": ""Upto ₹3000 off""}, {""mainTitle"": ""EazyDiner"", ""child"": ""Complimentary EazyDiner membership""}, {""mainTitle"": ""Golf"", ""child"": ""Complimentary Golf Rounds/Lessons""}, {""mainTitle"": ""Insurance"", ""child"": ""Air Accident Cover""}]","[""Buy One Get One Free"", ""Sumptuous Beginnings Program"", ""Upto ₹3000 off"", ""Complimentary EazyDiner membership"", ""Complimentary Golf Rounds/Lessons"", ""Air Accident Cover""]",,,,savesage.club,https://savesage.club/credit-card/indusind-celesta
IndusInd Indulge credit card,IndusInd Bank,IndusInd,,"[""Experience"", ""Catalogue Products""]",75000,,,0.5% to 1.5%,"[{""child"": ""Earn 1.5 Reward Points per ₹100 spent"", ""name"": ""Base Rewards""}, {""child"": ""Earn 0.7 Reward Points per ₹100 spent"", ""name"": ""Rent""}, {""child"": ""Earn 0.7 Reward Points per ₹100 spent"", ""name"": ""Utilities""}, {""child"": "" No Reward Points on this category."", ""name"": ""Wallets""}, {""child"": "" No Reward Points on this category."", ""name"": ""Jewellery""}, {""child"": "" No Reward Points on this category."", ""name"": ""EMI""}, {""child"": "" No Reward Points on this category."", ""name"": ""Fuel""}]","[{""title"": "" Discover Reward Points Redemption Options"", ""subtitle"": ""To explore the full range of redemption options for this card, download the SaveSage Club app now."", ""barCodeImageUrl"": ""/"", ""appUrl"": ""https://savesage.co/ZH8bLjZqSPb""}]",,"[{""milestoneNumber"": 1, ""spent"": 1000000, ""cycleType"": ""STATEMENT"", ""benefits"": ""The renewal fee will be waived."", ""milestoneType"": ""YEAR""}]","[{""maintitle"": ""Domestic lounge"", ""limit"": [""6 per quarter""], ""eligibility"": [""No explicit spend condition""]}, {""maintitle"": ""International lounge"", ""limit"": [""Unlimited""], ""eligibility"": [""Complimentary Lounge Access using Priority Pass.""]}]",,,,"[{""mainTitle"": ""BookMyShow"", ""child"": ""Buy One Get One Free""}, {""mainTitle"": ""Concierge"", ""child"": ""24x7 Concierge Services""}, {""mainTitle"": ""EazyDiner"", ""child"": ""Upto ₹3000 off""}, {""mainTitle"": ""Golf"", ""child"": ""Complimentary Golf Rounds""}, {""mainTitle"": ""Insurance"", ""child"": ""Air Accident Cover""}]","[""Buy One Get One Free"", ""24x7 Concierge Services"", ""Upto ₹3000 off"", ""Complimentary Golf Rounds"", ""Air Accident Cover""]",,,,savesage.club,https://savesage.club/credit-card/indusind-indulge