Transfer From,Transfer To,From Category,To Category,Ratio,Ratio Float,Transfer Time,Via,Notes
ANA Mileage Club,AerClub,AIRLINE,AIRLINE,3:1,3.0,Up to 7 days + Up to 3 Days,Marriott Bonvoy,Estimated via Marriott Bonvoy.
ANA Mileage Club,Aeromexico Rewards,AIRLINE,AIRLINE,3:1,3.0,Up to 7 days + Up to 4 Days,Marriott Bonvoy,Estimated via Marriott Bonvoy.
ANA Mileage Club,Aeroplan,AIRLINE,AIRLINE,3:1,3.0,Up to 7 days + Up to 4 Days,Marriott Bonvoy,Estimated via Marriott Bonvoy.
ANA Mileage Club,American Airlines AAdvantage,AIRLINE,AIRLINE,3:1,3.0,Up to 7 days + 1 to 7 days,Marriott Bonvoy,Estimated via Marriott Bonvoy.
ANA Mileage Club,Asia Miles (Cathay),AIRLINE,AIRLINE,3:1,3.0,Up to 7 days + Up to 5 Days,Marriott Bonvoy,Estimated via Marriott Bonvoy.
ANA Mileage Club,Asiana Club,AIRLINE,AIRLINE,3:1,3.0,Up to 7 days + Up to 4 Days,Marriott Bonvoy,Estimated via Marriott Bonvoy.
ANA Mileage Club,Atmos Rewards,AIRLINE,AIRLINE,3:1,3.0,Up to 7 days + Up to 4 Days,Marriott Bonvoy,Estimated via Marriott Bonvoy.
ANA Mileage Club,British Airways Executive Club,AIRLINE,AIRLINE,3:1,3.0,Up to 7 days + Up to 3 Days,Marriott Bonvoy,Estimated via Marriott Bonvoy.
ANA Mileage Club,ConnectMiles,AIRLINE,AIRLINE,3:1,3.0,Up to 7 days + 1 to 7 days,Marriott Bonvoy,Estimated via Marriott Bonvoy.
ANA Mileage Club,Delta SkyMiles,AIRLINE,AIRLINE,3:1,3.0,Up to 7 days + Up to 1 Day,Marriott Bonvoy,Estimated via Marriott Bonvoy.
ANA Mileage Club,Emirates Skywards,AIRLINE,AIRLINE,3:1,3.0,Up to 7 days + Up to 3 Days,Marriott Bonvoy,Estimated via Marriott Bonvoy.
ANA Mileage Club,Etihad Guest,AIRLINE,AIRLINE,3:1,3.0,Up to 7 days + Up to 3 Days,Marriott Bonvoy,Estimated via Marriott Bonvoy.
ANA Mileage Club,Flying Blue,AIRLINE,AIRLINE,3:1,3.0,Up to 7 days + Up to 3 Days,Marriott Bonvoy,Estimated via Marriott Bonvoy.
ANA Mileage Club,Fortune Wings Club,AIRLINE,AIRLINE,3:1,3.0,Up to 7 days + Up to 8 Days,Marriott Bonvoy,Estimated via Marriott Bonvoy.
ANA Mileage Club,Frontier Miles,AIRLINE,AIRLINE,3:1,3.0,Up to 7 days + Up to 30 Days,Marriott Bonvoy,Estimated via Marriott Bonvoy.
ANA Mileage Club,Iberia Club,AIRLINE,AIRLINE,3:1,3.0,Up to 7 days + Up to 1 Day,Marriott Bonvoy,Estimated via Marriott Bonvoy.
ANA Mileage Club,JAL Mileage Bank,AIRLINE,AIRLINE,3:1,3.0,Up to 7 days + Up to 2 Days,Marriott Bonvoy,Estimated via Marriott Bonvoy.
ANA Mileage Club,KrisFlyer,AIRLINE,AIRLINE,3:1,3.0,Up to 7 days + 1 to 7 days,Marriott Bonvoy,Estimated via Marriott Bonvoy.
ANA Mileage Club,LATAM Pass,AIRLINE,AIRLINE,3:1,3.0,Up to 7 days + 1 to 7 days,Marriott Bonvoy,Estimated via Marriott Bonvoy.
ANA Mileage Club,LifeMiles,AIRLINE,AIRLINE,3:1,3.0,Up to 7 days + 1 to 7 days,Marriott Bonvoy,Estimated via Marriott Bonvoy.
ANA Mileage Club,Marriott Bonvoy,AIRLINE,HOTEL,1:1,1.0,Up to 7 days,Direct,
ANA Mileage Club,MileagePlus,AIRLINE,AIRLINE,3:1,3.0,Up to 7 days + 1 to 7 days,Marriott Bonvoy,Estimated via Marriott Bonvoy.
ANA Mileage Club,Miles & Smiles,AIRLINE,AIRLINE,3:1,3.0,Up to 7 days + 1 to 7 days,Marriott Bonvoy,Estimated via Marriott Bonvoy.
ANA Mileage Club,Miles-Bonus,AIRLINE,AIRLINE,3:1,3.0,Up to 7 days + Up to 3 Days,Marriott Bonvoy,Estimated via Marriott Bonvoy.
ANA Mileage Club,Phoenix Miles,AIRLINE,AIRLINE,3:1,3.0,Up to 7 days + 1 to 7 days,Marriott Bonvoy,Estimated via Marriott Bonvoy.
ANA Mileage Club,Qantas Frequent Flyer,AIRLINE,AIRLINE,3:1,3.0,Up to 7 days + 1 to 7 days,Marriott Bonvoy,Estimated via Marriott Bonvoy.
ANA Mileage Club,Qatar Privilege Club,AIRLINE,AIRLINE,3:1,3.0,Up to 7 days + Up to 3 Days,Marriott Bonvoy,Estimated via Marriott Bonvoy.
ANA Mileage Club,Rapid Rewards,AIRLINE,AIRLINE,3:1,3.0,Up to 7 days + 1 to 7 days,Marriott Bonvoy,Estimated via Marriott Bonvoy.
ANA Mileage Club,Royal Orchid Plus,AIRLINE,AIRLINE,3:1,3.0,Up to 7 days + 1 to 7 days,Marriott Bonvoy,Estimated via Marriott Bonvoy.
ANA Mileage Club,Saudia Alfursan,AIRLINE,AIRLINE,3:1,3.0,Up to 7 days + 1 to 7 days,Marriott Bonvoy,Estimated via Marriott Bonvoy.
ANA Mileage Club,ShebaMiles,AIRLINE,AIRLINE,3:1,3.0,Up to 7 days + 1 to 7 days,Marriott Bonvoy,Estimated via Marriott Bonvoy.
ANA Mileage Club,Sky Pearl Club,AIRLINE,AIRLINE,3:1,3.0,Up to 7 days + 1 to 7 days,Marriott Bonvoy,Estimated via Marriott Bonvoy.
ANA Mileage Club,Tap Miles & Go,AIRLINE,AIRLINE,3:1,3.0,Up to 7 days + 1 to 7 days,Marriott Bonvoy,Estimated via Marriott Bonvoy.
ANA Mileage Club,Velocity,AIRLINE,AIRLINE,3:1,3.0,Up to 7 days + 1 to 7 days,Marriott Bonvoy,Estimated via Marriott Bonvoy.
ANA Mileage Club,Virgin Atlantic Flying Club,AIRLINE,AIRLINE,3:1,3.0,Up to 7 days + 1 to 7 days,Marriott Bonvoy,Estimated via Marriott Bonvoy.
ANA Mileage Club,Vueling Club,AIRLINE,AIRLINE,3:1,3.0,Up to 7 days + 1 to 7 days,Marriott Bonvoy,Estimated via Marriott Bonvoy.
AU Zenith,Maharaja Club,CREDIT_CARD,AIRLINE,6:1,6.0,3 to 5 days,Direct,
AU Zenith Plus,Maharaja Club,CREDIT_CARD,AIRLINE,3:2,1.5,3 to 5 days,Direct,
Accor Live Limitless,AerClub,HOTEL,AIRLINE,2:1,2.0,7 to 10 days + Instant,British Airways Executive Club,Estimated via British Airways Executive Club.
Accor Live Limitless,AerClub,HOTEL,AIRLINE,77:50,1.54,7 to 10 days + Instant,Finnair Plus,Estimated via Finnair Plus.
Accor Live Limitless,AerClub,HOTEL,AIRLINE,1:1,1.0,7 to 10 days + Instant,Iberia Club,Estimated via Iberia Club.
Accor Live Limitless,AerClub,HOTEL,AIRLINE,2:1,2.0,7 to 10 days + Instant,Qatar Privilege Club,Estimated via Qatar Privilege Club.
Accor Live Limitless,Aeromexico Rewards,HOTEL,AIRLINE,2:1,2.0,7 to 10 days,Direct,
Accor Live Limitless,Aeroplan,HOTEL,AIRLINE,2:1,2.0,7 to 10 days,Direct,
Accor Live Limitless,Asia Miles (Cathay),HOTEL,AIRLINE,2:1,2.0,7 to 10 days,Direct,
Accor Live Limitless,British Airways Executive Club,HOTEL,AIRLINE,2:1,2.0,7 to 10 days,Direct,
Accor Live Limitless,British Airways Executive Club,HOTEL,AIRLINE,77:50,1.54,7 to 10 days + Instant,Finnair Plus,Estimated via Finnair Plus.
Accor Live Limitless,British Airways Executive Club,HOTEL,AIRLINE,1:1,1.0,7 to 10 days + Instant,Iberia Club,Estimated via Iberia Club.
Accor Live Limitless,British Airways Executive Club,HOTEL,AIRLINE,2:1,2.0,7 to 10 days + Instant,Qatar Privilege Club,Estimated via Qatar Privilege Club.
Accor Live Limitless,Delta SkyMiles,HOTEL,AIRLINE,2:1,2.0,7 to 10 days,Direct,
Accor Live Limitless,Emirates Skywards,HOTEL,AIRLINE,2:1,2.0,7 to 10 days,Direct,
Accor Live Limitless,Etihad Guest,HOTEL,AIRLINE,2:1,2.0,7 to 10 days,Direct,
Accor Live Limitless,FalconFlyer,HOTEL,AIRLINE,2:1,2.0,7 to 10 days,Direct,
Accor Live Limitless,Finnair Plus,HOTEL,AIRLINE,2:1,2.0,7 to 10 days + Instant,British Airways Executive Club,Estimated via British Airways Executive Club.
Accor Live Limitless,Finnair Plus,HOTEL,AIRLINE,77:50,1.54,7 to 10 days,Direct,
Accor Live Limitless,Finnair Plus,HOTEL,AIRLINE,1:1,1.0,7 to 10 days + Instant,Iberia Club,Estimated via Iberia Club.
Accor Live Limitless,Finnair Plus,HOTEL,AIRLINE,2:1,2.0,7 to 10 days + Instant,Qatar Privilege Club,Estimated via Qatar Privilege Club.
Accor Live Limitless,Flying Blue,HOTEL,AIRLINE,1:1,1.0,7 to 10 days,Direct,
Accor Live Limitless,Iberia Club,HOTEL,AIRLINE,2:1,2.0,7 to 10 days + Instant,British Airways Executive Club,Estimated via British Airways Executive Club.
Accor Live Limitless,Iberia Club,HOTEL,AIRLINE,1:1,1.0,7 to 10 days,Direct,
Accor Live Limitless,Iberia Club,HOTEL,AIRLINE,77:50,1.54,7 to 10 days + Instant,Finnair Plus,Estimated via Finnair Plus.
Accor Live Limitless,Iberia Club,HOTEL,AIRLINE,2:1,2.0,7 to 10 days + Instant,Qatar Privilege Club,Estimated via Qatar Privilege Club.
Accor Live Limitless,JAL Mileage Bank,HOTEL,AIRLINE,2:1,2.0,7 to 10 days,Direct,
Accor Live Limitless,Juneyao Air,HOTEL,AIRLINE,93:7,13.3,7 to 10 days,Direct,
Accor Live Limitless,KrisFlyer,HOTEL,AIRLINE,2:1,2.0,7 to 10 days,Direct,
Accor Live Limitless,LATAM Pass,HOTEL,AIRLINE,2:1,2.0,7 to 10 days,Direct,
Accor Live Limitless,LifeMiles,HOTEL,AIRLINE,2:1,2.0,7 to 10 days,Direct,
Accor Live Limitless,Lotusmiles,HOTEL,AIRLINE,3:2,1.5,7 to 10 days,Direct,
Accor Live Limitless,Marriott Bonvoy,HOTEL,HOTEL,2:1,2.0,7 to 10 days + Up to 7 days,Aeroplan,Estimated via Aeroplan.
Accor Live Limitless,Marriott Bonvoy,HOTEL,HOTEL,4:1,4.0,7 to 10 days + Up to 7 days,Asia Miles (Cathay),Estimated via Asia Miles (Cathay).
Accor Live Limitless,Marriott Bonvoy,HOTEL,HOTEL,3:1,3.0,7 to 10 days + Up to 7 days,Emirates Skywards,Estimated via Emirates Skywards.
Accor Live Limitless,Marriott Bonvoy,HOTEL,HOTEL,8:3,2.6666666666666665,7 to 10 days + Up to 7 days,JAL Mileage Bank,Estimated via JAL Mileage Bank.
Accor Live Limitless,Marriott Bonvoy,HOTEL,HOTEL,8:3,2.6666666666666665,7 to 10 days + Up to 7 days,KrisFlyer,Estimated via KrisFlyer.
Accor Live Limitless,Marriott Bonvoy,HOTEL,HOTEL,2:1,2.0,7 to 10 days + Up to 7 days,MileagePlus,Estimated via MileagePlus.
Accor Live Limitless,Marriott Bonvoy,HOTEL,HOTEL,4:1,4.0,7 to 10 days + Up to 7 days,Qatar Privilege Club,Estimated via Qatar Privilege Club.
Accor Live Limitless,MileagePlus,HOTEL,AIRLINE,2:1,2.0,7 to 10 days,Direct,
Accor Live Limitless,Miles-Bonus,HOTEL,AIRLINE,2:1,2.0,7 to 10 days,Direct,
Accor Live Limitless,Phoenix Miles,HOTEL,AIRLINE,5:4,1.25,7 to 10 days,Direct,
Accor Live Limitless,Qantas Frequent Flyer,HOTEL,AIRLINE,4:5,0.8,7 to 10 days,Direct,
Accor Live Limitless,Qatar Privilege Club,HOTEL,AIRLINE,2:1,2.0,7 to 10 days + Instant,British Airways Executive Club,Estimated via British Airways Executive Club.
Accor Live Limitless,Qatar Privilege Club,HOTEL,AIRLINE,2:1,2.0,7 to 10 days,Direct,
Accor Live Limitless,Qatar Privilege Club,HOTEL,AIRLINE,77:50,1.54,7 to 10 days + Instant,Finnair Plus,Estimated via Finnair Plus.
Accor Live Limitless,Qatar Privilege Club,HOTEL,AIRLINE,1:1,1.0,7 to 10 days + Instant,Iberia Club,Estimated via Iberia Club.
Accor Live Limitless,Royal Orchid Plus,HOTEL,AIRLINE,2:1,2.0,7 to 10 days,Direct,
Accor Live Limitless,Skypass,HOTEL,AIRLINE,2:1,2.0,7 to 10 days,Direct,
Accor Live Limitless,Smiles GOL,HOTEL,AIRLINE,2:1,2.0,7 to 10 days,Direct,
Accor Live Limitless,Suma,HOTEL,DEFAULT,1:1,1.0,7 to 10 days,Direct,
Accor Live Limitless,Tap Miles & Go,HOTEL,AIRLINE,2:1,2.0,7 to 10 days,Direct,
Accor Live Limitless,Velocity,HOTEL,AIRLINE,1:1,1.0,7 to 10 days,Direct,
Accor Live Limitless,Vueling Club,HOTEL,AIRLINE,2:1,2.0,7 to 10 days + Instant,British Airways Executive Club,Estimated via British Airways Executive Club.
Accor Live Limitless,Vueling Club,HOTEL,AIRLINE,77:50,1.54,7 to 10 days + Instant,Finnair Plus,Estimated via Finnair Plus.
Accor Live Limitless,Vueling Club,HOTEL,AIRLINE,1:1,1.0,7 to 10 days + Instant,Iberia Club,Estimated via Iberia Club.
Accor Live Limitless,Vueling Club,HOTEL,AIRLINE,2:1,2.0,7 to 10 days + Instant,Qatar Privilege Club,Estimated via Qatar Privilege Club.
AerClub,Accor Live Limitless,AIRLINE,HOTEL,23:5,4.6000000000000005,Instant + Up to 7 days,Finnair Plus,Estimated via Finnair Plus.
AerClub,Accor Live Limitless,AIRLINE,HOTEL,7:2,3.5,Instant + Up to 7 days,Qatar Privilege Club,Estimated via Qatar Privilege Club.
AerClub,British Airways Executive Club,AIRLINE,AIRLINE,1:1,1.0,Instant,Direct,Avios transfer
AerClub,British Airways Executive Club,AIRLINE,AIRLINE,1:1,1.0,Instant + Instant,Finnair Plus,Estimated via Finnair Plus.
AerClub,British Airways Executive Club,AIRLINE,AIRLINE,1:1,1.0,Instant + Instant,Iberia Club,Estimated via Iberia Club.
AerClub,British Airways Executive Club,AIRLINE,AIRLINE,1:1,1.0,Instant + Instant,Qatar Privilege Club,Estimated via Qatar Privilege Club.
AerClub,British Airways Executive Club,AIRLINE,AIRLINE,1:1,1.0,Instant + Instant,Vueling Club,Estimated via Vueling Club.
AerClub,Finnair Plus,AIRLINE,AIRLINE,1:1,1.0,Instant + Instant,British Airways Executive Club,Estimated via British Airways Executive Club.
AerClub,Finnair Plus,AIRLINE,AIRLINE,1:1,1.0,Instant,Direct,Avios transfer
AerClub,Finnair Plus,AIRLINE,AIRLINE,1:1,1.0,Instant + Instant,Iberia Club,Estimated via Iberia Club.
AerClub,Finnair Plus,AIRLINE,AIRLINE,1:1,1.0,Instant + Instant,Qatar Privilege Club,Estimated via Qatar Privilege Club.
AerClub,Finnair Plus,AIRLINE,AIRLINE,1:1,1.0,Instant + Instant,Vueling Club,Estimated via Vueling Club.
AerClub,Iberia Club,AIRLINE,AIRLINE,1:1,1.0,Instant + Instant,British Airways Executive Club,Estimated via British Airways Executive Club.
AerClub,Iberia Club,AIRLINE,AIRLINE,1:1,1.0,Instant,Direct,Avios transfer
AerClub,Iberia Club,AIRLINE,AIRLINE,1:1,1.0,Instant + Instant,Finnair Plus,Estimated via Finnair Plus.
AerClub,Iberia Club,AIRLINE,AIRLINE,1:1,1.0,Instant + Instant,Qatar Privilege Club,Estimated via Qatar Privilege Club.
AerClub,Iberia Club,AIRLINE,AIRLINE,1:1,1.0,Instant + Instant,Vueling Club,Estimated via Vueling Club.
AerClub,Marriott Bonvoy,AIRLINE,HOTEL,2:1,2.0,Instant + Up to 7 days,Qatar Privilege Club,Estimated via Qatar Privilege Club.
AerClub,Qatar Privilege Club,AIRLINE,AIRLINE,1:1,1.0,Instant + Instant,British Airways Executive Club,Estimated via British Airways Executive Club.
AerClub,Qatar Privilege Club,AIRLINE,AIRLINE,1:1,1.0,Instant,Direct,Avios transfer
AerClub,Qatar Privilege Club,AIRLINE,AIRLINE,1:1,1.0,Instant + Instant,Finnair Plus,Estimated via Finnair Plus.
AerClub,Qatar Privilege Club,AIRLINE,AIRLINE,1:1,1.0,Instant + Instant,Iberia Club,Estimated via Iberia Club.
AerClub,Qatar Privilege Club,AIRLINE,AIRLINE,1:1,1.0,Instant + Instant,Vueling Club,Estimated via Vueling Club.
AerClub,Vueling Club,AIRLINE,AIRLINE,1:1,1.0,Instant + Instant,British Airways Executive Club,Estimated via British Airways Executive Club.
AerClub,Vueling Club,AIRLINE,AIRLINE,1:1,1.0,Instant,Direct,Avios transfer
AerClub,Vueling Club,AIRLINE,AIRLINE,1:1,1.0,Instant + Instant,Finnair Plus,Estimated via Finnair Plus.
AerClub,Vueling Club,AIRLINE,AIRLINE,1:1,1.0,Instant + Instant,Iberia Club,Estimated via Iberia Club.
AerClub,Vueling Club,AIRLINE,AIRLINE,1:1,1.0,Instant + Instant,Qatar Privilege Club,Estimated via Qatar Privilege Club.
Aeroplan,ANA Mileage Club,AIRLINE,AIRLINE,3:1,3.0,Up to 7 days + Up to 4 Days,Marriott Bonvoy,Estimated via Marriott Bonvoy.
Aeroplan,AerClub,AIRLINE,AIRLINE,3:1,3.0,Up to 7 days + Up to 3 Days,Marriott Bonvoy,Estimated via Marriott Bonvoy.
Aeroplan,Aeromexico Rewards,AIRLINE,AIRLINE,3:1,3.0,Up to 7 days + Up to 4 Days,Marriott Bonvoy,Estimated via Marriott Bonvoy.
Aeroplan,American Airlines AAdvantage,AIRLINE,AIRLINE,3:1,3.0,Up to 7 days + 1 to 7 days,Marriott Bonvoy,Estimated via Marriott Bonvoy.
Aeroplan,Asia Miles (Cathay),AIRLINE,AIRLINE,3:1,3.0,Up to 7 days + Up to 5 Days,Marriott Bonvoy,Estimated via Marriott Bonvoy.
Aeroplan,Asiana Club,AIRLINE,AIRLINE,3:1,3.0,Up to 7 days + Up to 4 Days,Marriott Bonvoy,Estimated via Marriott Bonvoy.
Aeroplan,Atmos Rewards,AIRLINE,AIRLINE,3:1,3.0,Up to 7 days + Up to 4 Days,Marriott Bonvoy,Estimated via Marriott Bonvoy.
Aeroplan,British Airways Executive Club,AIRLINE,AIRLINE,3:1,3.0,Up to 7 days + Up to 3 Days,Marriott Bonvoy,Estimated via Marriott Bonvoy.
Aeroplan,ConnectMiles,AIRLINE,AIRLINE,3:1,3.0,Up to 7 days + 1 to 7 days,Marriott Bonvoy,Estimated via Marriott Bonvoy.
Aeroplan,Delta SkyMiles,AIRLINE,AIRLINE,3:1,3.0,Up to 7 days + Up to 1 Day,Marriott Bonvoy,Estimated via Marriott Bonvoy.
Aeroplan,Emirates Skywards,AIRLINE,AIRLINE,3:1,3.0,Up to 7 days + Up to 3 Days,Marriott Bonvoy,Estimated via Marriott Bonvoy.
Aeroplan,Etihad Guest,AIRLINE,AIRLINE,3:1,3.0,Up to 7 days + Up to 3 Days,Marriott Bonvoy,Estimated via Marriott Bonvoy.
Aeroplan,Flying Blue,AIRLINE,AIRLINE,3:1,3.0,Up to 7 days + Up to 3 Days,Marriott Bonvoy,Estimated via Marriott Bonvoy.
Aeroplan,Fortune Wings Club,AIRLINE,AIRLINE,3:1,3.0,Up to 7 days + Up to 8 Days,Marriott Bonvoy,Estimated via Marriott Bonvoy.
Aeroplan,Frontier Miles,AIRLINE,AIRLINE,3:1,3.0,Up to 7 days + Up to 30 Days,Marriott Bonvoy,Estimated via Marriott Bonvoy.
Aeroplan,Iberia Club,AIRLINE,AIRLINE,3:1,3.0,Up to 7 days + Up to 1 Day,Marriott Bonvoy,Estimated via Marriott Bonvoy.
Aeroplan,JAL Mileage Bank,AIRLINE,AIRLINE,3:1,3.0,Up to 7 days + Up to 2 Days,Marriott Bonvoy,Estimated via Marriott Bonvoy.
Aeroplan,KrisFlyer,AIRLINE,AIRLINE,3:1,3.0,Up to 7 days + 1 to 7 days,Marriott Bonvoy,Estimated via Marriott Bonvoy.
Aeroplan,LATAM Pass,AIRLINE,AIRLINE,3:1,3.0,Up to 7 days + 1 to 7 days,Marriott Bonvoy,Estimated via Marriott Bonvoy.
Aeroplan,LifeMiles,AIRLINE,AIRLINE,3:1,3.0,Up to 7 days + 1 to 7 days,Marriott Bonvoy,Estimated via Marriott Bonvoy.
Aeroplan,Marriott Bonvoy,AIRLINE,HOTEL,1:1,1.0,Up to 7 days,Direct,
Aeroplan,MileagePlus,AIRLINE,AIRLINE,3:1,3.0,Up to 7 days + 1 to 7 days,Marriott Bonvoy,Estimated via Marriott Bonvoy.
Aeroplan,Miles & Smiles,AIRLINE,AIRLINE,3:1,3.0,Up to 7 days + 1 to 7 days,Marriott Bonvoy,Estimated via Marriott Bonvoy.
Aeroplan,Miles-Bonus,AIRLINE,AIRLINE,3:1,3.0,Up to 7 days + Up to 3 Days,Marriott Bonvoy,Estimated via Marriott Bonvoy.
Aeroplan,Phoenix Miles,AIRLINE,AIRLINE,3:1,3.0,Up to 7 days + 1 to 7 days,Marriott Bonvoy,Estimated via Marriott Bonvoy.
Aeroplan,Qantas Frequent Flyer,AIRLINE,AIRLINE,3:1,3.0,Up to 7 days + 1 to 7 days,Marriott Bonvoy,Estimated via Marriott Bonvoy.
Aeroplan,Qatar Privilege Club,AIRLINE,AIRLINE,3:1,3.0,Up to 7 days + Up to 3 Days,Marriott Bonvoy,Estimated via Marriott Bonvoy.
Aeroplan,Rapid Rewards,AIRLINE,AIRLINE,3:1,3.0,Up to 7 days + 1 to 7 days,Marriott Bonvoy,Estimated via Marriott Bonvoy.
Aeroplan,Royal Orchid Plus,AIRLINE,AIRLINE,3:1,3.0,Up to 7 days + 1 to 7 days,Marriott Bonvoy,Estimated via Marriott Bonvoy.
Aeroplan,Saudia Alfursan,AIRLINE,AIRLINE,3:1,3.0,Up to 7 days + 1 to 7 days,Marriott Bonvoy,Estimated via Marriott Bonvoy.
Aeroplan,ShebaMiles,AIRLINE,AIRLINE,3:1,3.0,Up to 7 days + 1 to 7 days,Marriott Bonvoy,Estimated via Marriott Bonvoy.
Aeroplan,Sky Pearl Club,AIRLINE,AIRLINE,3:1,3.0,Up to 7 days + 1 to 7 days,Marriott Bonvoy,Estimated via Marriott Bonvoy.
Aeroplan,Tap Miles & Go,AIRLINE,AIRLINE,3:1,3.0,Up to 7 days + 1 to 7 days,Marriott Bonvoy,Estimated via Marriott Bonvoy.
Aeroplan,Velocity,AIRLINE,AIRLINE,3:1,3.0,Up to 7 days + 1 to 7 days,Marriott Bonvoy,Estimated via Marriott Bonvoy.
Aeroplan,Virgin Atlantic Flying Club,AIRLINE,AIRLINE,3:1,3.0,Up to 7 days + 1 to 7 days,Marriott Bonvoy,Estimated via Marriott Bonvoy.
Aeroplan,Vueling Club,AIRLINE,AIRLINE,3:1,3.0,Up to 7 days + 1 to 7 days,Marriott Bonvoy,Estimated via Marriott Bonvoy.
Amex Gold,ANA Mileage Club,CREDIT_CARD,AIRLINE,100:9,11.111111111111109,0 to 4 hours + Up to 30 days,Hilton Honors,Estimated via Hilton Honors.
Amex Gold,ANA Mileage Club,CREDIT_CARD,AIRLINE,3:1,3.0,0 to 4 hours + Up to 4 Days,Marriott Bonvoy,Estimated via Marriott Bonvoy.
Amex Gold,Accor Live Limitless,CREDIT_CARD,HOTEL,9:1,9.0,0 to 4 hours + Up to 7 days,KrisFlyer,Estimated via KrisFlyer.
Amex Gold,Accor Live Limitless,CREDIT_CARD,HOTEL,7:1,7.0,0 to 4 hours + Up to 7 days,Qatar Privilege Club,Estimated via Qatar Privilege Club.
Amex Gold,AerClub,CREDIT_CARD,AIRLINE,2:1,2.0,0 to 4 hours + Instant,British Airways Executive Club,Estimated via British Airways Executive Club.
Amex Gold,AerClub,CREDIT_CARD,AIRLINE,3:1,3.0,0 to 4 hours + Up to 3 Days,Marriott Bonvoy,Estimated via Marriott Bonvoy.
Amex Gold,AerClub,CREDIT_CARD,AIRLINE,2:1,2.0,0 to 4 hours + Instant,Qatar Privilege Club,Estimated via Qatar Privilege Club.
Amex Gold,Aeromexico Rewards,CREDIT_CARD,AIRLINE,47:11,4.273504273504273,0 to 4 hours + Up to 30 days,Hilton Honors,Estimated via Hilton Honors.
Amex Gold,Aeromexico Rewards,CREDIT_CARD,AIRLINE,3:1,3.0,0 to 4 hours + Up to 4 Days,Marriott Bonvoy,Estimated via Marriott Bonvoy.
Amex Gold,Aeroplan,CREDIT_CARD,AIRLINE,100:9,11.111111111111109,0 to 4 hours + Up to 30 days,Hilton Honors,Estimated via Hilton Honors.
Amex Gold,Aeroplan,CREDIT_CARD,AIRLINE,3:1,3.0,0 to 4 hours + Up to 4 Days,Marriott Bonvoy,Estimated via Marriott Bonvoy.
Amex Gold,AirAsia Rewards,CREDIT_CARD,AIRLINE,50:9,5.5555555555555545,0 to 4 hours + Up to 30 days,Hilton Honors,Estimated via Hilton Honors.
Amex Gold,American Airlines AAdvantage,CREDIT_CARD,AIRLINE,3:1,3.0,0 to 4 hours + 1 to 7 days,Marriott Bonvoy,Estimated via Marriott Bonvoy.
Amex Gold,Asia Miles (Cathay),CREDIT_CARD,AIRLINE,2:1,2.0,0 to 4 hours,Direct,
Amex Gold,Asia Miles (Cathay),CREDIT_CARD,AIRLINE,100:9,11.111111111111109,0 to 4 hours + Up to 30 days,Hilton Honors,Estimated via Hilton Honors.
Amex Gold,Asia Miles (Cathay),CREDIT_CARD,AIRLINE,3:1,3.0,0 to 4 hours + Up to 5 Days,Marriott Bonvoy,Estimated via Marriott Bonvoy.
Amex Gold,Asiana Club,CREDIT_CARD,AIRLINE,3:1,3.0,0 to 4 hours + Up to 4 Days,Marriott Bonvoy,Estimated via Marriott Bonvoy.
Amex Gold,Atmos Rewards,CREDIT_CARD,AIRLINE,3:1,3.0,0 to 4 hours + Up to 4 Days,Marriott Bonvoy,Estimated via Marriott Bonvoy.
Amex Gold,British Airways Executive Club,CREDIT_CARD,AIRLINE,2:1,2.0,0 to 4 hours,Direct,
Amex Gold,British Airways Executive Club,CREDIT_CARD,AIRLINE,100:9,11.111111111111109,0 to 4 hours + Up to 30 days,Hilton Honors,Estimated via Hilton Honors.
Amex Gold,British Airways Executive Club,CREDIT_CARD,AIRLINE,3:1,3.0,0 to 4 hours + Up to 3 Days,Marriott Bonvoy,Estimated via Marriott Bonvoy.
Amex Gold,British Airways Executive Club,CREDIT_CARD,AIRLINE,2:1,2.0,0 to 4 hours + Instant,Qatar Privilege Club,Estimated via Qatar Privilege Club.
Amex Gold,ConnectMiles,CREDIT_CARD,AIRLINE,3:1,3.0,0 to 4 hours + 1 to 7 days,Marriott Bonvoy,Estimated via Marriott Bonvoy.
Amex Gold,Delta SkyMiles,CREDIT_CARD,AIRLINE,100:9,11.111111111111109,0 to 4 hours + Up to 30 days,Hilton Honors,Estimated via Hilton Honors.
Amex Gold,Delta SkyMiles,CREDIT_CARD,AIRLINE,3:1,3.0,0 to 4 hours + Up to 1 Day,Marriott Bonvoy,Estimated via Marriott Bonvoy.
Amex Gold,Eastern Miles,CREDIT_CARD,AIRLINE,100:9,11.111111111111109,0 to 4 hours + Up to 30 days,Hilton Honors,Estimated via Hilton Honors.
Amex Gold,Emirates Skywards,CREDIT_CARD,AIRLINE,100:9,11.111111111111109,0 to 4 hours + Up to 30 days,Hilton Honors,Estimated via Hilton Honors.
Amex Gold,Emirates Skywards,CREDIT_CARD,AIRLINE,3:1,3.0,0 to 4 hours + Up to 3 Days,Marriott Bonvoy,Estimated via Marriott Bonvoy.
Amex Gold,Enrich,CREDIT_CARD,AIRLINE,37:4,9.25925925925926,0 to 4 hours + Up to 30 days,Hilton Honors,Estimated via Hilton Honors.
Amex Gold,Etihad Guest,CREDIT_CARD,AIRLINE,2:1,2.0,0 to 4 hours,Direct,
Amex Gold,Etihad Guest,CREDIT_CARD,AIRLINE,100:9,11.111111111111109,0 to 4 hours + Up to 30 days,Hilton Honors,Estimated via Hilton Honors.
Amex Gold,Etihad Guest,CREDIT_CARD,AIRLINE,3:1,3.0,0 to 4 hours + Up to 3 Days,Marriott Bonvoy,Estimated via Marriott Bonvoy.
Amex Gold,Finnair Plus,CREDIT_CARD,AIRLINE,2:1,2.0,0 to 4 hours + Instant,British Airways Executive Club,Estimated via British Airways Executive Club.
Amex Gold,Finnair Plus,CREDIT_CARD,AIRLINE,2:1,2.0,0 to 4 hours + Instant,Qatar Privilege Club,Estimated via Qatar Privilege Club.
Amex Gold,Flying Blue,CREDIT_CARD,AIRLINE,100:9,11.111111111111109,0 to 4 hours + Up to 30 days,Hilton Honors,Estimated via Hilton Honors.
Amex Gold,Flying Blue,CREDIT_CARD,AIRLINE,3:1,3.0,0 to 4 hours + Up to 3 Days,Marriott Bonvoy,Estimated via Marriott Bonvoy.
Amex Gold,Fortune Wings Club,CREDIT_CARD,AIRLINE,25:9,2.7777777777777772,0 to 4 hours + Up to 30 days,Hilton Honors,Estimated via Hilton Honors.
Amex Gold,Fortune Wings Club,CREDIT_CARD,AIRLINE,3:1,3.0,0 to 4 hours + Up to 8 Days,Marriott Bonvoy,Estimated via Marriott Bonvoy.
Amex Gold,Frontier Miles,CREDIT_CARD,AIRLINE,3:1,3.0,0 to 4 hours + Up to 30 Days,Marriott Bonvoy,Estimated via Marriott Bonvoy.
Amex Gold,Hilton Honors,CREDIT_CARD,HOTEL,10:9,1.1111111111111112,0 to 4 hours,Direct,
Amex Gold,Iberia Club,CREDIT_CARD,AIRLINE,2:1,2.0,0 to 4 hours + Instant,British Airways Executive Club,Estimated via British Airways Executive Club.
Amex Gold,Iberia Club,CREDIT_CARD,AIRLINE,3:1,3.0,0 to 4 hours + Up to 1 Day,Marriott Bonvoy,Estimated via Marriott Bonvoy.
Amex Gold,Iberia Club,CREDIT_CARD,AIRLINE,2:1,2.0,0 to 4 hours + Instant,Qatar Privilege Club,Estimated via Qatar Privilege Club.
Amex Gold,Infinity MileageLands,CREDIT_CARD,AIRLINE,100:9,11.111111111111109,0 to 4 hours + Up to 30 days,Hilton Honors,Estimated via Hilton Honors.
Amex Gold,JAL Mileage Bank,CREDIT_CARD,AIRLINE,100:9,11.111111111111109,0 to 4 hours + Up to 30 days,Hilton Honors,Estimated via Hilton Honors.
Amex Gold,JAL Mileage Bank,CREDIT_CARD,AIRLINE,3:1,3.0,0 to 4 hours + Up to 2 Days,Marriott Bonvoy,Estimated via Marriott Bonvoy.
Amex Gold,KrisFlyer,CREDIT_CARD,AIRLINE,2:1,2.0,0 to 4 hours,Direct,
Amex Gold,KrisFlyer,CREDIT_CARD,AIRLINE,80:9,8.88888888888889,0 to 4 hours + Up to 30 days,Hilton Honors,Estimated via Hilton Honors.
Amex Gold,KrisFlyer,CREDIT_CARD,AIRLINE,3:1,3.0,0 to 4 hours + 1 to 7 days,Marriott Bonvoy,Estimated via Marriott Bonvoy.
Amex Gold,LATAM Pass,CREDIT_CARD,AIRLINE,3:1,3.0,0 to 4 hours + 1 to 7 days,Marriott Bonvoy,Estimated via Marriott Bonvoy.
Amex Gold,LifeMiles,CREDIT_CARD,AIRLINE,3:1,3.0,0 to 4 hours + 1 to 7 days,Marriott Bonvoy,Estimated via Marriott Bonvoy.
Amex Gold,Marriott Bonvoy,CREDIT_CARD,HOTEL,4:1,4.0,0 to 4 hours + Up to 7 days,Asia Miles (Cathay),Estimated via Asia Miles (Cathay).
Amex Gold,Marriott Bonvoy,CREDIT_CARD,HOTEL,1:1,1.0,0 to 4 hours,Direct,
Amex Gold,Marriott Bonvoy,CREDIT_CARD,HOTEL,8:3,2.6666666666666665,0 to 4 hours + Up to 7 days,KrisFlyer,Estimated via KrisFlyer.
Amex Gold,Marriott Bonvoy,CREDIT_CARD,HOTEL,4:1,4.0,0 to 4 hours + Up to 7 days,Qatar Privilege Club,Estimated via Qatar Privilege Club.
Amex Gold,MileagePlus,CREDIT_CARD,AIRLINE,100:9,11.111111111111109,0 to 4 hours + Up to 30 days,Hilton Honors,Estimated via Hilton Honors.
Amex Gold,MileagePlus,CREDIT_CARD,AIRLINE,3:1,3.0,0 to 4 hours + 1 to 7 days,Marriott Bonvoy,Estimated via Marriott Bonvoy.
Amex Gold,Miles & Smiles,CREDIT_CARD,AIRLINE,100:9,11.111111111111109,0 to 4 hours + Up to 30 days,Hilton Honors,Estimated via Hilton Honors.
Amex Gold,Miles & Smiles,CREDIT_CARD,AIRLINE,3:1,3.0,0 to 4 hours + 1 to 7 days,Marriott Bonvoy,Estimated via Marriott Bonvoy.
Amex Gold,Miles-Bonus,CREDIT_CARD,AIRLINE,3:1,3.0,0 to 4 hours + Up to 3 Days,Marriott Bonvoy,Estimated via Marriott Bonvoy.
Amex Gold,Phoenix Miles,CREDIT_CARD,AIRLINE,3:1,3.0,0 to 4 hours + 1 to 7 days,Marriott Bonvoy,Estimated via Marriott Bonvoy.
Amex Gold,Qantas Frequent Flyer,CREDIT_CARD,AIRLINE,37:5,7.4074074074074066,0 to 4 hours + Up to 30 days,Hilton Honors,Estimated via Hilton Honors.
Amex Gold,Qantas Frequent Flyer,CREDIT_CARD,AIRLINE,3:1,3.0,0 to 4 hours + 1 to 7 days,Marriott Bonvoy,Estimated via Marriott Bonvoy.
Amex Gold,Qatar Privilege Club,CREDIT_CARD,AIRLINE,2:1,2.0,0 to 4 hours + Instant,British Airways Executive Club,Estimated via British Airways Executive Club.
Amex Gold,Qatar Privilege Club,CREDIT_CARD,AIRLINE,2:1,2.0,0 to 4 hours,Direct,
Amex Gold,Qatar Privilege Club,CREDIT_CARD,AIRLINE,100:9,11.111111111111109,0 to 4 hours + Up to 30 days,Hilton Honors,Estimated via Hilton Honors.
Amex Gold,Qatar Privilege Club,CREDIT_CARD,AIRLINE,3:1,3.0,0 to 4 hours + Up to 3 Days,Marriott Bonvoy,Estimated via Marriott Bonvoy.
Amex Gold,Rapid Rewards,CREDIT_CARD,AIRLINE,3:1,3.0,0 to 4 hours + 1 to 7 days,Marriott Bonvoy,Estimated via Marriott Bonvoy.
Amex Gold,Royal Orchid Plus,CREDIT_CARD,AIRLINE,3:1,3.0,0 to 4 hours + 1 to 7 days,Marriott Bonvoy,Estimated via Marriott Bonvoy.
Amex Gold,Saudia Alfursan,CREDIT_CARD,AIRLINE,100:9,11.111111111111109,0 to 4 hours + Up to 30 days,Hilton Honors,Estimated via Hilton Honors.
Amex Gold,Saudia Alfursan,CREDIT_CARD,AIRLINE,3:1,3.0,0 to 4 hours + 1 to 7 days,Marriott Bonvoy,Estimated via Marriott Bonvoy.
Amex Gold,ShebaMiles,CREDIT_CARD,AIRLINE,100:9,11.111111111111109,0 to 4 hours + Up to 30 days,Hilton Honors,Estimated via Hilton Honors.
Amex Gold,ShebaMiles,CREDIT_CARD,AIRLINE,3:1,3.0,0 to 4 hours + 1 to 7 days,Marriott Bonvoy,Estimated via Marriott Bonvoy.
Amex Gold,Sky Pearl Club,CREDIT_CARD,AIRLINE,3:1,3.0,0 to 4 hours + 1 to 7 days,Marriott Bonvoy,Estimated via Marriott Bonvoy.
Amex Gold,Tap Miles & Go,CREDIT_CARD,AIRLINE,3:1,3.0,0 to 4 hours + 1 to 7 days,Marriott Bonvoy,Estimated via Marriott Bonvoy.
Amex Gold,Velocity,CREDIT_CARD,AIRLINE,37:5,7.4074074074074066,0 to 4 hours + Up to 30 days,Hilton Honors,Estimated via Hilton Honors.
Amex Gold,Velocity,CREDIT_CARD,AIRLINE,3:1,3.0,0 to 4 hours + 1 to 7 days,Marriott Bonvoy,Estimated via Marriott Bonvoy.
Amex Gold,Virgin Atlantic Flying Club,CREDIT_CARD,AIRLINE,2:1,2.0,0 to 4 hours,Direct,
Amex Gold,Virgin Atlantic Flying Club,CREDIT_CARD,AIRLINE,37:5,7.4074074074074066,0 to 4 hours + Up to 30 days,Hilton Honors,Estimated via Hilton Honors.
Amex Gold,Virgin Atlantic Flying Club,CREDIT_CARD,AIRLINE,3:1,3.0,0 to 4 hours + 1 to 7 days,Marriott Bonvoy,Estimated via Marriott Bonvoy.
Amex Gold,Vueling Club,CREDIT_CARD,AIRLINE,2:1,2.0,0 to 4 hours + Instant,British Airways Executive Club,Estimated via British Airways Executive Club.
Amex Gold,Vueling Club,CREDIT_CARD,AIRLINE,3:1,3.0,0 to 4 hours + 1 to 7 days,Marriott Bonvoy,Estimated via Marriott Bonvoy.
Amex Gold,Vueling Club,CREDIT_CARD,AIRLINE,2:1,2.0,0 to 4 hours + Instant,Qatar Privilege Club,Estimated via Qatar Privilege Club.
Amex MRCC,ANA Mileage Club,CREDIT_CARD,AIRLINE,100:9,11.111111111111109,0 to 4 hours + Up to 30 days,Hilton Honors,Estimated via Hilton Honors.
Amex MRCC,ANA Mileage Club,CREDIT_CARD,AIRLINE,3:1,3.0,0 to 4 hours + Up to 4 Days,Marriott Bonvoy,Estimated via Marriott Bonvoy.
Amex MRCC,Accor Live Limitless,CREDIT_CARD,HOTEL,9:1,9.0,0 to 4 hours + Up to 7 days,KrisFlyer,Estimated via KrisFlyer.
Amex MRCC,Accor Live Limitless,CREDIT_CARD,HOTEL,7:1,7.0,0 to 4 hours + Up to 7 days,Qatar Privilege Club,Estimated via Qatar Privilege Club.
Amex MRCC,AerClub,CREDIT_CARD,AIRLINE,2:1,2.0,0 to 4 hours + Instant,British Airways Executive Club,Estimated via British Airways Executive Club.
Amex MRCC,AerClub,CREDIT_CARD,AIRLINE,3:1,3.0,0 to 4 hours + Up to 3 Days,Marriott Bonvoy,Estimated via Marriott Bonvoy.
Amex MRCC,AerClub,CREDIT_CARD,AIRLINE,2:1,2.0,0 to 4 hours + Instant,Qatar Privilege Club,Estimated via Qatar Privilege Club.
Amex MRCC,Aeromexico Rewards,CREDIT_CARD,AIRLINE,47:11,4.273504273504273,0 to 4 hours + Up to 30 days,Hilton Honors,Estimated via Hilton Honors.
Amex MRCC,Aeromexico Rewards,CREDIT_CARD,AIRLINE,3:1,3.0,0 to 4 hours + Up to 4 Days,Marriott Bonvoy,Estimated via Marriott Bonvoy.
Amex MRCC,Aeroplan,CREDIT_CARD,AIRLINE,100:9,11.111111111111109,0 to 4 hours + Up to 30 days,Hilton Honors,Estimated via Hilton Honors.
Amex MRCC,Aeroplan,CREDIT_CARD,AIRLINE,3:1,3.0,0 to 4 hours + Up to 4 Days,Marriott Bonvoy,Estimated via Marriott Bonvoy.
Amex MRCC,AirAsia Rewards,CREDIT_CARD,AIRLINE,50:9,5.5555555555555545,0 to 4 hours + Up to 30 days,Hilton Honors,Estimated via Hilton Honors.
Amex MRCC,American Airlines AAdvantage,CREDIT_CARD,AIRLINE,3:1,3.0,0 to 4 hours + 1 to 7 days,Marriott Bonvoy,Estimated via Marriott Bonvoy.
Amex MRCC,Asia Miles (Cathay),CREDIT_CARD,AIRLINE,2:1,2.0,0 to 4 hours,Direct,
Amex MRCC,Asia Miles (Cathay),CREDIT_CARD,AIRLINE,100:9,11.111111111111109,0 to 4 hours + Up to 30 days,Hilton Honors,Estimated via Hilton Honors.
Amex MRCC,Asia Miles (Cathay),CREDIT_CARD,AIRLINE,3:1,3.0,0 to 4 hours + Up to 5 Days,Marriott Bonvoy,Estimated via Marriott Bonvoy.
Amex MRCC,Asiana Club,CREDIT_CARD,AIRLINE,3:1,3.0,0 to 4 hours + Up to 4 Days,Marriott Bonvoy,Estimated via Marriott Bonvoy.
Amex MRCC,Atmos Rewards,CREDIT_CARD,AIRLINE,3:1,3.0,0 to 4 hours + Up to 4 Days,Marriott Bonvoy,Estimated via Marriott Bonvoy.
Amex MRCC,British Airways Executive Club,CREDIT_CARD,AIRLINE,2:1,2.0,0 to 4 hours,Direct,
Amex MRCC,British Airways Executive Club,CREDIT_CARD,AIRLINE,100:9,11.111111111111109,0 to 4 hours + Up to 30 days,Hilton Honors,Estimated via Hilton Honors.
Amex MRCC,British Airways Executive Club,CREDIT_CARD,AIRLINE,3:1,3.0,0 to 4 hours + Up to 3 Days,Marriott Bonvoy,Estimated via Marriott Bonvoy.
Amex MRCC,British Airways Executive Club,CREDIT_CARD,AIRLINE,2:1,2.0,0 to 4 hours + Instant,Qatar Privilege Club,Estimated via Qatar Privilege Club.
Amex MRCC,ConnectMiles,CREDIT_CARD,AIRLINE,3:1,3.0,0 to 4 hours + 1 to 7 days,Marriott Bonvoy,Estimated via Marriott Bonvoy.
Amex MRCC,Delta SkyMiles,CREDIT_CARD,AIRLINE,100:9,11.111111111111109,0 to 4 hours + Up to 30 days,Hilton Honors,Estimated via Hilton Honors.
Amex MRCC,Delta SkyMiles,CREDIT_CARD,AIRLINE,3:1,3.0,0 to 4 hours + Up to 1 Day,Marriott Bonvoy,Estimated via Marriott Bonvoy.
Amex MRCC,Eastern Miles,CREDIT_CARD,AIRLINE,100:9,11.111111111111109,0 to 4 hours + Up to 30 days,Hilton Honors,Estimated via Hilton Honors.
Amex MRCC,Emirates Skywards,CREDIT_CARD,AIRLINE,100:9,11.111111111111109,0 to 4 hours + Up to 30 days,Hilton Honors,Estimated via Hilton Honors.
Amex MRCC,Emirates Skywards,CREDIT_CARD,AIRLINE,3:1,3.0,0 to 4 hours + Up to 3 Days,Marriott Bonvoy,Estimated via Marriott Bonvoy.
Amex MRCC,Enrich,CREDIT_CARD,AIRLINE,37:4,9.25925925925926,0 to 4 hours + Up to 30 days,Hilton Honors,Estimated via Hilton Honors.
Amex MRCC,Etihad Guest,CREDIT_CARD,AIRLINE,2:1,2.0,0 to 4 hours,Direct,
Amex MRCC,Etihad Guest,CREDIT_CARD,AIRLINE,100:9,11.111111111111109,0 to 4 hours + Up to 30 days,Hilton Honors,Estimated via Hilton Honors.
Amex MRCC,Etihad Guest,CREDIT_CARD,AIRLINE,3:1,3.0,0 to 4 hours + Up to 3 Days,Marriott Bonvoy,Estimated via Marriott Bonvoy.
Amex MRCC,Finnair Plus,CREDIT_CARD,AIRLINE,2:1,2.0,0 to 4 hours + Instant,British Airways Executive Club,Estimated via British Airways Executive Club.
Amex MRCC,Finnair Plus,CREDIT_CARD,AIRLINE,2:1,2.0,0 to 4 hours + Instant,Qatar Privilege Club,Estimated via Qatar Privilege Club.
Amex MRCC,Flying Blue,CREDIT_CARD,AIRLINE,100:9,11.111111111111109,0 to 4 hours + Up to 30 days,Hilton Honors,Estimated via Hilton Honors.
Amex MRCC,Flying Blue,CREDIT_CARD,AIRLINE,3:1,3.0,0 to 4 hours + Up to 3 Days,Marriott Bonvoy,Estimated via Marriott Bonvoy.
Amex MRCC,Fortune Wings Club,CREDIT_CARD,AIRLINE,25:9,2.7777777777777772,0 to 4 hours + Up to 30 days,Hilton Honors,Estimated via Hilton Honors.
Amex MRCC,Fortune Wings Club,CREDIT_CARD,AIRLINE,3:1,3.0,0 to 4 hours + Up to 8 Days,Marriott Bonvoy,Estimated via Marriott Bonvoy.
Amex MRCC,Frontier Miles,CREDIT_CARD,AIRLINE,3:1,3.0,0 to 4 hours + Up to 30 Days,Marriott Bonvoy,Estimated via Marriott Bonvoy.
Amex MRCC,Hilton Honors,CREDIT_CARD,HOTEL,10:9,1.1111111111111112,0 to 4 hours,Direct,
Amex MRCC,Iberia Club,CREDIT_CARD,AIRLINE,2:1,2.0,0 to 4 hours + Instant,British Airways Executive Club,Estimated via British Airways Executive Club.
Amex MRCC,Iberia Club,CREDIT_CARD,AIRLINE,3:1,3.0,0 to 4 hours + Up to 1 Day,Marriott Bonvoy,Estimated via Marriott Bonvoy.
Amex MRCC,Iberia Club,CREDIT_CARD,AIRLINE,2:1,2.0,0 to 4 hours + Instant,Qatar Privilege Club,Estimated via Qatar Privilege Club.
Amex MRCC,Infinity MileageLands,CREDIT_CARD,AIRLINE,100:9,11.111111111111109,0 to 4 hours + Up to 30 days,Hilton Honors,Estimated via Hilton Honors.
Amex MRCC,JAL Mileage Bank,CREDIT_CARD,AIRLINE,100:9,11.111111111111109,0 to 4 hours + Up to 30 days,Hilton Honors,Estimated via Hilton Honors.
Amex MRCC,JAL Mileage Bank,CREDIT_CARD,AIRLINE,3:1,3.0,0 to 4 hours + Up to 2 Days,Marriott Bonvoy,Estimated via Marriott Bonvoy.
Amex MRCC,KrisFlyer,CREDIT_CARD,AIRLINE,2:1,2.0,0 to 4 hours,Direct,
Amex MRCC,KrisFlyer,CREDIT_CARD,AIRLINE,80:9,8.88888888888889,0 to 4 hours + Up to 30 days,Hilton Honors,Estimated via Hilton Honors.
Amex MRCC,KrisFlyer,CREDIT_CARD,AIRLINE,3:1,3.0,0 to 4 hours + 1 to 7 days,Marriott Bonvoy,Estimated via Marriott Bonvoy.
Amex MRCC,LATAM Pass,CREDIT_CARD,AIRLINE,3:1,3.0,0 to 4 hours + 1 to 7 days,Marriott Bonvoy,Estimated via Marriott Bonvoy.
Amex MRCC,LifeMiles,CREDIT_CARD,AIRLINE,3:1,3.0,0 to 4 hours + 1 to 7 days,Marriott Bonvoy,Estimated via Marriott Bonvoy.
Amex MRCC,Marriott Bonvoy,CREDIT_CARD,HOTEL,4:1,4.0,0 to 4 hours + Up to 7 days,Asia Miles (Cathay),Estimated via Asia Miles (Cathay).
Amex MRCC,Marriott Bonvoy,CREDIT_CARD,HOTEL,1:1,1.0,0 to 4 hours,Direct,
Amex MRCC,Marriott Bonvoy,CREDIT_CARD,HOTEL,8:3,2.6666666666666665,0 to 4 hours + Up to 7 days,KrisFlyer,Estimated via KrisFlyer.
Amex MRCC,Marriott Bonvoy,CREDIT_CARD,HOTEL,4:1,4.0,0 to 4 hours + Up to 7 days,Qatar Privilege Club,Estimated via Qatar Privilege Club.
Amex MRCC,MileagePlus,CREDIT_CARD,AIRLINE,100:9,11.111111111111109,0 to 4 hours + Up to 30 days,Hilton Honors,Estimated via Hilton Honors.
Amex MRCC,MileagePlus,CREDIT_CARD,AIRLINE,3:1,3.0,0 to 4 hours + 1 to 7 days,Marriott Bonvoy,Estimated via Marriott Bonvoy.
Amex MRCC,Miles & Smiles,CREDIT_CARD,AIRLINE,100:9,11.111111111111109,0 to 4 hours + Up to 30 days,Hilton Honors,Estimated via Hilton Honors.
Amex MRCC,Miles & Smiles,CREDIT_CARD,AIRLINE,3:1,3.0,0 to 4 hours + 1 to 7 days,Marriott Bonvoy,Estimated via Marriott Bonvoy.
Amex MRCC,Miles-Bonus,CREDIT_CARD,AIRLINE,3:1,3.0,0 to 4 hours + Up to 3 Days,Marriott Bonvoy,Estimated via Marriott Bonvoy.
Amex MRCC,Phoenix Miles,CREDIT_CARD,AIRLINE,3:1,3.0,0 to 4 hours + 1 to 7 days,Marriott Bonvoy,Estimated via Marriott Bonvoy.
Amex MRCC,Qantas Frequent Flyer,CREDIT_CARD,AIRLINE,37:5,7.4074074074074066,0 to 4 hours + Up to 30 days,Hilton Honors,Estimated via Hilton Honors.
Amex MRCC,Qantas Frequent Flyer,CREDIT_CARD,AIRLINE,3:1,3.0,0 to 4 hours + 1 to 7 days,Marriott Bonvoy,Estimated via Marriott Bonvoy.
Amex MRCC,Qatar Privilege Club,CREDIT_CARD,AIRLINE,2:1,2.0,0 to 4 hours + Instant,British Airways Executive Club,Estimated via British Airways Executive Club.
Amex MRCC,Qatar Privilege Club,CREDIT_CARD,AIRLINE,2:1,2.0,0 to 4 hours,Direct,
Amex MRCC,Qatar Privilege Club,CREDIT_CARD,AIRLINE,100:9,11.111111111111109,0 to 4 hours + Up to 30 days,Hilton Honors,Estimated via Hilton Honors.
Amex MRCC,Qatar Privilege Club,CREDIT_CARD,AIRLINE,3:1,3.0,0 to 4 hours + Up to 3 Days,Marriott Bonvoy,Estimated via Marriott Bonvoy.
Amex MRCC,Rapid Rewards,CREDIT_CARD,AIRLINE,3:1,3.0,0 to 4 hours + 1 to 7 days,Marriott Bonvoy,Estimated via Marriott Bonvoy.
Amex MRCC,Royal Orchid Plus,CREDIT_CARD,AIRLINE,3:1,3.0,0 to 4 hours + 1 to 7 days,Marriott Bonvoy,Estimated via Marriott Bonvoy.
Amex MRCC,Saudia Alfursan,CREDIT_CARD,AIRLINE,100:9,11.111111111111109,0 to 4 hours + Up to 30 days,Hilton Honors,Estimated via Hilton Honors.
Amex MRCC,Saudia Alfursan,CREDIT_CARD,AIRLINE,3:1,3.0,0 to 4 hours + 1 to 7 days,Marriott Bonvoy,Estimated via Marriott Bonvoy.
Amex MRCC,ShebaMiles,CREDIT_CARD,AIRLINE,100:9,11.111111111111109,0 to 4 hours + Up to 30 days,Hilton Honors,Estimated via Hilton Honors.
Amex MRCC,ShebaMiles,CREDIT_CARD,AIRLINE,3:1,3.0,0 to 4 hours + 1 to 7 days,Marriott Bonvoy,Estimated via Marriott Bonvoy.
Amex MRCC,Sky Pearl Club,CREDIT_CARD,AIRLINE,3:1,3.0,0 to 4 hours + 1 to 7 days,Marriott Bonvoy,Estimated via Marriott Bonvoy.
Amex MRCC,Tap Miles & Go,CREDIT_CARD,AIRLINE,3:1,3.0,0 to 4 hours + 1 to 7 days,Marriott Bonvoy,Estimated via Marriott Bonvoy.
Amex MRCC,Velocity,CREDIT_CARD,AIRLINE,37:5,7.4074074074074066,0 to 4 hours + Up to 30 days,Hilton Honors,Estimated via Hilton Honors.
Amex MRCC,Velocity,CREDIT_CARD,AIRLINE,3:1,3.0,0 to 4 hours + 1 to 7 days,Marriott Bonvoy,Estimated via Marriott Bonvoy.
Amex MRCC,Virgin Atlantic Flying Club,CREDIT_CARD,AIRLINE,2:1,2.0,0 to 4 hours,Direct,
Amex MRCC,Virgin Atlantic Flying Club,CREDIT_CARD,AIRLINE,37:5,7.4074074074074066,0 to 4 hours + Up to 30 days,Hilton Honors,Estimated via Hilton Honors.
Amex MRCC,Virgin Atlantic Flying Club,CREDIT_CARD,AIRLINE,3:1,3.0,0 to 4 hours + 1 to 7 days,Marriott Bonvoy,Estimated via Marriott Bonvoy.
Amex MRCC,Vueling Club,CREDIT_CARD,AIRLINE,2:1,2.0,0 to 4 hours + Instant,British Airways Executive Club,Estimated via British Airways Executive Club.
Amex MRCC,Vueling Club,CREDIT_CARD,AIRLINE,3:1,3.0,0 to 4 hours + 1 to 7 days,Marriott Bonvoy,Estimated via Marriott Bonvoy.
Amex MRCC,Vueling Club,CREDIT_CARD,AIRLINE,2:1,2.0,0 to 4 hours + Instant,Qatar Privilege Club,Estimated via Qatar Privilege Club.
Amex Platinum,ANA Mileage Club,CREDIT_CARD,AIRLINE,100:9,11.111111111111109,0 to 4 hours + Up to 30 days,Hilton Honors,Estimated via Hilton Honors.
Amex Platinum,ANA Mileage Club,CREDIT_CARD,AIRLINE,3:1,3.0,0 to 4 hours + Up to 4 Days,Marriott Bonvoy,Estimated via Marriott Bonvoy.
Amex Platinum,Accor Live Limitless,CREDIT_CARD,HOTEL,9:1,9.0,0 to 4 hours + Up to 7 days,KrisFlyer,Estimated via KrisFlyer.
Amex Platinum,Accor Live Limitless,CREDIT_CARD,HOTEL,7:1,7.0,0 to 4 hours + Up to 7 days,Qatar Privilege Club,Estimated via Qatar Privilege Club.
Amex Platinum,AerClub,CREDIT_CARD,AIRLINE,2:1,2.0,0 to 4 hours + Instant,British Airways Executive Club,Estimated via British Airways Executive Club.
Amex Platinum,AerClub,CREDIT_CARD,AIRLINE,3:1,3.0,0 to 4 hours + Up to 3 Days,Marriott Bonvoy,Estimated via Marriott Bonvoy.
Amex Platinum,AerClub,CREDIT_CARD,AIRLINE,2:1,2.0,0 to 4 hours + Instant,Qatar Privilege Club,Estimated via Qatar Privilege Club.
Amex Platinum,Aeromexico Rewards,CREDIT_CARD,AIRLINE,47:11,4.273504273504273,0 to 4 hours + Up to 30 days,Hilton Honors,Estimated via Hilton Honors.
Amex Platinum,Aeromexico Rewards,CREDIT_CARD,AIRLINE,3:1,3.0,0 to 4 hours + Up to 4 Days,Marriott Bonvoy,Estimated via Marriott Bonvoy.
Amex Platinum,Aeroplan,CREDIT_CARD,AIRLINE,100:9,11.111111111111109,0 to 4 hours + Up to 30 days,Hilton Honors,Estimated via Hilton Honors.
Amex Platinum,Aeroplan,CREDIT_CARD,AIRLINE,3:1,3.0,0 to 4 hours + Up to 4 Days,Marriott Bonvoy,Estimated via Marriott Bonvoy.
Amex Platinum,AirAsia Rewards,CREDIT_CARD,AIRLINE,50:9,5.5555555555555545,0 to 4 hours + Up to 30 days,Hilton Honors,Estimated via Hilton Honors.
Amex Platinum,American Airlines AAdvantage,CREDIT_CARD,AIRLINE,3:1,3.0,0 to 4 hours + 1 to 7 days,Marriott Bonvoy,Estimated via Marriott Bonvoy.
Amex Platinum,Asia Miles (Cathay),CREDIT_CARD,AIRLINE,2:1,2.0,0 to 4 hours,Direct,
Amex Platinum,Asia Miles (Cathay),CREDIT_CARD,AIRLINE,100:9,11.111111111111109,0 to 4 hours + Up to 30 days,Hilton Honors,Estimated via Hilton Honors.
Amex Platinum,Asia Miles (Cathay),CREDIT_CARD,AIRLINE,3:1,3.0,0 to 4 hours + Up to 5 Days,Marriott Bonvoy,Estimated via Marriott Bonvoy.
Amex Platinum,Asiana Club,CREDIT_CARD,AIRLINE,3:1,3.0,0 to 4 hours + Up to 4 Days,Marriott Bonvoy,Estimated via Marriott Bonvoy.
Amex Platinum,Atmos Rewards,CREDIT_CARD,AIRLINE,3:1,3.0,0 to 4 hours + Up to 4 Days,Marriott Bonvoy,Estimated via Marriott Bonvoy.
Amex Platinum,British Airways Executive Club,CREDIT_CARD,AIRLINE,2:1,2.0,0 to 4 hours,Direct,
Amex Platinum,British Airways Executive Club,CREDIT_CARD,AIRLINE,100:9,11.111111111111109,0 to 4 hours + Up to 30 days,Hilton Honors,Estimated via Hilton Honors.
Amex Platinum,British Airways Executive Club,CREDIT_CARD,AIRLINE,3:1,3.0,0 to 4 hours + Up to 3 Days,Marriott Bonvoy,Estimated via Marriott Bonvoy.
Amex Platinum,British Airways Executive Club,CREDIT_CARD,AIRLINE,2:1,2.0,0 to 4 hours + Instant,Qatar Privilege Club,Estimated via Qatar Privilege Club.
Amex Platinum,ConnectMiles,CREDIT_CARD,AIRLINE,3:1,3.0,0 to 4 hours + 1 to 7 days,Marriott Bonvoy,Estimated via Marriott Bonvoy.
Amex Platinum,Delta SkyMiles,CREDIT_CARD,AIRLINE,100:9,11.111111111111109,0 to 4 hours + Up to 30 days,Hilton Honors,Estimated via Hilton Honors.
Amex Platinum,Delta SkyMiles,CREDIT_CARD,AIRLINE,3:1,3.0,0 to 4 hours + Up to 1 Day,Marriott Bonvoy,Estimated via Marriott Bonvoy.
Amex Platinum,Eastern Miles,CREDIT_CARD,AIRLINE,100:9,11.111111111111109,0 to 4 hours + Up to 30 days,Hilton Honors,Estimated via Hilton Honors.
Amex Platinum,Emirates Skywards,CREDIT_CARD,AIRLINE,100:9,11.111111111111109,0 to 4 hours + Up to 30 days,Hilton Honors,Estimated via Hilton Honors.
Amex Platinum,Emirates Skywards,CREDIT_CARD,AIRLINE,3:1,3.0,0 to 4 hours + Up to 3 Days,Marriott Bonvoy,Estimated via Marriott Bonvoy.
Amex Platinum,Enrich,CREDIT_CARD,AIRLINE,37:4,9.25925925925926,0 to 4 hours + Up to 30 days,Hilton Honors,Estimated via Hilton Honors.
Amex Platinum,Etihad Guest,CREDIT_CARD,AIRLINE,2:1,2.0,0 to 4 hours,Direct,
Amex Platinum,Etihad Guest,CREDIT_CARD,AIRLINE,100:9,11.111111111111109,0 to 4 hours + Up to 30 days,Hilton Honors,Estimated via Hilton Honors.
Amex Platinum,Etihad Guest,CREDIT_CARD,AIRLINE,3:1,3.0,0 to 4 hours + Up to 3 Days,Marriott Bonvoy,Estimated via Marriott Bonvoy.
Amex Platinum,Finnair Plus,CREDIT_CARD,AIRLINE,2:1,2.0,0 to 4 hours + Instant,British Airways Executive Club,Estimated via British Airways Executive Club.
Amex Platinum,Finnair Plus,CREDIT_CARD,AIRLINE,2:1,2.0,0 to 4 hours + Instant,Qatar Privilege Club,Estimated via Qatar Privilege Club.
Amex Platinum,Flying Blue,CREDIT_CARD,AIRLINE,100:9,11.111111111111109,0 to 4 hours + Up to 30 days,Hilton Honors,Estimated via Hilton Honors.
Amex Platinum,Flying Blue,CREDIT_CARD,AIRLINE,3:1,3.0,0 to 4 hours + Up to 3 Days,Marriott Bonvoy,Estimated via Marriott Bonvoy.
Amex Platinum,Fortune Wings Club,CREDIT_CARD,AIRLINE,25:9,2.7777777777777772,0 to 4 hours + Up to 30 days,Hilton Honors,Estimated via Hilton Honors.
Amex Platinum,Fortune Wings Club,CREDIT_CARD,AIRLINE,3:1,3.0,0 to 4 hours + Up to 8 Days,Marriott Bonvoy,Estimated via Marriott Bonvoy.
Amex Platinum,Frontier Miles,CREDIT_CARD,AIRLINE,3:1,3.0,0 to 4 hours + Up to 30 Days,Marriott Bonvoy,Estimated via Marriott Bonvoy.
Amex Platinum,Hilton Honors,CREDIT_CARD,HOTEL,10:9,1.1111111111111112,0 to 4 hours,Direct,
Amex Platinum,Iberia Club,CREDIT_CARD,AIRLINE,2:1,2.0,0 to 4 hours + Instant,British Airways Executive Club,Estimated via British Airways Executive Club.
Amex Platinum,Iberia Club,CREDIT_CARD,AIRLINE,3:1,3.0,0 to 4 hours + Up to 1 Day,Marriott Bonvoy,Estimated via Marriott Bonvoy.
Amex Platinum,Iberia Club,CREDIT_CARD,AIRLINE,2:1,2.0,0 to 4 hours + Instant,Qatar Privilege Club,Estimated via Qatar Privilege Club.
Amex Platinum,Infinity MileageLands,CREDIT_CARD,AIRLINE,100:9,11.111111111111109,0 to 4 hours + Up to 30 days,Hilton Honors,Estimated via Hilton Honors.
Amex Platinum,JAL Mileage Bank,CREDIT_CARD,AIRLINE,100:9,11.111111111111109,0 to 4 hours + Up to 30 days,Hilton Honors,Estimated via Hilton Honors.
Amex Platinum,JAL Mileage Bank,CREDIT_CARD,AIRLINE,3:1,3.0,0 to 4 hours + Up to 2 Days,Marriott Bonvoy,Estimated via Marriott Bonvoy.
Amex Platinum,KrisFlyer,CREDIT_CARD,AIRLINE,2:1,2.0,0 to 4 hours,Direct,
Amex Platinum,KrisFlyer,CREDIT_CARD,AIRLINE,80:9,8.88888888888889,0 to 4 hours + Up to 30 days,Hilton Honors,Estimated via Hilton Honors.
Amex Platinum,KrisFlyer,CREDIT_CARD,AIRLINE,3:1,3.0,0 to 4 hours + 1 to 7 days,Marriott Bonvoy,Estimated via Marriott Bonvoy.
Amex Platinum,LATAM Pass,CREDIT_CARD,AIRLINE,3:1,3.0,0 to 4 hours + 1 to 7 days,Marriott Bonvoy,Estimated via Marriott Bonvoy.
Amex Platinum,LifeMiles,CREDIT_CARD,AIRLINE,3:1,3.0,0 to 4 hours + 1 to 7 days,Marriott Bonvoy,Estimated via Marriott Bonvoy.
Amex Platinum,Marriott Bonvoy,CREDIT_CARD,HOTEL,4:1,4.0,0 to 4 hours + Up to 7 days,Asia Miles (Cathay),Estimated via Asia Miles (Cathay).
Amex Platinum,Marriott Bonvoy,CREDIT_CARD,HOTEL,1:1,1.0,0 to 4 hours,Direct,
Amex Platinum,Marriott Bonvoy,CREDIT_CARD,HOTEL,8:3,2.6666666666666665,0 to 4 hours + Up to 7 days,KrisFlyer,Estimated via KrisFlyer.
Amex Platinum,Marriott Bonvoy,CREDIT_CARD,HOTEL,4:1,4.0,0 to 4 hours + Up to 7 days,Qatar Privilege Club,Estimated via Qatar Privilege Club.
Amex Platinum,MileagePlus,CREDIT_CARD,AIRLINE,100:9,11.111111111111109,0 to 4 hours + Up to 30 days,Hilton Honors,Estimated via Hilton Honors.
Amex Platinum,MileagePlus,CREDIT_CARD,AIRLINE,3:1,3.0,0 to 4 hours + 1 to 7 days,Marriott Bonvoy,Estimated via Marriott Bonvoy.
Amex Platinum,Miles & Smiles,CREDIT_CARD,AIRLINE,100:9,11.111111111111109,0 to 4 hours + Up to 30 days,Hilton Honors,Estimated via Hilton Honors.
Amex Platinum,Miles & Smiles,CREDIT_CARD,AIRLINE,3:1,3.0,0 to 4 hours + 1 to 7 days,Marriott Bonvoy,Estimated via Marriott Bonvoy.
Amex Platinum,Miles-Bonus,CREDIT_CARD,AIRLINE,3:1,3.0,0 to 4 hours + Up to 3 Days,Marriott Bonvoy,Estimated via Marriott Bonvoy.
Amex Platinum,Phoenix Miles,CREDIT_CARD,AIRLINE,3:1,3.0,0 to 4 hours + 1 to 7 days,Marriott Bonvoy,Estimated via Marriott Bonvoy.
Amex Platinum,Qantas Frequent Flyer,CREDIT_CARD,AIRLINE,37:5,7.4074074074074066,0 to 4 hours + Up to 30 days,Hilton Honors,Estimated via Hilton Honors.
Amex Platinum,Qantas Frequent Flyer,CREDIT_CARD,AIRLINE,3:1,3.0,0 to 4 hours + 1 to 7 days,Marriott Bonvoy,Estimated via Marriott Bonvoy.
Amex Platinum,Qatar Privilege Club,CREDIT_CARD,AIRLINE,2:1,2.0,0 to 4 hours + Instant,British Airways Executive Club,Estimated via British Airways Executive Club.
Amex Platinum,Qatar Privilege Club,CREDIT_CARD,AIRLINE,2:1,2.0,0 to 4 hours,Direct,
Amex Platinum,Qatar Privilege Club,CREDIT_CARD,AIRLINE,100:9,11.111111111111109,0 to 4 hours + Up to 30 days,Hilton Honors,Estimated via Hilton Honors.
Amex Platinum,Qatar Privilege Club,CREDIT_CARD,AIRLINE,3:1,3.0,0 to 4 hours + Up to 3 Days,Marriott Bonvoy,Estimated via Marriott Bonvoy.
Amex Platinum,Rapid Rewards,CREDIT_CARD,AIRLINE,3:1,3.0,0 to 4 hours + 1 to 7 days,Marriott Bonvoy,Estimated via Marriott Bonvoy.
Amex Platinum,Royal Orchid Plus,CREDIT_CARD,AIRLINE,3:1,3.0,0 to 4 hours + 1 to 7 days,Marriott Bonvoy,Estimated via Marriott Bonvoy.
Amex Platinum,Saudia Alfursan,CREDIT_CARD,AIRLINE,100:9,11.111111111111109,0 to 4 hours + Up to 30 days,Hilton Honors,Estimated via Hilton Honors.
Amex Platinum,Saudia Alfursan,CREDIT_CARD,AIRLINE,3:1,3.0,0 to 4 hours + 1 to 7 days,Marriott Bonvoy,Estimated via Marriott Bonvoy.
Amex Platinum,ShebaMiles,CREDIT_CARD,AIRLINE,100:9,11.111111111111109,0 to 4 hours + Up to 30 days,Hilton Honors,Estimated via Hilton Honors.
Amex Platinum,ShebaMiles,CREDIT_CARD,AIRLINE,3:1,3.0,0 to 4 hours + 1 to 7 days,Marriott Bonvoy,Estimated via Marriott Bonvoy.
Amex Platinum,Sky Pearl Club,CREDIT_CARD,AIRLINE,3:1,3.0,0 to 4 hours + 1 to 7 days,Marriott Bonvoy,Estimated via Marriott Bonvoy.
Amex Platinum,Tap Miles & Go,CREDIT_CARD,AIRLINE,3:1,3.0,0 to 4 hours + 1 to 7 days,Marriott Bonvoy,Estimated via Marriott Bonvoy.
Amex Platinum,Velocity,CREDIT_CARD,AIRLINE,37:5,7.4074074074074066,0 to 4 hours + Up to 30 days,Hilton Honors,Estimated via Hilton Honors.
Amex Platinum,Velocity,CREDIT_CARD,AIRLINE,3:1,3.0,0 to 4 hours + 1 to 7 days,Marriott Bonvoy,Estimated via Marriott Bonvoy.
Amex Platinum,Virgin Atlantic Flying Club,CREDIT_CARD,AIRLINE,2:1,2.0,0 to 4 hours,Direct,
Amex Platinum,Virgin Atlantic Flying Club,CREDIT_CARD,AIRLINE,37:5,7.4074074074074066,0 to 4 hours + Up to 30 days,Hilton Honors,Estimated via Hilton Honors.
Amex Platinum,Virgin Atlantic Flying Club,CREDIT_CARD,AIRLINE,3:1,3.0,0 to 4 hours + 1 to 7 days,Marriott Bonvoy,Estimated via Marriott Bonvoy.
Amex Platinum,Vueling Club,CREDIT_CARD,AIRLINE,2:1,2.0,0 to 4 hours + Instant,British Airways Executive Club,Estimated via British Airways Executive Club.
Amex Platinum,Vueling Club,CREDIT_CARD,AIRLINE,3:1,3.0,0 to 4 hours + 1 to 7 days,Marriott Bonvoy,Estimated via Marriott Bonvoy.
Amex Platinum,Vueling Club,CREDIT_CARD,AIRLINE,2:1,2.0,0 to 4 hours + Instant,Qatar Privilege Club,Estimated via Qatar Privilege Club.
Amex Platinum Reserve,ANA Mileage Club,CREDIT_CARD,AIRLINE,100:9,11.111111111111109,0 to 4 hours + Up to 30 days,Hilton Honors,Estimated via Hilton Honors.
Amex Platinum Reserve,ANA Mileage Club,CREDIT_CARD,AIRLINE,3:1,3.0,0 to 4 hours + Up to 4 Days,Marriott Bonvoy,Estimated via Marriott Bonvoy.
Amex Platinum Reserve,Accor Live Limitless,CREDIT_CARD,HOTEL,9:1,9.0,0 to 4 hours + Up to 7 days,KrisFlyer,Estimated via KrisFlyer.
Amex Platinum Reserve,Accor Live Limitless,CREDIT_CARD,HOTEL,7:1,7.0,0 to 4 hours + Up to 7 days,Qatar Privilege Club,Estimated via Qatar Privilege Club.
Amex Platinum Reserve,AerClub,CREDIT_CARD,AIRLINE,2:1,2.0,0 to 4 hours + Instant,British Airways Executive Club,Estimated via British Airways Executive Club.
Amex Platinum Reserve,AerClub,CREDIT_CARD,AIRLINE,3:1,3.0,0 to 4 hours + Up to 3 Days,Marriott Bonvoy,Estimated via Marriott Bonvoy.
Amex Platinum Reserve,AerClub,CREDIT_CARD,AIRLINE,2:1,2.0,0 to 4 hours + Instant,Qatar Privilege Club,Estimated via Qatar Privilege Club.
Amex Platinum Reserve,Aeromexico Rewards,CREDIT_CARD,AIRLINE,47:11,4.273504273504273,0 to 4 hours + Up to 30 days,Hilton Honors,Estimated via Hilton Honors.
Amex Platinum Reserve,Aeromexico Rewards,CREDIT_CARD,AIRLINE,3:1,3.0,0 to 4 hours + Up to 4 Days,Marriott Bonvoy,Estimated via Marriott Bonvoy.
Amex Platinum Reserve,Aeroplan,CREDIT_CARD,AIRLINE,100:9,11.111111111111109,0 to 4 hours + Up to 30 days,Hilton Honors,Estimated via Hilton Honors.
Amex Platinum Reserve,Aeroplan,CREDIT_CARD,AIRLINE,3:1,3.0,0 to 4 hours + Up to 4 Days,Marriott Bonvoy,Estimated via Marriott Bonvoy.
Amex Platinum Reserve,AirAsia Rewards,CREDIT_CARD,AIRLINE,50:9,5.5555555555555545,0 to 4 hours + Up to 30 days,Hilton Honors,Estimated via Hilton Honors.
Amex Platinum Reserve,American Airlines AAdvantage,CREDIT_CARD,AIRLINE,3:1,3.0,0 to 4 hours + 1 to 7 days,Marriott Bonvoy,Estimated via Marriott Bonvoy.
Amex Platinum Reserve,Asia Miles (Cathay),CREDIT_CARD,AIRLINE,2:1,2.0,0 to 4 hours,Direct,
Amex Platinum Reserve,Asia Miles (Cathay),CREDIT_CARD,AIRLINE,100:9,11.111111111111109,0 to 4 hours + Up to 30 days,Hilton Honors,Estimated via Hilton Honors.
Amex Platinum Reserve,Asia Miles (Cathay),CREDIT_CARD,AIRLINE,3:1,3.0,0 to 4 hours + Up to 5 Days,Marriott Bonvoy,Estimated via Marriott Bonvoy.
Amex Platinum Reserve,Asiana Club,CREDIT_CARD,AIRLINE,3:1,3.0,0 to 4 hours + Up to 4 Days,Marriott Bonvoy,Estimated via Marriott Bonvoy.
Amex Platinum Reserve,Atmos Rewards,CREDIT_CARD,AIRLINE,3:1,3.0,0 to 4 hours + Up to 4 Days,Marriott Bonvoy,Estimated via Marriott Bonvoy.
Amex Platinum Reserve,British Airways Executive Club,CREDIT_CARD,AIRLINE,2:1,2.0,0 to 4 hours,Direct,
Amex Platinum Reserve,British Airways Executive Club,CREDIT_CARD,AIRLINE,100:9,11.111111111111109,0 to 4 hours + Up to 30 days,Hilton Honors,Estimated via Hilton Honors.
Amex Platinum Reserve,British Airways Executive Club,CREDIT_CARD,AIRLINE,3:1,3.0,0 to 4 hours + Up to 3 Days,Marriott Bonvoy,Estimated via Marriott Bonvoy.
Amex Platinum Reserve,British Airways Executive Club,CREDIT_CARD,AIRLINE,2:1,2.0,0 to 4 hours + Instant,Qatar Privilege Club,Estimated via Qatar Privilege Club.
Amex Platinum Reserve,ConnectMiles,CREDIT_CARD,AIRLINE,3:1,3.0,0 to 4 hours + 1 to 7 days,Marriott Bonvoy,Estimated via Marriott Bonvoy.
Amex Platinum Reserve,Delta SkyMiles,CREDIT_CARD,AIRLINE,100:9,11.111111111111109,0 to 4 hours + Up to 30 days,Hilton Honors,Estimated via Hilton Honors.
Amex Platinum Reserve,Delta SkyMiles,CREDIT_CARD,AIRLINE,3:1,3.0,0 to 4 hours + Up to 1 Day,Marriott Bonvoy,Estimated via Marriott Bonvoy.
Amex Platinum Reserve,Eastern Miles,CREDIT_CARD,AIRLINE,100:9,11.111111111111109,0 to 4 hours + Up to 30 days,Hilton Honors,Estimated via Hilton Honors.
Amex Platinum Reserve,Emirates Skywards,CREDIT_CARD,AIRLINE,100:9,11.111111111111109,0 to 4 hours + Up to 30 days,Hilton Honors,Estimated via Hilton Honors.
Amex Platinum Reserve,Emirates Skywards,CREDIT_CARD,AIRLINE,3:1,3.0,0 to 4 hours + Up to 3 Days,Marriott Bonvoy,Estimated via Marriott Bonvoy.
Amex Platinum Reserve,Enrich,CREDIT_CARD,AIRLINE,37:4,9.25925925925926,0 to 4 hours + Up to 30 days,Hilton Honors,Estimated via Hilton Honors.
Amex Platinum Reserve,Etihad Guest,CREDIT_CARD,AIRLINE,2:1,2.0,0 to 4 hours,Direct,
Amex Platinum Reserve,Etihad Guest,CREDIT_CARD,AIRLINE,100:9,11.111111111111109,0 to 4 hours + Up to 30 days,Hilton Honors,Estimated via Hilton Honors.
Amex Platinum Reserve,Etihad Guest,CREDIT_CARD,AIRLINE,3:1,3.0,0 to 4 hours + Up to 3 Days,Marriott Bonvoy,Estimated via Marriott Bonvoy.
Amex Platinum Reserve,Finnair Plus,CREDIT_CARD,AIRLINE,2:1,2.0,0 to 4 hours + Instant,British Airways Executive Club,Estimated via British Airways Executive Club.
Amex Platinum Reserve,Finnair Plus,CREDIT_CARD,AIRLINE,2:1,2.0,0 to 4 hours + Instant,Qatar Privilege Club,Estimated via Qatar Privilege Club.
Amex Platinum Reserve,Flying Blue,CREDIT_CARD,AIRLINE,100:9,11.111111111111109,0 to 4 hours + Up to 30 days,Hilton Honors,Estimated via Hilton Honors.
Amex Platinum Reserve,Flying Blue,CREDIT_CARD,AIRLINE,3:1,3.0,0 to 4 hours + Up to 3 Days,Marriott Bonvoy,Estimated via Marriott Bonvoy.
Amex Platinum Reserve,Fortune Wings Club,CREDIT_CARD,AIRLINE,25:9,2.7777777777777772,0 to 4 hours + Up to 30 days,Hilton Honors,Estimated via Hilton Honors.
Amex Platinum Reserve,Fortune Wings Club,CREDIT_CARD,AIRLINE,3:1,3.0,0 to 4 hours + Up to 8 Days,Marriott Bonvoy,Estimated via Marriott Bonvoy.
Amex Platinum Reserve,Frontier Miles,CREDIT_CARD,AIRLINE,3:1,3.0,0 to 4 hours + Up to 30 Days,Marriott Bonvoy,Estimated via Marriott Bonvoy.
Amex Platinum Reserve,Hilton Honors,CREDIT_CARD,HOTEL,10:9,1.1111111111111112,0 to 4 hours,Direct,
Amex Platinum Reserve,Iberia Club,CREDIT_CARD,AIRLINE,2:1,2.0,0 to 4 hours + Instant,British Airways Executive Club,Estimated via British Airways Executive Club.
Amex Platinum Reserve,Iberia Club,CREDIT_CARD,AIRLINE,3:1,3.0,0 to 4 hours + Up to 1 Day,Marriott Bonvoy,Estimated via Marriott Bonvoy.
Amex Platinum Reserve,Iberia Club,CREDIT_CARD,AIRLINE,2:1,2.0,0 to 4 hours + Instant,Qatar Privilege Club,Estimated via Qatar Privilege Club.
Amex Platinum Reserve,Infinity MileageLands,CREDIT_CARD,AIRLINE,100:9,11.111111111111109,0 to 4 hours + Up to 30 days,Hilton Honors,Estimated via Hilton Honors.
Amex Platinum Reserve,JAL Mileage Bank,CREDIT_CARD,AIRLINE,100:9,11.111111111111109,0 to 4 hours + Up to 30 days,Hilton Honors,Estimated via Hilton Honors.
Amex Platinum Reserve,JAL Mileage Bank,CREDIT_CARD,AIRLINE,3:1,3.0,0 to 4 hours + Up to 2 Days,Marriott Bonvoy,Estimated via Marriott Bonvoy.
Amex Platinum Reserve,KrisFlyer,CREDIT_CARD,AIRLINE,2:1,2.0,0 to 4 hours,Direct,
Amex Platinum Reserve,KrisFlyer,CREDIT_CARD,AIRLINE,80:9,8.88888888888889,0 to 4 hours + Up to 30 days,Hilton Honors,Estimated via Hilton Honors.
Amex Platinum Reserve,KrisFlyer,CREDIT_CARD,AIRLINE,3:1,3.0,0 to 4 hours + 1 to 7 days,Marriott Bonvoy,Estimated via Marriott Bonvoy.
Amex Platinum Reserve,LATAM Pass,CREDIT_CARD,AIRLINE,3:1,3.0,0 to 4 hours + 1 to 7 days,Marriott Bonvoy,Estimated via Marriott Bonvoy.
Amex Platinum Reserve,LifeMiles,CREDIT_CARD,AIRLINE,3:1,3.0,0 to 4 hours + 1 to 7 days,Marriott Bonvoy,Estimated via Marriott Bonvoy.
Amex Platinum Reserve,Marriott Bonvoy,CREDIT_CARD,HOTEL,4:1,4.0,0 to 4 hours + Up to 7 days,Asia Miles (Cathay),Estimated via Asia Miles (Cathay).
Amex Platinum Reserve,Marriott Bonvoy,CREDIT_CARD,HOTEL,1:1,1.0,0 to 4 hours,Direct,
Amex Platinum Reserve,Marriott Bonvoy,CREDIT_CARD,HOTEL,8:3,2.6666666666666665,0 to 4 hours + Up to 7 days,KrisFlyer,Estimated via KrisFlyer.
Amex Platinum Reserve,Marriott Bonvoy,CREDIT_CARD,HOTEL,4:1,4.0,0 to 4 hours + Up to 7 days,Qatar Privilege Club,Estimated via Qatar Privilege Club.
Amex Platinum Reserve,MileagePlus,CREDIT_CARD,AIRLINE,100:9,11.111111111111109,0 to 4 hours + Up to 30 days,Hilton Honors,Estimated via Hilton Honors.
Amex Platinum Reserve,MileagePlus,CREDIT_CARD,AIRLINE,3:1,3.0,0 to 4 hours + 1 to 7 days,Marriott Bonvoy,Estimated via Marriott Bonvoy.
Amex Platinum Reserve,Miles & Smiles,CREDIT_CARD,AIRLINE,100:9,11.111111111111109,0 to 4 hours + Up to 30 days,Hilton Honors,Estimated via Hilton Honors.
Amex Platinum Reserve,Miles & Smiles,CREDIT_CARD,AIRLINE,3:1,3.0,0 to 4 hours + 1 to 7 days,Marriott Bonvoy,Estimated via Marriott Bonvoy.
Amex Platinum Reserve,Miles-Bonus,CREDIT_CARD,AIRLINE,3:1,3.0,0 to 4 hours + Up to 3 Days,Marriott Bonvoy,Estimated via Marriott Bonvoy.
Amex Platinum Reserve,Phoenix Miles,CREDIT_CARD,AIRLINE,3:1,3.0,0 to 4 hours + 1 to 7 days,Marriott Bonvoy,Estimated via Marriott Bonvoy.
Amex Platinum Reserve,Qantas Frequent Flyer,CREDIT_CARD,AIRLINE,37:5,7.4074074074074066,0 to 4 hours + Up to 30 days,Hilton Honors,Estimated via Hilton Honors.
Amex Platinum Reserve,Qantas Frequent Flyer,CREDIT_CARD,AIRLINE,3:1,3.0,0 to 4 hours + 1 to 7 days,Marriott Bonvoy,Estimated via Marriott Bonvoy.
Amex Platinum Reserve,Qatar Privilege Club,CREDIT_CARD,AIRLINE,2:1,2.0,0 to 4 hours + Instant,British Airways Executive Club,Estimated via British Airways Executive Club.
Amex Platinum Reserve,Qatar Privilege Club,CREDIT_CARD,AIRLINE,2:1,2.0,0 to 4 hours,Direct,
Amex Platinum Reserve,Qatar Privilege Club,CREDIT_CARD,AIRLINE,100:9,11.111111111111109,0 to 4 hours + Up to 30 days,Hilton Honors,Estimated via Hilton Honors.
Amex Platinum Reserve,Qatar Privilege Club,CREDIT_CARD,AIRLINE,3:1,3.0,0 to 4 hours + Up to 3 Days,Marriott Bonvoy,Estimated via Marriott Bonvoy.
Amex Platinum Reserve,Rapid Rewards,CREDIT_CARD,AIRLINE,3:1,3.0,0 to 4 hours + 1 to 7 days,Marriott Bonvoy,Estimated via Marriott Bonvoy.
Amex Platinum Reserve,Royal Orchid Plus,CREDIT_CARD,AIRLINE,3:1,3.0,0 to 4 hours + 1 to 7 days,Marriott Bonvoy,Estimated via Marriott Bonvoy.
Amex Platinum Reserve,Saudia Alfursan,CREDIT_CARD,AIRLINE,100:9,11.111111111111109,0 to 4 hours + Up to 30 days,Hilton Honors,Estimated via Hilton Honors.
Amex Platinum Reserve,Saudia Alfursan,CREDIT_CARD,AIRLINE,3:1,3.0,0 to 4 hours + 1 to 7 days,Marriott Bonvoy,Estimated via Marriott Bonvoy.
Amex Platinum Reserve,ShebaMiles,CREDIT_CARD,AIRLINE,100:9,11.111111111111109,0 to 4 hours + Up to 30 days,Hilton Honors,Estimated via Hilton Honors.
Amex Platinum Reserve,ShebaMiles,CREDIT_CARD,AIRLINE,3:1,3.0,0 to 4 hours + 1 to 7 days,Marriott Bonvoy,Estimated via Marriott Bonvoy.
Amex Platinum Reserve,Sky Pearl Club,CREDIT_CARD,AIRLINE,3:1,3.0,0 to 4 hours + 1 to 7 days,Marriott Bonvoy,Estimated via Marriott Bonvoy.
Amex Platinum Reserve,Tap Miles & Go,CREDIT_CARD,AIRLINE,3:1,3.0,0 to 4 hours + 1 to 7 days,Marriott Bonvoy,Estimated via Marriott Bonvoy.
Amex Platinum Reserve,Velocity,CREDIT_CARD,AIRLINE,37:5,7.4074074074074066,0 to 4 hours + Up to 30 days,Hilton Honors,Estimated via Hilton Honors.
Amex Platinum Reserve,Velocity,CREDIT_CARD,AIRLINE,3:1,3.0,0 to 4 hours + 1 to 7 days,Marriott Bonvoy,Estimated via Marriott Bonvoy.
Amex Platinum Reserve,Virgin Atlantic Flying Club,CREDIT_CARD,AIRLINE,2:1,2.0,0 to 4 hours,Direct,
Amex Platinum Reserve,Virgin Atlantic Flying Club,CREDIT_CARD,AIRLINE,37:5,7.4074074074074066,0 to 4 hours + Up to 30 days,Hilton Honors,Estimated via Hilton Honors.
Amex Platinum Reserve,Virgin Atlantic Flying Club,CREDIT_CARD,AIRLINE,3:1,3.0,0 to 4 hours + 1 to 7 days,Marriott Bonvoy,Estimated via Marriott Bonvoy.
Amex Platinum Reserve,Vueling Club,CREDIT_CARD,AIRLINE,2:1,2.0,0 to 4 hours + Instant,British Airways Executive Club,Estimated via British Airways Executive Club.
Amex Platinum Reserve,Vueling Club,CREDIT_CARD,AIRLINE,3:1,3.0,0 to 4 hours + 1 to 7 days,Marriott Bonvoy,Estimated via Marriott Bonvoy.
Amex Platinum Reserve,Vueling Club,CREDIT_CARD,AIRLINE,2:1,2.0,0 to 4 hours + Instant,Qatar Privilege Club,Estimated via Qatar Privilege Club.
Amex Platinum Travel,ANA Mileage Club,CREDIT_CARD,AIRLINE,100:9,11.111111111111109,0 to 4 hours + Up to 30 days,Hilton Honors,Estimated via Hilton Honors.
Amex Platinum Travel,ANA Mileage Club,CREDIT_CARD,AIRLINE,3:1,3.0,0 to 4 hours + Up to 4 Days,Marriott Bonvoy,Estimated via Marriott Bonvoy.
Amex Platinum Travel,Accor Live Limitless,CREDIT_CARD,HOTEL,9:1,9.0,0 to 4 hours + Up to 7 days,KrisFlyer,Estimated via KrisFlyer.
Amex Platinum Travel,Accor Live Limitless,CREDIT_CARD,HOTEL,7:1,7.0,0 to 4 hours + Up to 7 days,Qatar Privilege Club,Estimated via Qatar Privilege Club.
Amex Platinum Travel,AerClub,CREDIT_CARD,AIRLINE,2:1,2.0,0 to 4 hours + Instant,British Airways Executive Club,Estimated via British Airways Executive Club.
Amex Platinum Travel,AerClub,CREDIT_CARD,AIRLINE,3:1,3.0,0 to 4 hours + Up to 3 Days,Marriott Bonvoy,Estimated via Marriott Bonvoy.
Amex Platinum Travel,AerClub,CREDIT_CARD,AIRLINE,2:1,2.0,0 to 4 hours + Instant,Qatar Privilege Club,Estimated via Qatar Privilege Club.
Amex Platinum Travel,Aeromexico Rewards,CREDIT_CARD,AIRLINE,47:11,4.273504273504273,0 to 4 hours + Up to 30 days,Hilton Honors,Estimated via Hilton Honors.
Amex Platinum Travel,Aeromexico Rewards,CREDIT_CARD,AIRLINE,3:1,3.0,0 to 4 hours + Up to 4 Days,Marriott Bonvoy,Estimated via Marriott Bonvoy.
Amex Platinum Travel,Aeroplan,CREDIT_CARD,AIRLINE,100:9,11.111111111111109,0 to 4 hours + Up to 30 days,Hilton Honors,Estimated via Hilton Honors.
Amex Platinum Travel,Aeroplan,CREDIT_CARD,AIRLINE,3:1,3.0,0 to 4 hours + Up to 4 Days,Marriott Bonvoy,Estimated via Marriott Bonvoy.
Amex Platinum Travel,AirAsia Rewards,CREDIT_CARD,AIRLINE,50:9,5.5555555555555545,0 to 4 hours + Up to 30 days,Hilton Honors,Estimated via Hilton Honors.
Amex Platinum Travel,American Airlines AAdvantage,CREDIT_CARD,AIRLINE,3:1,3.0,0 to 4 hours + 1 to 7 days,Marriott Bonvoy,Estimated via Marriott Bonvoy.
Amex Platinum Travel,Asia Miles (Cathay),CREDIT_CARD,AIRLINE,2:1,2.0,0 to 4 hours,Direct,
Amex Platinum Travel,Asia Miles (Cathay),CREDIT_CARD,AIRLINE,100:9,11.111111111111109,0 to 4 hours + Up to 30 days,Hilton Honors,Estimated via Hilton Honors.
Amex Platinum Travel,Asia Miles (Cathay),CREDIT_CARD,AIRLINE,3:1,3.0,0 to 4 hours + Up to 5 Days,Marriott Bonvoy,Estimated via Marriott Bonvoy.
Amex Platinum Travel,Asiana Club,CREDIT_CARD,AIRLINE,3:1,3.0,0 to 4 hours + Up to 4 Days,Marriott Bonvoy,Estimated via Marriott Bonvoy.
Amex Platinum Travel,Atmos Rewards,CREDIT_CARD,AIRLINE,3:1,3.0,0 to 4 hours + Up to 4 Days,Marriott Bonvoy,Estimated via Marriott Bonvoy.
Amex Platinum Travel,British Airways Executive Club,CREDIT_CARD,AIRLINE,2:1,2.0,0 to 4 hours,Direct,
Amex Platinum Travel,British Airways Executive Club,CREDIT_CARD,AIRLINE,100:9,11.111111111111109,0 to 4 hours + Up to 30 days,Hilton Honors,Estimated via Hilton Honors.
Amex Platinum Travel,British Airways Executive Club,CREDIT_CARD,AIRLINE,3:1,3.0,0 to 4 hours + Up to 3 Days,Marriott Bonvoy,Estimated via Marriott Bonvoy.
Amex Platinum Travel,British Airways Executive Club,CREDIT_CARD,AIRLINE,2:1,2.0,0 to 4 hours + Instant,Qatar Privilege Club,Estimated via Qatar Privilege Club.
Amex Platinum Travel,ConnectMiles,CREDIT_CARD,AIRLINE,3:1,3.0,0 to 4 hours + 1 to 7 days,Marriott Bonvoy,Estimated via Marriott Bonvoy.
Amex Platinum Travel,Delta SkyMiles,CREDIT_CARD,AIRLINE,100:9,11.111111111111109,0 to 4 hours + Up to 30 days,Hilton Honors,Estimated via Hilton Honors.
Amex Platinum Travel,Delta SkyMiles,CREDIT_CARD,AIRLINE,3:1,3.0,0 to 4 hours + Up to 1 Day,Marriott Bonvoy,Estimated via Marriott Bonvoy.
Amex Platinum Travel,Eastern Miles,CREDIT_CARD,AIRLINE,100:9,11.111111111111109,0 to 4 hours + Up to 30 days,Hilton Honors,Estimated via Hilton Honors.
Amex Platinum Travel,Emirates Skywards,CREDIT_CARD,AIRLINE,100:9,11.111111111111109,0 to 4 hours + Up to 30 days,Hilton Honors,Estimated via Hilton Honors.
Amex Platinum Travel,Emirates Skywards,CREDIT_CARD,AIRLINE,3:1,3.0,0 to 4 hours + Up to 3 Days,Marriott Bonvoy,Estimated via Marriott Bonvoy.
Amex Platinum Travel,Enrich,CREDIT_CARD,AIRLINE,37:4,9.25925925925926,0 to 4 hours + Up to 30 days,Hilton Honors,Estimated via Hilton Honors.
Amex Platinum Travel,Etihad Guest,CREDIT_CARD,AIRLINE,2:1,2.0,0 to 4 hours,Direct,
Amex Platinum Travel,Etihad Guest,CREDIT_CARD,AIRLINE,100:9,11.111111111111109,0 to 4 hours + Up to 30 days,Hilton Honors,Estimated via Hilton Honors.
Amex Platinum Travel,Etihad Guest,CREDIT_CARD,AIRLINE,3:1,3.0,0 to 4 hours + Up to 3 Days,Marriott Bonvoy,Estimated via Marriott Bonvoy.
Amex Platinum Travel,Finnair Plus,CREDIT_CARD,AIRLINE,2:1,2.0,0 to 4 hours + Instant,British Airways Executive Club,Estimated via British Airways Executive Club.
Amex Platinum Travel,Finnair Plus,CREDIT_CARD,AIRLINE,2:1,2.0,0 to 4 hours + Instant,Qatar Privilege Club,Estimated via Qatar Privilege Club.
Amex Platinum Travel,Flying Blue,CREDIT_CARD,AIRLINE,100:9,11.111111111111109,0 to 4 hours + Up to 30 days,Hilton Honors,Estimated via Hilton Honors.
Amex Platinum Travel,Flying Blue,CREDIT_CARD,AIRLINE,3:1,3.0,0 to 4 hours + Up to 3 Days,Marriott Bonvoy,Estimated via Marriott Bonvoy.
Amex Platinum Travel,Fortune Wings Club,CREDIT_CARD,AIRLINE,25:9,2.7777777777777772,0 to 4 hours + Up to 30 days,Hilton Honors,Estimated via Hilton Honors.
Amex Platinum Travel,Fortune Wings Club,CREDIT_CARD,AIRLINE,3:1,3.0,0 to 4 hours + Up to 8 Days,Marriott Bonvoy,Estimated via Marriott Bonvoy.
Amex Platinum Travel,Frontier Miles,CREDIT_CARD,AIRLINE,3:1,3.0,0 to 4 hours + Up to 30 Days,Marriott Bonvoy,Estimated via Marriott Bonvoy.
Amex Platinum Travel,Hilton Honors,CREDIT_CARD,HOTEL,10:9,1.1111111111111112,0 to 4 hours,Direct,
Amex Platinum Travel,Iberia Club,CREDIT_CARD,AIRLINE,2:1,2.0,0 to 4 hours + Instant,British Airways Executive Club,Estimated via British Airways Executive Club.
Amex Platinum Travel,Iberia Club,CREDIT_CARD,AIRLINE,3:1,3.0,0 to 4 hours + Up to 1 Day,Marriott Bonvoy,Estimated via Marriott Bonvoy.
Amex Platinum Travel,Iberia Club,CREDIT_CARD,AIRLINE,2:1,2.0,0 to 4 hours + Instant,Qatar Privilege Club,Estimated via Qatar Privilege Club.
Amex Platinum Travel,Infinity MileageLands,CREDIT_CARD,AIRLINE,100:9,11.111111111111109,0 to 4 hours + Up to 30 days,Hilton Honors,Estimated via Hilton Honors.
Amex Platinum Travel,JAL Mileage Bank,CREDIT_CARD,AIRLINE,100:9,11.111111111111109,0 to 4 hours + Up to 30 days,Hilton Honors,Estimated via Hilton Honors.
Amex Platinum Travel,JAL Mileage Bank,CREDIT_CARD,AIRLINE,3:1,3.0,0 to 4 hours + Up to 2 Days,Marriott Bonvoy,Estimated via Marriott Bonvoy.
Amex Platinum Travel,KrisFlyer,CREDIT_CARD,AIRLINE,2:1,2.0,0 to 4 hours,Direct,
Amex Platinum Travel,KrisFlyer,CREDIT_CARD,AIRLINE,80:9,8.88888888888889,0 to 4 hours + Up to 30 days,Hilton Honors,Estimated via Hilton Honors.
Amex Platinum Travel,KrisFlyer,CREDIT_CARD,AIRLINE,3:1,3.0,0 to 4 hours + 1 to 7 days,Marriott Bonvoy,Estimated via Marriott Bonvoy.
Amex Platinum Travel,LATAM Pass,CREDIT_CARD,AIRLINE,3:1,3.0,0 to 4 hours + 1 to 7 days,Marriott Bonvoy,Estimated via Marriott Bonvoy.
Amex Platinum Travel,LifeMiles,CREDIT_CARD,AIRLINE,3:1,3.0,0 to 4 hours + 1 to 7 days,Marriott Bonvoy,Estimated via Marriott Bonvoy.
Amex Platinum Travel,Marriott Bonvoy,CREDIT_CARD,HOTEL,4:1,4.0,0 to 4 hours + Up to 7 days,Asia Miles (Cathay),Estimated via Asia Miles (Cathay).
Amex Platinum Travel,Marriott Bonvoy,CREDIT_CARD,HOTEL,1:1,1.0,0 to 4 hours,Direct,
Amex Platinum Travel,Marriott Bonvoy,CREDIT_CARD,HOTEL,8:3,2.6666666666666665,0 to 4 hours + Up to 7 days,KrisFlyer,Estimated via KrisFlyer.
Amex Platinum Travel,Marriott Bonvoy,CREDIT_CARD,HOTEL,4:1,4.0,0 to 4 hours + Up to 7 days,Qatar Privilege Club,Estimated via Qatar Privilege Club.
Amex Platinum Travel,MileagePlus,CREDIT_CARD,AIRLINE,100:9,11.111111111111109,0 to 4 hours + Up to 30 days,Hilton Honors,Estimated via Hilton Honors.
Amex Platinum Travel,MileagePlus,CREDIT_CARD,AIRLINE,3:1,3.0,0 to 4 hours + 1 to 7 days,Marriott Bonvoy,Estimated via Marriott Bonvoy.
Amex Platinum Travel,Miles & Smiles,CREDIT_CARD,AIRLINE,100:9,11.111111111111109,0 to 4 hours + Up to 30 days,Hilton Honors,Estimated via Hilton Honors.
Amex Platinum Travel,Miles & Smiles,CREDIT_CARD,AIRLINE,3:1,3.0,0 to 4 hours + 1 to 7 days,Marriott Bonvoy,Estimated via Marriott Bonvoy.
Amex Platinum Travel,Miles-Bonus,CREDIT_CARD,AIRLINE,3:1,3.0,0 to 4 hours + Up to 3 Days,Marriott Bonvoy,Estimated via Marriott Bonvoy.
Amex Platinum Travel,Phoenix Miles,CREDIT_CARD,AIRLINE,3:1,3.0,0 to 4 hours + 1 to 7 days,Marriott Bonvoy,Estimated via Marriott Bonvoy.
Amex Platinum Travel,Qantas Frequent Flyer,CREDIT_CARD,AIRLINE,37:5,7.4074074074074066,0 to 4 hours + Up to 30 days,Hilton Honors,Estimated via Hilton Honors.
Amex Platinum Travel,Qantas Frequent Flyer,CREDIT_CARD,AIRLINE,3:1,3.0,0 to 4 hours + 1 to 7 days,Marriott Bonvoy,Estimated via Marriott Bonvoy.
Amex Platinum Travel,Qatar Privilege Club,CREDIT_CARD,AIRLINE,2:1,2.0,0 to 4 hours + Instant,British Airways Executive Club,Estimated via British Airways Executive Club.
Amex Platinum Travel,Qatar Privilege Club,CREDIT_CARD,AIRLINE,2:1,2.0,0 to 4 hours,Direct,
Amex Platinum Travel,Qatar Privilege Club,CREDIT_CARD,AIRLINE,100:9,11.111111111111109,0 to 4 hours + Up to 30 days,Hilton Honors,Estimated via Hilton Honors.
Amex Platinum Travel,Qatar Privilege Club,CREDIT_CARD,AIRLINE,3:1,3.0,0 to 4 hours + Up to 3 Days,Marriott Bonvoy,Estimated via Marriott Bonvoy.
Amex Platinum Travel,Rapid Rewards,CREDIT_CARD,AIRLINE,3:1,3.0,0 to 4 hours + 1 to 7 days,Marriott Bonvoy,Estimated via Marriott Bonvoy.
Amex Platinum Travel,Royal Orchid Plus,CREDIT_CARD,AIRLINE,3:1,3.0,0 to 4 hours + 1 to 7 days,Marriott Bonvoy,Estimated via Marriott Bonvoy.
Amex Platinum Travel,Saudia Alfursan,CREDIT_CARD,AIRLINE,100:9,11.111111111111109,0 to 4 hours + Up to 30 days,Hilton Honors,Estimated via Hilton Honors.
Amex Platinum Travel,Saudia Alfursan,CREDIT_CARD,AIRLINE,3:1,3.0,0 to 4 hours + 1 to 7 days,Marriott Bonvoy,Estimated via Marriott Bonvoy.
Amex Platinum Travel,ShebaMiles,CREDIT_CARD,AIRLINE,100:9,11.111111111111109,0 to 4 hours + Up to 30 days,Hilton Honors,Estimated via Hilton Honors.
Amex Platinum Travel,ShebaMiles,CREDIT_CARD,AIRLINE,3:1,3.0,0 to 4 hours + 1 to 7 days,Marriott Bonvoy,Estimated via Marriott Bonvoy.
Amex Platinum Travel,Sky Pearl Club,CREDIT_CARD,AIRLINE,3:1,3.0,0 to 4 hours + 1 to 7 days,Marriott Bonvoy,Estimated via Marriott Bonvoy.
Amex Platinum Travel,Tap Miles & Go,CREDIT_CARD,AIRLINE,3:1,3.0,0 to 4 hours + 1 to 7 days,Marriott Bonvoy,Estimated via Marriott Bonvoy.
Amex Platinum Travel,Velocity,CREDIT_CARD,AIRLINE,37:5,7.4074074074074066,0 to 4 hours + Up to 30 days,Hilton Honors,Estimated via Hilton Honors.
Amex Platinum Travel,Velocity,CREDIT_CARD,AIRLINE,3:1,3.0,0 to 4 hours + 1 to 7 days,Marriott Bonvoy,Estimated via Marriott Bonvoy.
Amex Platinum Travel,Virgin Atlantic Flying Club,CREDIT_CARD,AIRLINE,2:1,2.0,0 to 4 hours,Direct,
Amex Platinum Travel,Virgin Atlantic Flying Club,CREDIT_CARD,AIRLINE,37:5,7.4074074074074066,0 to 4 hours + Up to 30 days,Hilton Honors,Estimated via Hilton Honors.
Amex Platinum Travel,Virgin Atlantic Flying Club,CREDIT_CARD,AIRLINE,3:1,3.0,0 to 4 hours + 1 to 7 days,Marriott Bonvoy,Estimated via Marriott Bonvoy.
Amex Platinum Travel,Vueling Club,CREDIT_CARD,AIRLINE,2:1,2.0,0 to 4 hours + Instant,British Airways Executive Club,Estimated via British Airways Executive Club.
Amex Platinum Travel,Vueling Club,CREDIT_CARD,AIRLINE,3:1,3.0,0 to 4 hours + 1 to 7 days,Marriott Bonvoy,Estimated via Marriott Bonvoy.
Amex Platinum Travel,Vueling Club,CREDIT_CARD,AIRLINE,2:1,2.0,0 to 4 hours + Instant,Qatar Privilege Club,Estimated via Qatar Privilege Club.
Amex SmartEarn,ANA Mileage Club,CREDIT_CARD,AIRLINE,100:9,11.111111111111109,0 to 4 hours + Up to 30 days,Hilton Honors,Estimated via Hilton Honors.
Amex SmartEarn,ANA Mileage Club,CREDIT_CARD,AIRLINE,3:1,3.0,0 to 4 hours + Up to 4 Days,Marriott Bonvoy,Estimated via Marriott Bonvoy.
Amex SmartEarn,Accor Live Limitless,CREDIT_CARD,HOTEL,9:1,9.0,0 to 4 hours + Up to 7 days,KrisFlyer,Estimated via KrisFlyer.
Amex SmartEarn,Accor Live Limitless,CREDIT_CARD,HOTEL,7:1,7.0,0 to 4 hours + Up to 7 days,Qatar Privilege Club,Estimated via Qatar Privilege Club.
Amex SmartEarn,AerClub,CREDIT_CARD,AIRLINE,2:1,2.0,0 to 4 hours + Instant,British Airways Executive Club,Estimated via British Airways Executive Club.
Amex SmartEarn,AerClub,CREDIT_CARD,AIRLINE,3:1,3.0,0 to 4 hours + Up to 3 Days,Marriott Bonvoy,Estimated via Marriott Bonvoy.
Amex SmartEarn,AerClub,CREDIT_CARD,AIRLINE,2:1,2.0,0 to 4 hours + Instant,Qatar Privilege Club,Estimated via Qatar Privilege Club.
Amex SmartEarn,Aeromexico Rewards,CREDIT_CARD,AIRLINE,47:11,4.273504273504273,0 to 4 hours + Up to 30 days,Hilton Honors,Estimated via Hilton Honors.
Amex SmartEarn,Aeromexico Rewards,CREDIT_CARD,AIRLINE,3:1,3.0,0 to 4 hours + Up to 4 Days,Marriott Bonvoy,Estimated via Marriott Bonvoy.
Amex SmartEarn,Aeroplan,CREDIT_CARD,AIRLINE,100:9,11.111111111111109,0 to 4 hours + Up to 30 days,Hilton Honors,Estimated via Hilton Honors.
Amex SmartEarn,Aeroplan,CREDIT_CARD,AIRLINE,3:1,3.0,0 to 4 hours + Up to 4 Days,Marriott Bonvoy,Estimated via Marriott Bonvoy.
Amex SmartEarn,AirAsia Rewards,CREDIT_CARD,AIRLINE,50:9,5.5555555555555545,0 to 4 hours + Up to 30 days,Hilton Honors,Estimated via Hilton Honors.
Amex SmartEarn,American Airlines AAdvantage,CREDIT_CARD,AIRLINE,3:1,3.0,0 to 4 hours + 1 to 7 days,Marriott Bonvoy,Estimated via Marriott Bonvoy.
Amex SmartEarn,Asia Miles (Cathay),CREDIT_CARD,AIRLINE,2:1,2.0,0 to 4 hours,Direct,
Amex SmartEarn,Asia Miles (Cathay),CREDIT_CARD,AIRLINE,100:9,11.111111111111109,0 to 4 hours + Up to 30 days,Hilton Honors,Estimated via Hilton Honors.
Amex SmartEarn,Asia Miles (Cathay),CREDIT_CARD,AIRLINE,3:1,3.0,0 to 4 hours + Up to 5 Days,Marriott Bonvoy,Estimated via Marriott Bonvoy.
Amex SmartEarn,Asiana Club,CREDIT_CARD,AIRLINE,3:1,3.0,0 to 4 hours + Up to 4 Days,Marriott Bonvoy,Estimated via Marriott Bonvoy.
Amex SmartEarn,Atmos Rewards,CREDIT_CARD,AIRLINE,3:1,3.0,0 to 4 hours + Up to 4 Days,Marriott Bonvoy,Estimated via Marriott Bonvoy.
Amex SmartEarn,British Airways Executive Club,CREDIT_CARD,AIRLINE,2:1,2.0,0 to 4 hours,Direct,
Amex SmartEarn,British Airways Executive Club,CREDIT_CARD,AIRLINE,100:9,11.111111111111109,0 to 4 hours + Up to 30 days,Hilton Honors,Estimated via Hilton Honors.
Amex SmartEarn,British Airways Executive Club,CREDIT_CARD,AIRLINE,3:1,3.0,0 to 4 hours + Up to 3 Days,Marriott Bonvoy,Estimated via Marriott Bonvoy.
Amex SmartEarn,British Airways Executive Club,CREDIT_CARD,AIRLINE,2:1,2.0,0 to 4 hours + Instant,Qatar Privilege Club,Estimated via Qatar Privilege Club.
Amex SmartEarn,ConnectMiles,CREDIT_CARD,AIRLINE,3:1,3.0,0 to 4 hours + 1 to 7 days,Marriott Bonvoy,Estimated via Marriott Bonvoy.
Amex SmartEarn,Delta SkyMiles,CREDIT_CARD,AIRLINE,100:9,11.111111111111109,0 to 4 hours + Up to 30 days,Hilton Honors,Estimated via Hilton Honors.
Amex SmartEarn,Delta SkyMiles,CREDIT_CARD,AIRLINE,3:1,3.0,0 to 4 hours + Up to 1 Day,Marriott Bonvoy,Estimated via Marriott Bonvoy.
Amex SmartEarn,Eastern Miles,CREDIT_CARD,AIRLINE,100:9,11.111111111111109,0 to 4 hours + Up to 30 days,Hilton Honors,Estimated via Hilton Honors.
Amex SmartEarn,Emirates Skywards,CREDIT_CARD,AIRLINE,100:9,11.111111111111109,0 to 4 hours + Up to 30 days,Hilton Honors,Estimated via Hilton Honors.
Amex SmartEarn,Emirates Skywards,CREDIT_CARD,AIRLINE,3:1,3.0,0 to 4 hours + Up to 3 Days,Marriott Bonvoy,Estimated via Marriott Bonvoy.
Amex SmartEarn,Enrich,CREDIT_CARD,AIRLINE,37:4,9.25925925925926,0 to 4 hours + Up to 30 days,Hilton Honors,Estimated via Hilton Honors.
Amex SmartEarn,Etihad Guest,CREDIT_CARD,AIRLINE,2:1,2.0,0 to 4 hours,Direct,
Amex SmartEarn,Etihad Guest,CREDIT_CARD,AIRLINE,100:9,11.111111111111109,0 to 4 hours + Up to 30 days,Hilton Honors,Estimated via Hilton Honors.
Amex SmartEarn,Etihad Guest,CREDIT_CARD,AIRLINE,3:1,3.0,0 to 4 hours + Up to 3 Days,Marriott Bonvoy,Estimated via Marriott Bonvoy.
Amex SmartEarn,Finnair Plus,CREDIT_CARD,AIRLINE,2:1,2.0,0 to 4 hours + Instant,British Airways Executive Club,Estimated via British Airways Executive Club.
Amex SmartEarn,Finnair Plus,CREDIT_CARD,AIRLINE,2:1,2.0,0 to 4 hours + Instant,Qatar Privilege Club,Estimated via Qatar Privilege Club.
Amex SmartEarn,Flying Blue,CREDIT_CARD,AIRLINE,100:9,11.111111111111109,0 to 4 hours + Up to 30 days,Hilton Honors,Estimated via Hilton Honors.
Amex SmartEarn,Flying Blue,CREDIT_CARD,AIRLINE,3:1,3.0,0 to 4 hours + Up to 3 Days,Marriott Bonvoy,Estimated via Marriott Bonvoy.
Amex SmartEarn,Fortune Wings Club,CREDIT_CARD,AIRLINE,25:9,2.7777777777777772,0 to 4 hours + Up to 30 days,Hilton Honors,Estimated via Hilton Honors.
Amex SmartEarn,Fortune Wings Club,CREDIT_CARD,AIRLINE,3:1,3.0,0 to 4 hours + Up to 8 Days,Marriott Bonvoy,Estimated via Marriott Bonvoy.
Amex SmartEarn,Frontier Miles,CREDIT_CARD,AIRLINE,3:1,3.0,0 to 4 hours + Up to 30 Days,Marriott Bonvoy,Estimated via Marriott Bonvoy.
Amex SmartEarn,Hilton Honors,CREDIT_CARD,HOTEL,10:9,1.1111111111111112,0 to 4 hours,Direct,
Amex SmartEarn,Iberia Club,CREDIT_CARD,AIRLINE,2:1,2.0,0 to 4 hours + Instant,British Airways Executive Club,Estimated via British Airways Executive Club.
Amex SmartEarn,Iberia Club,CREDIT_CARD,AIRLINE,3:1,3.0,0 to 4 hours + Up to 1 Day,Marriott Bonvoy,Estimated via Marriott Bonvoy.
Amex SmartEarn,Iberia Club,CREDIT_CARD,AIRLINE,2:1,2.0,0 to 4 hours + Instant,Qatar Privilege Club,Estimated via Qatar Privilege Club.
Amex SmartEarn,Infinity MileageLands,CREDIT_CARD,AIRLINE,100:9,11.111111111111109,0 to 4 hours + Up to 30 days,Hilton Honors,Estimated via Hilton Honors.
Amex SmartEarn,JAL Mileage Bank,CREDIT_CARD,AIRLINE,100:9,11.111111111111109,0 to 4 hours + Up to 30 days,Hilton Honors,Estimated via Hilton Honors.
Amex SmartEarn,JAL Mileage Bank,CREDIT_CARD,AIRLINE,3:1,3.0,0 to 4 hours + Up to 2 Days,Marriott Bonvoy,Estimated via Marriott Bonvoy.
Amex SmartEarn,KrisFlyer,CREDIT_CARD,AIRLINE,2:1,2.0,0 to 4 hours,Direct,
Amex SmartEarn,KrisFlyer,CREDIT_CARD,AIRLINE,80:9,8.88888888888889,0 to 4 hours + Up to 30 days,Hilton Honors,Estimated via Hilton Honors.
Amex SmartEarn,KrisFlyer,CREDIT_CARD,AIRLINE,3:1,3.0,0 to 4 hours + 1 to 7 days,Marriott Bonvoy,Estimated via Marriott Bonvoy.
Amex SmartEarn,LATAM Pass,CREDIT_CARD,AIRLINE,3:1,3.0,0 to 4 hours + 1 to 7 days,Marriott Bonvoy,Estimated via Marriott Bonvoy.
Amex SmartEarn,LifeMiles,CREDIT_CARD,AIRLINE,3:1,3.0,0 to 4 hours + 1 to 7 days,Marriott Bonvoy,Estimated via Marriott Bonvoy.
Amex SmartEarn,Marriott Bonvoy,CREDIT_CARD,HOTEL,4:1,4.0,0 to 4 hours + Up to 7 days,Asia Miles (Cathay),Estimated via Asia Miles (Cathay).
Amex SmartEarn,Marriott Bonvoy,CREDIT_CARD,HOTEL,1:1,1.0,0 to 4 hours,Direct,
Amex SmartEarn,Marriott Bonvoy,CREDIT_CARD,HOTEL,8:3,2.6666666666666665,0 to 4 hours + Up to 7 days,KrisFlyer,Estimated via KrisFlyer.
Amex SmartEarn,Marriott Bonvoy,CREDIT_CARD,HOTEL,4:1,4.0,0 to 4 hours + Up to 7 days,Qatar Privilege Club,Estimated via Qatar Privilege Club.
Amex SmartEarn,MileagePlus,CREDIT_CARD,AIRLINE,100:9,11.111111111111109,0 to 4 hours + Up to 30 days,Hilton Honors,Estimated via Hilton Honors.
Amex SmartEarn,MileagePlus,CREDIT_CARD,AIRLINE,3:1,3.0,0 to 4 hours + 1 to 7 days,Marriott Bonvoy,Estimated via Marriott Bonvoy.
Amex SmartEarn,Miles & Smiles,CREDIT_CARD,AIRLINE,100:9,11.111111111111109,0 to 4 hours + Up to 30 days,Hilton Honors,Estimated via Hilton Honors.
Amex SmartEarn,Miles & Smiles,CREDIT_CARD,AIRLINE,3:1,3.0,0 to 4 hours + 1 to 7 days,Marriott Bonvoy,Estimated via Marriott Bonvoy.
Amex SmartEarn,Miles-Bonus,CREDIT_CARD,AIRLINE,3:1,3.0,0 to 4 hours + Up to 3 Days,Marriott Bonvoy,Estimated via Marriott Bonvoy.
Amex SmartEarn,Phoenix Miles,CREDIT_CARD,AIRLINE,3:1,3.0,0 to 4 hours + 1 to 7 days,Marriott Bonvoy,Estimated via Marriott Bonvoy.
Amex SmartEarn,Qantas Frequent Flyer,CREDIT_CARD,AIRLINE,37:5,7.4074074074074066,0 to 4 hours + Up to 30 days,Hilton Honors,Estimated via Hilton Honors.
Amex SmartEarn,Qantas Frequent Flyer,CREDIT_CARD,AIRLINE,3:1,3.0,0 to 4 hours + 1 to 7 days,Marriott Bonvoy,Estimated via Marriott Bonvoy.
Amex SmartEarn,Qatar Privilege Club,CREDIT_CARD,AIRLINE,2:1,2.0,0 to 4 hours + Instant,British Airways Executive Club,Estimated via British Airways Executive Club.
Amex SmartEarn,Qatar Privilege Club,CREDIT_CARD,AIRLINE,2:1,2.0,0 to 4 hours,Direct,
Amex SmartEarn,Qatar Privilege Club,CREDIT_CARD,AIRLINE,100:9,11.111111111111109,0 to 4 hours + Up to 30 days,Hilton Honors,Estimated via Hilton Honors.
Amex SmartEarn,Qatar Privilege Club,CREDIT_CARD,AIRLINE,3:1,3.0,0 to 4 hours + Up to 3 Days,Marriott Bonvoy,Estimated via Marriott Bonvoy.
Amex SmartEarn,Rapid Rewards,CREDIT_CARD,AIRLINE,3:1,3.0,0 to 4 hours + 1 to 7 days,Marriott Bonvoy,Estimated via Marriott Bonvoy.
Amex SmartEarn,Royal Orchid Plus,CREDIT_CARD,AIRLINE,3:1,3.0,0 to 4 hours + 1 to 7 days,Marriott Bonvoy,Estimated via Marriott Bonvoy.
Amex SmartEarn,Saudia Alfursan,CREDIT_CARD,AIRLINE,100:9,11.111111111111109,0 to 4 hours + Up to 30 days,Hilton Honors,Estimated via Hilton Honors.
Amex SmartEarn,Saudia Alfursan,CREDIT_CARD,AIRLINE,3:1,3.0,0 to 4 hours + 1 to 7 days,Marriott Bonvoy,Estimated via Marriott Bonvoy.
Amex SmartEarn,ShebaMiles,CREDIT_CARD,AIRLINE,100:9,11.111111111111109,0 to 4 hours + Up to 30 days,Hilton Honors,Estimated via Hilton Honors.
Amex SmartEarn,ShebaMiles,CREDIT_CARD,AIRLINE,3:1,3.0,0 to 4 hours + 1 to 7 days,Marriott Bonvoy,Estimated via Marriott Bonvoy.
Amex SmartEarn,Sky Pearl Club,CREDIT_CARD,AIRLINE,3:1,3.0,0 to 4 hours + 1 to 7 days,Marriott Bonvoy,Estimated via Marriott Bonvoy.
Amex SmartEarn,Tap Miles & Go,CREDIT_CARD,AIRLINE,3:1,3.0,0 to 4 hours + 1 to 7 days,Marriott Bonvoy,Estimated via Marriott Bonvoy.
Amex SmartEarn,Velocity,CREDIT_CARD,AIRLINE,37:5,7.4074074074074066,0 to 4 hours + Up to 30 days,Hilton Honors,Estimated via Hilton Honors.
Amex SmartEarn,Velocity,CREDIT_CARD,AIRLINE,3:1,3.0,0 to 4 hours + 1 to 7 days,Marriott Bonvoy,Estimated via Marriott Bonvoy.
Amex SmartEarn,Virgin Atlantic Flying Club,CREDIT_CARD,AIRLINE,2:1,2.0,0 to 4 hours,Direct,
Amex SmartEarn,Virgin Atlantic Flying Club,CREDIT_CARD,AIRLINE,37:5,7.4074074074074066,0 to 4 hours + Up to 30 days,Hilton Honors,Estimated via Hilton Honors.
Amex SmartEarn,Virgin Atlantic Flying Club,CREDIT_CARD,AIRLINE,3:1,3.0,0 to 4 hours + 1 to 7 days,Marriott Bonvoy,Estimated via Marriott Bonvoy.
Amex SmartEarn,Vueling Club,CREDIT_CARD,AIRLINE,2:1,2.0,0 to 4 hours + Instant,British Airways Executive Club,Estimated via British Airways Executive Club.
Amex SmartEarn,Vueling Club,CREDIT_CARD,AIRLINE,3:1,3.0,0 to 4 hours + 1 to 7 days,Marriott Bonvoy,Estimated via Marriott Bonvoy.
Amex SmartEarn,Vueling Club,CREDIT_CARD,AIRLINE,2:1,2.0,0 to 4 hours + Instant,Qatar Privilege Club,Estimated via Qatar Privilege Club.
Asia Miles (Cathay),ANA Mileage Club,AIRLINE,AIRLINE,6:1,6.0,Up to 7 days + Up to 4 Days,Marriott Bonvoy,Estimated via Marriott Bonvoy.
Asia Miles (Cathay),AerClub,AIRLINE,AIRLINE,6:1,6.0,Up to 7 days + Up to 3 Days,Marriott Bonvoy,Estimated via Marriott Bonvoy.
Asia Miles (Cathay),Aeromexico Rewards,AIRLINE,AIRLINE,6:1,6.0,Up to 7 days + Up to 4 Days,Marriott Bonvoy,Estimated via Marriott Bonvoy.
Asia Miles (Cathay),Aeroplan,AIRLINE,AIRLINE,6:1,6.0,Up to 7 days + Up to 4 Days,Marriott Bonvoy,Estimated via Marriott Bonvoy.
Asia Miles (Cathay),American Airlines AAdvantage,AIRLINE,AIRLINE,6:1,6.0,Up to 7 days + 1 to 7 days,Marriott Bonvoy,Estimated via Marriott Bonvoy.
Asia Miles (Cathay),Asiana Club,AIRLINE,AIRLINE,6:1,6.0,Up to 7 days + Up to 4 Days,Marriott Bonvoy,Estimated via Marriott Bonvoy.
Asia Miles (Cathay),Atmos Rewards,AIRLINE,AIRLINE,6:1,6.0,Up to 7 days + Up to 4 Days,Marriott Bonvoy,Estimated via Marriott Bonvoy.
Asia Miles (Cathay),British Airways Executive Club,AIRLINE,AIRLINE,6:1,6.0,Up to 7 days + Up to 3 Days,Marriott Bonvoy,Estimated via Marriott Bonvoy.
Asia Miles (Cathay),ConnectMiles,AIRLINE,AIRLINE,6:1,6.0,Up to 7 days + 1 to 7 days,Marriott Bonvoy,Estimated via Marriott Bonvoy.
Asia Miles (Cathay),Delta SkyMiles,AIRLINE,AIRLINE,6:1,6.0,Up to 7 days + Up to 1 Day,Marriott Bonvoy,Estimated via Marriott Bonvoy.
Asia Miles (Cathay),Emirates Skywards,AIRLINE,AIRLINE,6:1,6.0,Up to 7 days + Up to 3 Days,Marriott Bonvoy,Estimated via Marriott Bonvoy.
Asia Miles (Cathay),Etihad Guest,AIRLINE,AIRLINE,6:1,6.0,Up to 7 days + Up to 3 Days,Marriott Bonvoy,Estimated via Marriott Bonvoy.
Asia Miles (Cathay),Flying Blue,AIRLINE,AIRLINE,6:1,6.0,Up to 7 days + Up to 3 Days,Marriott Bonvoy,Estimated via Marriott Bonvoy.
Asia Miles (Cathay),Fortune Wings Club,AIRLINE,AIRLINE,6:1,6.0,Up to 7 days + Up to 8 Days,Marriott Bonvoy,Estimated via Marriott Bonvoy.
Asia Miles (Cathay),Frontier Miles,AIRLINE,AIRLINE,6:1,6.0,Up to 7 days + Up to 30 Days,Marriott Bonvoy,Estimated via Marriott Bonvoy.
Asia Miles (Cathay),Iberia Club,AIRLINE,AIRLINE,6:1,6.0,Up to 7 days + Up to 1 Day,Marriott Bonvoy,Estimated via Marriott Bonvoy.
Asia Miles (Cathay),JAL Mileage Bank,AIRLINE,AIRLINE,6:1,6.0,Up to 7 days + Up to 2 Days,Marriott Bonvoy,Estimated via Marriott Bonvoy.
Asia Miles (Cathay),KrisFlyer,AIRLINE,AIRLINE,6:1,6.0,Up to 7 days + 1 to 7 days,Marriott Bonvoy,Estimated via Marriott Bonvoy.
Asia Miles (Cathay),LATAM Pass,AIRLINE,AIRLINE,6:1,6.0,Up to 7 days + 1 to 7 days,Marriott Bonvoy,Estimated via Marriott Bonvoy.
Asia Miles (Cathay),LifeMiles,AIRLINE,AIRLINE,6:1,6.0,Up to 7 days + 1 to 7 days,Marriott Bonvoy,Estimated via Marriott Bonvoy.
Asia Miles (Cathay),Marriott Bonvoy,AIRLINE,HOTEL,2:1,2.0,Up to 7 days,Direct,
Asia Miles (Cathay),MileagePlus,AIRLINE,AIRLINE,6:1,6.0,Up to 7 days + 1 to 7 days,Marriott Bonvoy,Estimated via Marriott Bonvoy.
Asia Miles (Cathay),Miles & Smiles,AIRLINE,AIRLINE,6:1,6.0,Up to 7 days + 1 to 7 days,Marriott Bonvoy,Estimated via Marriott Bonvoy.
Asia Miles (Cathay),Miles-Bonus,AIRLINE,AIRLINE,6:1,6.0,Up to 7 days + Up to 3 Days,Marriott Bonvoy,Estimated via Marriott Bonvoy.
Asia Miles (Cathay),Phoenix Miles,AIRLINE,AIRLINE,6:1,6.0,Up to 7 days + 1 to 7 days,Marriott Bonvoy,Estimated via Marriott Bonvoy.
Asia Miles (Cathay),Qantas Frequent Flyer,AIRLINE,AIRLINE,6:1,6.0,Up to 7 days + 1 to 7 days,Marriott Bonvoy,Estimated via Marriott Bonvoy.
Asia Miles (Cathay),Qatar Privilege Club,AIRLINE,AIRLINE,6:1,6.0,Up to 7 days + Up to 3 Days,Marriott Bonvoy,Estimated via Marriott Bonvoy.
Asia Miles (Cathay),Rapid Rewards,AIRLINE,AIRLINE,6:1,6.0,Up to 7 days + 1 to 7 days,Marriott Bonvoy,Estimated via Marriott Bonvoy.
Asia Miles (Cathay),Royal Orchid Plus,AIRLINE,AIRLINE,6:1,6.0,Up to 7 days + 1 to 7 days,Marriott Bonvoy,Estimated via Marriott Bonvoy.
Asia Miles (Cathay),Saudia Alfursan,AIRLINE,AIRLINE,6:1,6.0,Up to 7 days + 1 to 7 days,Marriott Bonvoy,Estimated via Marriott Bonvoy.
Asia Miles (Cathay),ShebaMiles,AIRLINE,AIRLINE,6:1,6.0,Up to 7 days + 1 to 7 days,Marriott Bonvoy,Estimated via Marriott Bonvoy.
Asia Miles (Cathay),Sky Pearl Club,AIRLINE,AIRLINE,6:1,6.0,Up to 7 days + 1 to 7 days,Marriott Bonvoy,Estimated via Marriott Bonvoy.
Asia Miles (Cathay),Tap Miles & Go,AIRLINE,AIRLINE,6:1,6.0,Up to 7 days + 1 to 7 days,Marriott Bonvoy,Estimated via Marriott Bonvoy.
Asia Miles (Cathay),Velocity,AIRLINE,AIRLINE,6:1,6.0,Up to 7 days + 1 to 7 days,Marriott Bonvoy,Estimated via Marriott Bonvoy.
Asia Miles (Cathay),Virgin Atlantic Flying Club,AIRLINE,AIRLINE,6:1,6.0,Up to 7 days + 1 to 7 days,Marriott Bonvoy,Estimated via Marriott Bonvoy.
Asia Miles (Cathay),Vueling Club,AIRLINE,AIRLINE,6:1,6.0,Up to 7 days + 1 to 7 days,Marriott Bonvoy,Estimated via Marriott Bonvoy.
Atmos Rewards,ANA Mileage Club,AIRLINE,AIRLINE,3:1,3.0,Up to 7 days + Up to 4 Days,Marriott Bonvoy,Estimated via Marriott Bonvoy.
Atmos Rewards,AerClub,AIRLINE,AIRLINE,3:1,3.0,Up to 7 days + Up to 3 Days,Marriott Bonvoy,Estimated via Marriott Bonvoy.
Atmos Rewards,Aeromexico Rewards,AIRLINE,AIRLINE,3:1,3.0,Up to 7 days + Up to 4 Days,Marriott Bonvoy,Estimated via Marriott Bonvoy.
Atmos Rewards,Aeroplan,AIRLINE,AIRLINE,3:1,3.0,Up to 7 days + Up to 4 Days,Marriott Bonvoy,Estimated via Marriott Bonvoy.
Atmos Rewards,American Airlines AAdvantage,AIRLINE,AIRLINE,3:1,3.0,Up to 7 days + 1 to 7 days,Marriott Bonvoy,Estimated via Marriott Bonvoy.
Atmos Rewards,Asia Miles (Cathay),AIRLINE,AIRLINE,3:1,3.0,Up to 7 days + Up to 5 Days,Marriott Bonvoy,Estimated via Marriott Bonvoy.
Atmos Rewards,Asiana Club,AIRLINE,AIRLINE,3:1,3.0,Up to 7 days + Up to 4 Days,Marriott Bonvoy,Estimated via Marriott Bonvoy.
Atmos Rewards,British Airways Executive Club,AIRLINE,AIRLINE,3:1,3.0,Up to 7 days + Up to 3 Days,Marriott Bonvoy,Estimated via Marriott Bonvoy.
Atmos Rewards,ConnectMiles,AIRLINE,AIRLINE,3:1,3.0,Up to 7 days + 1 to 7 days,Marriott Bonvoy,Estimated via Marriott Bonvoy.
Atmos Rewards,Delta SkyMiles,AIRLINE,AIRLINE,3:1,3.0,Up to 7 days + Up to 1 Day,Marriott Bonvoy,Estimated via Marriott Bonvoy.
Atmos Rewards,Emirates Skywards,AIRLINE,AIRLINE,3:1,3.0,Up to 7 days + Up to 3 Days,Marriott Bonvoy,Estimated via Marriott Bonvoy.
Atmos Rewards,Etihad Guest,AIRLINE,AIRLINE,3:1,3.0,Up to 7 days + Up to 3 Days,Marriott Bonvoy,Estimated via Marriott Bonvoy.
Atmos Rewards,Flying Blue,AIRLINE,AIRLINE,3:1,3.0,Up to 7 days + Up to 3 Days,Marriott Bonvoy,Estimated via Marriott Bonvoy.
Atmos Rewards,Fortune Wings Club,AIRLINE,AIRLINE,3:1,3.0,Up to 7 days + Up to 8 Days,Marriott Bonvoy,Estimated via Marriott Bonvoy.
Atmos Rewards,Frontier Miles,AIRLINE,AIRLINE,3:1,3.0,Up to 7 days + Up to 30 Days,Marriott Bonvoy,Estimated via Marriott Bonvoy.
Atmos Rewards,Iberia Club,AIRLINE,AIRLINE,3:1,3.0,Up to 7 days + Up to 1 Day,Marriott Bonvoy,Estimated via Marriott Bonvoy.
Atmos Rewards,JAL Mileage Bank,AIRLINE,AIRLINE,3:1,3.0,Up to 7 days + Up to 2 Days,Marriott Bonvoy,Estimated via Marriott Bonvoy.
Atmos Rewards,KrisFlyer,AIRLINE,AIRLINE,3:1,3.0,Up to 7 days + 1 to 7 days,Marriott Bonvoy,Estimated via Marriott Bonvoy.
Atmos Rewards,LATAM Pass,AIRLINE,AIRLINE,3:1,3.0,Up to 7 days + 1 to 7 days,Marriott Bonvoy,Estimated via Marriott Bonvoy.
Atmos Rewards,LifeMiles,AIRLINE,AIRLINE,3:1,3.0,Up to 7 days + 1 to 7 days,Marriott Bonvoy,Estimated via Marriott Bonvoy.
Atmos Rewards,Marriott Bonvoy,AIRLINE,HOTEL,1:1,1.0,Up to 7 days,Direct,
Atmos Rewards,MileagePlus,AIRLINE,AIRLINE,3:1,3.0,Up to 7 days + 1 to 7 days,Marriott Bonvoy,Estimated via Marriott Bonvoy.
Atmos Rewards,Miles & Smiles,AIRLINE,AIRLINE,3:1,3.0,Up to 7 days + 1 to 7 days,Marriott Bonvoy,Estimated via Marriott Bonvoy.
Atmos Rewards,Miles-Bonus,AIRLINE,AIRLINE,3:1,3.0,Up to 7 days + Up to 3 Days,Marriott Bonvoy,Estimated via Marriott Bonvoy.
Atmos Rewards,Phoenix Miles,AIRLINE,AIRLINE,3:1,3.0,Up to 7 days + 1 to 7 days,Marriott Bonvoy,Estimated via Marriott Bonvoy.
Atmos Rewards,Qantas Frequent Flyer,AIRLINE,AIRLINE,3:1,3.0,Up to 7 days + 1 to 7 days,Marriott Bonvoy,Estimated via Marriott Bonvoy.
Atmos Rewards,Qatar Privilege Club,AIRLINE,AIRLINE,3:1,3.0,Up to 7 days + Up to 3 Days,Marriott Bonvoy,Estimated via Marriott Bonvoy.
Atmos Rewards,Rapid Rewards,AIRLINE,AIRLINE,3:1,3.0,Up to 7 days + 1 to 7 days,Marriott Bonvoy,Estimated via Marriott Bonvoy.
Atmos Rewards,Royal Orchid Plus,AIRLINE,AIRLINE,3:1,3.0,Up to 7 days + 1 to 7 days,Marriott Bonvoy,Estimated via Marriott Bonvoy.
Atmos Rewards,Saudia Alfursan,AIRLINE,AIRLINE,3:1,3.0,Up to 7 days + 1 to 7 days,Marriott Bonvoy,Estimated via Marriott Bonvoy.
Atmos Rewards,ShebaMiles,AIRLINE,AIRLINE,3:1,3.0,Up to 7 days + 1 to 7 days,Marriott Bonvoy,Estimated via Marriott Bonvoy.
Atmos Rewards,Sky Pearl Club,AIRLINE,AIRLINE,3:1,3.0,Up to 7 days + 1 to 7 days,Marriott Bonvoy,Estimated via Marriott Bonvoy.
Atmos Rewards,Tap Miles & Go,AIRLINE,AIRLINE,3:1,3.0,Up to 7 days + 1 to 7 days,Marriott Bonvoy,Estimated via Marriott Bonvoy.
Atmos Rewards,Velocity,AIRLINE,AIRLINE,3:1,3.0,Up to 7 days + 1 to 7 days,Marriott Bonvoy,Estimated via Marriott Bonvoy.
Atmos Rewards,Virgin Atlantic Flying Club,AIRLINE,AIRLINE,3:1,3.0,Up to 7 days + 1 to 7 days,Marriott Bonvoy,Estimated via Marriott Bonvoy.
Atmos Rewards,Vueling Club,AIRLINE,AIRLINE,3:1,3.0,Up to 7 days + 1 to 7 days,Marriott Bonvoy,Estimated via Marriott Bonvoy.
Axis Atlas,ANA Mileage Club,CREDIT_CARD,AIRLINE,5:2,2.5,Up to 1 day + 14 to 21 days,IHG Rewards Club,Estimated via IHG Rewards Club.
Axis Atlas,Accor Live Limitless,CREDIT_CARD,HOTEL,46:5,9.200000000000001,Up to 1 day + Up to 7 days,Finnair Plus,Estimated via Finnair Plus.
Axis Atlas,Accor Live Limitless,CREDIT_CARD,HOTEL,5:2,2.5,Up to 10 days + Up to 7 days,JAL Mileage Bank,Estimated via JAL Mileage Bank.
Axis Atlas,Accor Live Limitless,CREDIT_CARD,HOTEL,9:4,2.25,Up to 10 days + Up to 7 days,KrisFlyer,Estimated via KrisFlyer.
Axis Atlas,Accor Live Limitless,CREDIT_CARD,HOTEL,12:1,12.0,Up to 1 day + Up to 7 days,Lotusmiles,Estimated via Lotusmiles.
Axis Atlas,AerClub,CREDIT_CARD,AIRLINE,2:1,2.0,Up to 10 days + Instant,British Airways Executive Club,Estimated via British Airways Executive Club.
Axis Atlas,AerClub,CREDIT_CARD,AIRLINE,2:1,2.0,Up to 1 day + Instant,Finnair Plus,Estimated via Finnair Plus.
Axis Atlas,Aeromexico Rewards,CREDIT_CARD,AIRLINE,5:2,2.5,Up to 1 day + 14 to 21 days,IHG Rewards Club,Estimated via IHG Rewards Club.
Axis Atlas,Aeroplan,CREDIT_CARD,AIRLINE,1:2,0.5,Up to 1 day,Direct,
Axis Atlas,Aeroplan,CREDIT_CARD,AIRLINE,5:2,2.5,Up to 1 day + 14 to 21 days,IHG Rewards Club,Estimated via IHG Rewards Club.
Axis Atlas,AirAsia Rewards,CREDIT_CARD,AIRLINE,1:2,0.5,Up to 10 days,Direct,
Axis Atlas,American Airlines AAdvantage,CREDIT_CARD,AIRLINE,5:2,2.5,Up to 1 day + 14 to 21 days,IHG Rewards Club,Estimated via IHG Rewards Club.
Axis Atlas,Asia Miles (Cathay),CREDIT_CARD,AIRLINE,5:2,2.5,Up to 1 day + 14 to 21 days,IHG Rewards Club,Estimated via IHG Rewards Club.
Axis Atlas,Atmos Rewards,CREDIT_CARD,AIRLINE,5:2,2.5,Up to 1 day + 14 to 21 days,IHG Rewards Club,Estimated via IHG Rewards Club.
Axis Atlas,British Airways Executive Club,CREDIT_CARD,AIRLINE,2:1,2.0,Up to 10 days,Direct,
Axis Atlas,British Airways Executive Club,CREDIT_CARD,AIRLINE,2:1,2.0,Up to 1 day + Instant,Finnair Plus,Estimated via Finnair Plus.
Axis Atlas,British Airways Executive Club,CREDIT_CARD,AIRLINE,5:2,2.5,Up to 1 day + 14 to 21 days,IHG Rewards Club,Estimated via IHG Rewards Club.
Axis Atlas,Delta SkyMiles,CREDIT_CARD,AIRLINE,5:2,2.5,Up to 1 day + 14 to 21 days,IHG Rewards Club,Estimated via IHG Rewards Club.
Axis Atlas,Eastern Miles,CREDIT_CARD,AIRLINE,5:2,2.5,Up to 1 day + 14 to 21 days,IHG Rewards Club,Estimated via IHG Rewards Club.
Axis Atlas,Emirates Skywards,CREDIT_CARD,AIRLINE,5:2,2.5,Up to 1 day + 14 to 21 days,IHG Rewards Club,Estimated via IHG Rewards Club.
Axis Atlas,Enrich,CREDIT_CARD,AIRLINE,5:2,2.5,Up to 1 day + 14 to 21 days,IHG Rewards Club,Estimated via IHG Rewards Club.
Axis Atlas,Etihad Guest,CREDIT_CARD,AIRLINE,1:2,0.5,Up to 1 day,Direct,
Axis Atlas,Etihad Guest,CREDIT_CARD,AIRLINE,5:2,2.5,Up to 1 day + 14 to 21 days,IHG Rewards Club,Estimated via IHG Rewards Club.
Axis Atlas,FalconFlyer,CREDIT_CARD,AIRLINE,5:2,2.5,Up to 1 day + 14 to 21 days,IHG Rewards Club,Estimated via IHG Rewards Club.
Axis Atlas,Finnair Plus,CREDIT_CARD,AIRLINE,2:1,2.0,Up to 10 days + Instant,British Airways Executive Club,Estimated via British Airways Executive Club.
Axis Atlas,Finnair Plus,CREDIT_CARD,AIRLINE,2:1,2.0,Up to 1 day,Direct,
Axis Atlas,Finnair Plus,CREDIT_CARD,AIRLINE,5:2,2.5,Up to 1 day + 14 to 21 days,IHG Rewards Club,Estimated via IHG Rewards Club.
Axis Atlas,Flying Blue,CREDIT_CARD,AIRLINE,1:2,0.5,Up to 1 day,Direct,
Axis Atlas,Flying Blue,CREDIT_CARD,AIRLINE,5:2,2.5,Up to 1 day + 14 to 21 days,IHG Rewards Club,Estimated via IHG Rewards Club.
Axis Atlas,Fortune Wings Club,CREDIT_CARD,AIRLINE,5:2,2.5,Up to 1 day + 14 to 21 days,IHG Rewards Club,Estimated via IHG Rewards Club.
Axis Atlas,IHG Rewards Club,CREDIT_CARD,HOTEL,1:2,0.5,Up to 1 day,Direct,
Axis Atlas,ITC Club,CREDIT_CARD,HOTEL,1:2,0.5,Up to 10 days,Direct,
Axis Atlas,Iberia Club,CREDIT_CARD,AIRLINE,2:1,2.0,Up to 10 days + Instant,British Airways Executive Club,Estimated via British Airways Executive Club.
Axis Atlas,Iberia Club,CREDIT_CARD,AIRLINE,2:1,2.0,Up to 1 day + Instant,Finnair Plus,Estimated via Finnair Plus.
Axis Atlas,Iberia Club,CREDIT_CARD,AIRLINE,5:2,2.5,Up to 1 day + 14 to 21 days,IHG Rewards Club,Estimated via IHG Rewards Club.
Axis Atlas,Infinity MileageLands,CREDIT_CARD,AIRLINE,5:2,2.5,Up to 1 day + 14 to 21 days,IHG Rewards Club,Estimated via IHG Rewards Club.
Axis Atlas,JAL Mileage Bank,CREDIT_CARD,AIRLINE,1:2,0.5,Up to 10 days,Direct,
Axis Atlas,JAL Mileage Bank,CREDIT_CARD,AIRLINE,5:2,2.5,Up to 1 day + 14 to 21 days,IHG Rewards Club,Estimated via IHG Rewards Club.
Axis Atlas,KrisFlyer,CREDIT_CARD,AIRLINE,1:2,0.5,Up to 10 days,Direct,
Axis Atlas,KrisFlyer,CREDIT_CARD,AIRLINE,5:2,2.5,Up to 1 day + 14 to 21 days,IHG Rewards Club,Estimated via IHG Rewards Club.
Axis Atlas,LifeMiles,CREDIT_CARD,AIRLINE,5:2,2.5,Up to 1 day + 14 to 21 days,IHG Rewards Club,Estimated via IHG Rewards Club.
Axis Atlas,Lotusmiles,CREDIT_CARD,AIRLINE,2:1,2.0,Up to 1 day,Direct,
Axis Atlas,Maharaja Club,CREDIT_CARD,AIRLINE,1:2,0.5,Up to 5 days,Direct,
Axis Atlas,Marriott Bonvoy,CREDIT_CARD,HOTEL,1:2,0.5,Up to 1 day + Up to 7 days,Aeroplan,Estimated via Aeroplan.
Axis Atlas,Marriott Bonvoy,CREDIT_CARD,HOTEL,1:3,0.3333333333333333,Up to 10 days + 7 to 21 days,ITC Club,Estimated via ITC Club.
Axis Atlas,Marriott Bonvoy,CREDIT_CARD,HOTEL,2:3,0.6666666666666666,Up to 10 days + Up to 7 days,JAL Mileage Bank,Estimated via JAL Mileage Bank.
Axis Atlas,Marriott Bonvoy,CREDIT_CARD,HOTEL,2:3,0.6666666666666666,Up to 10 days + Up to 7 days,KrisFlyer,Estimated via KrisFlyer.
Axis Atlas,Marriott Bonvoy,CREDIT_CARD,HOTEL,1:2,0.5,Up to 1 day + Up to 7 days,MileagePlus,Estimated via MileagePlus.
Axis Atlas,Marriott Bonvoy,CREDIT_CARD,HOTEL,1:1,1.0,Up to 10 days + Up to 7 days,ShebaMiles,Estimated via ShebaMiles.
Axis Atlas,MileagePlus,CREDIT_CARD,AIRLINE,1:2,0.5,Up to 1 day,Direct,
Axis Atlas,MileagePlus,CREDIT_CARD,AIRLINE,5:2,2.5,Up to 1 day + 14 to 21 days,IHG Rewards Club,Estimated via IHG Rewards Club.
Axis Atlas,Miles & More,CREDIT_CARD,AIRLINE,5:2,2.5,Up to 1 day + 14 to 21 days,IHG Rewards Club,Estimated via IHG Rewards Club.
Axis Atlas,Miles & Smiles,CREDIT_CARD,AIRLINE,1:2,0.5,Up to 10 days,Direct,
Axis Atlas,Miles & Smiles,CREDIT_CARD,AIRLINE,5:2,2.5,Up to 1 day + 14 to 21 days,IHG Rewards Club,Estimated via IHG Rewards Club.
Axis Atlas,Orchid Rewards,CREDIT_CARD,HOTEL,1:1,1.0,Up to 1 day,Direct,
Axis Atlas,Phoenix Miles,CREDIT_CARD,AIRLINE,5:2,2.5,Up to 1 day + 14 to 21 days,IHG Rewards Club,Estimated via IHG Rewards Club.
Axis Atlas,Postcard Sunshine Club,CREDIT_CARD,HOTEL,1:2,0.5,Up to 2 days,Direct,
Axis Atlas,Qantas Frequent Flyer,CREDIT_CARD,AIRLINE,1:2,0.5,Up to 1 day,Direct,
Axis Atlas,Qantas Frequent Flyer,CREDIT_CARD,AIRLINE,5:2,2.5,Up to 1 day + 14 to 21 days,IHG Rewards Club,Estimated via IHG Rewards Club.
Axis Atlas,Qatar Privilege Club,CREDIT_CARD,AIRLINE,2:1,2.0,Up to 10 days + Instant,British Airways Executive Club,Estimated via British Airways Executive Club.
Axis Atlas,Qatar Privilege Club,CREDIT_CARD,AIRLINE,2:1,2.0,Up to 1 day + Instant,Finnair Plus,Estimated via Finnair Plus.
Axis Atlas,Qatar Privilege Club,CREDIT_CARD,AIRLINE,5:2,2.5,Up to 1 day + 14 to 21 days,IHG Rewards Club,Estimated via IHG Rewards Club.
Axis Atlas,Radisson Rewards,CREDIT_CARD,HOTEL,1:1,1.0,Up to 1 day,Direct,
Axis Atlas,Royal Orchid Plus,CREDIT_CARD,AIRLINE,1:2,0.5,Up to 1 day,Direct,
Axis Atlas,Royal Orchid Plus,CREDIT_CARD,AIRLINE,5:2,2.5,Up to 1 day + 14 to 21 days,IHG Rewards Club,Estimated via IHG Rewards Club.
Axis Atlas,Saudia Alfursan,CREDIT_CARD,AIRLINE,5:2,2.5,Up to 1 day + 14 to 21 days,IHG Rewards Club,Estimated via IHG Rewards Club.
Axis Atlas,ShebaMiles,CREDIT_CARD,AIRLINE,1:2,0.5,Up to 10 days,Direct,
Axis Atlas,Sky Pearl Club,CREDIT_CARD,AIRLINE,5:2,2.5,Up to 1 day + 14 to 21 days,IHG Rewards Club,Estimated via IHG Rewards Club.
Axis Atlas,Skypass,CREDIT_CARD,AIRLINE,5:2,2.5,Up to 1 day + 14 to 21 days,IHG Rewards Club,Estimated via IHG Rewards Club.
Axis Atlas,SpiceClub,CREDIT_CARD,AIRLINE,1:2,0.5,Up to 10 days,Direct,
Axis Atlas,Tap Miles & Go,CREDIT_CARD,AIRLINE,5:2,2.5,Up to 1 day + 14 to 21 days,IHG Rewards Club,Estimated via IHG Rewards Club.
Axis Atlas,TrueBlue,CREDIT_CARD,AIRLINE,5:2,2.5,Up to 1 day + 14 to 21 days,IHG Rewards Club,Estimated via IHG Rewards Club.
Axis Atlas,Velocity,CREDIT_CARD,AIRLINE,5:2,2.5,Up to 1 day + 14 to 21 days,IHG Rewards Club,Estimated via IHG Rewards Club.
Axis Atlas,Virgin Atlantic Flying Club,CREDIT_CARD,AIRLINE,5:2,2.5,Up to 1 day + 14 to 21 days,IHG Rewards Club,Estimated via IHG Rewards Club.
Axis Atlas,Voyager,CREDIT_CARD,AIRLINE,5:2,2.5,Up to 1 day + 14 to 21 days,IHG Rewards Club,Estimated via IHG Rewards Club.
Axis Atlas,Vueling Club,CREDIT_CARD,AIRLINE,2:1,2.0,Up to 10 days + Instant,British Airways Executive Club,Estimated via British Airways Executive Club.
Axis Atlas,Vueling Club,CREDIT_CARD,AIRLINE,2:1,2.0,Up to 1 day + Instant,Finnair Plus,Estimated via Finnair Plus.
Axis Atlas,Wyndham,CREDIT_CARD,HOTEL,1:2,0.5,Up to 1 day,Direct,
Axis Horizon,ANA Mileage Club,CREDIT_CARD,AIRLINE,5:1,5.0,Up to 1 day + 14 to 21 days,IHG Rewards Club,Estimated via IHG Rewards Club.
Axis Horizon,Accor Live Limitless,CREDIT_CARD,HOTEL,46:5,9.200000000000001,Up to 1 day + Up to 7 days,Finnair Plus,Estimated via Finnair Plus.
Axis Horizon,Accor Live Limitless,CREDIT_CARD,HOTEL,5:1,5.0,Up to 10 days + Up to 7 days,JAL Mileage Bank,Estimated via JAL Mileage Bank.
Axis Horizon,Accor Live Limitless,CREDIT_CARD,HOTEL,9:2,4.5,Up to 10 days + Up to 7 days,KrisFlyer,Estimated via KrisFlyer.
Axis Horizon,Accor Live Limitless,CREDIT_CARD,HOTEL,12:1,12.0,Up to 1 day + Up to 7 days,Lotusmiles,Estimated via Lotusmiles.
Axis Horizon,AerClub,CREDIT_CARD,AIRLINE,2:1,2.0,Up to 10 days + Instant,British Airways Executive Club,Estimated via British Airways Executive Club.
Axis Horizon,AerClub,CREDIT_CARD,AIRLINE,2:1,2.0,Up to 1 day + Instant,Finnair Plus,Estimated via Finnair Plus.
Axis Horizon,Aeromexico Rewards,CREDIT_CARD,AIRLINE,5:1,5.0,Up to 1 day + 14 to 21 days,IHG Rewards Club,Estimated via IHG Rewards Club.
Axis Horizon,Aeroplan,CREDIT_CARD,AIRLINE,1:1,1.0,Up to 1 day,Direct,
Axis Horizon,Aeroplan,CREDIT_CARD,AIRLINE,5:1,5.0,Up to 1 day + 14 to 21 days,IHG Rewards Club,Estimated via IHG Rewards Club.
Axis Horizon,AirAsia Rewards,CREDIT_CARD,AIRLINE,1:1,1.0,Up to 10 days,Direct,
Axis Horizon,American Airlines AAdvantage,CREDIT_CARD,AIRLINE,5:1,5.0,Up to 1 day + 14 to 21 days,IHG Rewards Club,Estimated via IHG Rewards Club.
Axis Horizon,Asia Miles (Cathay),CREDIT_CARD,AIRLINE,5:1,5.0,Up to 1 day + 14 to 21 days,IHG Rewards Club,Estimated via IHG Rewards Club.
Axis Horizon,Atmos Rewards,CREDIT_CARD,AIRLINE,5:1,5.0,Up to 1 day + 14 to 21 days,IHG Rewards Club,Estimated via IHG Rewards Club.
Axis Horizon,British Airways Executive Club,CREDIT_CARD,AIRLINE,2:1,2.0,Up to 10 days,Direct,
Axis Horizon,British Airways Executive Club,CREDIT_CARD,AIRLINE,2:1,2.0,Up to 1 day + Instant,Finnair Plus,Estimated via Finnair Plus.
Axis Horizon,British Airways Executive Club,CREDIT_CARD,AIRLINE,5:1,5.0,Up to 1 day + 14 to 21 days,IHG Rewards Club,Estimated via IHG Rewards Club.
Axis Horizon,Delta SkyMiles,CREDIT_CARD,AIRLINE,5:1,5.0,Up to 1 day + 14 to 21 days,IHG Rewards Club,Estimated via IHG Rewards Club.
Axis Horizon,Eastern Miles,CREDIT_CARD,AIRLINE,5:1,5.0,Up to 1 day + 14 to 21 days,IHG Rewards Club,Estimated via IHG Rewards Club.
Axis Horizon,Emirates Skywards,CREDIT_CARD,AIRLINE,5:1,5.0,Up to 1 day + 14 to 21 days,IHG Rewards Club,Estimated via IHG Rewards Club.
Axis Horizon,Enrich,CREDIT_CARD,AIRLINE,5:1,5.0,Up to 1 day + 14 to 21 days,IHG Rewards Club,Estimated via IHG Rewards Club.
Axis Horizon,Etihad Guest,CREDIT_CARD,AIRLINE,1:1,1.0,Up to 1 day,Direct,
Axis Horizon,Etihad Guest,CREDIT_CARD,AIRLINE,5:1,5.0,Up to 1 day + 14 to 21 days,IHG Rewards Club,Estimated via IHG Rewards Club.
Axis Horizon,FalconFlyer,CREDIT_CARD,AIRLINE,5:1,5.0,Up to 1 day + 14 to 21 days,IHG Rewards Club,Estimated via IHG Rewards Club.
Axis Horizon,Finnair Plus,CREDIT_CARD,AIRLINE,2:1,2.0,Up to 10 days + Instant,British Airways Executive Club,Estimated via British Airways Executive Club.
Axis Horizon,Finnair Plus,CREDIT_CARD,AIRLINE,2:1,2.0,Up to 1 day,Direct,
Axis Horizon,Finnair Plus,CREDIT_CARD,AIRLINE,5:1,5.0,Up to 1 day + 14 to 21 days,IHG Rewards Club,Estimated via IHG Rewards Club.
Axis Horizon,Flying Blue,CREDIT_CARD,AIRLINE,1:1,1.0,Up to 1 day,Direct,
Axis Horizon,Flying Blue,CREDIT_CARD,AIRLINE,5:1,5.0,Up to 1 day + 14 to 21 days,IHG Rewards Club,Estimated via IHG Rewards Club.
Axis Horizon,Fortune Wings Club,CREDIT_CARD,AIRLINE,5:1,5.0,Up to 1 day + 14 to 21 days,IHG Rewards Club,Estimated via IHG Rewards Club.
Axis Horizon,IHG Rewards Club,CREDIT_CARD,HOTEL,1:1,1.0,Up to 1 day,Direct,
Axis Horizon,ITC Club,CREDIT_CARD,HOTEL,1:1,1.0,Up to 10 days,Direct,
Axis Horizon,Iberia Club,CREDIT_CARD,AIRLINE,2:1,2.0,Up to 10 days + Instant,British Airways Executive Club,Estimated via British Airways Executive Club.
Axis Horizon,Iberia Club,CREDIT_CARD,AIRLINE,2:1,2.0,Up to 1 day + Instant,Finnair Plus,Estimated via Finnair Plus.
Axis Horizon,Iberia Club,CREDIT_CARD,AIRLINE,5:1,5.0,Up to 1 day + 14 to 21 days,IHG Rewards Club,Estimated via IHG Rewards Club.
Axis Horizon,Infinity MileageLands,CREDIT_CARD,AIRLINE,5:1,5.0,Up to 1 day + 14 to 21 days,IHG Rewards Club,Estimated via IHG Rewards Club.
Axis Horizon,JAL Mileage Bank,CREDIT_CARD,AIRLINE,1:1,1.0,Up to 10 days,Direct,
Axis Horizon,JAL Mileage Bank,CREDIT_CARD,AIRLINE,5:1,5.0,Up to 1 day + 14 to 21 days,IHG Rewards Club,Estimated via IHG Rewards Club.
Axis Horizon,KrisFlyer,CREDIT_CARD,AIRLINE,1:1,1.0,Up to 10 days,Direct,
Axis Horizon,KrisFlyer,CREDIT_CARD,AIRLINE,5:1,5.0,Up to 1 day + 14 to 21 days,IHG Rewards Club,Estimated via IHG Rewards Club.
Axis Horizon,LifeMiles,CREDIT_CARD,AIRLINE,5:1,5.0,Up to 1 day + 14 to 21 days,IHG Rewards Club,Estimated via IHG Rewards Club.
Axis Horizon,Lotusmiles,CREDIT_CARD,AIRLINE,2:1,2.0,Up to 1 day,Direct,
Axis Horizon,Maharaja Club,CREDIT_CARD,AIRLINE,1:1,1.0,Up to 5 days,Direct,
Axis Horizon,Marriott Bonvoy,CREDIT_CARD,HOTEL,1:1,1.0,Up to 1 day + Up to 7 days,Aeroplan,Estimated via Aeroplan.
Axis Horizon,Marriott Bonvoy,CREDIT_CARD,HOTEL,2:3,0.6666666666666666,Up to 10 days + 7 to 21 days,ITC Club,Estimated via ITC Club.
Axis Horizon,Marriott Bonvoy,CREDIT_CARD,HOTEL,4:3,1.3333333333333333,Up to 10 days + Up to 7 days,JAL Mileage Bank,Estimated via JAL Mileage Bank.
Axis Horizon,Marriott Bonvoy,CREDIT_CARD,HOTEL,4:3,1.3333333333333333,Up to 10 days + Up to 7 days,KrisFlyer,Estimated via KrisFlyer.
Axis Horizon,Marriott Bonvoy,CREDIT_CARD,HOTEL,1:1,1.0,Up to 1 day + Up to 7 days,MileagePlus,Estimated via MileagePlus.
Axis Horizon,Marriott Bonvoy,CREDIT_CARD,HOTEL,2:1,2.0,Up to 10 days + Up to 7 days,ShebaMiles,Estimated via ShebaMiles.
Axis Horizon,MileagePlus,CREDIT_CARD,AIRLINE,1:1,1.0,Up to 1 day,Direct,
Axis Horizon,MileagePlus,CREDIT_CARD,AIRLINE,5:1,5.0,Up to 1 day + 14 to 21 days,IHG Rewards Club,Estimated via IHG Rewards Club.
Axis Horizon,Miles & More,CREDIT_CARD,AIRLINE,5:1,5.0,Up to 1 day + 14 to 21 days,IHG Rewards Club,Estimated via IHG Rewards Club.
Axis Horizon,Miles & Smiles,CREDIT_CARD,AIRLINE,1:1,1.0,Up to 10 days,Direct,
Axis Horizon,Miles & Smiles,CREDIT_CARD,AIRLINE,5:1,5.0,Up to 1 day + 14 to 21 days,IHG Rewards Club,Estimated via IHG Rewards Club.
Axis Horizon,Orchid Rewards,CREDIT_CARD,HOTEL,1:1,1.0,Up to 1 day,Direct,
Axis Horizon,Phoenix Miles,CREDIT_CARD,AIRLINE,5:1,5.0,Up to 1 day + 14 to 21 days,IHG Rewards Club,Estimated via IHG Rewards Club.
Axis Horizon,Postcard Sunshine Club,CREDIT_CARD,HOTEL,1:1,1.0,Up to 2 days,Direct,
Axis Horizon,Qantas Frequent Flyer,CREDIT_CARD,AIRLINE,1:1,1.0,Up to 1 day,Direct,
Axis Horizon,Qantas Frequent Flyer,CREDIT_CARD,AIRLINE,5:1,5.0,Up to 1 day + 14 to 21 days,IHG Rewards Club,Estimated via IHG Rewards Club.
Axis Horizon,Qatar Privilege Club,CREDIT_CARD,AIRLINE,2:1,2.0,Up to 10 days + Instant,British Airways Executive Club,Estimated via British Airways Executive Club.
Axis Horizon,Qatar Privilege Club,CREDIT_CARD,AIRLINE,2:1,2.0,Up to 1 day + Instant,Finnair Plus,Estimated via Finnair Plus.
Axis Horizon,Qatar Privilege Club,CREDIT_CARD,AIRLINE,5:1,5.0,Up to 1 day + 14 to 21 days,IHG Rewards Club,Estimated via IHG Rewards Club.
Axis Horizon,Radisson Rewards,CREDIT_CARD,HOTEL,1:1,1.0,Up to 1 day,Direct,
Axis Horizon,Royal Orchid Plus,CREDIT_CARD,AIRLINE,1:1,1.0,Up to 1 day,Direct,
Axis Horizon,Royal Orchid Plus,CREDIT_CARD,AIRLINE,5:1,5.0,Up to 1 day + 14 to 21 days,IHG Rewards Club,Estimated via IHG Rewards Club.
Axis Horizon,Saudia Alfursan,CREDIT_CARD,AIRLINE,5:1,5.0,Up to 1 day + 14 to 21 days,IHG Rewards Club,Estimated via IHG Rewards Club.
Axis Horizon,ShebaMiles,CREDIT_CARD,AIRLINE,1:1,1.0,Up to 10 days,Direct,
Axis Horizon,Sky Pearl Club,CREDIT_CARD,AIRLINE,5:1,5.0,Up to 1 day + 14 to 21 days,IHG Rewards Club,Estimated via IHG Rewards Club.
Axis Horizon,Skypass,CREDIT_CARD,AIRLINE,5:1,5.0,Up to 1 day + 14 to 21 days,IHG Rewards Club,Estimated via IHG Rewards Club.
Axis Horizon,SpiceClub,CREDIT_CARD,AIRLINE,1:1,1.0,Up to 10 days,Direct,
Axis Horizon,Tap Miles & Go,CREDIT_CARD,AIRLINE,5:1,5.0,Up to 1 day + 14 to 21 days,IHG Rewards Club,Estimated via IHG Rewards Club.
Axis Horizon,TrueBlue,CREDIT_CARD,AIRLINE,5:1,5.0,Up to 1 day + 14 to 21 days,IHG Rewards Club,Estimated via IHG Rewards Club.
Axis Horizon,Velocity,CREDIT_CARD,AIRLINE,5:1,5.0,Up to 1 day + 14 to 21 days,IHG Rewards Club,Estimated via IHG Rewards Club.
Axis Horizon,Virgin Atlantic Flying Club,CREDIT_CARD,AIRLINE,5:1,5.0,Up to 1 day + 14 to 21 days,IHG Rewards Club,Estimated via IHG Rewards Club.
Axis Horizon,Voyager,CREDIT_CARD,AIRLINE,5:1,5.0,Up to 1 day + 14 to 21 days,IHG Rewards Club,Estimated via IHG Rewards Club.
Axis Horizon,Vueling Club,CREDIT_CARD,AIRLINE,2:1,2.0,Up to 10 days + Instant,British Airways Executive Club,Estimated via British Airways Executive Club.
Axis Horizon,Vueling Club,CREDIT_CARD,AIRLINE,2:1,2.0,Up to 1 day + Instant,Finnair Plus,Estimated via Finnair Plus.
Axis Horizon,Wyndham,CREDIT_CARD,HOTEL,1:1,1.0,Up to 1 day,Direct,
Axis Magnus,ANA Mileage Club,CREDIT_CARD,AIRLINE,25:2,12.499999999999998,Up to 1 day + 14 to 21 days,IHG Rewards Club,Estimated via IHG Rewards Club.
Axis Magnus,Accor Live Limitless,CREDIT_CARD,HOTEL,23:1,23.0,Up to 1 day + Up to 7 days,Finnair Plus,Estimated via Finnair Plus.
Axis Magnus,Accor Live Limitless,CREDIT_CARD,HOTEL,25:2,12.499999999999998,Up to 10 days + Up to 7 days,JAL Mileage Bank,Estimated via JAL Mileage Bank.
Axis Magnus,Accor Live Limitless,CREDIT_CARD,HOTEL,45:4,11.25,Up to 10 days + Up to 7 days,KrisFlyer,Estimated via KrisFlyer.
Axis Magnus,Accor Live Limitless,CREDIT_CARD,HOTEL,30:1,30.0,Up to 1 day + Up to 7 days,Lotusmiles,Estimated via Lotusmiles.
Axis Magnus,AerClub,CREDIT_CARD,AIRLINE,5:1,5.0,Up to 10 days + Instant,British Airways Executive Club,Estimated via British Airways Executive Club.
Axis Magnus,AerClub,CREDIT_CARD,AIRLINE,5:1,5.0,Up to 1 day + Instant,Finnair Plus,Estimated via Finnair Plus.
Axis Magnus,Aeromexico Rewards,CREDIT_CARD,AIRLINE,25:2,12.499999999999998,Up to 1 day + 14 to 21 days,IHG Rewards Club,Estimated via IHG Rewards Club.
Axis Magnus,Aeroplan,CREDIT_CARD,AIRLINE,5:2,2.5,Up to 1 day,Direct,
Axis Magnus,Aeroplan,CREDIT_CARD,AIRLINE,25:2,12.499999999999998,Up to 1 day + 14 to 21 days,IHG Rewards Club,Estimated via IHG Rewards Club.
Axis Magnus,AirAsia Rewards,CREDIT_CARD,AIRLINE,5:2,2.5,Up to 10 days,Direct,
Axis Magnus,American Airlines AAdvantage,CREDIT_CARD,AIRLINE,25:2,12.499999999999998,Up to 1 day + 14 to 21 days,IHG Rewards Club,Estimated via IHG Rewards Club.
Axis Magnus,Asia Miles (Cathay),CREDIT_CARD,AIRLINE,25:2,12.499999999999998,Up to 1 day + 14 to 21 days,IHG Rewards Club,Estimated via IHG Rewards Club.
Axis Magnus,Atmos Rewards,CREDIT_CARD,AIRLINE,25:2,12.499999999999998,Up to 1 day + 14 to 21 days,IHG Rewards Club,Estimated via IHG Rewards Club.
Axis Magnus,British Airways Executive Club,CREDIT_CARD,AIRLINE,5:1,5.0,Up to 10 days,Direct,
Axis Magnus,British Airways Executive Club,CREDIT_CARD,AIRLINE,5:1,5.0,Up to 1 day + Instant,Finnair Plus,Estimated via Finnair Plus.
Axis Magnus,British Airways Executive Club,CREDIT_CARD,AIRLINE,25:2,12.499999999999998,Up to 1 day + 14 to 21 days,IHG Rewards Club,Estimated via IHG Rewards Club.
Axis Magnus,Delta SkyMiles,CREDIT_CARD,AIRLINE,25:2,12.499999999999998,Up to 1 day + 14 to 21 days,IHG Rewards Club,Estimated via IHG Rewards Club.
Axis Magnus,Eastern Miles,CREDIT_CARD,AIRLINE,25:2,12.499999999999998,Up to 1 day + 14 to 21 days,IHG Rewards Club,Estimated via IHG Rewards Club.
Axis Magnus,Emirates Skywards,CREDIT_CARD,AIRLINE,25:2,12.499999999999998,Up to 1 day + 14 to 21 days,IHG Rewards Club,Estimated via IHG Rewards Club.
Axis Magnus,Enrich,CREDIT_CARD,AIRLINE,25:2,12.499999999999998,Up to 1 day + 14 to 21 days,IHG Rewards Club,Estimated via IHG Rewards Club.
Axis Magnus,Etihad Guest,CREDIT_CARD,AIRLINE,5:2,2.5,Up to 1 day,Direct,
Axis Magnus,Etihad Guest,CREDIT_CARD,AIRLINE,25:2,12.499999999999998,Up to 1 day + 14 to 21 days,IHG Rewards Club,Estimated via IHG Rewards Club.
Axis Magnus,FalconFlyer,CREDIT_CARD,AIRLINE,25:2,12.499999999999998,Up to 1 day + 14 to 21 days,IHG Rewards Club,Estimated via IHG Rewards Club.
Axis Magnus,Finnair Plus,CREDIT_CARD,AIRLINE,5:1,5.0,Up to 10 days + Instant,British Airways Executive Club,Estimated via British Airways Executive Club.
Axis Magnus,Finnair Plus,CREDIT_CARD,AIRLINE,5:1,5.0,Up to 1 day,Direct,
Axis Magnus,Finnair Plus,CREDIT_CARD,AIRLINE,25:2,12.499999999999998,Up to 1 day + 14 to 21 days,IHG Rewards Club,Estimated via IHG Rewards Club.
Axis Magnus,Flying Blue,CREDIT_CARD,AIRLINE,5:2,2.5,Up to 1 day,Direct,
Axis Magnus,Flying Blue,CREDIT_CARD,AIRLINE,25:2,12.499999999999998,Up to 1 day + 14 to 21 days,IHG Rewards Club,Estimated via IHG Rewards Club.
Axis Magnus,Fortune Wings Club,CREDIT_CARD,AIRLINE,25:2,12.499999999999998,Up to 1 day + 14 to 21 days,IHG Rewards Club,Estimated via IHG Rewards Club.
Axis Magnus,IHG Rewards Club,CREDIT_CARD,HOTEL,5:2,2.5,Up to 1 day,Direct,
Axis Magnus,ITC Club,CREDIT_CARD,HOTEL,5:2,2.5,Up to 10 days,Direct,
Axis Magnus,Iberia Club,CREDIT_CARD,AIRLINE,5:1,5.0,Up to 10 days + Instant,British Airways Executive Club,Estimated via British Airways Executive Club.
Axis Magnus,Iberia Club,CREDIT_CARD,AIRLINE,5:1,5.0,Up to 1 day + Instant,Finnair Plus,Estimated via Finnair Plus.
Axis Magnus,Iberia Club,CREDIT_CARD,AIRLINE,25:2,12.499999999999998,Up to 1 day + 14 to 21 days,IHG Rewards Club,Estimated via IHG Rewards Club.
Axis Magnus,Infinity MileageLands,CREDIT_CARD,AIRLINE,25:2,12.499999999999998,Up to 1 day + 14 to 21 days,IHG Rewards Club,Estimated via IHG Rewards Club.
Axis Magnus,JAL Mileage Bank,CREDIT_CARD,AIRLINE,5:2,2.5,Up to 10 days,Direct,
Axis Magnus,JAL Mileage Bank,CREDIT_CARD,AIRLINE,25:2,12.499999999999998,Up to 1 day + 14 to 21 days,IHG Rewards Club,Estimated via IHG Rewards Club.
Axis Magnus,KrisFlyer,CREDIT_CARD,AIRLINE,5:2,2.5,Up to 10 days,Direct,
Axis Magnus,KrisFlyer,CREDIT_CARD,AIRLINE,25:2,12.499999999999998,Up to 1 day + 14 to 21 days,IHG Rewards Club,Estimated via IHG Rewards Club.
Axis Magnus,LifeMiles,CREDIT_CARD,AIRLINE,25:2,12.499999999999998,Up to 1 day + 14 to 21 days,IHG Rewards Club,Estimated via IHG Rewards Club.
Axis Magnus,Lotusmiles,CREDIT_CARD,AIRLINE,5:1,5.0,Up to 1 day,Direct,
Axis Magnus,Maharaja Club,CREDIT_CARD,AIRLINE,5:2,2.5,Up to 5 days,Direct,
Axis Magnus,Marriott Bonvoy,CREDIT_CARD,HOTEL,5:2,2.5,Up to 1 day + Up to 7 days,Aeroplan,Estimated via Aeroplan.
Axis Magnus,Marriott Bonvoy,CREDIT_CARD,HOTEL,5:3,1.6666666666666665,Up to 10 days + 7 to 21 days,ITC Club,Estimated via ITC Club.
Axis Magnus,Marriott Bonvoy,CREDIT_CARD,HOTEL,10:3,3.333333333333333,Up to 10 days + Up to 7 days,JAL Mileage Bank,Estimated via JAL Mileage Bank.
Axis Magnus,Marriott Bonvoy,CREDIT_CARD,HOTEL,10:3,3.333333333333333,Up to 10 days + Up to 7 days,KrisFlyer,Estimated via KrisFlyer.
Axis Magnus,Marriott Bonvoy,CREDIT_CARD,HOTEL,5:2,2.5,Up to 1 day + Up to 7 days,MileagePlus,Estimated via MileagePlus.
Axis Magnus,Marriott Bonvoy,CREDIT_CARD,HOTEL,5:1,5.0,Up to 10 days + Up to 7 days,ShebaMiles,Estimated via ShebaMiles.
Axis Magnus,MileagePlus,CREDIT_CARD,AIRLINE,5:2,2.5,Up to 1 day,Direct,
Axis Magnus,MileagePlus,CREDIT_CARD,AIRLINE,25:2,12.499999999999998,Up to 1 day + 14 to 21 days,IHG Rewards Club,Estimated via IHG Rewards Club.
Axis Magnus,Miles & More,CREDIT_CARD,AIRLINE,25:2,12.499999999999998,Up to 1 day + 14 to 21 days,IHG Rewards Club,Estimated via IHG Rewards Club.
Axis Magnus,Miles & Smiles,CREDIT_CARD,AIRLINE,5:2,2.5,Up to 10 days,Direct,
Axis Magnus,Miles & Smiles,CREDIT_CARD,AIRLINE,25:2,12.499999999999998,Up to 1 day + 14 to 21 days,IHG Rewards Club,Estimated via IHG Rewards Club.
Axis Magnus,Orchid Rewards,CREDIT_CARD,HOTEL,5:2,2.5,Up to 1 day,Direct,
Axis Magnus,Phoenix Miles,CREDIT_CARD,AIRLINE,25:2,12.499999999999998,Up to 1 day + 14 to 21 days,IHG Rewards Club,Estimated via IHG Rewards Club.
Axis Magnus,Postcard Sunshine Club,CREDIT_CARD,HOTEL,5:2,2.5,Up to 2 days,Direct,
Axis Magnus,Qantas Frequent Flyer,CREDIT_CARD,AIRLINE,5:2,2.5,Up to 1 day,Direct,
Axis Magnus,Qantas Frequent Flyer,CREDIT_CARD,AIRLINE,25:2,12.499999999999998,Up to 1 day + 14 to 21 days,IHG Rewards Club,Estimated via IHG Rewards Club.
Axis Magnus,Qatar Privilege Club,CREDIT_CARD,AIRLINE,5:1,5.0,Up to 10 days + Instant,British Airways Executive Club,Estimated via British Airways Executive Club.
Axis Magnus,Qatar Privilege Club,CREDIT_CARD,AIRLINE,5:1,5.0,Up to 1 day + Instant,Finnair Plus,Estimated via Finnair Plus.
Axis Magnus,Qatar Privilege Club,CREDIT_CARD,AIRLINE,25:2,12.499999999999998,Up to 1 day + 14 to 21 days,IHG Rewards Club,Estimated via IHG Rewards Club.
Axis Magnus,Radisson Rewards,CREDIT_CARD,HOTEL,5:2,2.5,Up to 1 day,Direct,
Axis Magnus,Royal Orchid Plus,CREDIT_CARD,AIRLINE,5:2,2.5,Up to 1 day,Direct,
Axis Magnus,Royal Orchid Plus,CREDIT_CARD,AIRLINE,25:2,12.499999999999998,Up to 1 day + 14 to 21 days,IHG Rewards Club,Estimated via IHG Rewards Club.
Axis Magnus,Saudia Alfursan,CREDIT_CARD,AIRLINE,25:2,12.499999999999998,Up to 1 day + 14 to 21 days,IHG Rewards Club,Estimated via IHG Rewards Club.
Axis Magnus,ShebaMiles,CREDIT_CARD,AIRLINE,5:2,2.5,Up to 10 days,Direct,
Axis Magnus,Sky Pearl Club,CREDIT_CARD,AIRLINE,25:2,12.499999999999998,Up to 1 day + 14 to 21 days,IHG Rewards Club,Estimated via IHG Rewards Club.
Axis Magnus,Skypass,CREDIT_CARD,AIRLINE,25:2,12.499999999999998,Up to 1 day + 14 to 21 days,IHG Rewards Club,Estimated via IHG Rewards Club.
Axis Magnus,SpiceClub,CREDIT_CARD,AIRLINE,5:2,2.5,Up to 10 days,Direct,
Axis Magnus,Tap Miles & Go,CREDIT_CARD,AIRLINE,25:2,12.499999999999998,Up to 1 day + 14 to 21 days,IHG Rewards Club,Estimated via IHG Rewards Club.
Axis Magnus,TrueBlue,CREDIT_CARD,AIRLINE,25:2,12.499999999999998,Up to 1 day + 14 to 21 days,IHG Rewards Club,Estimated via IHG Rewards Club.
Axis Magnus,Velocity,CREDIT_CARD,AIRLINE,25:2,12.499999999999998,Up to 1 day + 14 to 21 days,IHG Rewards Club,Estimated via IHG Rewards Club.
Axis Magnus,Virgin Atlantic Flying Club,CREDIT_CARD,AIRLINE,25:2,12.499999999999998,Up to 1 day + 14 to 21 days,IHG Rewards Club,Estimated via IHG Rewards Club.
Axis Magnus,Voyager,CREDIT_CARD,AIRLINE,25:2,12.499999999999998,Up to 1 day + 14 to 21 days,IHG Rewards Club,Estimated via IHG Rewards Club.
Axis Magnus,Vueling Club,CREDIT_CARD,AIRLINE,5:1,5.0,Up to 10 days + Instant,British Airways Executive Club,Estimated via British Airways Executive Club.
Axis Magnus,Vueling Club,CREDIT_CARD,AIRLINE,5:1,5.0,Up to 1 day + Instant,Finnair Plus,Estimated via Finnair Plus.
Axis Magnus,Wyndham,CREDIT_CARD,HOTEL,5:2,2.5,Up to 1 day,Direct,
Axis Magnus Burgundy,ANA Mileage Club,CREDIT_CARD,AIRLINE,25:4,6.249999999999999,Up to 1 day + 14 to 21 days,IHG Rewards Club,Estimated via IHG Rewards Club.
Axis Magnus Burgundy,Accor Live Limitless,CREDIT_CARD,HOTEL,23:2,11.5,Up to 1 day + Up to 7 days,Finnair Plus,Estimated via Finnair Plus.
Axis Magnus Burgundy,Accor Live Limitless,CREDIT_CARD,HOTEL,25:4,6.249999999999999,Up to 10 days + Up to 7 days,JAL Mileage Bank,Estimated via JAL Mileage Bank.
Axis Magnus Burgundy,Accor Live Limitless,CREDIT_CARD,HOTEL,45:8,5.625,Up to 10 days + Up to 7 days,KrisFlyer,Estimated via KrisFlyer.
Axis Magnus Burgundy,Accor Live Limitless,CREDIT_CARD,HOTEL,15:1,15.0,Up to 1 day + Up to 7 days,Lotusmiles,Estimated via Lotusmiles.
Axis Magnus Burgundy,AerClub,CREDIT_CARD,AIRLINE,5:2,2.5,Up to 10 days + Instant,British Airways Executive Club,Estimated via British Airways Executive Club.
Axis Magnus Burgundy,AerClub,CREDIT_CARD,AIRLINE,5:2,2.5,Up to 1 day + Instant,Finnair Plus,Estimated via Finnair Plus.
Axis Magnus Burgundy,Aeromexico Rewards,CREDIT_CARD,AIRLINE,25:4,6.249999999999999,Up to 1 day + 14 to 21 days,IHG Rewards Club,Estimated via IHG Rewards Club.
Axis Magnus Burgundy,Aeroplan,CREDIT_CARD,AIRLINE,5:4,1.25,Up to 1 day,Direct,
Axis Magnus Burgundy,Aeroplan,CREDIT_CARD,AIRLINE,25:4,6.249999999999999,Up to 1 day + 14 to 21 days,IHG Rewards Club,Estimated via IHG Rewards Club.
Axis Magnus Burgundy,AirAsia Rewards,CREDIT_CARD,AIRLINE,5:4,1.25,Up to 10 days,Direct,
Axis Magnus Burgundy,American Airlines AAdvantage,CREDIT_CARD,AIRLINE,25:4,6.249999999999999,Up to 1 day + 14 to 21 days,IHG Rewards Club,Estimated via IHG Rewards Club.
Axis Magnus Burgundy,Asia Miles (Cathay),CREDIT_CARD,AIRLINE,25:4,6.249999999999999,Up to 1 day + 14 to 21 days,IHG Rewards Club,Estimated via IHG Rewards Club.
Axis Magnus Burgundy,Atmos Rewards,CREDIT_CARD,AIRLINE,25:4,6.249999999999999,Up to 1 day + 14 to 21 days,IHG Rewards Club,Estimated via IHG Rewards Club.
Axis Magnus Burgundy,British Airways Executive Club,CREDIT_CARD,AIRLINE,5:2,2.5,Up to 10 days,Direct,
Axis Magnus Burgundy,British Airways Executive Club,CREDIT_CARD,AIRLINE,5:2,2.5,Up to 1 day + Instant,Finnair Plus,Estimated via Finnair Plus.
Axis Magnus Burgundy,British Airways Executive Club,CREDIT_CARD,AIRLINE,25:4,6.249999999999999,Up to 1 day + 14 to 21 days,IHG Rewards Club,Estimated via IHG Rewards Club.
Axis Magnus Burgundy,Delta SkyMiles,CREDIT_CARD,AIRLINE,25:4,6.249999999999999,Up to 1 day + 14 to 21 days,IHG Rewards Club,Estimated via IHG Rewards Club.
Axis Magnus Burgundy,Eastern Miles,CREDIT_CARD,AIRLINE,25:4,6.249999999999999,Up to 1 day + 14 to 21 days,IHG Rewards Club,Estimated via IHG Rewards Club.
Axis Magnus Burgundy,Emirates Skywards,CREDIT_CARD,AIRLINE,25:4,6.249999999999999,Up to 1 day + 14 to 21 days,IHG Rewards Club,Estimated via IHG Rewards Club.
Axis Magnus Burgundy,Enrich,CREDIT_CARD,AIRLINE,25:4,6.249999999999999,Up to 1 day + 14 to 21 days,IHG Rewards Club,Estimated via IHG Rewards Club.
Axis Magnus Burgundy,Etihad Guest,CREDIT_CARD,AIRLINE,5:4,1.25,Up to 1 day,Direct,
Axis Magnus Burgundy,Etihad Guest,CREDIT_CARD,AIRLINE,25:4,6.249999999999999,Up to 1 day + 14 to 21 days,IHG Rewards Club,Estimated via IHG Rewards Club.
Axis Magnus Burgundy,FalconFlyer,CREDIT_CARD,AIRLINE,25:4,6.249999999999999,Up to 1 day + 14 to 21 days,IHG Rewards Club,Estimated via IHG Rewards Club.
Axis Magnus Burgundy,Finnair Plus,CREDIT_CARD,AIRLINE,5:2,2.5,Up to 10 days + Instant,British Airways Executive Club,Estimated via British Airways Executive Club.
Axis Magnus Burgundy,Finnair Plus,CREDIT_CARD,AIRLINE,5:2,2.5,Up to 1 day,Direct,
Axis Magnus Burgundy,Finnair Plus,CREDIT_CARD,AIRLINE,25:4,6.249999999999999,Up to 1 day + 14 to 21 days,IHG Rewards Club,Estimated via IHG Rewards Club.
Axis Magnus Burgundy,Flying Blue,CREDIT_CARD,AIRLINE,5:4,1.25,Up to 1 day,Direct,
Axis Magnus Burgundy,Flying Blue,CREDIT_CARD,AIRLINE,25:4,6.249999999999999,Up to 1 day + 14 to 21 days,IHG Rewards Club,Estimated via IHG Rewards Club.
Axis Magnus Burgundy,Fortune Wings Club,CREDIT_CARD,AIRLINE,25:4,6.249999999999999,Up to 1 day + 14 to 21 days,IHG Rewards Club,Estimated via IHG Rewards Club.
Axis Magnus Burgundy,IHG Rewards Club,CREDIT_CARD,HOTEL,5:4,1.25,Up to 1 day,Direct,
Axis Magnus Burgundy,ITC Club,CREDIT_CARD,HOTEL,5:4,1.25,Up to 10 days,Direct,
Axis Magnus Burgundy,Iberia Club,CREDIT_CARD,AIRLINE,5:2,2.5,Up to 10 days + Instant,British Airways Executive Club,Estimated via British Airways Executive Club.
Axis Magnus Burgundy,Iberia Club,CREDIT_CARD,AIRLINE,5:2,2.5,Up to 1 day + Instant,Finnair Plus,Estimated via Finnair Plus.
Axis Magnus Burgundy,Iberia Club,CREDIT_CARD,AIRLINE,25:4,6.249999999999999,Up to 1 day + 14 to 21 days,IHG Rewards Club,Estimated via IHG Rewards Club.
Axis Magnus Burgundy,Infinity MileageLands,CREDIT_CARD,AIRLINE,25:4,6.249999999999999,Up to 1 day + 14 to 21 days,IHG Rewards Club,Estimated via IHG Rewards Club.
Axis Magnus Burgundy,JAL Mileage Bank,CREDIT_CARD,AIRLINE,5:4,1.25,Up to 10 days,Direct,
Axis Magnus Burgundy,JAL Mileage Bank,CREDIT_CARD,AIRLINE,25:4,6.249999999999999,Up to 1 day + 14 to 21 days,IHG Rewards Club,Estimated via IHG Rewards Club.
Axis Magnus Burgundy,KrisFlyer,CREDIT_CARD,AIRLINE,5:4,1.25,Up to 10 days,Direct,
Axis Magnus Burgundy,KrisFlyer,CREDIT_CARD,AIRLINE,25:4,6.249999999999999,Up to 1 day + 14 to 21 days,IHG Rewards Club,Estimated via IHG Rewards Club.
Axis Magnus Burgundy,LifeMiles,CREDIT_CARD,AIRLINE,25:4,6.249999999999999,Up to 1 day + 14 to 21 days,IHG Rewards Club,Estimated via IHG Rewards Club.
Axis Magnus Burgundy,Lotusmiles,CREDIT_CARD,AIRLINE,5:2,2.5,Up to 1 day,Direct,
Axis Magnus Burgundy,Maharaja Club,CREDIT_CARD,AIRLINE,5:4,1.25,Up to 5 days,Direct,
Axis Magnus Burgundy,Marriott Bonvoy,CREDIT_CARD,HOTEL,5:4,1.25,Up to 1 day + Up to 7 days,Aeroplan,Estimated via Aeroplan.
Axis Magnus Burgundy,Marriott Bonvoy,CREDIT_CARD,HOTEL,5:6,0.8333333333333333,Up to 10 days + 7 to 21 days,ITC Club,Estimated via ITC Club.
Axis Magnus Burgundy,Marriott Bonvoy,CREDIT_CARD,HOTEL,5:3,1.6666666666666665,Up to 10 days + Up to 7 days,JAL Mileage Bank,Estimated via JAL Mileage Bank.
Axis Magnus Burgundy,Marriott Bonvoy,CREDIT_CARD,HOTEL,5:3,1.6666666666666665,Up to 10 days + Up to 7 days,KrisFlyer,Estimated via KrisFlyer.
Axis Magnus Burgundy,Marriott Bonvoy,CREDIT_CARD,HOTEL,5:4,1.25,Up to 1 day + Up to 7 days,MileagePlus,Estimated via MileagePlus.
Axis Magnus Burgundy,Marriott Bonvoy,CREDIT_CARD,HOTEL,5:2,2.5,Up to 10 days + Up to 7 days,ShebaMiles,Estimated via ShebaMiles.
Axis Magnus Burgundy,MileagePlus,CREDIT_CARD,AIRLINE,5:4,1.25,Up to 1 day,Direct,
Axis Magnus Burgundy,MileagePlus,CREDIT_CARD,AIRLINE,25:4,6.249999999999999,Up to 1 day + 14 to 21 days,IHG Rewards Club,Estimated via IHG Rewards Club.
Axis Magnus Burgundy,Miles & More,CREDIT_CARD,AIRLINE,25:4,6.249999999999999,Up to 1 day + 14 to 21 days,IHG Rewards Club,Estimated via IHG Rewards Club.
Axis Magnus Burgundy,Miles & Smiles,CREDIT_CARD,AIRLINE,5:4,1.25,Up to 10 days,Direct,
Axis Magnus Burgundy,Miles & Smiles,CREDIT_CARD,AIRLINE,25:4,6.249999999999999,Up to 1 day + 14 to 21 days,IHG Rewards Club,Estimated via IHG Rewards Club.
Axis Magnus Burgundy,Orchid Rewards,CREDIT_CARD,HOTEL,5:4,1.25,Up to 1 day,Direct,
Axis Magnus Burgundy,Phoenix Miles,CREDIT_CARD,AIRLINE,25:4,6.249999999999999,Up to 1 day + 14 to 21 days,IHG Rewards Club,Estimated via IHG Rewards Club.
Axis Magnus Burgundy,Postcard Sunshine Club,CREDIT_CARD,HOTEL,5:4,1.25,Up to 2 days,Direct,
Axis Magnus Burgundy,Qantas Frequent Flyer,CREDIT_CARD,AIRLINE,5:4,1.25,Up to 1 day,Direct,
Axis Magnus Burgundy,Qantas Frequent Flyer,CREDIT_CARD,AIRLINE,25:4,6.249999999999999,Up to 1 day + 14 to 21 days,IHG Rewards Club,Estimated via IHG Rewards Club.
Axis Magnus Burgundy,Qatar Privilege Club,CREDIT_CARD,AIRLINE,5:2,2.5,Up to 10 days + Instant,British Airways Executive Club,Estimated via British Airways Executive Club.
Axis Magnus Burgundy,Qatar Privilege Club,CREDIT_CARD,AIRLINE,5:2,2.5,Up to 1 day + Instant,Finnair Plus,Estimated via Finnair Plus.
Axis Magnus Burgundy,Qatar Privilege Club,CREDIT_CARD,AIRLINE,25:4,6.249999999999999,Up to 1 day + 14 to 21 days,IHG Rewards Club,Estimated via IHG Rewards Club.
Axis Magnus Burgundy,Radisson Rewards,CREDIT_CARD,HOTEL,5:4,1.25,Up to 1 day,Direct,
Axis Magnus Burgundy,Royal Orchid Plus,CREDIT_CARD,AIRLINE,5:4,1.25,Up to 1 day,Direct,
Axis Magnus Burgundy,Royal Orchid Plus,CREDIT_CARD,AIRLINE,25:4,6.249999999999999,Up to 1 day + 14 to 21 days,IHG Rewards Club,Estimated via IHG Rewards Club.
Axis Magnus Burgundy,Saudia Alfursan,CREDIT_CARD,AIRLINE,25:4,6.249999999999999,Up to 1 day + 14 to 21 days,IHG Rewards Club,Estimated via IHG Rewards Club.
Axis Magnus Burgundy,ShebaMiles,CREDIT_CARD,AIRLINE,5:4,1.25,Up to 10 days,Direct,
Axis Magnus Burgundy,Sky Pearl Club,CREDIT_CARD,AIRLINE,25:4,6.249999999999999,Up to 1 day + 14 to 21 days,IHG Rewards Club,Estimated via IHG Rewards Club.
Axis Magnus Burgundy,Skypass,CREDIT_CARD,AIRLINE,25:4,6.249999999999999,Up to 1 day + 14 to 21 days,IHG Rewards Club,Estimated via IHG Rewards Club.
Axis Magnus Burgundy,SpiceClub,CREDIT_CARD,AIRLINE,5:4,1.25,Up to 10 days,Direct,
Axis Magnus Burgundy,Tap Miles & Go,CREDIT_CARD,AIRLINE,25:4,6.249999999999999,Up to 1 day + 14 to 21 days,IHG Rewards Club,Estimated via IHG Rewards Club.
Axis Magnus Burgundy,TrueBlue,CREDIT_CARD,AIRLINE,25:4,6.249999999999999,Up to 1 day + 14 to 21 days,IHG Rewards Club,Estimated via IHG Rewards Club.
Axis Magnus Burgundy,Velocity,CREDIT_CARD,AIRLINE,25:4,6.249999999999999,Up to 1 day + 14 to 21 days,IHG Rewards Club,Estimated via IHG Rewards Club.
Axis Magnus Burgundy,Virgin Atlantic Flying Club,CREDIT_CARD,AIRLINE,25:4,6.249999999999999,Up to 1 day + 14 to 21 days,IHG Rewards Club,Estimated via IHG Rewards Club.
Axis Magnus Burgundy,Voyager,CREDIT_CARD,AIRLINE,25:4,6.249999999999999,Up to 1 day + 14 to 21 days,IHG Rewards Club,Estimated via IHG Rewards Club.
Axis Magnus Burgundy,Vueling Club,CREDIT_CARD,AIRLINE,5:2,2.5,Up to 10 days + Instant,British Airways Executive Club,Estimated via British Airways Executive Club.
Axis Magnus Burgundy,Vueling Club,CREDIT_CARD,AIRLINE,5:2,2.5,Up to 1 day + Instant,Finnair Plus,Estimated via Finnair Plus.
Axis Magnus Burgundy,Wyndham,CREDIT_CARD,HOTEL,5:4,1.25,Up to 1 day,Direct,
Axis Olympus,ANA Mileage Club,CREDIT_CARD,AIRLINE,5:4,1.25,Up to 1 day + 14 to 21 days,IHG Rewards Club,Estimated via IHG Rewards Club.
Axis Olympus,Accor Live Limitless,CREDIT_CARD,HOTEL,23:10,2.3000000000000003,Up to 1 day + Up to 7 days,Finnair Plus,Estimated via Finnair Plus.
Axis Olympus,Accor Live Limitless,CREDIT_CARD,HOTEL,5:4,1.25,Up to 10 days + Up to 7 days,JAL Mileage Bank,Estimated via JAL Mileage Bank.
Axis Olympus,Accor Live Limitless,CREDIT_CARD,HOTEL,9:8,1.125,Up to 10 days + Up to 7 days,KrisFlyer,Estimated via KrisFlyer.
Axis Olympus,Accor Live Limitless,CREDIT_CARD,HOTEL,3:1,3.0,Up to 1 day + Up to 7 days,Lotusmiles,Estimated via Lotusmiles.
Axis Olympus,AerClub,CREDIT_CARD,AIRLINE,1:2,0.5,Up to 10 days + Instant,British Airways Executive Club,Estimated via British Airways Executive Club.
Axis Olympus,AerClub,CREDIT_CARD,AIRLINE,1:2,0.5,Up to 1 day + Instant,Finnair Plus,Estimated via Finnair Plus.
Axis Olympus,Aeromexico Rewards,CREDIT_CARD,AIRLINE,5:4,1.25,Up to 1 day + 14 to 21 days,IHG Rewards Club,Estimated via IHG Rewards Club.
Axis Olympus,Aeroplan,CREDIT_CARD,AIRLINE,1:4,0.25,Up to 1 day,Direct,
Axis Olympus,Aeroplan,CREDIT_CARD,AIRLINE,5:4,1.25,Up to 1 day + 14 to 21 days,IHG Rewards Club,Estimated via IHG Rewards Club.
Axis Olympus,AirAsia Rewards,CREDIT_CARD,AIRLINE,1:4,0.25,Up to 10 days,Direct,
Axis Olympus,American Airlines AAdvantage,CREDIT_CARD,AIRLINE,5:4,1.25,Up to 1 day + 14 to 21 days,IHG Rewards Club,Estimated via IHG Rewards Club.
Axis Olympus,Asia Miles (Cathay),CREDIT_CARD,AIRLINE,5:4,1.25,Up to 1 day + 14 to 21 days,IHG Rewards Club,Estimated via IHG Rewards Club.
Axis Olympus,Atmos Rewards,CREDIT_CARD,AIRLINE,5:4,1.25,Up to 1 day + 14 to 21 days,IHG Rewards Club,Estimated via IHG Rewards Club.
Axis Olympus,British Airways Executive Club,CREDIT_CARD,AIRLINE,1:2,0.5,Up to 10 days,Direct,
Axis Olympus,British Airways Executive Club,CREDIT_CARD,AIRLINE,1:2,0.5,Up to 1 day + Instant,Finnair Plus,Estimated via Finnair Plus.
Axis Olympus,British Airways Executive Club,CREDIT_CARD,AIRLINE,5:4,1.25,Up to 1 day + 14 to 21 days,IHG Rewards Club,Estimated via IHG Rewards Club.
Axis Olympus,Delta SkyMiles,CREDIT_CARD,AIRLINE,5:4,1.25,Up to 1 day + 14 to 21 days,IHG Rewards Club,Estimated via IHG Rewards Club.
Axis Olympus,Eastern Miles,CREDIT_CARD,AIRLINE,5:4,1.25,Up to 1 day + 14 to 21 days,IHG Rewards Club,Estimated via IHG Rewards Club.
Axis Olympus,Emirates Skywards,CREDIT_CARD,AIRLINE,5:4,1.25,Up to 1 day + 14 to 21 days,IHG Rewards Club,Estimated via IHG Rewards Club.
Axis Olympus,Enrich,CREDIT_CARD,AIRLINE,5:4,1.25,Up to 1 day + 14 to 21 days,IHG Rewards Club,Estimated via IHG Rewards Club.
Axis Olympus,Etihad Guest,CREDIT_CARD,AIRLINE,1:4,0.25,Up to 1 day,Direct,
Axis Olympus,Etihad Guest,CREDIT_CARD,AIRLINE,5:4,1.25,Up to 1 day + 14 to 21 days,IHG Rewards Club,Estimated via IHG Rewards Club.
Axis Olympus,FalconFlyer,CREDIT_CARD,AIRLINE,5:4,1.25,Up to 1 day + 14 to 21 days,IHG Rewards Club,Estimated via IHG Rewards Club.
Axis Olympus,Finnair Plus,CREDIT_CARD,AIRLINE,1:2,0.5,Up to 10 days + Instant,British Airways Executive Club,Estimated via British Airways Executive Club.
Axis Olympus,Finnair Plus,CREDIT_CARD,AIRLINE,1:2,0.5,Up to 1 day,Direct,
Axis Olympus,Finnair Plus,CREDIT_CARD,AIRLINE,5:4,1.25,Up to 1 day + 14 to 21 days,IHG Rewards Club,Estimated via IHG Rewards Club.
Axis Olympus,Flying Blue,CREDIT_CARD,AIRLINE,1:4,0.25,Up to 1 day,Direct,
Axis Olympus,Flying Blue,CREDIT_CARD,AIRLINE,5:4,1.25,Up to 1 day + 14 to 21 days,IHG Rewards Club,Estimated via IHG Rewards Club.
Axis Olympus,Fortune Wings Club,CREDIT_CARD,AIRLINE,5:4,1.25,Up to 1 day + 14 to 21 days,IHG Rewards Club,Estimated via IHG Rewards Club.
Axis Olympus,IHG Rewards Club,CREDIT_CARD,HOTEL,1:4,0.25,Up to 1 day,Direct,
Axis Olympus,ITC Club,CREDIT_CARD,HOTEL,1:4,0.25,Up to 10 days,Direct,
Axis Olympus,Iberia Club,CREDIT_CARD,AIRLINE,1:2,0.5,Up to 10 days + Instant,British Airways Executive Club,Estimated via British Airways Executive Club.
Axis Olympus,Iberia Club,CREDIT_CARD,AIRLINE,1:2,0.5,Up to 1 day + Instant,Finnair Plus,Estimated via Finnair Plus.
Axis Olympus,Iberia Club,CREDIT_CARD,AIRLINE,5:4,1.25,Up to 1 day + 14 to 21 days,IHG Rewards Club,Estimated via IHG Rewards Club.
Axis Olympus,Infinity MileageLands,CREDIT_CARD,AIRLINE,5:4,1.25,Up to 1 day + 14 to 21 days,IHG Rewards Club,Estimated via IHG Rewards Club.
Axis Olympus,JAL Mileage Bank,CREDIT_CARD,AIRLINE,1:4,0.25,Up to 10 days,Direct,
Axis Olympus,JAL Mileage Bank,CREDIT_CARD,AIRLINE,5:4,1.25,Up to 1 day + 14 to 21 days,IHG Rewards Club,Estimated via IHG Rewards Club.
Axis Olympus,KrisFlyer,CREDIT_CARD,AIRLINE,1:4,0.25,Up to 10 days,Direct,
Axis Olympus,KrisFlyer,CREDIT_CARD,AIRLINE,5:4,1.25,Up to 1 day + 14 to 21 days,IHG Rewards Club,Estimated via IHG Rewards Club.
Axis Olympus,LifeMiles,CREDIT_CARD,AIRLINE,5:4,1.25,Up to 1 day + 14 to 21 days,IHG Rewards Club,Estimated via IHG Rewards Club.
Axis Olympus,Lotusmiles,CREDIT_CARD,AIRLINE,1:2,0.5,Up to 1 day,Direct,
Axis Olympus,Maharaja Club,CREDIT_CARD,AIRLINE,1:4,0.25,Up to 5 days,Direct,
Axis Olympus,Marriott Bonvoy,CREDIT_CARD,HOTEL,1:4,0.25,Up to 1 day + Up to 7 days,Aeroplan,Estimated via Aeroplan.
Axis Olympus,Marriott Bonvoy,CREDIT_CARD,HOTEL,1:6,0.16666666666666666,Up to 10 days + 7 to 21 days,ITC Club,Estimated via ITC Club.
Axis Olympus,Marriott Bonvoy,CREDIT_CARD,HOTEL,1:3,0.3333333333333333,Up to 10 days + Up to 7 days,JAL Mileage Bank,Estimated via JAL Mileage Bank.
Axis Olympus,Marriott Bonvoy,CREDIT_CARD,HOTEL,1:3,0.3333333333333333,Up to 10 days + Up to 7 days,KrisFlyer,Estimated via KrisFlyer.
Axis Olympus,Marriott Bonvoy,CREDIT_CARD,HOTEL,1:4,0.25,Up to 1 day + Up to 7 days,MileagePlus,Estimated via MileagePlus.
Axis Olympus,Marriott Bonvoy,CREDIT_CARD,HOTEL,1:2,0.5,Up to 10 days + Up to 7 days,ShebaMiles,Estimated via ShebaMiles.
Axis Olympus,MileagePlus,CREDIT_CARD,AIRLINE,1:4,0.25,Up to 1 day,Direct,
Axis Olympus,MileagePlus,CREDIT_CARD,AIRLINE,5:4,1.25,Up to 1 day + 14 to 21 days,IHG Rewards Club,Estimated via IHG Rewards Club.
Axis Olympus,Miles & More,CREDIT_CARD,AIRLINE,5:4,1.25,Up to 1 day + 14 to 21 days,IHG Rewards Club,Estimated via IHG Rewards Club.
Axis Olympus,Miles & Smiles,CREDIT_CARD,AIRLINE,1:4,0.25,Up to 10 days,Direct,
Axis Olympus,Miles & Smiles,CREDIT_CARD,AIRLINE,5:4,1.25,Up to 1 day + 14 to 21 days,IHG Rewards Club,Estimated via IHG Rewards Club.
Axis Olympus,Orchid Rewards,CREDIT_CARD,HOTEL,1:4,0.25,Up to 1 day,Direct,
Axis Olympus,Phoenix Miles,CREDIT_CARD,AIRLINE,5:4,1.25,Up to 1 day + 14 to 21 days,IHG Rewards Club,Estimated via IHG Rewards Club.
Axis Olympus,Postcard Sunshine Club,CREDIT_CARD,HOTEL,1:4,0.25,Up to 2 days,Direct,
Axis Olympus,Qantas Frequent Flyer,CREDIT_CARD,AIRLINE,1:4,0.25,Up to 1 day,Direct,
Axis Olympus,Qantas Frequent Flyer,CREDIT_CARD,AIRLINE,5:4,1.25,Up to 1 day + 14 to 21 days,IHG Rewards Club,Estimated via IHG Rewards Club.
Axis Olympus,Qatar Privilege Club,CREDIT_CARD,AIRLINE,1:2,0.5,Up to 10 days + Instant,British Airways Executive Club,Estimated via British Airways Executive Club.
Axis Olympus,Qatar Privilege Club,CREDIT_CARD,AIRLINE,1:2,0.5,Up to 1 day + Instant,Finnair Plus,Estimated via Finnair Plus.
Axis Olympus,Qatar Privilege Club,CREDIT_CARD,AIRLINE,5:4,1.25,Up to 1 day + 14 to 21 days,IHG Rewards Club,Estimated via IHG Rewards Club.
Axis Olympus,Radisson Rewards,CREDIT_CARD,HOTEL,1:4,0.25,Up to 1 day,Direct,
Axis Olympus,Royal Orchid Plus,CREDIT_CARD,AIRLINE,1:4,0.25,Up to 1 day,Direct,
Axis Olympus,Royal Orchid Plus,CREDIT_CARD,AIRLINE,5:4,1.25,Up to 1 day + 14 to 21 days,IHG Rewards Club,Estimated via IHG Rewards Club.
Axis Olympus,Saudia Alfursan,CREDIT_CARD,AIRLINE,5:4,1.25,Up to 1 day + 14 to 21 days,IHG Rewards Club,Estimated via IHG Rewards Club.
Axis Olympus,ShebaMiles,CREDIT_CARD,AIRLINE,1:4,0.25,Up to 10 days,Direct,
Axis Olympus,Sky Pearl Club,CREDIT_CARD,AIRLINE,5:4,1.25,Up to 1 day + 14 to 21 days,IHG Rewards Club,Estimated via IHG Rewards Club.
Axis Olympus,Skypass,CREDIT_CARD,AIRLINE,5:4,1.25,Up to 1 day + 14 to 21 days,IHG Rewards Club,Estimated via IHG Rewards Club.
Axis Olympus,SpiceClub,CREDIT_CARD,AIRLINE,1:4,0.25,Up to 10 days,Direct,
Axis Olympus,Tap Miles & Go,CREDIT_CARD,AIRLINE,5:4,1.25,Up to 1 day + 14 to 21 days,IHG Rewards Club,Estimated via IHG Rewards Club.
Axis Olympus,TrueBlue,CREDIT_CARD,AIRLINE,5:4,1.25,Up to 1 day + 14 to 21 days,IHG Rewards Club,Estimated via IHG Rewards Club.
Axis Olympus,Velocity,CREDIT_CARD,AIRLINE,5:4,1.25,Up to 1 day + 14 to 21 days,IHG Rewards Club,Estimated via IHG Rewards Club.
Axis Olympus,Virgin Atlantic Flying Club,CREDIT_CARD,AIRLINE,5:4,1.25,Up to 1 day + 14 to 21 days,IHG Rewards Club,Estimated via IHG Rewards Club.
Axis Olympus,Voyager,CREDIT_CARD,AIRLINE,5:4,1.25,Up to 1 day + 14 to 21 days,IHG Rewards Club,Estimated via IHG Rewards Club.
Axis Olympus,Vueling Club,CREDIT_CARD,AIRLINE,1:2,0.5,Up to 10 days + Instant,British Airways Executive Club,Estimated via British Airways Executive Club.
Axis Olympus,Vueling Club,CREDIT_CARD,AIRLINE,1:2,0.5,Up to 1 day + Instant,Finnair Plus,Estimated via Finnair Plus.
Axis Olympus,Wyndham,CREDIT_CARD,HOTEL,1:4,0.25,Up to 1 day,Direct,
Axis Privilege,ANA Mileage Club,CREDIT_CARD,AIRLINE,50:1,49.99999999999999,Up to 1 day + 14 to 21 days,IHG Rewards Club,Estimated via IHG Rewards Club.
Axis Privilege,Accor Live Limitless,CREDIT_CARD,HOTEL,46:1,46.0,Up to 1 day + Up to 7 days,Finnair Plus,Estimated via Finnair Plus.
Axis Privilege,Accor Live Limitless,CREDIT_CARD,HOTEL,50:1,49.99999999999999,Up to 10 days + Up to 7 days,JAL Mileage Bank,Estimated via JAL Mileage Bank.
Axis Privilege,Accor Live Limitless,CREDIT_CARD,HOTEL,45:1,45.0,Up to 10 days + Up to 7 days,KrisFlyer,Estimated via KrisFlyer.
Axis Privilege,Accor Live Limitless,CREDIT_CARD,HOTEL,60:1,60.0,Up to 1 day + Up to 7 days,Lotusmiles,Estimated via Lotusmiles.
Axis Privilege,AerClub,CREDIT_CARD,AIRLINE,10:1,10.0,Up to 10 days + Instant,British Airways Executive Club,Estimated via British Airways Executive Club.
Axis Privilege,AerClub,CREDIT_CARD,AIRLINE,10:1,10.0,Up to 1 day + Instant,Finnair Plus,Estimated via Finnair Plus.
Axis Privilege,Aeromexico Rewards,CREDIT_CARD,AIRLINE,50:1,49.99999999999999,Up to 1 day + 14 to 21 days,IHG Rewards Club,Estimated via IHG Rewards Club.
Axis Privilege,Aeroplan,CREDIT_CARD,AIRLINE,10:1,10.0,Up to 1 day,Direct,
Axis Privilege,Aeroplan,CREDIT_CARD,AIRLINE,50:1,49.99999999999999,Up to 1 day + 14 to 21 days,IHG Rewards Club,Estimated via IHG Rewards Club.
Axis Privilege,AirAsia Rewards,CREDIT_CARD,AIRLINE,5:1,5.0,Up to 10 days,Direct,
Axis Privilege,American Airlines AAdvantage,CREDIT_CARD,AIRLINE,50:1,49.99999999999999,Up to 1 day + 14 to 21 days,IHG Rewards Club,Estimated via IHG Rewards Club.
Axis Privilege,Asia Miles (Cathay),CREDIT_CARD,AIRLINE,50:1,49.99999999999999,Up to 1 day + 14 to 21 days,IHG Rewards Club,Estimated via IHG Rewards Club.
Axis Privilege,Atmos Rewards,CREDIT_CARD,AIRLINE,50:1,49.99999999999999,Up to 1 day + 14 to 21 days,IHG Rewards Club,Estimated via IHG Rewards Club.
Axis Privilege,British Airways Executive Club,CREDIT_CARD,AIRLINE,10:1,10.0,Up to 10 days,Direct,
Axis Privilege,British Airways Executive Club,CREDIT_CARD,AIRLINE,10:1,10.0,Up to 1 day + Instant,Finnair Plus,Estimated via Finnair Plus.
Axis Privilege,British Airways Executive Club,CREDIT_CARD,AIRLINE,50:1,49.99999999999999,Up to 1 day + 14 to 21 days,IHG Rewards Club,Estimated via IHG Rewards Club.
Axis Privilege,Delta SkyMiles,CREDIT_CARD,AIRLINE,50:1,49.99999999999999,Up to 1 day + 14 to 21 days,IHG Rewards Club,Estimated via IHG Rewards Club.
Axis Privilege,Eastern Miles,CREDIT_CARD,AIRLINE,50:1,49.99999999999999,Up to 1 day + 14 to 21 days,IHG Rewards Club,Estimated via IHG Rewards Club.
Axis Privilege,Emirates Skywards,CREDIT_CARD,AIRLINE,50:1,49.99999999999999,Up to 1 day + 14 to 21 days,IHG Rewards Club,Estimated via IHG Rewards Club.
Axis Privilege,Enrich,CREDIT_CARD,AIRLINE,50:1,49.99999999999999,Up to 1 day + 14 to 21 days,IHG Rewards Club,Estimated via IHG Rewards Club.
Axis Privilege,Etihad Guest,CREDIT_CARD,AIRLINE,10:1,10.0,Up to 1 day,Direct,
Axis Privilege,Etihad Guest,CREDIT_CARD,AIRLINE,50:1,49.99999999999999,Up to 1 day + 14 to 21 days,IHG Rewards Club,Estimated via IHG Rewards Club.
Axis Privilege,FalconFlyer,CREDIT_CARD,AIRLINE,50:1,49.99999999999999,Up to 1 day + 14 to 21 days,IHG Rewards Club,Estimated via IHG Rewards Club.
Axis Privilege,Finnair Plus,CREDIT_CARD,AIRLINE,10:1,10.0,Up to 10 days + Instant,British Airways Executive Club,Estimated via British Airways Executive Club.
Axis Privilege,Finnair Plus,CREDIT_CARD,AIRLINE,10:1,10.0,Up to 1 day,Direct,
Axis Privilege,Finnair Plus,CREDIT_CARD,AIRLINE,50:1,49.99999999999999,Up to 1 day + 14 to 21 days,IHG Rewards Club,Estimated via IHG Rewards Club.
Axis Privilege,Flying Blue,CREDIT_CARD,AIRLINE,10:1,10.0,Up to 1 day,Direct,
Axis Privilege,Flying Blue,CREDIT_CARD,AIRLINE,50:1,49.99999999999999,Up to 1 day + 14 to 21 days,IHG Rewards Club,Estimated via IHG Rewards Club.
Axis Privilege,Fortune Wings Club,CREDIT_CARD,AIRLINE,50:1,49.99999999999999,Up to 1 day + 14 to 21 days,IHG Rewards Club,Estimated via IHG Rewards Club.
Axis Privilege,IHG Rewards Club,CREDIT_CARD,HOTEL,10:1,10.0,Up to 1 day,Direct,
Axis Privilege,ITC Club,CREDIT_CARD,HOTEL,5:1,5.0,Up to 10 days,Direct,
Axis Privilege,Iberia Club,CREDIT_CARD,AIRLINE,10:1,10.0,Up to 10 days + Instant,British Airways Executive Club,Estimated via British Airways Executive Club.
Axis Privilege,Iberia Club,CREDIT_CARD,AIRLINE,10:1,10.0,Up to 1 day + Instant,Finnair Plus,Estimated via Finnair Plus.
Axis Privilege,Iberia Club,CREDIT_CARD,AIRLINE,50:1,49.99999999999999,Up to 1 day + 14 to 21 days,IHG Rewards Club,Estimated via IHG Rewards Club.
Axis Privilege,Infinity MileageLands,CREDIT_CARD,AIRLINE,50:1,49.99999999999999,Up to 1 day + 14 to 21 days,IHG Rewards Club,Estimated via IHG Rewards Club.
Axis Privilege,JAL Mileage Bank,CREDIT_CARD,AIRLINE,10:1,10.0,Up to 10 days,Direct,
Axis Privilege,JAL Mileage Bank,CREDIT_CARD,AIRLINE,50:1,49.99999999999999,Up to 1 day + 14 to 21 days,IHG Rewards Club,Estimated via IHG Rewards Club.
Axis Privilege,KrisFlyer,CREDIT_CARD,AIRLINE,10:1,10.0,Up to 10 days,Direct,
Axis Privilege,KrisFlyer,CREDIT_CARD,AIRLINE,50:1,49.99999999999999,Up to 1 day + 14 to 21 days,IHG Rewards Club,Estimated via IHG Rewards Club.
Axis Privilege,LifeMiles,CREDIT_CARD,AIRLINE,50:1,49.99999999999999,Up to 1 day + 14 to 21 days,IHG Rewards Club,Estimated via IHG Rewards Club.
Axis Privilege,Lotusmiles,CREDIT_CARD,AIRLINE,10:1,10.0,Up to 1 day,Direct,
Axis Privilege,Maharaja Club,CREDIT_CARD,AIRLINE,10:1,10.0,Up to 5 days,Direct,
Axis Privilege,Marriott Bonvoy,CREDIT_CARD,HOTEL,10:1,10.0,Up to 1 day + Up to 7 days,Aeroplan,Estimated via Aeroplan.
Axis Privilege,Marriott Bonvoy,CREDIT_CARD,HOTEL,10:3,3.333333333333333,Up to 10 days + 7 to 21 days,ITC Club,Estimated via ITC Club.
Axis Privilege,Marriott Bonvoy,CREDIT_CARD,HOTEL,40:3,13.333333333333332,Up to 10 days + Up to 7 days,JAL Mileage Bank,Estimated via JAL Mileage Bank.
Axis Privilege,Marriott Bonvoy,CREDIT_CARD,HOTEL,40:3,13.333333333333332,Up to 10 days + Up to 7 days,KrisFlyer,Estimated via KrisFlyer.
Axis Privilege,Marriott Bonvoy,CREDIT_CARD,HOTEL,10:1,10.0,Up to 1 day + Up to 7 days,MileagePlus,Estimated via MileagePlus.
Axis Privilege,Marriott Bonvoy,CREDIT_CARD,HOTEL,20:1,20.0,Up to 10 days + Up to 7 days,ShebaMiles,Estimated via ShebaMiles.
Axis Privilege,MileagePlus,CREDIT_CARD,AIRLINE,10:1,10.0,Up to 1 day,Direct,
Axis Privilege,MileagePlus,CREDIT_CARD,AIRLINE,50:1,49.99999999999999,Up to 1 day + 14 to 21 days,IHG Rewards Club,Estimated via IHG Rewards Club.
Axis Privilege,Miles & More,CREDIT_CARD,AIRLINE,50:1,49.99999999999999,Up to 1 day + 14 to 21 days,IHG Rewards Club,Estimated via IHG Rewards Club.
Axis Privilege,Miles & Smiles,CREDIT_CARD,AIRLINE,10:1,10.0,Up to 10 days,Direct,
Axis Privilege,Miles & Smiles,CREDIT_CARD,AIRLINE,50:1,49.99999999999999,Up to 1 day + 14 to 21 days,IHG Rewards Club,Estimated via IHG Rewards Club.
Axis Privilege,Orchid Rewards,CREDIT_CARD,HOTEL,10:1,10.0,Up to 1 day,Direct,
Axis Privilege,Phoenix Miles,CREDIT_CARD,AIRLINE,50:1,49.99999999999999,Up to 1 day + 14 to 21 days,IHG Rewards Club,Estimated via IHG Rewards Club.
Axis Privilege,Postcard Sunshine Club,CREDIT_CARD,HOTEL,10:1,10.0,Up to 2 days,Direct,
Axis Privilege,Qantas Frequent Flyer,CREDIT_CARD,AIRLINE,10:1,10.0,Up to 1 day,Direct,
Axis Privilege,Qantas Frequent Flyer,CREDIT_CARD,AIRLINE,50:1,49.99999999999999,Up to 1 day + 14 to 21 days,IHG Rewards Club,Estimated via IHG Rewards Club.
Axis Privilege,Qatar Privilege Club,CREDIT_CARD,AIRLINE,10:1,10.0,Up to 10 days + Instant,British Airways Executive Club,Estimated via British Airways Executive Club.
Axis Privilege,Qatar Privilege Club,CREDIT_CARD,AIRLINE,10:1,10.0,Up to 1 day + Instant,Finnair Plus,Estimated via Finnair Plus.
Axis Privilege,Qatar Privilege Club,CREDIT_CARD,AIRLINE,50:1,49.99999999999999,Up to 1 day + 14 to 21 days,IHG Rewards Club,Estimated via IHG Rewards Club.
Axis Privilege,Radisson Rewards,CREDIT_CARD,HOTEL,10:1,10.0,Up to 1 day,Direct,
Axis Privilege,Royal Orchid Plus,CREDIT_CARD,AIRLINE,10:1,10.0,Up to 1 day,Direct,
Axis Privilege,Royal Orchid Plus,CREDIT_CARD,AIRLINE,50:1,49.99999999999999,Up to 1 day + 14 to 21 days,IHG Rewards Club,Estimated via IHG Rewards Club.
Axis Privilege,Saudia Alfursan,CREDIT_CARD,AIRLINE,50:1,49.99999999999999,Up to 1 day + 14 to 21 days,IHG Rewards Club,Estimated via IHG Rewards Club.
Axis Privilege,ShebaMiles,CREDIT_CARD,AIRLINE,10:1,10.0,Up to 10 days,Direct,
Axis Privilege,Sky Pearl Club,CREDIT_CARD,AIRLINE,50:1,49.99999999999999,Up to 1 day + 14 to 21 days,IHG Rewards Club,Estimated via IHG Rewards Club.
Axis Privilege,Skypass,CREDIT_CARD,AIRLINE,50:1,49.99999999999999,Up to 1 day + 14 to 21 days,IHG Rewards Club,Estimated via IHG Rewards Club.
Axis Privilege,SpiceClub,CREDIT_CARD,AIRLINE,5:1,5.0,Up to 10 days,Direct,
Axis Privilege,Tap Miles & Go,CREDIT_CARD,AIRLINE,50:1,49.99999999999999,Up to 1 day + 14 to 21 days,IHG Rewards Club,Estimated via IHG Rewards Club.
Axis Privilege,TrueBlue,CREDIT_CARD,AIRLINE,50:1,49.99999999999999,Up to 1 day + 14 to 21 days,IHG Rewards Club,Estimated via IHG Rewards Club.
Axis Privilege,Velocity,CREDIT_CARD,AIRLINE,50:1,49.99999999999999,Up to 1 day + 14 to 21 days,IHG Rewards Club,Estimated via IHG Rewards Club.
Axis Privilege,Virgin Atlantic Flying Club,CREDIT_CARD,AIRLINE,50:1,49.99999999999999,Up to 1 day + 14 to 21 days,IHG Rewards Club,Estimated via IHG Rewards Club.
Axis Privilege,Voyager,CREDIT_CARD,AIRLINE,50:1,49.99999999999999,Up to 1 day + 14 to 21 days,IHG Rewards Club,Estimated via IHG Rewards Club.
Axis Privilege,Vueling Club,CREDIT_CARD,AIRLINE,10:1,10.0,Up to 10 days + Instant,British Airways Executive Club,Estimated via British Airways Executive Club.
Axis Privilege,Vueling Club,CREDIT_CARD,AIRLINE,10:1,10.0,Up to 1 day + Instant,Finnair Plus,Estimated via Finnair Plus.
Axis Privilege,Wyndham,CREDIT_CARD,HOTEL,10:1,10.0,Up to 1 day,Direct,
Axis Select,ANA Mileage Club,CREDIT_CARD,AIRLINE,50:1,49.99999999999999,Up to 1 day + 14 to 21 days,IHG Rewards Club,Estimated via IHG Rewards Club.
Axis Select,Accor Live Limitless,CREDIT_CARD,HOTEL,46:1,46.0,Up to 1 day + Up to 7 days,Finnair Plus,Estimated via Finnair Plus.
Axis Select,Accor Live Limitless,CREDIT_CARD,HOTEL,50:1,49.99999999999999,Up to 10 days + Up to 7 days,JAL Mileage Bank,Estimated via JAL Mileage Bank.
Axis Select,Accor Live Limitless,CREDIT_CARD,HOTEL,45:1,45.0,Up to 10 days + Up to 7 days,KrisFlyer,Estimated via KrisFlyer.
Axis Select,Accor Live Limitless,CREDIT_CARD,HOTEL,60:1,60.0,Up to 1 day + Up to 7 days,Lotusmiles,Estimated via Lotusmiles.
Axis Select,AerClub,CREDIT_CARD,AIRLINE,10:1,10.0,Up to 10 days + Instant,British Airways Executive Club,Estimated via British Airways Executive Club.
Axis Select,AerClub,CREDIT_CARD,AIRLINE,10:1,10.0,Up to 1 day + Instant,Finnair Plus,Estimated via Finnair Plus.
Axis Select,Aeromexico Rewards,CREDIT_CARD,AIRLINE,50:1,49.99999999999999,Up to 1 day + 14 to 21 days,IHG Rewards Club,Estimated via IHG Rewards Club.
Axis Select,Aeroplan,CREDIT_CARD,AIRLINE,10:1,10.0,Up to 1 day,Direct,
Axis Select,Aeroplan,CREDIT_CARD,AIRLINE,50:1,49.99999999999999,Up to 1 day + 14 to 21 days,IHG Rewards Club,Estimated via IHG Rewards Club.
Axis Select,AirAsia Rewards,CREDIT_CARD,AIRLINE,10:1,10.0,Up to 10 days,Direct,
Axis Select,American Airlines AAdvantage,CREDIT_CARD,AIRLINE,50:1,49.99999999999999,Up to 1 day + 14 to 21 days,IHG Rewards Club,Estimated via IHG Rewards Club.
Axis Select,Asia Miles (Cathay),CREDIT_CARD,AIRLINE,50:1,49.99999999999999,Up to 1 day + 14 to 21 days,IHG Rewards Club,Estimated via IHG Rewards Club.
Axis Select,Atmos Rewards,CREDIT_CARD,AIRLINE,50:1,49.99999999999999,Up to 1 day + 14 to 21 days,IHG Rewards Club,Estimated via IHG Rewards Club.
Axis Select,British Airways Executive Club,CREDIT_CARD,AIRLINE,10:1,10.0,Up to 10 days,Direct,
Axis Select,British Airways Executive Club,CREDIT_CARD,AIRLINE,10:1,10.0,Up to 1 day + Instant,Finnair Plus,Estimated via Finnair Plus.
Axis Select,British Airways Executive Club,CREDIT_CARD,AIRLINE,50:1,49.99999999999999,Up to 1 day + 14 to 21 days,IHG Rewards Club,Estimated via IHG Rewards Club.
Axis Select,Delta SkyMiles,CREDIT_CARD,AIRLINE,50:1,49.99999999999999,Up to 1 day + 14 to 21 days,IHG Rewards Club,Estimated via IHG Rewards Club.
Axis Select,Eastern Miles,CREDIT_CARD,AIRLINE,50:1,49.99999999999999,Up to 1 day + 14 to 21 days,IHG Rewards Club,Estimated via IHG Rewards Club.
Axis Select,Emirates Skywards,CREDIT_CARD,AIRLINE,50:1,49.99999999999999,Up to 1 day + 14 to 21 days,IHG Rewards Club,Estimated via IHG Rewards Club.
Axis Select,Enrich,CREDIT_CARD,AIRLINE,50:1,49.99999999999999,Up to 1 day + 14 to 21 days,IHG Rewards Club,Estimated via IHG Rewards Club.
Axis Select,Etihad Guest,CREDIT_CARD,AIRLINE,5:1,5.0,Up to 1 day,Direct,
Axis Select,Etihad Guest,CREDIT_CARD,AIRLINE,50:1,49.99999999999999,Up to 1 day + 14 to 21 days,IHG Rewards Club,Estimated via IHG Rewards Club.
Axis Select,FalconFlyer,CREDIT_CARD,AIRLINE,50:1,49.99999999999999,Up to 1 day + 14 to 21 days,IHG Rewards Club,Estimated via IHG Rewards Club.
Axis Select,Finnair Plus,CREDIT_CARD,AIRLINE,10:1,10.0,Up to 10 days + Instant,British Airways Executive Club,Estimated via British Airways Executive Club.
Axis Select,Finnair Plus,CREDIT_CARD,AIRLINE,10:1,10.0,Up to 1 day,Direct,
Axis Select,Finnair Plus,CREDIT_CARD,AIRLINE,50:1,49.99999999999999,Up to 1 day + 14 to 21 days,IHG Rewards Club,Estimated via IHG Rewards Club.
Axis Select,Flying Blue,CREDIT_CARD,AIRLINE,10:1,10.0,Up to 1 day,Direct,
Axis Select,Flying Blue,CREDIT_CARD,AIRLINE,50:1,49.99999999999999,Up to 1 day + 14 to 21 days,IHG Rewards Club,Estimated via IHG Rewards Club.
Axis Select,Fortune Wings Club,CREDIT_CARD,AIRLINE,50:1,49.99999999999999,Up to 1 day + 14 to 21 days,IHG Rewards Club,Estimated via IHG Rewards Club.
Axis Select,IHG Rewards Club,CREDIT_CARD,HOTEL,10:1,10.0,Up to 1 day,Direct,
Axis Select,ITC Club,CREDIT_CARD,HOTEL,5:1,5.0,Up to 10 days,Direct,
Axis Select,Iberia Club,CREDIT_CARD,AIRLINE,10:1,10.0,Up to 10 days + Instant,British Airways Executive Club,Estimated via British Airways Executive Club.
Axis Select,Iberia Club,CREDIT_CARD,AIRLINE,10:1,10.0,Up to 1 day + Instant,Finnair Plus,Estimated via Finnair Plus.
Axis Select,Iberia Club,CREDIT_CARD,AIRLINE,50:1,49.99999999999999,Up to 1 day + 14 to 21 days,IHG Rewards Club,Estimated via IHG Rewards Club.
Axis Select,Infinity MileageLands,CREDIT_CARD,AIRLINE,50:1,49.99999999999999,Up to 1 day + 14 to 21 days,IHG Rewards Club,Estimated via IHG Rewards Club.
Axis Select,JAL Mileage Bank,CREDIT_CARD,AIRLINE,10:1,10.0,Up to 10 days,Direct,
Axis Select,JAL Mileage Bank,CREDIT_CARD,AIRLINE,50:1,49.99999999999999,Up to 1 day + 14 to 21 days,IHG Rewards Club,Estimated via IHG Rewards Club.
Axis Select,KrisFlyer,CREDIT_CARD,AIRLINE,10:1,10.0,Up to 10 days,Direct,
Axis Select,KrisFlyer,CREDIT_CARD,AIRLINE,50:1,49.99999999999999,Up to 1 day + 14 to 21 days,IHG Rewards Club,Estimated via IHG Rewards Club.
Axis Select,LifeMiles,CREDIT_CARD,AIRLINE,50:1,49.99999999999999,Up to 1 day + 14 to 21 days,IHG Rewards Club,Estimated via IHG Rewards Club.
Axis Select,Lotusmiles,CREDIT_CARD,AIRLINE,10:1,10.0,Up to 1 day,Direct,
Axis Select,Maharaja Club,CREDIT_CARD,AIRLINE,10:1,10.0,Up to 5 days,Direct,
Axis Select,Marriott Bonvoy,CREDIT_CARD,HOTEL,10:1,10.0,Up to 1 day + Up to 7 days,Aeroplan,Estimated via Aeroplan.
Axis Select,Marriott Bonvoy,CREDIT_CARD,HOTEL,10:3,3.333333333333333,Up to 10 days + 7 to 21 days,ITC Club,Estimated via ITC Club.
Axis Select,Marriott Bonvoy,CREDIT_CARD,HOTEL,40:3,13.333333333333332,Up to 10 days + Up to 7 days,JAL Mileage Bank,Estimated via JAL Mileage Bank.
Axis Select,Marriott Bonvoy,CREDIT_CARD,HOTEL,40:3,13.333333333333332,Up to 10 days + Up to 7 days,KrisFlyer,Estimated via KrisFlyer.
Axis Select,Marriott Bonvoy,CREDIT_CARD,HOTEL,10:1,10.0,Up to 1 day + Up to 7 days,MileagePlus,Estimated via MileagePlus.
Axis Select,Marriott Bonvoy,CREDIT_CARD,HOTEL,20:1,20.0,Up to 10 days + Up to 7 days,ShebaMiles,Estimated via ShebaMiles.
Axis Select,MileagePlus,CREDIT_CARD,AIRLINE,10:1,10.0,Up to 1 day,Direct,
Axis Select,MileagePlus,CREDIT_CARD,AIRLINE,50:1,49.99999999999999,Up to 1 day + 14 to 21 days,IHG Rewards Club,Estimated via IHG Rewards Club.
Axis Select,Miles & More,CREDIT_CARD,AIRLINE,50:1,49.99999999999999,Up to 1 day + 14 to 21 days,IHG Rewards Club,Estimated via IHG Rewards Club.
Axis Select,Miles & Smiles,CREDIT_CARD,AIRLINE,10:1,10.0,Up to 10 days,Direct,
Axis Select,Miles & Smiles,CREDIT_CARD,AIRLINE,50:1,49.99999999999999,Up to 1 day + 14 to 21 days,IHG Rewards Club,Estimated via IHG Rewards Club.
Axis Select,Orchid Rewards,CREDIT_CARD,HOTEL,10:1,10.0,Up to 1 day,Direct,
Axis Select,Phoenix Miles,CREDIT_CARD,AIRLINE,50:1,49.99999999999999,Up to 1 day + 14 to 21 days,IHG Rewards Club,Estimated via IHG Rewards Club.
Axis Select,Postcard Sunshine Club,CREDIT_CARD,HOTEL,10:1,10.0,Up to 2 days,Direct,
Axis Select,Qantas Frequent Flyer,CREDIT_CARD,AIRLINE,10:1,10.0,Up to 1 day,Direct,
Axis Select,Qantas Frequent Flyer,CREDIT_CARD,AIRLINE,50:1,49.99999999999999,Up to 1 day + 14 to 21 days,IHG Rewards Club,Estimated via IHG Rewards Club.
Axis Select,Qatar Privilege Club,CREDIT_CARD,AIRLINE,10:1,10.0,Up to 10 days + Instant,British Airways Executive Club,Estimated via British Airways Executive Club.
Axis Select,Qatar Privilege Club,CREDIT_CARD,AIRLINE,10:1,10.0,Up to 1 day + Instant,Finnair Plus,Estimated via Finnair Plus.
Axis Select,Qatar Privilege Club,CREDIT_CARD,AIRLINE,50:1,49.99999999999999,Up to 1 day + 14 to 21 days,IHG Rewards Club,Estimated via IHG Rewards Club.
Axis Select,Radisson Rewards,CREDIT_CARD,HOTEL,10:1,10.0,Up to 1 day,Direct,
Axis Select,Royal Orchid Plus,CREDIT_CARD,AIRLINE,10:1,10.0,Up to 1 day,Direct,
Axis Select,Royal Orchid Plus,CREDIT_CARD,AIRLINE,50:1,49.99999999999999,Up to 1 day + 14 to 21 days,IHG Rewards Club,Estimated via IHG Rewards Club.
Axis Select,Saudia Alfursan,CREDIT_CARD,AIRLINE,50:1,49.99999999999999,Up to 1 day + 14 to 21 days,IHG Rewards Club,Estimated via IHG Rewards Club.
Axis Select,ShebaMiles,CREDIT_CARD,AIRLINE,10:1,10.0,Up to 10 days,Direct,
Axis Select,Sky Pearl Club,CREDIT_CARD,AIRLINE,50:1,49.99999999999999,Up to 1 day + 14 to 21 days,IHG Rewards Club,Estimated via IHG Rewards Club.
Axis Select,Skypass,CREDIT_CARD,AIRLINE,50:1,49.99999999999999,Up to 1 day + 14 to 21 days,IHG Rewards Club,Estimated via IHG Rewards Club.
Axis Select,SpiceClub,CREDIT_CARD,AIRLINE,5:1,5.0,Up to 10 days,Direct,
Axis Select,Tap Miles & Go,CREDIT_CARD,AIRLINE,50:1,49.99999999999999,Up to 1 day + 14 to 21 days,IHG Rewards Club,Estimated via IHG Rewards Club.
Axis Select,TrueBlue,CREDIT_CARD,AIRLINE,50:1,49.99999999999999,Up to 1 day + 14 to 21 days,IHG Rewards Club,Estimated via IHG Rewards Club.
Axis Select,Velocity,CREDIT_CARD,AIRLINE,50:1,49.99999999999999,Up to 1 day + 14 to 21 days,IHG Rewards Club,Estimated via IHG Rewards Club.
Axis Select,Virgin Atlantic Flying Club,CREDIT_CARD,AIRLINE,50:1,49.99999999999999,Up to 1 day + 14 to 21 days,IHG Rewards Club,Estimated via IHG Rewards Club.
Axis Select,Voyager,CREDIT_CARD,AIRLINE,50:1,49.99999999999999,Up to 1 day + 14 to 21 days,IHG Rewards Club,Estimated via IHG Rewards Club.
Axis Select,Vueling Club,CREDIT_CARD,AIRLINE,10:1,10.0,Up to 10 days + Instant,British Airways Executive Club,Estimated via British Airways Executive Club.
Axis Select,Vueling Club,CREDIT_CARD,AIRLINE,10:1,10.0,Up to 1 day + Instant,Finnair Plus,Estimated via Finnair Plus.
Axis Select,Wyndham,CREDIT_CARD,HOTEL,10:1,10.0,Up to 1 day,Direct,
British Airways Executive Club,Accor Live Limitless,AIRLINE,HOTEL,23:5,4.6000000000000005,Instant + Up to 7 days,Finnair Plus,Estimated via Finnair Plus.
British Airways Executive Club,Accor Live Limitless,AIRLINE,HOTEL,7:2,3.5,Instant + Up to 7 days,Qatar Privilege Club,Estimated via Qatar Privilege Club.
British Airways Executive Club,AerClub,AIRLINE,AIRLINE,1:1,1.0,Instant,Direct,Avios transfer
British Airways Executive Club,AerClub,AIRLINE,AIRLINE,1:1,1.0,Instant + Instant,Finnair Plus,Estimated via Finnair Plus.
British Airways Executive Club,AerClub,AIRLINE,AIRLINE,1:1,1.0,Instant + Instant,Iberia Club,Estimated via Iberia Club.
British Airways Executive Club,AerClub,AIRLINE,AIRLINE,1:1,1.0,Instant + Instant,Qatar Privilege Club,Estimated via Qatar Privilege Club.
British Airways Executive Club,AerClub,AIRLINE,AIRLINE,1:1,1.0,Instant + Instant,Vueling Club,Estimated via Vueling Club.
British Airways Executive Club,Finnair Plus,AIRLINE,AIRLINE,1:1,1.0,Instant + Instant,AerClub,Estimated via AerClub.
British Airways Executive Club,Finnair Plus,AIRLINE,AIRLINE,1:1,1.0,Instant,Direct,Avios transfer
British Airways Executive Club,Finnair Plus,AIRLINE,AIRLINE,1:1,1.0,Instant + Instant,Iberia Club,Estimated via Iberia Club.
British Airways Executive Club,Finnair Plus,AIRLINE,AIRLINE,1:1,1.0,Instant + Instant,Qatar Privilege Club,Estimated via Qatar Privilege Club.
British Airways Executive Club,Finnair Plus,AIRLINE,AIRLINE,1:1,1.0,Instant + Instant,Vueling Club,Estimated via Vueling Club.
British Airways Executive Club,Iberia Club,AIRLINE,AIRLINE,1:1,1.0,Instant + Instant,AerClub,Estimated via AerClub.
British Airways Executive Club,Iberia Club,AIRLINE,AIRLINE,1:1,1.0,Instant,Direct,Avios transfer
British Airways Executive Club,Iberia Club,AIRLINE,AIRLINE,1:1,1.0,Instant + Instant,Finnair Plus,Estimated via Finnair Plus.
British Airways Executive Club,Iberia Club,AIRLINE,AIRLINE,1:1,1.0,Instant + Instant,Qatar Privilege Club,Estimated via Qatar Privilege Club.
British Airways Executive Club,Iberia Club,AIRLINE,AIRLINE,1:1,1.0,Instant + Instant,Vueling Club,Estimated via Vueling Club.
British Airways Executive Club,Marriott Bonvoy,AIRLINE,HOTEL,2:1,2.0,Instant + Up to 7 days,Qatar Privilege Club,Estimated via Qatar Privilege Club.
British Airways Executive Club,Qatar Privilege Club,AIRLINE,AIRLINE,1:1,1.0,Instant + Instant,AerClub,Estimated via AerClub.
British Airways Executive Club,Qatar Privilege Club,AIRLINE,AIRLINE,1:1,1.0,Instant,Direct,Avios transfer
British Airways Executive Club,Qatar Privilege Club,AIRLINE,AIRLINE,1:1,1.0,Instant + Instant,Finnair Plus,Estimated via Finnair Plus.
British Airways Executive Club,Qatar Privilege Club,AIRLINE,AIRLINE,1:1,1.0,Instant + Instant,Iberia Club,Estimated via Iberia Club.
British Airways Executive Club,Qatar Privilege Club,AIRLINE,AIRLINE,1:1,1.0,Instant + Instant,Vueling Club,Estimated via Vueling Club.
British Airways Executive Club,Vueling Club,AIRLINE,AIRLINE,1:1,1.0,Instant + Instant,AerClub,Estimated via AerClub.
British Airways Executive Club,Vueling Club,AIRLINE,AIRLINE,1:1,1.0,Instant,Direct,Avios transfer
British Airways Executive Club,Vueling Club,AIRLINE,AIRLINE,1:1,1.0,Instant + Instant,Finnair Plus,Estimated via Finnair Plus.
British Airways Executive Club,Vueling Club,AIRLINE,AIRLINE,1:1,1.0,Instant + Instant,Iberia Club,Estimated via Iberia Club.
British Airways Executive Club,Vueling Club,AIRLINE,AIRLINE,1:1,1.0,Instant + Instant,Qatar Privilege Club,Estimated via Qatar Privilege Club.
Emirates Skywards,ANA Mileage Club,AIRLINE,AIRLINE,9:2,4.5,Up to 7 days + Up to 4 Days,Marriott Bonvoy,Estimated via Marriott Bonvoy.
Emirates Skywards,Accor Live Limitless,AIRLINE,HOTEL,4:1,4.0,Up to 7 days,Direct,
Emirates Skywards,AerClub,AIRLINE,AIRLINE,9:2,4.5,Up to 7 days + Up to 3 Days,Marriott Bonvoy,Estimated via Marriott Bonvoy.
Emirates Skywards,Aeromexico Rewards,AIRLINE,AIRLINE,8:1,8.0,Up to 7 days + 7 to 10 days,Accor Live Limitless,Estimated via Accor Live Limitless.
Emirates Skywards,Aeromexico Rewards,AIRLINE,AIRLINE,9:2,4.5,Up to 7 days + Up to 4 Days,Marriott Bonvoy,Estimated via Marriott Bonvoy.
Emirates Skywards,Aeroplan,AIRLINE,AIRLINE,8:1,8.0,Up to 7 days + 7 to 10 days,Accor Live Limitless,Estimated via Accor Live Limitless.
Emirates Skywards,Aeroplan,AIRLINE,AIRLINE,9:2,4.5,Up to 7 days + Up to 4 Days,Marriott Bonvoy,Estimated via Marriott Bonvoy.
Emirates Skywards,American Airlines AAdvantage,AIRLINE,AIRLINE,9:2,4.5,Up to 7 days + 1 to 7 days,Marriott Bonvoy,Estimated via Marriott Bonvoy.
Emirates Skywards,Asia Miles (Cathay),AIRLINE,AIRLINE,8:1,8.0,Up to 7 days + 7 to 10 days,Accor Live Limitless,Estimated via Accor Live Limitless.
Emirates Skywards,Asia Miles (Cathay),AIRLINE,AIRLINE,9:2,4.5,Up to 7 days + Up to 5 Days,Marriott Bonvoy,Estimated via Marriott Bonvoy.
Emirates Skywards,Asiana Club,AIRLINE,AIRLINE,9:2,4.5,Up to 7 days + Up to 4 Days,Marriott Bonvoy,Estimated via Marriott Bonvoy.
Emirates Skywards,Atmos Rewards,AIRLINE,AIRLINE,9:2,4.5,Up to 7 days + Up to 4 Days,Marriott Bonvoy,Estimated via Marriott Bonvoy.
Emirates Skywards,British Airways Executive Club,AIRLINE,AIRLINE,8:1,8.0,Up to 7 days + 7 to 10 days,Accor Live Limitless,Estimated via Accor Live Limitless.
Emirates Skywards,British Airways Executive Club,AIRLINE,AIRLINE,9:2,4.5,Up to 7 days + Up to 3 Days,Marriott Bonvoy,Estimated via Marriott Bonvoy.
Emirates Skywards,ConnectMiles,AIRLINE,AIRLINE,9:2,4.5,Up to 7 days + 1 to 7 days,Marriott Bonvoy,Estimated via Marriott Bonvoy.
Emirates Skywards,Delta SkyMiles,AIRLINE,AIRLINE,8:1,8.0,Up to 7 days + 7 to 10 days,Accor Live Limitless,Estimated via Accor Live Limitless.
Emirates Skywards,Delta SkyMiles,AIRLINE,AIRLINE,9:2,4.5,Up to 7 days + Up to 1 Day,Marriott Bonvoy,Estimated via Marriott Bonvoy.
Emirates Skywards,Etihad Guest,AIRLINE,AIRLINE,8:1,8.0,Up to 7 days + 7 to 10 days,Accor Live Limitless,Estimated via Accor Live Limitless.
Emirates Skywards,Etihad Guest,AIRLINE,AIRLINE,9:2,4.5,Up to 7 days + Up to 3 Days,Marriott Bonvoy,Estimated via Marriott Bonvoy.
Emirates Skywards,FalconFlyer,AIRLINE,AIRLINE,8:1,8.0,Up to 7 days + 7 to 10 days,Accor Live Limitless,Estimated via Accor Live Limitless.
Emirates Skywards,Finnair Plus,AIRLINE,AIRLINE,80:13,6.16,Up to 7 days + 7 to 10 days,Accor Live Limitless,Estimated via Accor Live Limitless.
Emirates Skywards,Flying Blue,AIRLINE,AIRLINE,4:1,4.0,Up to 7 days + 7 to 10 days,Accor Live Limitless,Estimated via Accor Live Limitless.
Emirates Skywards,Flying Blue,AIRLINE,AIRLINE,9:2,4.5,Up to 7 days + Up to 3 Days,Marriott Bonvoy,Estimated via Marriott Bonvoy.
Emirates Skywards,Fortune Wings Club,AIRLINE,AIRLINE,9:2,4.5,Up to 7 days + Up to 8 Days,Marriott Bonvoy,Estimated via Marriott Bonvoy.
Emirates Skywards,Frontier Miles,AIRLINE,AIRLINE,9:2,4.5,Up to 7 days + Up to 30 Days,Marriott Bonvoy,Estimated via Marriott Bonvoy.
Emirates Skywards,Iberia Club,AIRLINE,AIRLINE,4:1,4.0,Up to 7 days + 7 to 10 days,Accor Live Limitless,Estimated via Accor Live Limitless.
Emirates Skywards,Iberia Club,AIRLINE,AIRLINE,9:2,4.5,Up to 7 days + Up to 1 Day,Marriott Bonvoy,Estimated via Marriott Bonvoy.
Emirates Skywards,JAL Mileage Bank,AIRLINE,AIRLINE,8:1,8.0,Up to 7 days + 7 to 10 days,Accor Live Limitless,Estimated via Accor Live Limitless.
Emirates Skywards,JAL Mileage Bank,AIRLINE,AIRLINE,9:2,4.5,Up to 7 days + Up to 2 Days,Marriott Bonvoy,Estimated via Marriott Bonvoy.
Emirates Skywards,Juneyao Air,AIRLINE,AIRLINE,53:1,53.2,Up to 7 days + 7 to 10 days,Accor Live Limitless,Estimated via Accor Live Limitless.
Emirates Skywards,KrisFlyer,AIRLINE,AIRLINE,8:1,8.0,Up to 7 days + 7 to 10 days,Accor Live Limitless,Estimated via Accor Live Limitless.
Emirates Skywards,KrisFlyer,AIRLINE,AIRLINE,9:2,4.5,Up to 7 days + 1 to 7 days,Marriott Bonvoy,Estimated via Marriott Bonvoy.
Emirates Skywards,LATAM Pass,AIRLINE,AIRLINE,8:1,8.0,Up to 7 days + 7 to 10 days,Accor Live Limitless,Estimated via Accor Live Limitless.
Emirates Skywards,LATAM Pass,AIRLINE,AIRLINE,9:2,4.5,Up to 7 days + 1 to 7 days,Marriott Bonvoy,Estimated via Marriott Bonvoy.
Emirates Skywards,LifeMiles,AIRLINE,AIRLINE,8:1,8.0,Up to 7 days + 7 to 10 days,Accor Live Limitless,Estimated via Accor Live Limitless.
Emirates Skywards,LifeMiles,AIRLINE,AIRLINE,9:2,4.5,Up to 7 days + 1 to 7 days,Marriott Bonvoy,Estimated via Marriott Bonvoy.
Emirates Skywards,Lotusmiles,AIRLINE,AIRLINE,6:1,6.0,Up to 7 days + 7 to 10 days,Accor Live Limitless,Estimated via Accor Live Limitless.
Emirates Skywards,Marriott Bonvoy,AIRLINE,HOTEL,3:2,1.5,Up to 7 days,Direct,
Emirates Skywards,MileagePlus,AIRLINE,AIRLINE,8:1,8.0,Up to 7 days + 7 to 10 days,Accor Live Limitless,Estimated via Accor Live Limitless.
Emirates Skywards,MileagePlus,AIRLINE,AIRLINE,9:2,4.5,Up to 7 days + 1 to 7 days,Marriott Bonvoy,Estimated via Marriott Bonvoy.
Emirates Skywards,Miles & Smiles,AIRLINE,AIRLINE,9:2,4.5,Up to 7 days + 1 to 7 days,Marriott Bonvoy,Estimated via Marriott Bonvoy.
Emirates Skywards,Miles-Bonus,AIRLINE,AIRLINE,8:1,8.0,Up to 7 days + 7 to 10 days,Accor Live Limitless,Estimated via Accor Live Limitless.
Emirates Skywards,Miles-Bonus,AIRLINE,AIRLINE,9:2,4.5,Up to 7 days + Up to 3 Days,Marriott Bonvoy,Estimated via Marriott Bonvoy.
Emirates Skywards,Phoenix Miles,AIRLINE,AIRLINE,5:1,5.0,Up to 7 days + 7 to 10 days,Accor Live Limitless,Estimated via Accor Live Limitless.
Emirates Skywards,Phoenix Miles,AIRLINE,AIRLINE,9:2,4.5,Up to 7 days + 1 to 7 days,Marriott Bonvoy,Estimated via Marriott Bonvoy.
Emirates Skywards,Qantas Frequent Flyer,AIRLINE,AIRLINE,16:5,3.2,Up to 7 days + 7 to 10 days,Accor Live Limitless,Estimated via Accor Live Limitless.
Emirates Skywards,Qantas Frequent Flyer,AIRLINE,AIRLINE,9:2,4.5,Up to 7 days + 1 to 7 days,Marriott Bonvoy,Estimated via Marriott Bonvoy.
Emirates Skywards,Qatar Privilege Club,AIRLINE,AIRLINE,8:1,8.0,Up to 7 days + 7 to 10 days,Accor Live Limitless,Estimated via Accor Live Limitless.
Emirates Skywards,Qatar Privilege Club,AIRLINE,AIRLINE,9:2,4.5,Up to 7 days + Up to 3 Days,Marriott Bonvoy,Estimated via Marriott Bonvoy.
Emirates Skywards,Rapid Rewards,AIRLINE,AIRLINE,9:2,4.5,Up to 7 days + 1 to 7 days,Marriott Bonvoy,Estimated via Marriott Bonvoy.
Emirates Skywards,Royal Orchid Plus,AIRLINE,AIRLINE,8:1,8.0,Up to 7 days + 7 to 10 days,Accor Live Limitless,Estimated via Accor Live Limitless.
Emirates Skywards,Royal Orchid Plus,AIRLINE,AIRLINE,9:2,4.5,Up to 7 days + 1 to 7 days,Marriott Bonvoy,Estimated via Marriott Bonvoy.
Emirates Skywards,Saudia Alfursan,AIRLINE,AIRLINE,9:2,4.5,Up to 7 days + 1 to 7 days,Marriott Bonvoy,Estimated via Marriott Bonvoy.
Emirates Skywards,ShebaMiles,AIRLINE,AIRLINE,9:2,4.5,Up to 7 days + 1 to 7 days,Marriott Bonvoy,Estimated via Marriott Bonvoy.
Emirates Skywards,Sky Pearl Club,AIRLINE,AIRLINE,9:2,4.5,Up to 7 days + 1 to 7 days,Marriott Bonvoy,Estimated via Marriott Bonvoy.
Emirates Skywards,Skypass,AIRLINE,AIRLINE,8:1,8.0,Up to 7 days + 7 to 10 days,Accor Live Limitless,Estimated via Accor Live Limitless.
Emirates Skywards,Smiles GOL,AIRLINE,AIRLINE,8:1,8.0,Up to 7 days + 7 to 10 days,Accor Live Limitless,Estimated via Accor Live Limitless.
Emirates Skywards,Suma,AIRLINE,DEFAULT,4:1,4.0,Up to 7 days + 7 to 10 days,Accor Live Limitless,Estimated via Accor Live Limitless.
Emirates Skywards,Tap Miles & Go,AIRLINE,AIRLINE,8:1,8.0,Up to 7 days + 7 to 10 days,Accor Live Limitless,Estimated via Accor Live Limitless.
Emirates Skywards,Tap Miles & Go,AIRLINE,AIRLINE,9:2,4.5,Up to 7 days + 1 to 7 days,Marriott Bonvoy,Estimated via Marriott Bonvoy.
Emirates Skywards,Velocity,AIRLINE,AIRLINE,4:1,4.0,Up to 7 days + 7 to 10 days,Accor Live Limitless,Estimated via Accor Live Limitless.
Emirates Skywards,Velocity,AIRLINE,AIRLINE,9:2,4.5,Up to 7 days + 1 to 7 days,Marriott Bonvoy,Estimated via Marriott Bonvoy.
Emirates Skywards,Virgin Atlantic Flying Club,AIRLINE,AIRLINE,9:2,4.5,Up to 7 days + 1 to 7 days,Marriott Bonvoy,Estimated via Marriott Bonvoy.
Emirates Skywards,Vueling Club,AIRLINE,AIRLINE,9:2,4.5,Up to 7 days + 1 to 7 days,Marriott Bonvoy,Estimated via Marriott Bonvoy.
FalconFlyer,Accor Live Limitless,AIRLINE,HOTEL,4:1,4.0,Up to 7 days,Direct,
FalconFlyer,Aeromexico Rewards,AIRLINE,AIRLINE,8:1,8.0,Up to 7 days + 7 to 10 days,Accor Live Limitless,Estimated via Accor Live Limitless.
FalconFlyer,Aeroplan,AIRLINE,AIRLINE,8:1,8.0,Up to 7 days + 7 to 10 days,Accor Live Limitless,Estimated via Accor Live Limitless.
FalconFlyer,Asia Miles (Cathay),AIRLINE,AIRLINE,8:1,8.0,Up to 7 days + 7 to 10 days,Accor Live Limitless,Estimated via Accor Live Limitless.
FalconFlyer,British Airways Executive Club,AIRLINE,AIRLINE,8:1,8.0,Up to 7 days + 7 to 10 days,Accor Live Limitless,Estimated via Accor Live Limitless.
FalconFlyer,Delta SkyMiles,AIRLINE,AIRLINE,8:1,8.0,Up to 7 days + 7 to 10 days,Accor Live Limitless,Estimated via Accor Live Limitless.
FalconFlyer,Emirates Skywards,AIRLINE,AIRLINE,8:1,8.0,Up to 7 days + 7 to 10 days,Accor Live Limitless,Estimated via Accor Live Limitless.
FalconFlyer,Etihad Guest,AIRLINE,AIRLINE,8:1,8.0,Up to 7 days + 7 to 10 days,Accor Live Limitless,Estimated via Accor Live Limitless.
FalconFlyer,Finnair Plus,AIRLINE,AIRLINE,80:13,6.16,Up to 7 days + 7 to 10 days,Accor Live Limitless,Estimated via Accor Live Limitless.
FalconFlyer,Flying Blue,AIRLINE,AIRLINE,4:1,4.0,Up to 7 days + 7 to 10 days,Accor Live Limitless,Estimated via Accor Live Limitless.
FalconFlyer,Iberia Club,AIRLINE,AIRLINE,4:1,4.0,Up to 7 days + 7 to 10 days,Accor Live Limitless,Estimated via Accor Live Limitless.
FalconFlyer,JAL Mileage Bank,AIRLINE,AIRLINE,8:1,8.0,Up to 7 days + 7 to 10 days,Accor Live Limitless,Estimated via Accor Live Limitless.
FalconFlyer,Juneyao Air,AIRLINE,AIRLINE,53:1,53.2,Up to 7 days + 7 to 10 days,Accor Live Limitless,Estimated via Accor Live Limitless.
FalconFlyer,KrisFlyer,AIRLINE,AIRLINE,8:1,8.0,Up to 7 days + 7 to 10 days,Accor Live Limitless,Estimated via Accor Live Limitless.
FalconFlyer,LATAM Pass,AIRLINE,AIRLINE,8:1,8.0,Up to 7 days + 7 to 10 days,Accor Live Limitless,Estimated via Accor Live Limitless.
FalconFlyer,LifeMiles,AIRLINE,AIRLINE,8:1,8.0,Up to 7 days + 7 to 10 days,Accor Live Limitless,Estimated via Accor Live Limitless.
FalconFlyer,Lotusmiles,AIRLINE,AIRLINE,6:1,6.0,Up to 7 days + 7 to 10 days,Accor Live Limitless,Estimated via Accor Live Limitless.
FalconFlyer,MileagePlus,AIRLINE,AIRLINE,8:1,8.0,Up to 7 days + 7 to 10 days,Accor Live Limitless,Estimated via Accor Live Limitless.
FalconFlyer,Miles-Bonus,AIRLINE,AIRLINE,8:1,8.0,Up to 7 days + 7 to 10 days,Accor Live Limitless,Estimated via Accor Live Limitless.
FalconFlyer,Phoenix Miles,AIRLINE,AIRLINE,5:1,5.0,Up to 7 days + 7 to 10 days,Accor Live Limitless,Estimated via Accor Live Limitless.
FalconFlyer,Qantas Frequent Flyer,AIRLINE,AIRLINE,16:5,3.2,Up to 7 days + 7 to 10 days,Accor Live Limitless,Estimated via Accor Live Limitless.
FalconFlyer,Qatar Privilege Club,AIRLINE,AIRLINE,8:1,8.0,Up to 7 days + 7 to 10 days,Accor Live Limitless,Estimated via Accor Live Limitless.
FalconFlyer,Royal Orchid Plus,AIRLINE,AIRLINE,8:1,8.0,Up to 7 days + 7 to 10 days,Accor Live Limitless,Estimated via Accor Live Limitless.
FalconFlyer,Skypass,AIRLINE,AIRLINE,8:1,8.0,Up to 7 days + 7 to 10 days,Accor Live Limitless,Estimated via Accor Live Limitless.
FalconFlyer,Smiles GOL,AIRLINE,AIRLINE,8:1,8.0,Up to 7 days + 7 to 10 days,Accor Live Limitless,Estimated via Accor Live Limitless.
FalconFlyer,Suma,AIRLINE,DEFAULT,4:1,4.0,Up to 7 days + 7 to 10 days,Accor Live Limitless,Estimated via Accor Live Limitless.
FalconFlyer,Tap Miles & Go,AIRLINE,AIRLINE,8:1,8.0,Up to 7 days + 7 to 10 days,Accor Live Limitless,Estimated via Accor Live Limitless.
FalconFlyer,Velocity,AIRLINE,AIRLINE,4:1,4.0,Up to 7 days + 7 to 10 days,Accor Live Limitless,Estimated via Accor Live Limitless.
Fi Credit Card,Accor Live Limitless,CREDIT_CARD,HOTEL,18:1,18.0,3 to 5 days + Up to 7 days,KrisFlyer,Estimated via KrisFlyer.
Fi Credit Card,Accor Live Limitless,CREDIT_CARD,HOTEL,14:1,14.0,3 to 5 days + Up to 7 days,Qatar Privilege Club,Estimated via Qatar Privilege Club.
Fi Credit Card,AerClub,CREDIT_CARD,AIRLINE,4:1,4.0,3 to 5 days + Instant,Qatar Privilege Club,Estimated via Qatar Privilege Club.
Fi Credit Card,British Airways Executive Club,CREDIT_CARD,AIRLINE,4:1,4.0,3 to 5 days + Instant,Qatar Privilege Club,Estimated via Qatar Privilege Club.
Fi Credit Card,Finnair Plus,CREDIT_CARD,AIRLINE,4:1,4.0,3 to 5 days + Instant,Qatar Privilege Club,Estimated via Qatar Privilege Club.
Fi Credit Card,Iberia Club,CREDIT_CARD,AIRLINE,4:1,4.0,3 to 5 days + Instant,Qatar Privilege Club,Estimated via Qatar Privilege Club.
Fi Credit Card,KrisFlyer,CREDIT_CARD,AIRLINE,4:1,4.0,3 to 5 days,Direct,
Fi Credit Card,Maharaja Club,CREDIT_CARD,AIRLINE,4:1,4.0,3 to 5 days,Direct,
Fi Credit Card,Marriott Bonvoy,CREDIT_CARD,HOTEL,16:3,5.333333333333333,3 to 5 days + Up to 7 days,KrisFlyer,Estimated via KrisFlyer.
Fi Credit Card,Marriott Bonvoy,CREDIT_CARD,HOTEL,8:1,8.0,3 to 5 days + Up to 7 days,Qatar Privilege Club,Estimated via Qatar Privilege Club.
Fi Credit Card,Qatar Privilege Club,CREDIT_CARD,AIRLINE,4:1,4.0,3 to 5 days,Direct,
Fi Credit Card,Vueling Club,CREDIT_CARD,AIRLINE,4:1,4.0,3 to 5 days + Instant,Qatar Privilege Club,Estimated via Qatar Privilege Club.
Finnair Plus,Accor Live Limitless,AIRLINE,HOTEL,23:5,4.6000000000000005,Up to 7 days,Direct,
Finnair Plus,Accor Live Limitless,AIRLINE,HOTEL,7:2,3.5,Instant + Up to 7 days,Qatar Privilege Club,Estimated via Qatar Privilege Club.
Finnair Plus,AerClub,AIRLINE,AIRLINE,1:1,1.0,Instant + Instant,British Airways Executive Club,Estimated via British Airways Executive Club.
Finnair Plus,AerClub,AIRLINE,AIRLINE,1:1,1.0,Instant,Direct,Avios transfer
Finnair Plus,AerClub,AIRLINE,AIRLINE,1:1,1.0,Instant + Instant,Iberia Club,Estimated via Iberia Club.
Finnair Plus,AerClub,AIRLINE,AIRLINE,1:1,1.0,Instant + Instant,Qatar Privilege Club,Estimated via Qatar Privilege Club.
Finnair Plus,AerClub,AIRLINE,AIRLINE,1:1,1.0,Instant + Instant,Vueling Club,Estimated via Vueling Club.
Finnair Plus,Aeromexico Rewards,AIRLINE,AIRLINE,46:5,9.200000000000001,Up to 7 days + 7 to 10 days,Accor Live Limitless,Estimated via Accor Live Limitless.
Finnair Plus,Aeroplan,AIRLINE,AIRLINE,46:5,9.200000000000001,Up to 7 days + 7 to 10 days,Accor Live Limitless,Estimated via Accor Live Limitless.
Finnair Plus,Asia Miles (Cathay),AIRLINE,AIRLINE,46:5,9.200000000000001,Up to 7 days + 7 to 10 days,Accor Live Limitless,Estimated via Accor Live Limitless.
Finnair Plus,British Airways Executive Club,AIRLINE,AIRLINE,46:5,9.200000000000001,Up to 7 days + 7 to 10 days,Accor Live Limitless,Estimated via Accor Live Limitless.
Finnair Plus,British Airways Executive Club,AIRLINE,AIRLINE,1:1,1.0,Instant + Instant,AerClub,Estimated via AerClub.
Finnair Plus,British Airways Executive Club,AIRLINE,AIRLINE,1:1,1.0,Instant,Direct,Avios transfer
Finnair Plus,British Airways Executive Club,AIRLINE,AIRLINE,1:1,1.0,Instant + Instant,Iberia Club,Estimated via Iberia Club.
Finnair Plus,British Airways Executive Club,AIRLINE,AIRLINE,1:1,1.0,Instant + Instant,Qatar Privilege Club,Estimated via Qatar Privilege Club.
Finnair Plus,British Airways Executive Club,AIRLINE,AIRLINE,1:1,1.0,Instant + Instant,Vueling Club,Estimated via Vueling Club.
Finnair Plus,Delta SkyMiles,AIRLINE,AIRLINE,46:5,9.200000000000001,Up to 7 days + 7 to 10 days,Accor Live Limitless,Estimated via Accor Live Limitless.
Finnair Plus,Emirates Skywards,AIRLINE,AIRLINE,46:5,9.200000000000001,Up to 7 days + 7 to 10 days,Accor Live Limitless,Estimated via Accor Live Limitless.
Finnair Plus,Etihad Guest,AIRLINE,AIRLINE,46:5,9.200000000000001,Up to 7 days + 7 to 10 days,Accor Live Limitless,Estimated via Accor Live Limitless.
Finnair Plus,FalconFlyer,AIRLINE,AIRLINE,46:5,9.200000000000001,Up to 7 days + 7 to 10 days,Accor Live Limitless,Estimated via Accor Live Limitless.
Finnair Plus,Flying Blue,AIRLINE,AIRLINE,23:5,4.6000000000000005,Up to 7 days + 7 to 10 days,Accor Live Limitless,Estimated via Accor Live Limitless.
Finnair Plus,Iberia Club,AIRLINE,AIRLINE,23:5,4.6000000000000005,Up to 7 days + 7 to 10 days,Accor Live Limitless,Estimated via Accor Live Limitless.
Finnair Plus,Iberia Club,AIRLINE,AIRLINE,1:1,1.0,Instant + Instant,AerClub,Estimated via AerClub.
Finnair Plus,Iberia Club,AIRLINE,AIRLINE,1:1,1.0,Instant + Instant,British Airways Executive Club,Estimated via British Airways Executive Club.
Finnair Plus,Iberia Club,AIRLINE,AIRLINE,1:1,1.0,Instant,Direct,Avios transfer
Finnair Plus,Iberia Club,AIRLINE,AIRLINE,1:1,1.0,Instant + Instant,Qatar Privilege Club,Estimated via Qatar Privilege Club.
Finnair Plus,Iberia Club,AIRLINE,AIRLINE,1:1,1.0,Instant + Instant,Vueling Club,Estimated via Vueling Club.
Finnair Plus,JAL Mileage Bank,AIRLINE,AIRLINE,46:5,9.200000000000001,Up to 7 days + 7 to 10 days,Accor Live Limitless,Estimated via Accor Live Limitless.
Finnair Plus,Juneyao Air,AIRLINE,AIRLINE,61:1,61.18000000000001,Up to 7 days + 7 to 10 days,Accor Live Limitless,Estimated via Accor Live Limitless.
Finnair Plus,KrisFlyer,AIRLINE,AIRLINE,46:5,9.200000000000001,Up to 7 days + 7 to 10 days,Accor Live Limitless,Estimated via Accor Live Limitless.
Finnair Plus,LATAM Pass,AIRLINE,AIRLINE,46:5,9.200000000000001,Up to 7 days + 7 to 10 days,Accor Live Limitless,Estimated via Accor Live Limitless.
Finnair Plus,LifeMiles,AIRLINE,AIRLINE,46:5,9.200000000000001,Up to 7 days + 7 to 10 days,Accor Live Limitless,Estimated via Accor Live Limitless.
Finnair Plus,Lotusmiles,AIRLINE,AIRLINE,69:10,6.900000000000001,Up to 7 days + 7 to 10 days,Accor Live Limitless,Estimated via Accor Live Limitless.
Finnair Plus,Marriott Bonvoy,AIRLINE,HOTEL,2:1,2.0,Instant + Up to 7 days,Qatar Privilege Club,Estimated via Qatar Privilege Club.
Finnair Plus,MileagePlus,AIRLINE,AIRLINE,46:5,9.200000000000001,Up to 7 days + 7 to 10 days,Accor Live Limitless,Estimated via Accor Live Limitless.
Finnair Plus,Miles-Bonus,AIRLINE,AIRLINE,46:5,9.200000000000001,Up to 7 days + 7 to 10 days,Accor Live Limitless,Estimated via Accor Live Limitless.
Finnair Plus,Phoenix Miles,AIRLINE,AIRLINE,23:4,5.75,Up to 7 days + 7 to 10 days,Accor Live Limitless,Estimated via Accor Live Limitless.
Finnair Plus,Qantas Frequent Flyer,AIRLINE,AIRLINE,92:25,3.68,Up to 7 days + 7 to 10 days,Accor Live Limitless,Estimated via Accor Live Limitless.
Finnair Plus,Qatar Privilege Club,AIRLINE,AIRLINE,46:5,9.200000000000001,Up to 7 days + 7 to 10 days,Accor Live Limitless,Estimated via Accor Live Limitless.
Finnair Plus,Qatar Privilege Club,AIRLINE,AIRLINE,1:1,1.0,Instant + Instant,AerClub,Estimated via AerClub.
Finnair Plus,Qatar Privilege Club,AIRLINE,AIRLINE,1:1,1.0,Instant + Instant,British Airways Executive Club,Estimated via British Airways Executive Club.
Finnair Plus,Qatar Privilege Club,AIRLINE,AIRLINE,1:1,1.0,Instant,Direct,Avios transfer
Finnair Plus,Qatar Privilege Club,AIRLINE,AIRLINE,1:1,1.0,Instant + Instant,Iberia Club,Estimated via Iberia Club.
Finnair Plus,Qatar Privilege Club,AIRLINE,AIRLINE,1:1,1.0,Instant + Instant,Vueling Club,Estimated via Vueling Club.
Finnair Plus,Royal Orchid Plus,AIRLINE,AIRLINE,46:5,9.200000000000001,Up to 7 days + 7 to 10 days,Accor Live Limitless,Estimated via Accor Live Limitless.
Finnair Plus,Skypass,AIRLINE,AIRLINE,46:5,9.200000000000001,Up to 7 days + 7 to 10 days,Accor Live Limitless,Estimated via Accor Live Limitless.
Finnair Plus,Smiles GOL,AIRLINE,AIRLINE,46:5,9.200000000000001,Up to 7 days + 7 to 10 days,Accor Live Limitless,Estimated via Accor Live Limitless.
Finnair Plus,Suma,AIRLINE,DEFAULT,23:5,4.6000000000000005,Up to 7 days + 7 to 10 days,Accor Live Limitless,Estimated via Accor Live Limitless.
Finnair Plus,Tap Miles & Go,AIRLINE,AIRLINE,46:5,9.200000000000001,Up to 7 days + 7 to 10 days,Accor Live Limitless,Estimated via Accor Live Limitless.
Finnair Plus,Velocity,AIRLINE,AIRLINE,23:5,4.6000000000000005,Up to 7 days + 7 to 10 days,Accor Live Limitless,Estimated via Accor Live Limitless.
Finnair Plus,Vueling Club,AIRLINE,AIRLINE,1:1,1.0,Instant + Instant,AerClub,Estimated via AerClub.
Finnair Plus,Vueling Club,AIRLINE,AIRLINE,1:1,1.0,Instant + Instant,British Airways Executive Club,Estimated via British Airways Executive Club.
Finnair Plus,Vueling Club,AIRLINE,AIRLINE,1:1,1.0,Instant,Direct,Avios transfer
Finnair Plus,Vueling Club,AIRLINE,AIRLINE,1:1,1.0,Instant + Instant,Iberia Club,Estimated via Iberia Club.
Finnair Plus,Vueling Club,AIRLINE,AIRLINE,1:1,1.0,Instant + Instant,Qatar Privilege Club,Estimated via Qatar Privilege Club.
HDFC Biz Black,Accor Live Limitless,CREDIT_CARD,HOTEL,9:2,4.5,0 to 3 days + Up to 7 days,KrisFlyer,Estimated via KrisFlyer.
HDFC Biz Black,KrisFlyer,CREDIT_CARD,AIRLINE,1:1,1.0,0 to 3 days,Direct,
HDFC Biz Black,Marriott Bonvoy,CREDIT_CARD,HOTEL,4:3,1.3333333333333333,0 to 3 days + Up to 7 days,KrisFlyer,Estimated via KrisFlyer.
HDFC Biz Power,Accor Live Limitless,CREDIT_CARD,HOTEL,9:1,9.0,0 to 3 days + Up to 7 days,KrisFlyer,Estimated via KrisFlyer.
HDFC Biz Power,KrisFlyer,CREDIT_CARD,AIRLINE,2:1,2.0,0 to 3 days,Direct,
HDFC Biz Power,Marriott Bonvoy,CREDIT_CARD,HOTEL,8:3,2.6666666666666665,0 to 3 days + Up to 7 days,KrisFlyer,Estimated via KrisFlyer.
HDFC Diners Club Black,ANA Mileage Club,CREDIT_CARD,AIRLINE,5:1,5.0,0 to 3 days + 14 to 21 days,IHG Rewards Club,Estimated via IHG Rewards Club.
HDFC Diners Club Black,ANA Mileage Club,CREDIT_CARD,AIRLINE,6:1,6.0,0 to 3 days + Up to 4 Days,Marriott Bonvoy,Estimated via Marriott Bonvoy.
HDFC Diners Club Black,Accor Live Limitless,CREDIT_CARD,HOTEL,2:1,2.0,0 to 3 days,Direct,
HDFC Diners Club Black,Accor Live Limitless,CREDIT_CARD,HOTEL,23:5,4.6000000000000005,0 to 3 days + Up to 7 days,Finnair Plus,Estimated via Finnair Plus.
HDFC Diners Club Black,Accor Live Limitless,CREDIT_CARD,HOTEL,9:2,4.5,0 to 3 days + Up to 7 days,KrisFlyer,Estimated via KrisFlyer.
HDFC Diners Club Black,Accor Live Limitless,CREDIT_CARD,HOTEL,6:1,6.0,0 to 3 days + Up to 7 days,Lotusmiles,Estimated via Lotusmiles.
HDFC Diners Club Black,Accor Live Limitless,CREDIT_CARD,HOTEL,7:1,7.0,0 to 3 days + Up to 7 days,Qatar Privilege Club,Estimated via Qatar Privilege Club.
HDFC Diners Club Black,AerClub,CREDIT_CARD,AIRLINE,2:1,2.0,0 to 3 days + Instant,British Airways Executive Club,Estimated via British Airways Executive Club.
HDFC Diners Club Black,AerClub,CREDIT_CARD,AIRLINE,1:1,1.0,0 to 3 days + Instant,Finnair Plus,Estimated via Finnair Plus.
HDFC Diners Club Black,AerClub,CREDIT_CARD,AIRLINE,6:1,6.0,0 to 3 days + Up to 3 Days,Marriott Bonvoy,Estimated via Marriott Bonvoy.
HDFC Diners Club Black,AerClub,CREDIT_CARD,AIRLINE,2:1,2.0,0 to 3 days + Instant,Qatar Privilege Club,Estimated via Qatar Privilege Club.
HDFC Diners Club Black,Aeromexico Rewards,CREDIT_CARD,AIRLINE,4:1,4.0,0 to 3 days + 7 to 10 days,Accor Live Limitless,Estimated via Accor Live Limitless.
HDFC Diners Club Black,Aeromexico Rewards,CREDIT_CARD,AIRLINE,5:1,5.0,0 to 3 days + 14 to 21 days,IHG Rewards Club,Estimated via IHG Rewards Club.
HDFC Diners Club Black,Aeromexico Rewards,CREDIT_CARD,AIRLINE,6:1,6.0,0 to 3 days + Up to 4 Days,Marriott Bonvoy,Estimated via Marriott Bonvoy.
HDFC Diners Club Black,Aeroplan,CREDIT_CARD,AIRLINE,4:1,4.0,0 to 3 days + 7 to 10 days,Accor Live Limitless,Estimated via Accor Live Limitless.
HDFC Diners Club Black,Aeroplan,CREDIT_CARD,AIRLINE,2:1,2.0,0 to 3 days,Direct,
HDFC Diners Club Black,Aeroplan,CREDIT_CARD,AIRLINE,5:1,5.0,0 to 3 days + 14 to 21 days,IHG Rewards Club,Estimated via IHG Rewards Club.
HDFC Diners Club Black,Aeroplan,CREDIT_CARD,AIRLINE,6:1,6.0,0 to 3 days + Up to 4 Days,Marriott Bonvoy,Estimated via Marriott Bonvoy.
HDFC Diners Club Black,AirAsia Rewards,CREDIT_CARD,AIRLINE,1:1,1.0,0 to 3 days,Direct,
HDFC Diners Club Black,American Airlines AAdvantage,CREDIT_CARD,AIRLINE,5:1,5.0,0 to 3 days + 14 to 21 days,IHG Rewards Club,Estimated via IHG Rewards Club.
HDFC Diners Club Black,American Airlines AAdvantage,CREDIT_CARD,AIRLINE,6:1,6.0,0 to 3 days + 1 to 7 days,Marriott Bonvoy,Estimated via Marriott Bonvoy.
HDFC Diners Club Black,Asia Miles (Cathay),CREDIT_CARD,AIRLINE,4:1,4.0,0 to 3 days + 7 to 10 days,Accor Live Limitless,Estimated via Accor Live Limitless.
HDFC Diners Club Black,Asia Miles (Cathay),CREDIT_CARD,AIRLINE,2:1,2.0,0 to 3 days,Direct,
HDFC Diners Club Black,Asia Miles (Cathay),CREDIT_CARD,AIRLINE,5:1,5.0,0 to 3 days + 14 to 21 days,IHG Rewards Club,Estimated via IHG Rewards Club.
HDFC Diners Club Black,Asia Miles (Cathay),CREDIT_CARD,AIRLINE,6:1,6.0,0 to 3 days + Up to 5 Days,Marriott Bonvoy,Estimated via Marriott Bonvoy.
HDFC Diners Club Black,Asiana Club,CREDIT_CARD,AIRLINE,6:1,6.0,0 to 3 days + Up to 4 Days,Marriott Bonvoy,Estimated via Marriott Bonvoy.
HDFC Diners Club Black,Atmos Rewards,CREDIT_CARD,AIRLINE,5:1,5.0,0 to 3 days + 14 to 21 days,IHG Rewards Club,Estimated via IHG Rewards Club.
HDFC Diners Club Black,Atmos Rewards,CREDIT_CARD,AIRLINE,6:1,6.0,0 to 3 days + Up to 4 Days,Marriott Bonvoy,Estimated via Marriott Bonvoy.
HDFC Diners Club Black,British Airways Executive Club,CREDIT_CARD,AIRLINE,4:1,4.0,0 to 3 days + 7 to 10 days,Accor Live Limitless,Estimated via Accor Live Limitless.
HDFC Diners Club Black,British Airways Executive Club,CREDIT_CARD,AIRLINE,2:1,2.0,0 to 3 days,Direct,
HDFC Diners Club Black,British Airways Executive Club,CREDIT_CARD,AIRLINE,1:1,1.0,0 to 3 days + Instant,Finnair Plus,Estimated via Finnair Plus.
HDFC Diners Club Black,British Airways Executive Club,CREDIT_CARD,AIRLINE,5:1,5.0,0 to 3 days + 14 to 21 days,IHG Rewards Club,Estimated via IHG Rewards Club.
HDFC Diners Club Black,British Airways Executive Club,CREDIT_CARD,AIRLINE,6:1,6.0,0 to 3 days + Up to 3 Days,Marriott Bonvoy,Estimated via Marriott Bonvoy.
HDFC Diners Club Black,British Airways Executive Club,CREDIT_CARD,AIRLINE,2:1,2.0,0 to 3 days + Instant,Qatar Privilege Club,Estimated via Qatar Privilege Club.
HDFC Diners Club Black,ConnectMiles,CREDIT_CARD,AIRLINE,6:1,6.0,0 to 3 days + 1 to 7 days,Marriott Bonvoy,Estimated via Marriott Bonvoy.
HDFC Diners Club Black,Delta SkyMiles,CREDIT_CARD,AIRLINE,4:1,4.0,0 to 3 days + 7 to 10 days,Accor Live Limitless,Estimated via Accor Live Limitless.
HDFC Diners Club Black,Delta SkyMiles,CREDIT_CARD,AIRLINE,5:1,5.0,0 to 3 days + 14 to 21 days,IHG Rewards Club,Estimated via IHG Rewards Club.
HDFC Diners Club Black,Delta SkyMiles,CREDIT_CARD,AIRLINE,6:1,6.0,0 to 3 days + Up to 1 Day,Marriott Bonvoy,Estimated via Marriott Bonvoy.
HDFC Diners Club Black,Eastern Miles,CREDIT_CARD,AIRLINE,5:1,5.0,0 to 3 days + 14 to 21 days,IHG Rewards Club,Estimated via IHG Rewards Club.
HDFC Diners Club Black,Emirates Skywards,CREDIT_CARD,AIRLINE,4:1,4.0,0 to 3 days + 7 to 10 days,Accor Live Limitless,Estimated via Accor Live Limitless.
HDFC Diners Club Black,Emirates Skywards,CREDIT_CARD,AIRLINE,5:1,5.0,0 to 3 days + 14 to 21 days,IHG Rewards Club,Estimated via IHG Rewards Club.
HDFC Diners Club Black,Emirates Skywards,CREDIT_CARD,AIRLINE,6:1,6.0,0 to 3 days + Up to 3 Days,Marriott Bonvoy,Estimated via Marriott Bonvoy.
HDFC Diners Club Black,Enrich,CREDIT_CARD,AIRLINE,5:1,5.0,0 to 3 days + 14 to 21 days,IHG Rewards Club,Estimated via IHG Rewards Club.
HDFC Diners Club Black,Etihad Guest,CREDIT_CARD,AIRLINE,4:1,4.0,0 to 3 days + 7 to 10 days,Accor Live Limitless,Estimated via Accor Live Limitless.
HDFC Diners Club Black,Etihad Guest,CREDIT_CARD,AIRLINE,2:1,2.0,0 to 3 days,Direct,
HDFC Diners Club Black,Etihad Guest,CREDIT_CARD,AIRLINE,5:1,5.0,0 to 3 days + 14 to 21 days,IHG Rewards Club,Estimated via IHG Rewards Club.
HDFC Diners Club Black,Etihad Guest,CREDIT_CARD,AIRLINE,6:1,6.0,0 to 3 days + Up to 3 Days,Marriott Bonvoy,Estimated via Marriott Bonvoy.
HDFC Diners Club Black,FalconFlyer,CREDIT_CARD,AIRLINE,4:1,4.0,0 to 3 days + 7 to 10 days,Accor Live Limitless,Estimated via Accor Live Limitless.
HDFC Diners Club Black,FalconFlyer,CREDIT_CARD,AIRLINE,5:1,5.0,0 to 3 days + 14 to 21 days,IHG Rewards Club,Estimated via IHG Rewards Club.
HDFC Diners Club Black,Finnair Plus,CREDIT_CARD,AIRLINE,77:25,3.08,0 to 3 days + 7 to 10 days,Accor Live Limitless,Estimated via Accor Live Limitless.
HDFC Diners Club Black,Finnair Plus,CREDIT_CARD,AIRLINE,2:1,2.0,0 to 3 days + Instant,British Airways Executive Club,Estimated via British Airways Executive Club.
HDFC Diners Club Black,Finnair Plus,CREDIT_CARD,AIRLINE,1:1,1.0,0 to 3 days,Direct,
HDFC Diners Club Black,Finnair Plus,CREDIT_CARD,AIRLINE,5:1,5.0,0 to 3 days + 14 to 21 days,IHG Rewards Club,Estimated via IHG Rewards Club.
HDFC Diners Club Black,Finnair Plus,CREDIT_CARD,AIRLINE,2:1,2.0,0 to 3 days + Instant,Qatar Privilege Club,Estimated via Qatar Privilege Club.
HDFC Diners Club Black,Flying Blue,CREDIT_CARD,AIRLINE,2:1,2.0,0 to 3 days + 7 to 10 days,Accor Live Limitless,Estimated via Accor Live Limitless.
HDFC Diners Club Black,Flying Blue,CREDIT_CARD,AIRLINE,1:1,1.0,0 to 3 days,Direct,
HDFC Diners Club Black,Flying Blue,CREDIT_CARD,AIRLINE,5:1,5.0,0 to 3 days + 14 to 21 days,IHG Rewards Club,Estimated via IHG Rewards Club.
HDFC Diners Club Black,Flying Blue,CREDIT_CARD,AIRLINE,6:1,6.0,0 to 3 days + Up to 3 Days,Marriott Bonvoy,Estimated via Marriott Bonvoy.
HDFC Diners Club Black,Fortune Wings Club,CREDIT_CARD,AIRLINE,5:1,5.0,0 to 3 days + 14 to 21 days,IHG Rewards Club,Estimated via IHG Rewards Club.
HDFC Diners Club Black,Fortune Wings Club,CREDIT_CARD,AIRLINE,6:1,6.0,0 to 3 days + Up to 8 Days,Marriott Bonvoy,Estimated via Marriott Bonvoy.
HDFC Diners Club Black,Frontier Miles,CREDIT_CARD,AIRLINE,6:1,6.0,0 to 3 days + Up to 30 Days,Marriott Bonvoy,Estimated via Marriott Bonvoy.
HDFC Diners Club Black,IHG Rewards Club,CREDIT_CARD,HOTEL,1:1,1.0,0 to 3 days,Direct,
HDFC Diners Club Black,ITC Club,CREDIT_CARD,HOTEL,2:1,2.0,0 to 3 days,Direct,
HDFC Diners Club Black,Iberia Club,CREDIT_CARD,AIRLINE,2:1,2.0,0 to 3 days + 7 to 10 days,Accor Live Limitless,Estimated via Accor Live Limitless.
HDFC Diners Club Black,Iberia Club,CREDIT_CARD,AIRLINE,2:1,2.0,0 to 3 days + Instant,British Airways Executive Club,Estimated via British Airways Executive Club.
HDFC Diners Club Black,Iberia Club,CREDIT_CARD,AIRLINE,1:1,1.0,0 to 3 days + Instant,Finnair Plus,Estimated via Finnair Plus.
HDFC Diners Club Black,Iberia Club,CREDIT_CARD,AIRLINE,5:1,5.0,0 to 3 days + 14 to 21 days,IHG Rewards Club,Estimated via IHG Rewards Club.
HDFC Diners Club Black,Iberia Club,CREDIT_CARD,AIRLINE,6:1,6.0,0 to 3 days + Up to 1 Day,Marriott Bonvoy,Estimated via Marriott Bonvoy.
HDFC Diners Club Black,Iberia Club,CREDIT_CARD,AIRLINE,2:1,2.0,0 to 3 days + Instant,Qatar Privilege Club,Estimated via Qatar Privilege Club.
HDFC Diners Club Black,Infinity MileageLands,CREDIT_CARD,AIRLINE,5:1,5.0,0 to 3 days + 14 to 21 days,IHG Rewards Club,Estimated via IHG Rewards Club.
HDFC Diners Club Black,JAL Mileage Bank,CREDIT_CARD,AIRLINE,4:1,4.0,0 to 3 days + 7 to 10 days,Accor Live Limitless,Estimated via Accor Live Limitless.
HDFC Diners Club Black,JAL Mileage Bank,CREDIT_CARD,AIRLINE,5:1,5.0,0 to 3 days + 14 to 21 days,IHG Rewards Club,Estimated via IHG Rewards Club.
HDFC Diners Club Black,JAL Mileage Bank,CREDIT_CARD,AIRLINE,6:1,6.0,0 to 3 days + Up to 2 Days,Marriott Bonvoy,Estimated via Marriott Bonvoy.
HDFC Diners Club Black,Juneyao Air,CREDIT_CARD,AIRLINE,80:3,26.6,0 to 3 days + 7 to 10 days,Accor Live Limitless,Estimated via Accor Live Limitless.
HDFC Diners Club Black,KrisFlyer,CREDIT_CARD,AIRLINE,4:1,4.0,0 to 3 days + 7 to 10 days,Accor Live Limitless,Estimated via Accor Live Limitless.
HDFC Diners Club Black,KrisFlyer,CREDIT_CARD,AIRLINE,1:1,1.0,0 to 3 days,Direct,
HDFC Diners Club Black,KrisFlyer,CREDIT_CARD,AIRLINE,5:1,5.0,0 to 3 days + 14 to 21 days,IHG Rewards Club,Estimated via IHG Rewards Club.
HDFC Diners Club Black,KrisFlyer,CREDIT_CARD,AIRLINE,6:1,6.0,0 to 3 days + 1 to 7 days,Marriott Bonvoy,Estimated via Marriott Bonvoy.
HDFC Diners Club Black,LATAM Pass,CREDIT_CARD,AIRLINE,4:1,4.0,0 to 3 days + 7 to 10 days,Accor Live Limitless,Estimated via Accor Live Limitless.
HDFC Diners Club Black,LATAM Pass,CREDIT_CARD,AIRLINE,6:1,6.0,0 to 3 days + 1 to 7 days,Marriott Bonvoy,Estimated via Marriott Bonvoy.
HDFC Diners Club Black,LifeMiles,CREDIT_CARD,AIRLINE,4:1,4.0,0 to 3 days + 7 to 10 days,Accor Live Limitless,Estimated via Accor Live Limitless.
HDFC Diners Club Black,LifeMiles,CREDIT_CARD,AIRLINE,2:1,2.0,0 to 3 days,Direct,
HDFC Diners Club Black,LifeMiles,CREDIT_CARD,AIRLINE,5:1,5.0,0 to 3 days + 14 to 21 days,IHG Rewards Club,Estimated via IHG Rewards Club.
HDFC Diners Club Black,LifeMiles,CREDIT_CARD,AIRLINE,6:1,6.0,0 to 3 days + 1 to 7 days,Marriott Bonvoy,Estimated via Marriott Bonvoy.
HDFC Diners Club Black,Lotusmiles,CREDIT_CARD,AIRLINE,3:1,3.0,0 to 3 days + 7 to 10 days,Accor Live Limitless,Estimated via Accor Live Limitless.
HDFC Diners Club Black,Lotusmiles,CREDIT_CARD,AIRLINE,1:1,1.0,0 to 3 days,Direct,
HDFC Diners Club Black,Maharaja Club,CREDIT_CARD,AIRLINE,2:1,2.0,0 to 3 days,Direct,
HDFC Diners Club Black,Marriott Bonvoy,CREDIT_CARD,HOTEL,2:1,2.0,0 to 3 days + Up to 7 days,Aeroplan,Estimated via Aeroplan.
HDFC Diners Club Black,Marriott Bonvoy,CREDIT_CARD,HOTEL,4:1,4.0,0 to 3 days + Up to 7 days,Asia Miles (Cathay),Estimated via Asia Miles (Cathay).
HDFC Diners Club Black,Marriott Bonvoy,CREDIT_CARD,HOTEL,2:1,2.0,0 to 3 days,Direct,
HDFC Diners Club Black,Marriott Bonvoy,CREDIT_CARD,HOTEL,4:3,1.3333333333333333,0 to 3 days + 7 to 21 days,ITC Club,Estimated via ITC Club.
HDFC Diners Club Black,Marriott Bonvoy,CREDIT_CARD,HOTEL,4:3,1.3333333333333333,0 to 3 days + Up to 7 days,KrisFlyer,Estimated via KrisFlyer.
HDFC Diners Club Black,Marriott Bonvoy,CREDIT_CARD,HOTEL,2:1,2.0,0 to 3 days + Up to 7 days,MileagePlus,Estimated via MileagePlus.
HDFC Diners Club Black,Marriott Bonvoy,CREDIT_CARD,HOTEL,4:1,4.0,0 to 3 days + Up to 7 days,Qatar Privilege Club,Estimated via Qatar Privilege Club.
HDFC Diners Club Black,MileagePlus,CREDIT_CARD,AIRLINE,4:1,4.0,0 to 3 days + 7 to 10 days,Accor Live Limitless,Estimated via Accor Live Limitless.
HDFC Diners Club Black,MileagePlus,CREDIT_CARD,AIRLINE,2:1,2.0,0 to 3 days,Direct,
HDFC Diners Club Black,MileagePlus,CREDIT_CARD,AIRLINE,5:1,5.0,0 to 3 days + 14 to 21 days,IHG Rewards Club,Estimated via IHG Rewards Club.
HDFC Diners Club Black,MileagePlus,CREDIT_CARD,AIRLINE,6:1,6.0,0 to 3 days + 1 to 7 days,Marriott Bonvoy,Estimated via Marriott Bonvoy.
HDFC Diners Club Black,Miles & More,CREDIT_CARD,AIRLINE,5:1,5.0,0 to 3 days + 14 to 21 days,IHG Rewards Club,Estimated via IHG Rewards Club.
HDFC Diners Club Black,Miles & Smiles,CREDIT_CARD,AIRLINE,2:1,2.0,0 to 3 days,Direct,
HDFC Diners Club Black,Miles & Smiles,CREDIT_CARD,AIRLINE,5:1,5.0,0 to 3 days + 14 to 21 days,IHG Rewards Club,Estimated via IHG Rewards Club.
HDFC Diners Club Black,Miles & Smiles,CREDIT_CARD,AIRLINE,6:1,6.0,0 to 3 days + 1 to 7 days,Marriott Bonvoy,Estimated via Marriott Bonvoy.
HDFC Diners Club Black,Miles-Bonus,CREDIT_CARD,AIRLINE,4:1,4.0,0 to 3 days + 7 to 10 days,Accor Live Limitless,Estimated via Accor Live Limitless.
HDFC Diners Club Black,Miles-Bonus,CREDIT_CARD,AIRLINE,6:1,6.0,0 to 3 days + Up to 3 Days,Marriott Bonvoy,Estimated via Marriott Bonvoy.
HDFC Diners Club Black,Phoenix Miles,CREDIT_CARD,AIRLINE,5:2,2.5,0 to 3 days + 7 to 10 days,Accor Live Limitless,Estimated via Accor Live Limitless.
HDFC Diners Club Black,Phoenix Miles,CREDIT_CARD,AIRLINE,5:1,5.0,0 to 3 days + 14 to 21 days,IHG Rewards Club,Estimated via IHG Rewards Club.
HDFC Diners Club Black,Phoenix Miles,CREDIT_CARD,AIRLINE,6:1,6.0,0 to 3 days + 1 to 7 days,Marriott Bonvoy,Estimated via Marriott Bonvoy.
HDFC Diners Club Black,Qantas Frequent Flyer,CREDIT_CARD,AIRLINE,8:5,1.6,0 to 3 days + 7 to 10 days,Accor Live Limitless,Estimated via Accor Live Limitless.
HDFC Diners Club Black,Qantas Frequent Flyer,CREDIT_CARD,AIRLINE,5:1,5.0,0 to 3 days + 14 to 21 days,IHG Rewards Club,Estimated via IHG Rewards Club.
HDFC Diners Club Black,Qantas Frequent Flyer,CREDIT_CARD,AIRLINE,6:1,6.0,0 to 3 days + 1 to 7 days,Marriott Bonvoy,Estimated via Marriott Bonvoy.
HDFC Diners Club Black,Qatar Privilege Club,CREDIT_CARD,AIRLINE,4:1,4.0,0 to 3 days + 7 to 10 days,Accor Live Limitless,Estimated via Accor Live Limitless.
HDFC Diners Club Black,Qatar Privilege Club,CREDIT_CARD,AIRLINE,2:1,2.0,0 to 3 days + Instant,British Airways Executive Club,Estimated via British Airways Executive Club.
HDFC Diners Club Black,Qatar Privilege Club,CREDIT_CARD,AIRLINE,2:1,2.0,0 to 3 days,Direct,
HDFC Diners Club Black,Qatar Privilege Club,CREDIT_CARD,AIRLINE,1:1,1.0,0 to 3 days + Instant,Finnair Plus,Estimated via Finnair Plus.
HDFC Diners Club Black,Qatar Privilege Club,CREDIT_CARD,AIRLINE,5:1,5.0,0 to 3 days + 14 to 21 days,IHG Rewards Club,Estimated via IHG Rewards Club.
HDFC Diners Club Black,Qatar Privilege Club,CREDIT_CARD,AIRLINE,6:1,6.0,0 to 3 days + Up to 3 Days,Marriott Bonvoy,Estimated via Marriott Bonvoy.
HDFC Diners Club Black,Radisson Rewards,CREDIT_CARD,HOTEL,1:1,1.0,0 to 3 days,Direct,
HDFC Diners Club Black,Rapid Rewards,CREDIT_CARD,AIRLINE,6:1,6.0,0 to 3 days + 1 to 7 days,Marriott Bonvoy,Estimated via Marriott Bonvoy.
HDFC Diners Club Black,Royal Orchid Plus,CREDIT_CARD,AIRLINE,4:1,4.0,0 to 3 days + 7 to 10 days,Accor Live Limitless,Estimated via Accor Live Limitless.
HDFC Diners Club Black,Royal Orchid Plus,CREDIT_CARD,AIRLINE,2:1,2.0,0 to 3 days,Direct,
HDFC Diners Club Black,Royal Orchid Plus,CREDIT_CARD,AIRLINE,5:1,5.0,0 to 3 days + 14 to 21 days,IHG Rewards Club,Estimated via IHG Rewards Club.
HDFC Diners Club Black,Royal Orchid Plus,CREDIT_CARD,AIRLINE,6:1,6.0,0 to 3 days + 1 to 7 days,Marriott Bonvoy,Estimated via Marriott Bonvoy.
HDFC Diners Club Black,Saudia Alfursan,CREDIT_CARD,AIRLINE,5:1,5.0,0 to 3 days + 14 to 21 days,IHG Rewards Club,Estimated via IHG Rewards Club.
HDFC Diners Club Black,Saudia Alfursan,CREDIT_CARD,AIRLINE,6:1,6.0,0 to 3 days + 1 to 7 days,Marriott Bonvoy,Estimated via Marriott Bonvoy.
HDFC Diners Club Black,ShebaMiles,CREDIT_CARD,AIRLINE,6:1,6.0,0 to 3 days + 1 to 7 days,Marriott Bonvoy,Estimated via Marriott Bonvoy.
HDFC Diners Club Black,Sky Pearl Club,CREDIT_CARD,AIRLINE,5:1,5.0,0 to 3 days + 14 to 21 days,IHG Rewards Club,Estimated via IHG Rewards Club.
HDFC Diners Club Black,Sky Pearl Club,CREDIT_CARD,AIRLINE,6:1,6.0,0 to 3 days + 1 to 7 days,Marriott Bonvoy,Estimated via Marriott Bonvoy.
HDFC Diners Club Black,Skypass,CREDIT_CARD,AIRLINE,4:1,4.0,0 to 3 days + 7 to 10 days,Accor Live Limitless,Estimated via Accor Live Limitless.
HDFC Diners Club Black,Skypass,CREDIT_CARD,AIRLINE,5:1,5.0,0 to 3 days + 14 to 21 days,IHG Rewards Club,Estimated via IHG Rewards Club.
HDFC Diners Club Black,Smiles GOL,CREDIT_CARD,AIRLINE,4:1,4.0,0 to 3 days + 7 to 10 days,Accor Live Limitless,Estimated via Accor Live Limitless.
HDFC Diners Club Black,SpiceClub,CREDIT_CARD,AIRLINE,1:1,1.0,0 to 3 days,Direct,
HDFC Diners Club Black,Suma,CREDIT_CARD,DEFAULT,2:1,2.0,0 to 3 days + 7 to 10 days,Accor Live Limitless,Estimated via Accor Live Limitless.
HDFC Diners Club Black,Tap Miles & Go,CREDIT_CARD,AIRLINE,4:1,4.0,0 to 3 days + 7 to 10 days,Accor Live Limitless,Estimated via Accor Live Limitless.
HDFC Diners Club Black,Tap Miles & Go,CREDIT_CARD,AIRLINE,5:1,5.0,0 to 3 days + 14 to 21 days,IHG Rewards Club,Estimated via IHG Rewards Club.
HDFC Diners Club Black,Tap Miles & Go,CREDIT_CARD,AIRLINE,6:1,6.0,0 to 3 days + 1 to 7 days,Marriott Bonvoy,Estimated via Marriott Bonvoy.
HDFC Diners Club Black,TrueBlue,CREDIT_CARD,AIRLINE,5:1,5.0,0 to 3 days + 14 to 21 days,IHG Rewards Club,Estimated via IHG Rewards Club.
HDFC Diners Club Black,Velocity,CREDIT_CARD,AIRLINE,2:1,2.0,0 to 3 days + 7 to 10 days,Accor Live Limitless,Estimated via Accor Live Limitless.
HDFC Diners Club Black,Velocity,CREDIT_CARD,AIRLINE,5:1,5.0,0 to 3 days + 14 to 21 days,IHG Rewards Club,Estimated via IHG Rewards Club.
HDFC Diners Club Black,Velocity,CREDIT_CARD,AIRLINE,6:1,6.0,0 to 3 days + 1 to 7 days,Marriott Bonvoy,Estimated via Marriott Bonvoy.
HDFC Diners Club Black,Virgin Atlantic Flying Club,CREDIT_CARD,AIRLINE,5:1,5.0,0 to 3 days + 14 to 21 days,IHG Rewards Club,Estimated via IHG Rewards Club.
HDFC Diners Club Black,Virgin Atlantic Flying Club,CREDIT_CARD,AIRLINE,6:1,6.0,0 to 3 days + 1 to 7 days,Marriott Bonvoy,Estimated via Marriott Bonvoy.
HDFC Diners Club Black,Voyager,CREDIT_CARD,AIRLINE,5:1,5.0,0 to 3 days + 14 to 21 days,IHG Rewards Club,Estimated via IHG Rewards Club.
HDFC Diners Club Black,Vueling Club,CREDIT_CARD,AIRLINE,2:1,2.0,0 to 3 days + Instant,British Airways Executive Club,Estimated via British Airways Executive Club.
HDFC Diners Club Black,Vueling Club,CREDIT_CARD,AIRLINE,1:1,1.0,0 to 3 days + Instant,Finnair Plus,Estimated via Finnair Plus.
HDFC Diners Club Black,Vueling Club,CREDIT_CARD,AIRLINE,6:1,6.0,0 to 3 days + 1 to 7 days,Marriott Bonvoy,Estimated via Marriott Bonvoy.
HDFC Diners Club Black,Vueling Club,CREDIT_CARD,AIRLINE,2:1,2.0,0 to 3 days + Instant,Qatar Privilege Club,Estimated via Qatar Privilege Club.
HDFC Diners Club Black,Wyndham,CREDIT_CARD,HOTEL,1:1,1.0,0 to 3 days,Direct,
HDFC Diners Privilege,Accor Live Limitless,CREDIT_CARD,HOTEL,9:1,9.0,0 to 3 days + Up to 7 days,KrisFlyer,Estimated via KrisFlyer.
HDFC Diners Privilege,KrisFlyer,CREDIT_CARD,AIRLINE,2:1,2.0,0 to 3 days,Direct,
HDFC Diners Privilege,Marriott Bonvoy,CREDIT_CARD,HOTEL,8:3,2.6666666666666665,0 to 3 days + Up to 7 days,KrisFlyer,Estimated via KrisFlyer.
HDFC Infinia,ANA Mileage Club,CREDIT_CARD,AIRLINE,5:1,5.0,0 to 3 days + 14 to 21 days,IHG Rewards Club,Estimated via IHG Rewards Club.
HDFC Infinia,ANA Mileage Club,CREDIT_CARD,AIRLINE,6:1,6.0,0 to 3 days + Up to 4 Days,Marriott Bonvoy,Estimated via Marriott Bonvoy.
HDFC Infinia,Accor Live Limitless,CREDIT_CARD,HOTEL,2:1,2.0,0 to 3 days,Direct,
HDFC Infinia,Accor Live Limitless,CREDIT_CARD,HOTEL,23:5,4.6000000000000005,0 to 3 days + Up to 7 days,Finnair Plus,Estimated via Finnair Plus.
HDFC Infinia,Accor Live Limitless,CREDIT_CARD,HOTEL,9:2,4.5,0 to 3 days + Up to 7 days,KrisFlyer,Estimated via KrisFlyer.
HDFC Infinia,Accor Live Limitless,CREDIT_CARD,HOTEL,6:1,6.0,0 to 3 days + Up to 7 days,Lotusmiles,Estimated via Lotusmiles.
HDFC Infinia,Accor Live Limitless,CREDIT_CARD,HOTEL,7:1,7.0,0 to 3 days + Up to 7 days,Qatar Privilege Club,Estimated via Qatar Privilege Club.
HDFC Infinia,AerClub,CREDIT_CARD,AIRLINE,2:1,2.0,0 to 3 days + Instant,British Airways Executive Club,Estimated via British Airways Executive Club.
HDFC Infinia,AerClub,CREDIT_CARD,AIRLINE,1:1,1.0,0 to 3 days + Instant,Finnair Plus,Estimated via Finnair Plus.
HDFC Infinia,AerClub,CREDIT_CARD,AIRLINE,6:1,6.0,0 to 3 days + Up to 3 Days,Marriott Bonvoy,Estimated via Marriott Bonvoy.
HDFC Infinia,AerClub,CREDIT_CARD,AIRLINE,2:1,2.0,0 to 3 days + Instant,Qatar Privilege Club,Estimated via Qatar Privilege Club.
HDFC Infinia,Aeromexico Rewards,CREDIT_CARD,AIRLINE,4:1,4.0,0 to 3 days + 7 to 10 days,Accor Live Limitless,Estimated via Accor Live Limitless.
HDFC Infinia,Aeromexico Rewards,CREDIT_CARD,AIRLINE,5:1,5.0,0 to 3 days + 14 to 21 days,IHG Rewards Club,Estimated via IHG Rewards Club.
HDFC Infinia,Aeromexico Rewards,CREDIT_CARD,AIRLINE,6:1,6.0,0 to 3 days + Up to 4 Days,Marriott Bonvoy,Estimated via Marriott Bonvoy.
HDFC Infinia,Aeroplan,CREDIT_CARD,AIRLINE,4:1,4.0,0 to 3 days + 7 to 10 days,Accor Live Limitless,Estimated via Accor Live Limitless.
HDFC Infinia,Aeroplan,CREDIT_CARD,AIRLINE,2:1,2.0,0 to 3 days,Direct,
HDFC Infinia,Aeroplan,CREDIT_CARD,AIRLINE,5:1,5.0,0 to 3 days + 14 to 21 days,IHG Rewards Club,Estimated via IHG Rewards Club.
HDFC Infinia,Aeroplan,CREDIT_CARD,AIRLINE,6:1,6.0,0 to 3 days + Up to 4 Days,Marriott Bonvoy,Estimated via Marriott Bonvoy.
HDFC Infinia,AirAsia Rewards,CREDIT_CARD,AIRLINE,1:1,1.0,0 to 3 days,Direct,
HDFC Infinia,American Airlines AAdvantage,CREDIT_CARD,AIRLINE,5:1,5.0,0 to 3 days + 14 to 21 days,IHG Rewards Club,Estimated via IHG Rewards Club.
HDFC Infinia,American Airlines AAdvantage,CREDIT_CARD,AIRLINE,6:1,6.0,0 to 3 days + 1 to 7 days,Marriott Bonvoy,Estimated via Marriott Bonvoy.
HDFC Infinia,Asia Miles (Cathay),CREDIT_CARD,AIRLINE,4:1,4.0,0 to 3 days + 7 to 10 days,Accor Live Limitless,Estimated via Accor Live Limitless.
HDFC Infinia,Asia Miles (Cathay),CREDIT_CARD,AIRLINE,2:1,2.0,0 to 3 days,Direct,
HDFC Infinia,Asia Miles (Cathay),CREDIT_CARD,AIRLINE,5:1,5.0,0 to 3 days + 14 to 21 days,IHG Rewards Club,Estimated via IHG Rewards Club.
HDFC Infinia,Asia Miles (Cathay),CREDIT_CARD,AIRLINE,6:1,6.0,0 to 3 days + Up to 5 Days,Marriott Bonvoy,Estimated via Marriott Bonvoy.
HDFC Infinia,Asiana Club,CREDIT_CARD,AIRLINE,6:1,6.0,0 to 3 days + Up to 4 Days,Marriott Bonvoy,Estimated via Marriott Bonvoy.
HDFC Infinia,Atmos Rewards,CREDIT_CARD,AIRLINE,5:1,5.0,0 to 3 days + 14 to 21 days,IHG Rewards Club,Estimated via IHG Rewards Club.
HDFC Infinia,Atmos Rewards,CREDIT_CARD,AIRLINE,6:1,6.0,0 to 3 days + Up to 4 Days,Marriott Bonvoy,Estimated via Marriott Bonvoy.
HDFC Infinia,British Airways Executive Club,CREDIT_CARD,AIRLINE,4:1,4.0,0 to 3 days + 7 to 10 days,Accor Live Limitless,Estimated via Accor Live Limitless.
HDFC Infinia,British Airways Executive Club,CREDIT_CARD,AIRLINE,2:1,2.0,0 to 3 days,Direct,
HDFC Infinia,British Airways Executive Club,CREDIT_CARD,AIRLINE,1:1,1.0,0 to 3 days + Instant,Finnair Plus,Estimated via Finnair Plus.
HDFC Infinia,British Airways Executive Club,CREDIT_CARD,AIRLINE,5:1,5.0,0 to 3 days + 14 to 21 days,IHG Rewards Club,Estimated via IHG Rewards Club.
HDFC Infinia,British Airways Executive Club,CREDIT_CARD,AIRLINE,6:1,6.0,0 to 3 days + Up to 3 Days,Marriott Bonvoy,Estimated via Marriott Bonvoy.
HDFC Infinia,British Airways Executive Club,CREDIT_CARD,AIRLINE,2:1,2.0,0 to 3 days + Instant,Qatar Privilege Club,Estimated via Qatar Privilege Club.
HDFC Infinia,ConnectMiles,CREDIT_CARD,AIRLINE,6:1,6.0,0 to 3 days + 1 to 7 days,Marriott Bonvoy,Estimated via Marriott Bonvoy.
HDFC Infinia,Delta SkyMiles,CREDIT_CARD,AIRLINE,4:1,4.0,0 to 3 days + 7 to 10 days,Accor Live Limitless,Estimated via Accor Live Limitless.
HDFC Infinia,Delta SkyMiles,CREDIT_CARD,AIRLINE,5:1,5.0,0 to 3 days + 14 to 21 days,IHG Rewards Club,Estimated via IHG Rewards Club.
HDFC Infinia,Delta SkyMiles,CREDIT_CARD,AIRLINE,6:1,6.0,0 to 3 days + Up to 1 Day,Marriott Bonvoy,Estimated via Marriott Bonvoy.
HDFC Infinia,Eastern Miles,CREDIT_CARD,AIRLINE,5:1,5.0,0 to 3 days + 14 to 21 days,IHG Rewards Club,Estimated via IHG Rewards Club.
HDFC Infinia,Emirates Skywards,CREDIT_CARD,AIRLINE,4:1,4.0,0 to 3 days + 7 to 10 days,Accor Live Limitless,Estimated via Accor Live Limitless.
HDFC Infinia,Emirates Skywards,CREDIT_CARD,AIRLINE,5:1,5.0,0 to 3 days + 14 to 21 days,IHG Rewards Club,Estimated via IHG Rewards Club.
HDFC Infinia,Emirates Skywards,CREDIT_CARD,AIRLINE,6:1,6.0,0 to 3 days + Up to 3 Days,Marriott Bonvoy,Estimated via Marriott Bonvoy.
HDFC Infinia,Enrich,CREDIT_CARD,AIRLINE,5:1,5.0,0 to 3 days + 14 to 21 days,IHG Rewards Club,Estimated via IHG Rewards Club.
HDFC Infinia,Etihad Guest,CREDIT_CARD,AIRLINE,4:1,4.0,0 to 3 days + 7 to 10 days,Accor Live Limitless,Estimated via Accor Live Limitless.
HDFC Infinia,Etihad Guest,CREDIT_CARD,AIRLINE,2:1,2.0,0 to 3 days,Direct,
HDFC Infinia,Etihad Guest,CREDIT_CARD,AIRLINE,5:1,5.0,0 to 3 days + 14 to 21 days,IHG Rewards Club,Estimated via IHG Rewards Club.
HDFC Infinia,Etihad Guest,CREDIT_CARD,AIRLINE,6:1,6.0,0 to 3 days + Up to 3 Days,Marriott Bonvoy,Estimated via Marriott Bonvoy.
HDFC Infinia,FalconFlyer,CREDIT_CARD,AIRLINE,4:1,4.0,0 to 3 days + 7 to 10 days,Accor Live Limitless,Estimated via Accor Live Limitless.
HDFC Infinia,FalconFlyer,CREDIT_CARD,AIRLINE,5:1,5.0,0 to 3 days + 14 to 21 days,IHG Rewards Club,Estimated via IHG Rewards Club.
HDFC Infinia,Finnair Plus,CREDIT_CARD,AIRLINE,77:25,3.08,0 to 3 days + 7 to 10 days,Accor Live Limitless,Estimated via Accor Live Limitless.
HDFC Infinia,Finnair Plus,CREDIT_CARD,AIRLINE,2:1,2.0,0 to 3 days + Instant,British Airways Executive Club,Estimated via British Airways Executive Club.
HDFC Infinia,Finnair Plus,CREDIT_CARD,AIRLINE,1:1,1.0,0 to 3 days,Direct,
HDFC Infinia,Finnair Plus,CREDIT_CARD,AIRLINE,5:1,5.0,0 to 3 days + 14 to 21 days,IHG Rewards Club,Estimated via IHG Rewards Club.
HDFC Infinia,Finnair Plus,CREDIT_CARD,AIRLINE,2:1,2.0,0 to 3 days + Instant,Qatar Privilege Club,Estimated via Qatar Privilege Club.
HDFC Infinia,Flying Blue,CREDIT_CARD,AIRLINE,2:1,2.0,0 to 3 days + 7 to 10 days,Accor Live Limitless,Estimated via Accor Live Limitless.
HDFC Infinia,Flying Blue,CREDIT_CARD,AIRLINE,1:1,1.0,0 to 3 days,Direct,
HDFC Infinia,Flying Blue,CREDIT_CARD,AIRLINE,5:1,5.0,0 to 3 days + 14 to 21 days,IHG Rewards Club,Estimated via IHG Rewards Club.
HDFC Infinia,Flying Blue,CREDIT_CARD,AIRLINE,6:1,6.0,0 to 3 days + Up to 3 Days,Marriott Bonvoy,Estimated via Marriott Bonvoy.
HDFC Infinia,Fortune Wings Club,CREDIT_CARD,AIRLINE,5:1,5.0,0 to 3 days + 14 to 21 days,IHG Rewards Club,Estimated via IHG Rewards Club.
HDFC Infinia,Fortune Wings Club,CREDIT_CARD,AIRLINE,6:1,6.0,0 to 3 days + Up to 8 Days,Marriott Bonvoy,Estimated via Marriott Bonvoy.
HDFC Infinia,Frontier Miles,CREDIT_CARD,AIRLINE,6:1,6.0,0 to 3 days + Up to 30 Days,Marriott Bonvoy,Estimated via Marriott Bonvoy.
HDFC Infinia,IHG Rewards Club,CREDIT_CARD,HOTEL,1:1,1.0,0 to 3 days,Direct,
HDFC Infinia,ITC Club,CREDIT_CARD,HOTEL,2:1,2.0,0 to 3 days,Direct,
HDFC Infinia,Iberia Club,CREDIT_CARD,AIRLINE,2:1,2.0,0 to 3 days + 7 to 10 days,Accor Live Limitless,Estimated via Accor Live Limitless.
HDFC Infinia,Iberia Club,CREDIT_CARD,AIRLINE,2:1,2.0,0 to 3 days + Instant,British Airways Executive Club,Estimated via British Airways Executive Club.
HDFC Infinia,Iberia Club,CREDIT_CARD,AIRLINE,1:1,1.0,0 to 3 days + Instant,Finnair Plus,Estimated via Finnair Plus.
HDFC Infinia,Iberia Club,CREDIT_CARD,AIRLINE,5:1,5.0,0 to 3 days + 14 to 21 days,IHG Rewards Club,Estimated via IHG Rewards Club.
HDFC Infinia,Iberia Club,CREDIT_CARD,AIRLINE,6:1,6.0,0 to 3 days + Up to 1 Day,Marriott Bonvoy,Estimated via Marriott Bonvoy.
HDFC Infinia,Iberia Club,CREDIT_CARD,AIRLINE,2:1,2.0,0 to 3 days + Instant,Qatar Privilege Club,Estimated via Qatar Privilege Club.
HDFC Infinia,Infinity MileageLands,CREDIT_CARD,AIRLINE,5:1,5.0,0 to 3 days + 14 to 21 days,IHG Rewards Club,Estimated via IHG Rewards Club.
HDFC Infinia,JAL Mileage Bank,CREDIT_CARD,AIRLINE,4:1,4.0,0 to 3 days + 7 to 10 days,Accor Live Limitless,Estimated via Accor Live Limitless.
HDFC Infinia,JAL Mileage Bank,CREDIT_CARD,AIRLINE,5:1,5.0,0 to 3 days + 14 to 21 days,IHG Rewards Club,Estimated via IHG Rewards Club.
HDFC Infinia,JAL Mileage Bank,CREDIT_CARD,AIRLINE,6:1,6.0,0 to 3 days + Up to 2 Days,Marriott Bonvoy,Estimated via Marriott Bonvoy.
HDFC Infinia,Juneyao Air,CREDIT_CARD,AIRLINE,80:3,26.6,0 to 3 days + 7 to 10 days,Accor Live Limitless,Estimated via Accor Live Limitless.
HDFC Infinia,KrisFlyer,CREDIT_CARD,AIRLINE,4:1,4.0,0 to 3 days + 7 to 10 days,Accor Live Limitless,Estimated via Accor Live Limitless.
HDFC Infinia,KrisFlyer,CREDIT_CARD,AIRLINE,1:1,1.0,0 to 3 days,Direct,
HDFC Infinia,KrisFlyer,CREDIT_CARD,AIRLINE,5:1,5.0,0 to 3 days + 14 to 21 days,IHG Rewards Club,Estimated via IHG Rewards Club.
HDFC Infinia,KrisFlyer,CREDIT_CARD,AIRLINE,6:1,6.0,0 to 3 days + 1 to 7 days,Marriott Bonvoy,Estimated via Marriott Bonvoy.
HDFC Infinia,LATAM Pass,CREDIT_CARD,AIRLINE,4:1,4.0,0 to 3 days + 7 to 10 days,Accor Live Limitless,Estimated via Accor Live Limitless.
HDFC Infinia,LATAM Pass,CREDIT_CARD,AIRLINE,6:1,6.0,0 to 3 days + 1 to 7 days,Marriott Bonvoy,Estimated via Marriott Bonvoy.
HDFC Infinia,LifeMiles,CREDIT_CARD,AIRLINE,4:1,4.0,0 to 3 days + 7 to 10 days,Accor Live Limitless,Estimated via Accor Live Limitless.
HDFC Infinia,LifeMiles,CREDIT_CARD,AIRLINE,2:1,2.0,0 to 3 days,Direct,
HDFC Infinia,LifeMiles,CREDIT_CARD,AIRLINE,5:1,5.0,0 to 3 days + 14 to 21 days,IHG Rewards Club,Estimated via IHG Rewards Club.
HDFC Infinia,LifeMiles,CREDIT_CARD,AIRLINE,6:1,6.0,0 to 3 days + 1 to 7 days,Marriott Bonvoy,Estimated via Marriott Bonvoy.
HDFC Infinia,Lotusmiles,CREDIT_CARD,AIRLINE,3:1,3.0,0 to 3 days + 7 to 10 days,Accor Live Limitless,Estimated via Accor Live Limitless.
HDFC Infinia,Lotusmiles,CREDIT_CARD,AIRLINE,1:1,1.0,0 to 3 days,Direct,
HDFC Infinia,Maharaja Club,CREDIT_CARD,AIRLINE,2:1,2.0,0 to 3 days,Direct,
HDFC Infinia,Marriott Bonvoy,CREDIT_CARD,HOTEL,2:1,2.0,0 to 3 days + Up to 7 days,Aeroplan,Estimated via Aeroplan.
HDFC Infinia,Marriott Bonvoy,CREDIT_CARD,HOTEL,4:1,4.0,0 to 3 days + Up to 7 days,Asia Miles (Cathay),Estimated via Asia Miles (Cathay).
HDFC Infinia,Marriott Bonvoy,CREDIT_CARD,HOTEL,2:1,2.0,0 to 3 days,Direct,
HDFC Infinia,Marriott Bonvoy,CREDIT_CARD,HOTEL,4:3,1.3333333333333333,0 to 3 days + 7 to 21 days,ITC Club,Estimated via ITC Club.
HDFC Infinia,Marriott Bonvoy,CREDIT_CARD,HOTEL,4:3,1.3333333333333333,0 to 3 days + Up to 7 days,KrisFlyer,Estimated via KrisFlyer.
HDFC Infinia,Marriott Bonvoy,CREDIT_CARD,HOTEL,2:1,2.0,0 to 3 days + Up to 7 days,MileagePlus,Estimated via MileagePlus.
HDFC Infinia,Marriott Bonvoy,CREDIT_CARD,HOTEL,4:1,4.0,0 to 3 days + Up to 7 days,Qatar Privilege Club,Estimated via Qatar Privilege Club.
HDFC Infinia,MileagePlus,CREDIT_CARD,AIRLINE,4:1,4.0,0 to 3 days + 7 to 10 days,Accor Live Limitless,Estimated via Accor Live Limitless.
HDFC Infinia,MileagePlus,CREDIT_CARD,AIRLINE,2:1,2.0,0 to 3 days,Direct,
HDFC Infinia,MileagePlus,CREDIT_CARD,AIRLINE,5:1,5.0,0 to 3 days + 14 to 21 days,IHG Rewards Club,Estimated via IHG Rewards Club.
HDFC Infinia,MileagePlus,CREDIT_CARD,AIRLINE,6:1,6.0,0 to 3 days + 1 to 7 days,Marriott Bonvoy,Estimated via Marriott Bonvoy.
HDFC Infinia,Miles & More,CREDIT_CARD,AIRLINE,5:1,5.0,0 to 3 days + 14 to 21 days,IHG Rewards Club,Estimated via IHG Rewards Club.
HDFC Infinia,Miles & Smiles,CREDIT_CARD,AIRLINE,2:1,2.0,0 to 3 days,Direct,
HDFC Infinia,Miles & Smiles,CREDIT_CARD,AIRLINE,5:1,5.0,0 to 3 days + 14 to 21 days,IHG Rewards Club,Estimated via IHG Rewards Club.
HDFC Infinia,Miles & Smiles,CREDIT_CARD,AIRLINE,6:1,6.0,0 to 3 days + 1 to 7 days,Marriott Bonvoy,Estimated via Marriott Bonvoy.
HDFC Infinia,Miles-Bonus,CREDIT_CARD,AIRLINE,4:1,4.0,0 to 3 days + 7 to 10 days,Accor Live Limitless,Estimated via Accor Live Limitless.
HDFC Infinia,Miles-Bonus,CREDIT_CARD,AIRLINE,6:1,6.0,0 to 3 days + Up to 3 Days,Marriott Bonvoy,Estimated via Marriott Bonvoy.
HDFC Infinia,Phoenix Miles,CREDIT_CARD,AIRLINE,5:2,2.5,0 to 3 days + 7 to 10 days,Accor Live Limitless,Estimated via Accor Live Limitless.
HDFC Infinia,Phoenix Miles,CREDIT_CARD,AIRLINE,5:1,5.0,0 to 3 days + 14 to 21 days,IHG Rewards Club,Estimated via IHG Rewards Club.
HDFC Infinia,Phoenix Miles,CREDIT_CARD,AIRLINE,6:1,6.0,0 to 3 days + 1 to 7 days,Marriott Bonvoy,Estimated via Marriott Bonvoy.
HDFC Infinia,Qantas Frequent Flyer,CREDIT_CARD,AIRLINE,8:5,1.6,0 to 3 days + 7 to 10 days,Accor Live Limitless,Estimated via Accor Live Limitless.
HDFC Infinia,Qantas Frequent Flyer,CREDIT_CARD,AIRLINE,5:1,5.0,0 to 3 days + 14 to 21 days,IHG Rewards Club,Estimated via IHG Rewards Club.
HDFC Infinia,Qantas Frequent Flyer,CREDIT_CARD,AIRLINE,6:1,6.0,0 to 3 days + 1 to 7 days,Marriott Bonvoy,Estimated via Marriott Bonvoy.
HDFC Infinia,Qatar Privilege Club,CREDIT_CARD,AIRLINE,4:1,4.0,0 to 3 days + 7 to 10 days,Accor Live Limitless,Estimated via Accor Live Limitless.
HDFC Infinia,Qatar Privilege Club,CREDIT_CARD,AIRLINE,2:1,2.0,0 to 3 days + Instant,British Airways Executive Club,Estimated via British Airways Executive Club.
HDFC Infinia,Qatar Privilege Club,CREDIT_CARD,AIRLINE,2:1,2.0,0 to 3 days,Direct,
HDFC Infinia,Qatar Privilege Club,CREDIT_CARD,AIRLINE,1:1,1.0,0 to 3 days + Instant,Finnair Plus,Estimated via Finnair Plus.
HDFC Infinia,Qatar Privilege Club,CREDIT_CARD,AIRLINE,5:1,5.0,0 to 3 days + 14 to 21 days,IHG Rewards Club,Estimated via IHG Rewards Club.
HDFC Infinia,Qatar Privilege Club,CREDIT_CARD,AIRLINE,6:1,6.0,0 to 3 days + Up to 3 Days,Marriott Bonvoy,Estimated via Marriott Bonvoy.
HDFC Infinia,Radisson Rewards,CREDIT_CARD,HOTEL,1:1,1.0,0 to 3 days,Direct,
HDFC Infinia,Rapid Rewards,CREDIT_CARD,AIRLINE,6:1,6.0,0 to 3 days + 1 to 7 days,Marriott Bonvoy,Estimated via Marriott Bonvoy.
HDFC Infinia,Royal Orchid Plus,CREDIT_CARD,AIRLINE,4:1,4.0,0 to 3 days + 7 to 10 days,Accor Live Limitless,Estimated via Accor Live Limitless.
HDFC Infinia,Royal Orchid Plus,CREDIT_CARD,AIRLINE,2:1,2.0,0 to 3 days,Direct,
HDFC Infinia,Royal Orchid Plus,CREDIT_CARD,AIRLINE,5:1,5.0,0 to 3 days + 14 to 21 days,IHG Rewards Club,Estimated via IHG Rewards Club.
HDFC Infinia,Royal Orchid Plus,CREDIT_CARD,AIRLINE,6:1,6.0,0 to 3 days + 1 to 7 days,Marriott Bonvoy,Estimated via Marriott Bonvoy.
HDFC Infinia,Saudia Alfursan,CREDIT_CARD,AIRLINE,5:1,5.0,0 to 3 days + 14 to 21 days,IHG Rewards Club,Estimated via IHG Rewards Club.
HDFC Infinia,Saudia Alfursan,CREDIT_CARD,AIRLINE,6:1,6.0,0 to 3 days + 1 to 7 days,Marriott Bonvoy,Estimated via Marriott Bonvoy.
HDFC Infinia,ShebaMiles,CREDIT_CARD,AIRLINE,6:1,6.0,0 to 3 days + 1 to 7 days,Marriott Bonvoy,Estimated via Marriott Bonvoy.
HDFC Infinia,Sky Pearl Club,CREDIT_CARD,AIRLINE,5:1,5.0,0 to 3 days + 14 to 21 days,IHG Rewards Club,Estimated via IHG Rewards Club.
HDFC Infinia,Sky Pearl Club,CREDIT_CARD,AIRLINE,6:1,6.0,0 to 3 days + 1 to 7 days,Marriott Bonvoy,Estimated via Marriott Bonvoy.
HDFC Infinia,Skypass,CREDIT_CARD,AIRLINE,4:1,4.0,0 to 3 days + 7 to 10 days,Accor Live Limitless,Estimated via Accor Live Limitless.
HDFC Infinia,Skypass,CREDIT_CARD,AIRLINE,5:1,5.0,0 to 3 days + 14 to 21 days,IHG Rewards Club,Estimated via IHG Rewards Club.
HDFC Infinia,Smiles GOL,CREDIT_CARD,AIRLINE,4:1,4.0,0 to 3 days + 7 to 10 days,Accor Live Limitless,Estimated via Accor Live Limitless.
HDFC Infinia,SpiceClub,CREDIT_CARD,AIRLINE,1:1,1.0,0 to 3 days,Direct,
HDFC Infinia,Suma,CREDIT_CARD,DEFAULT,2:1,2.0,0 to 3 days + 7 to 10 days,Accor Live Limitless,Estimated via Accor Live Limitless.
HDFC Infinia,Tap Miles & Go,CREDIT_CARD,AIRLINE,4:1,4.0,0 to 3 days + 7 to 10 days,Accor Live Limitless,Estimated via Accor Live Limitless.
HDFC Infinia,Tap Miles & Go,CREDIT_CARD,AIRLINE,5:1,5.0,0 to 3 days + 14 to 21 days,IHG Rewards Club,Estimated via IHG Rewards Club.
HDFC Infinia,Tap Miles & Go,CREDIT_CARD,AIRLINE,6:1,6.0,0 to 3 days + 1 to 7 days,Marriott Bonvoy,Estimated via Marriott Bonvoy.
HDFC Infinia,TrueBlue,CREDIT_CARD,AIRLINE,5:1,5.0,0 to 3 days + 14 to 21 days,IHG Rewards Club,Estimated via IHG Rewards Club.
HDFC Infinia,Velocity,CREDIT_CARD,AIRLINE,2:1,2.0,0 to 3 days + 7 to 10 days,Accor Live Limitless,Estimated via Accor Live Limitless.
HDFC Infinia,Velocity,CREDIT_CARD,AIRLINE,5:1,5.0,0 to 3 days + 14 to 21 days,IHG Rewards Club,Estimated via IHG Rewards Club.
HDFC Infinia,Velocity,CREDIT_CARD,AIRLINE,6:1,6.0,0 to 3 days + 1 to 7 days,Marriott Bonvoy,Estimated via Marriott Bonvoy.
HDFC Infinia,Virgin Atlantic Flying Club,CREDIT_CARD,AIRLINE,5:1,5.0,0 to 3 days + 14 to 21 days,IHG Rewards Club,Estimated via IHG Rewards Club.
HDFC Infinia,Virgin Atlantic Flying Club,CREDIT_CARD,AIRLINE,6:1,6.0,0 to 3 days + 1 to 7 days,Marriott Bonvoy,Estimated via Marriott Bonvoy.
HDFC Infinia,Voyager,CREDIT_CARD,AIRLINE,5:1,5.0,0 to 3 days + 14 to 21 days,IHG Rewards Club,Estimated via IHG Rewards Club.
HDFC Infinia,Vueling Club,CREDIT_CARD,AIRLINE,2:1,2.0,0 to 3 days + Instant,British Airways Executive Club,Estimated via British Airways Executive Club.
HDFC Infinia,Vueling Club,CREDIT_CARD,AIRLINE,1:1,1.0,0 to 3 days + Instant,Finnair Plus,Estimated via Finnair Plus.
HDFC Infinia,Vueling Club,CREDIT_CARD,AIRLINE,6:1,6.0,0 to 3 days + 1 to 7 days,Marriott Bonvoy,Estimated via Marriott Bonvoy.
HDFC Infinia,Vueling Club,CREDIT_CARD,AIRLINE,2:1,2.0,0 to 3 days + Instant,Qatar Privilege Club,Estimated via Qatar Privilege Club.
HDFC Infinia,Wyndham,CREDIT_CARD,HOTEL,1:1,1.0,0 to 3 days,Direct,
HDFC Regalia Gold,ANA Mileage Club,CREDIT_CARD,AIRLINE,10:1,10.0,0 to 3 days + 14 to 21 days,IHG Rewards Club,Estimated via IHG Rewards Club.
HDFC Regalia Gold,ANA Mileage Club,CREDIT_CARD,AIRLINE,9:1,9.0,0 to 3 days + Up to 4 Days,Marriott Bonvoy,Estimated via Marriott Bonvoy.
HDFC Regalia Gold,Accor Live Limitless,CREDIT_CARD,HOTEL,2:1,2.0,0 to 3 days,Direct,
HDFC Regalia Gold,Accor Live Limitless,CREDIT_CARD,HOTEL,46:5,9.200000000000001,0 to 3 days + Up to 7 days,Finnair Plus,Estimated via Finnair Plus.
HDFC Regalia Gold,Accor Live Limitless,CREDIT_CARD,HOTEL,9:1,9.0,0 to 3 days + Up to 7 days,KrisFlyer,Estimated via KrisFlyer.
HDFC Regalia Gold,Accor Live Limitless,CREDIT_CARD,HOTEL,12:1,12.0,0 to 3 days + Up to 7 days,Lotusmiles,Estimated via Lotusmiles.
HDFC Regalia Gold,Accor Live Limitless,CREDIT_CARD,HOTEL,21:2,10.5,0 to 3 days + Up to 7 days,Qatar Privilege Club,Estimated via Qatar Privilege Club.
HDFC Regalia Gold,AerClub,CREDIT_CARD,AIRLINE,3:1,3.0,0 to 3 days + Instant,British Airways Executive Club,Estimated via British Airways Executive Club.
HDFC Regalia Gold,AerClub,CREDIT_CARD,AIRLINE,2:1,2.0,0 to 3 days + Instant,Finnair Plus,Estimated via Finnair Plus.
HDFC Regalia Gold,AerClub,CREDIT_CARD,AIRLINE,9:1,9.0,0 to 3 days + Up to 3 Days,Marriott Bonvoy,Estimated via Marriott Bonvoy.
HDFC Regalia Gold,AerClub,CREDIT_CARD,AIRLINE,3:1,3.0,0 to 3 days + Instant,Qatar Privilege Club,Estimated via Qatar Privilege Club.
HDFC Regalia Gold,Aeromexico Rewards,CREDIT_CARD,AIRLINE,4:1,4.0,0 to 3 days + 7 to 10 days,Accor Live Limitless,Estimated via Accor Live Limitless.
HDFC Regalia Gold,Aeromexico Rewards,CREDIT_CARD,AIRLINE,10:1,10.0,0 to 3 days + 14 to 21 days,IHG Rewards Club,Estimated via IHG Rewards Club.
HDFC Regalia Gold,Aeromexico Rewards,CREDIT_CARD,AIRLINE,9:1,9.0,0 to 3 days + Up to 4 Days,Marriott Bonvoy,Estimated via Marriott Bonvoy.
HDFC Regalia Gold,Aeroplan,CREDIT_CARD,AIRLINE,4:1,4.0,0 to 3 days + 7 to 10 days,Accor Live Limitless,Estimated via Accor Live Limitless.
HDFC Regalia Gold,Aeroplan,CREDIT_CARD,AIRLINE,3:1,3.0,0 to 3 days,Direct,
HDFC Regalia Gold,Aeroplan,CREDIT_CARD,AIRLINE,10:1,10.0,0 to 3 days + 14 to 21 days,IHG Rewards Club,Estimated via IHG Rewards Club.
HDFC Regalia Gold,Aeroplan,CREDIT_CARD,AIRLINE,9:1,9.0,0 to 3 days + Up to 4 Days,Marriott Bonvoy,Estimated via Marriott Bonvoy.
HDFC Regalia Gold,AirAsia Rewards,CREDIT_CARD,AIRLINE,2:1,2.0,0 to 3 days,Direct,
HDFC Regalia Gold,American Airlines AAdvantage,CREDIT_CARD,AIRLINE,10:1,10.0,0 to 3 days + 14 to 21 days,IHG Rewards Club,Estimated via IHG Rewards Club.
HDFC Regalia Gold,American Airlines AAdvantage,CREDIT_CARD,AIRLINE,9:1,9.0,0 to 3 days + 1 to 7 days,Marriott Bonvoy,Estimated via Marriott Bonvoy.
HDFC Regalia Gold,Asia Miles (Cathay),CREDIT_CARD,AIRLINE,4:1,4.0,0 to 3 days + 7 to 10 days,Accor Live Limitless,Estimated via Accor Live Limitless.
HDFC Regalia Gold,Asia Miles (Cathay),CREDIT_CARD,AIRLINE,3:1,3.0,0 to 3 days,Direct,
HDFC Regalia Gold,Asia Miles (Cathay),CREDIT_CARD,AIRLINE,10:1,10.0,0 to 3 days + 14 to 21 days,IHG Rewards Club,Estimated via IHG Rewards Club.
HDFC Regalia Gold,Asia Miles (Cathay),CREDIT_CARD,AIRLINE,9:1,9.0,0 to 3 days + Up to 5 Days,Marriott Bonvoy,Estimated via Marriott Bonvoy.
HDFC Regalia Gold,Asiana Club,CREDIT_CARD,AIRLINE,9:1,9.0,0 to 3 days + Up to 4 Days,Marriott Bonvoy,Estimated via Marriott Bonvoy.
HDFC Regalia Gold,Atmos Rewards,CREDIT_CARD,AIRLINE,10:1,10.0,0 to 3 days + 14 to 21 days,IHG Rewards Club,Estimated via IHG Rewards Club.
HDFC Regalia Gold,Atmos Rewards,CREDIT_CARD,AIRLINE,9:1,9.0,0 to 3 days + Up to 4 Days,Marriott Bonvoy,Estimated via Marriott Bonvoy.
HDFC Regalia Gold,British Airways Executive Club,CREDIT_CARD,AIRLINE,4:1,4.0,0 to 3 days + 7 to 10 days,Accor Live Limitless,Estimated via Accor Live Limitless.
HDFC Regalia Gold,British Airways Executive Club,CREDIT_CARD,AIRLINE,3:1,3.0,0 to 3 days,Direct,
HDFC Regalia Gold,British Airways Executive Club,CREDIT_CARD,AIRLINE,2:1,2.0,0 to 3 days + Instant,Finnair Plus,Estimated via Finnair Plus.
HDFC Regalia Gold,British Airways Executive Club,CREDIT_CARD,AIRLINE,10:1,10.0,0 to 3 days + 14 to 21 days,IHG Rewards Club,Estimated via IHG Rewards Club.
HDFC Regalia Gold,British Airways Executive Club,CREDIT_CARD,AIRLINE,9:1,9.0,0 to 3 days + Up to 3 Days,Marriott Bonvoy,Estimated via Marriott Bonvoy.
HDFC Regalia Gold,British Airways Executive Club,CREDIT_CARD,AIRLINE,3:1,3.0,0 to 3 days + Instant,Qatar Privilege Club,Estimated via Qatar Privilege Club.
HDFC Regalia Gold,ConnectMiles,CREDIT_CARD,AIRLINE,9:1,9.0,0 to 3 days + 1 to 7 days,Marriott Bonvoy,Estimated via Marriott Bonvoy.
HDFC Regalia Gold,Delta SkyMiles,CREDIT_CARD,AIRLINE,4:1,4.0,0 to 3 days + 7 to 10 days,Accor Live Limitless,Estimated via Accor Live Limitless.
HDFC Regalia Gold,Delta SkyMiles,CREDIT_CARD,AIRLINE,10:1,10.0,0 to 3 days + 14 to 21 days,IHG Rewards Club,Estimated via IHG Rewards Club.
HDFC Regalia Gold,Delta SkyMiles,CREDIT_CARD,AIRLINE,9:1,9.0,0 to 3 days + Up to 1 Day,Marriott Bonvoy,Estimated via Marriott Bonvoy.
HDFC Regalia Gold,Eastern Miles,CREDIT_CARD,AIRLINE,10:1,10.0,0 to 3 days + 14 to 21 days,IHG Rewards Club,Estimated via IHG Rewards Club.
HDFC Regalia Gold,Emirates Skywards,CREDIT_CARD,AIRLINE,4:1,4.0,0 to 3 days + 7 to 10 days,Accor Live Limitless,Estimated via Accor Live Limitless.
HDFC Regalia Gold,Emirates Skywards,CREDIT_CARD,AIRLINE,10:1,10.0,0 to 3 days + 14 to 21 days,IHG Rewards Club,Estimated via IHG Rewards Club.
HDFC Regalia Gold,Emirates Skywards,CREDIT_CARD,AIRLINE,9:1,9.0,0 to 3 days + Up to 3 Days,Marriott Bonvoy,Estimated via Marriott Bonvoy.
HDFC Regalia Gold,Enrich,CREDIT_CARD,AIRLINE,10:1,10.0,0 to 3 days + 14 to 21 days,IHG Rewards Club,Estimated via IHG Rewards Club.
HDFC Regalia Gold,Etihad Guest,CREDIT_CARD,AIRLINE,4:1,4.0,0 to 3 days + 7 to 10 days,Accor Live Limitless,Estimated via Accor Live Limitless.
HDFC Regalia Gold,Etihad Guest,CREDIT_CARD,AIRLINE,3:1,3.0,0 to 3 days,Direct,
HDFC Regalia Gold,Etihad Guest,CREDIT_CARD,AIRLINE,10:1,10.0,0 to 3 days + 14 to 21 days,IHG Rewards Club,Estimated via IHG Rewards Club.
HDFC Regalia Gold,Etihad Guest,CREDIT_CARD,AIRLINE,9:1,9.0,0 to 3 days + Up to 3 Days,Marriott Bonvoy,Estimated via Marriott Bonvoy.
HDFC Regalia Gold,FalconFlyer,CREDIT_CARD,AIRLINE,4:1,4.0,0 to 3 days + 7 to 10 days,Accor Live Limitless,Estimated via Accor Live Limitless.
HDFC Regalia Gold,FalconFlyer,CREDIT_CARD,AIRLINE,10:1,10.0,0 to 3 days + 14 to 21 days,IHG Rewards Club,Estimated via IHG Rewards Club.
HDFC Regalia Gold,Finnair Plus,CREDIT_CARD,AIRLINE,77:25,3.08,0 to 3 days + 7 to 10 days,Accor Live Limitless,Estimated via Accor Live Limitless.
HDFC Regalia Gold,Finnair Plus,CREDIT_CARD,AIRLINE,3:1,3.0,0 to 3 days + Instant,British Airways Executive Club,Estimated via British Airways Executive Club.
HDFC Regalia Gold,Finnair Plus,CREDIT_CARD,AIRLINE,2:1,2.0,0 to 3 days,Direct,
HDFC Regalia Gold,Finnair Plus,CREDIT_CARD,AIRLINE,10:1,10.0,0 to 3 days + 14 to 21 days,IHG Rewards Club,Estimated via IHG Rewards Club.
HDFC Regalia Gold,Finnair Plus,CREDIT_CARD,AIRLINE,3:1,3.0,0 to 3 days + Instant,Qatar Privilege Club,Estimated via Qatar Privilege Club.
HDFC Regalia Gold,Flying Blue,CREDIT_CARD,AIRLINE,2:1,2.0,0 to 3 days + 7 to 10 days,Accor Live Limitless,Estimated via Accor Live Limitless.
HDFC Regalia Gold,Flying Blue,CREDIT_CARD,AIRLINE,2:1,2.0,0 to 3 days,Direct,
HDFC Regalia Gold,Flying Blue,CREDIT_CARD,AIRLINE,10:1,10.0,0 to 3 days + 14 to 21 days,IHG Rewards Club,Estimated via IHG Rewards Club.
HDFC Regalia Gold,Flying Blue,CREDIT_CARD,AIRLINE,9:1,9.0,0 to 3 days + Up to 3 Days,Marriott Bonvoy,Estimated via Marriott Bonvoy.
HDFC Regalia Gold,Fortune Wings Club,CREDIT_CARD,AIRLINE,10:1,10.0,0 to 3 days + 14 to 21 days,IHG Rewards Club,Estimated via IHG Rewards Club.
HDFC Regalia Gold,Fortune Wings Club,CREDIT_CARD,AIRLINE,9:1,9.0,0 to 3 days + Up to 8 Days,Marriott Bonvoy,Estimated via Marriott Bonvoy.
HDFC Regalia Gold,Frontier Miles,CREDIT_CARD,AIRLINE,9:1,9.0,0 to 3 days + Up to 30 Days,Marriott Bonvoy,Estimated via Marriott Bonvoy.
HDFC Regalia Gold,IHG Rewards Club,CREDIT_CARD,HOTEL,2:1,2.0,0 to 3 days,Direct,
HDFC Regalia Gold,ITC Club,CREDIT_CARD,HOTEL,2:1,2.0,0 to 3 days,Direct,
HDFC Regalia Gold,Iberia Club,CREDIT_CARD,AIRLINE,2:1,2.0,0 to 3 days + 7 to 10 days,Accor Live Limitless,Estimated via Accor Live Limitless.
HDFC Regalia Gold,Iberia Club,CREDIT_CARD,AIRLINE,3:1,3.0,0 to 3 days + Instant,British Airways Executive Club,Estimated via British Airways Executive Club.
HDFC Regalia Gold,Iberia Club,CREDIT_CARD,AIRLINE,2:1,2.0,0 to 3 days + Instant,Finnair Plus,Estimated via Finnair Plus.
HDFC Regalia Gold,Iberia Club,CREDIT_CARD,AIRLINE,10:1,10.0,0 to 3 days + 14 to 21 days,IHG Rewards Club,Estimated via IHG Rewards Club.
HDFC Regalia Gold,Iberia Club,CREDIT_CARD,AIRLINE,9:1,9.0,0 to 3 days + Up to 1 Day,Marriott Bonvoy,Estimated via Marriott Bonvoy.
HDFC Regalia Gold,Iberia Club,CREDIT_CARD,AIRLINE,3:1,3.0,0 to 3 days + Instant,Qatar Privilege Club,Estimated via Qatar Privilege Club.
HDFC Regalia Gold,Infinity MileageLands,CREDIT_CARD,AIRLINE,10:1,10.0,0 to 3 days + 14 to 21 days,IHG Rewards Club,Estimated via IHG Rewards Club.
HDFC Regalia Gold,JAL Mileage Bank,CREDIT_CARD,AIRLINE,4:1,4.0,0 to 3 days + 7 to 10 days,Accor Live Limitless,Estimated via Accor Live Limitless.
HDFC Regalia Gold,JAL Mileage Bank,CREDIT_CARD,AIRLINE,10:1,10.0,0 to 3 days + 14 to 21 days,IHG Rewards Club,Estimated via IHG Rewards Club.
HDFC Regalia Gold,JAL Mileage Bank,CREDIT_CARD,AIRLINE,9:1,9.0,0 to 3 days + Up to 2 Days,Marriott Bonvoy,Estimated via Marriott Bonvoy.
HDFC Regalia Gold,Juneyao Air,CREDIT_CARD,AIRLINE,80:3,26.6,0 to 3 days + 7 to 10 days,Accor Live Limitless,Estimated via Accor Live Limitless.
HDFC Regalia Gold,KrisFlyer,CREDIT_CARD,AIRLINE,4:1,4.0,0 to 3 days + 7 to 10 days,Accor Live Limitless,Estimated via Accor Live Limitless.
HDFC Regalia Gold,KrisFlyer,CREDIT_CARD,AIRLINE,2:1,2.0,0 to 3 days,Direct,
HDFC Regalia Gold,KrisFlyer,CREDIT_CARD,AIRLINE,10:1,10.0,0 to 3 days + 14 to 21 days,IHG Rewards Club,Estimated via IHG Rewards Club.
HDFC Regalia Gold,KrisFlyer,CREDIT_CARD,AIRLINE,9:1,9.0,0 to 3 days + 1 to 7 days,Marriott Bonvoy,Estimated via Marriott Bonvoy.
HDFC Regalia Gold,LATAM Pass,CREDIT_CARD,AIRLINE,4:1,4.0,0 to 3 days + 7 to 10 days,Accor Live Limitless,Estimated via Accor Live Limitless.
HDFC Regalia Gold,LATAM Pass,CREDIT_CARD,AIRLINE,9:1,9.0,0 to 3 days + 1 to 7 days,Marriott Bonvoy,Estimated via Marriott Bonvoy.
HDFC Regalia Gold,LifeMiles,CREDIT_CARD,AIRLINE,4:1,4.0,0 to 3 days + 7 to 10 days,Accor Live Limitless,Estimated via Accor Live Limitless.
HDFC Regalia Gold,LifeMiles,CREDIT_CARD,AIRLINE,2:1,2.0,0 to 3 days,Direct,
HDFC Regalia Gold,LifeMiles,CREDIT_CARD,AIRLINE,10:1,10.0,0 to 3 days + 14 to 21 days,IHG Rewards Club,Estimated via IHG Rewards Club.
HDFC Regalia Gold,LifeMiles,CREDIT_CARD,AIRLINE,9:1,9.0,0 to 3 days + 1 to 7 days,Marriott Bonvoy,Estimated via Marriott Bonvoy.
HDFC Regalia Gold,Lotusmiles,CREDIT_CARD,AIRLINE,3:1,3.0,0 to 3 days + 7 to 10 days,Accor Live Limitless,Estimated via Accor Live Limitless.
HDFC Regalia Gold,Lotusmiles,CREDIT_CARD,AIRLINE,2:1,2.0,0 to 3 days,Direct,
HDFC Regalia Gold,Maharaja Club,CREDIT_CARD,AIRLINE,3:1,3.0,0 to 3 days,Direct,
HDFC Regalia Gold,Marriott Bonvoy,CREDIT_CARD,HOTEL,3:1,3.0,0 to 3 days + Up to 7 days,Aeroplan,Estimated via Aeroplan.
HDFC Regalia Gold,Marriott Bonvoy,CREDIT_CARD,HOTEL,6:1,6.0,0 to 3 days + Up to 7 days,Asia Miles (Cathay),Estimated via Asia Miles (Cathay).
HDFC Regalia Gold,Marriott Bonvoy,CREDIT_CARD,HOTEL,3:1,3.0,0 to 3 days,Direct,
HDFC Regalia Gold,Marriott Bonvoy,CREDIT_CARD,HOTEL,4:3,1.3333333333333333,0 to 3 days + 7 to 21 days,ITC Club,Estimated via ITC Club.
HDFC Regalia Gold,Marriott Bonvoy,CREDIT_CARD,HOTEL,8:3,2.6666666666666665,0 to 3 days + Up to 7 days,KrisFlyer,Estimated via KrisFlyer.
HDFC Regalia Gold,Marriott Bonvoy,CREDIT_CARD,HOTEL,2:1,2.0,0 to 3 days + Up to 7 days,MileagePlus,Estimated via MileagePlus.
HDFC Regalia Gold,Marriott Bonvoy,CREDIT_CARD,HOTEL,6:1,6.0,0 to 3 days + Up to 7 days,Qatar Privilege Club,Estimated via Qatar Privilege Club.
HDFC Regalia Gold,MileagePlus,CREDIT_CARD,AIRLINE,4:1,4.0,0 to 3 days + 7 to 10 days,Accor Live Limitless,Estimated via Accor Live Limitless.
HDFC Regalia Gold,MileagePlus,CREDIT_CARD,AIRLINE,2:1,2.0,0 to 3 days,Direct,
HDFC Regalia Gold,MileagePlus,CREDIT_CARD,AIRLINE,10:1,10.0,0 to 3 days + 14 to 21 days,IHG Rewards Club,Estimated via IHG Rewards Club.
HDFC Regalia Gold,MileagePlus,CREDIT_CARD,AIRLINE,9:1,9.0,0 to 3 days + 1 to 7 days,Marriott Bonvoy,Estimated via Marriott Bonvoy.
HDFC Regalia Gold,Miles & More,CREDIT_CARD,AIRLINE,10:1,10.0,0 to 3 days + 14 to 21 days,IHG Rewards Club,Estimated via IHG Rewards Club.
HDFC Regalia Gold,Miles & Smiles,CREDIT_CARD,AIRLINE,2:1,2.0,0 to 3 days,Direct,
HDFC Regalia Gold,Miles & Smiles,CREDIT_CARD,AIRLINE,10:1,10.0,0 to 3 days + 14 to 21 days,IHG Rewards Club,Estimated via IHG Rewards Club.
HDFC Regalia Gold,Miles & Smiles,CREDIT_CARD,AIRLINE,9:1,9.0,0 to 3 days + 1 to 7 days,Marriott Bonvoy,Estimated via Marriott Bonvoy.
HDFC Regalia Gold,Miles-Bonus,CREDIT_CARD,AIRLINE,4:1,4.0,0 to 3 days + 7 to 10 days,Accor Live Limitless,Estimated via Accor Live Limitless.
HDFC Regalia Gold,Miles-Bonus,CREDIT_CARD,AIRLINE,9:1,9.0,0 to 3 days + Up to 3 Days,Marriott Bonvoy,Estimated via Marriott Bonvoy.
HDFC Regalia Gold,Phoenix Miles,CREDIT_CARD,AIRLINE,5:2,2.5,0 to 3 days + 7 to 10 days,Accor Live Limitless,Estimated via Accor Live Limitless.
HDFC Regalia Gold,Phoenix Miles,CREDIT_CARD,AIRLINE,10:1,10.0,0 to 3 days + 14 to 21 days,IHG Rewards Club,Estimated via IHG Rewards Club.
HDFC Regalia Gold,Phoenix Miles,CREDIT_CARD,AIRLINE,9:1,9.0,0 to 3 days + 1 to 7 days,Marriott Bonvoy,Estimated via Marriott Bonvoy.
HDFC Regalia Gold,Qantas Frequent Flyer,CREDIT_CARD,AIRLINE,8:5,1.6,0 to 3 days + 7 to 10 days,Accor Live Limitless,Estimated via Accor Live Limitless.
HDFC Regalia Gold,Qantas Frequent Flyer,CREDIT_CARD,AIRLINE,10:1,10.0,0 to 3 days + 14 to 21 days,IHG Rewards Club,Estimated via IHG Rewards Club.
HDFC Regalia Gold,Qantas Frequent Flyer,CREDIT_CARD,AIRLINE,9:1,9.0,0 to 3 days + 1 to 7 days,Marriott Bonvoy,Estimated via Marriott Bonvoy.
HDFC Regalia Gold,Qatar Privilege Club,CREDIT_CARD,AIRLINE,4:1,4.0,0 to 3 days + 7 to 10 days,Accor Live Limitless,Estimated via Accor Live Limitless.
HDFC Regalia Gold,Qatar Privilege Club,CREDIT_CARD,AIRLINE,3:1,3.0,0 to 3 days + Instant,British Airways Executive Club,Estimated via British Airways Executive Club.
HDFC Regalia Gold,Qatar Privilege Club,CREDIT_CARD,AIRLINE,3:1,3.0,0 to 3 days,Direct,
HDFC Regalia Gold,Qatar Privilege Club,CREDIT_CARD,AIRLINE,2:1,2.0,0 to 3 days + Instant,Finnair Plus,Estimated via Finnair Plus.
HDFC Regalia Gold,Qatar Privilege Club,CREDIT_CARD,AIRLINE,10:1,10.0,0 to 3 days + 14 to 21 days,IHG Rewards Club,Estimated via IHG Rewards Club.
HDFC Regalia Gold,Qatar Privilege Club,CREDIT_CARD,AIRLINE,9:1,9.0,0 to 3 days + Up to 3 Days,Marriott Bonvoy,Estimated via Marriott Bonvoy.
HDFC Regalia Gold,Radisson Rewards,CREDIT_CARD,HOTEL,2:1,2.0,0 to 3 days,Direct,
HDFC Regalia Gold,Rapid Rewards,CREDIT_CARD,AIRLINE,9:1,9.0,0 to 3 days + 1 to 7 days,Marriott Bonvoy,Estimated via Marriott Bonvoy.
HDFC Regalia Gold,Royal Orchid Plus,CREDIT_CARD,AIRLINE,4:1,4.0,0 to 3 days + 7 to 10 days,Accor Live Limitless,Estimated via Accor Live Limitless.
HDFC Regalia Gold,Royal Orchid Plus,CREDIT_CARD,AIRLINE,3:1,3.0,0 to 3 days,Direct,
HDFC Regalia Gold,Royal Orchid Plus,CREDIT_CARD,AIRLINE,10:1,10.0,0 to 3 days + 14 to 21 days,IHG Rewards Club,Estimated via IHG Rewards Club.
HDFC Regalia Gold,Royal Orchid Plus,CREDIT_CARD,AIRLINE,9:1,9.0,0 to 3 days + 1 to 7 days,Marriott Bonvoy,Estimated via Marriott Bonvoy.
HDFC Regalia Gold,Saudia Alfursan,CREDIT_CARD,AIRLINE,10:1,10.0,0 to 3 days + 14 to 21 days,IHG Rewards Club,Estimated via IHG Rewards Club.
HDFC Regalia Gold,Saudia Alfursan,CREDIT_CARD,AIRLINE,9:1,9.0,0 to 3 days + 1 to 7 days,Marriott Bonvoy,Estimated via Marriott Bonvoy.
HDFC Regalia Gold,ShebaMiles,CREDIT_CARD,AIRLINE,9:1,9.0,0 to 3 days + 1 to 7 days,Marriott Bonvoy,Estimated via Marriott Bonvoy.
HDFC Regalia Gold,Sky Pearl Club,CREDIT_CARD,AIRLINE,10:1,10.0,0 to 3 days + 14 to 21 days,IHG Rewards Club,Estimated via IHG Rewards Club.
HDFC Regalia Gold,Sky Pearl Club,CREDIT_CARD,AIRLINE,9:1,9.0,0 to 3 days + 1 to 7 days,Marriott Bonvoy,Estimated via Marriott Bonvoy.
HDFC Regalia Gold,Skypass,CREDIT_CARD,AIRLINE,4:1,4.0,0 to 3 days + 7 to 10 days,Accor Live Limitless,Estimated via Accor Live Limitless.
HDFC Regalia Gold,Skypass,CREDIT_CARD,AIRLINE,10:1,10.0,0 to 3 days + 14 to 21 days,IHG Rewards Club,Estimated via IHG Rewards Club.
HDFC Regalia Gold,Smiles GOL,CREDIT_CARD,AIRLINE,4:1,4.0,0 to 3 days + 7 to 10 days,Accor Live Limitless,Estimated via Accor Live Limitless.
HDFC Regalia Gold,SpiceClub,CREDIT_CARD,AIRLINE,2:1,2.0,0 to 3 days,Direct,
HDFC Regalia Gold,Suma,CREDIT_CARD,DEFAULT,2:1,2.0,0 to 3 days + 7 to 10 days,Accor Live Limitless,Estimated via Accor Live Limitless.
HDFC Regalia Gold,Tap Miles & Go,CREDIT_CARD,AIRLINE,4:1,4.0,0 to 3 days + 7 to 10 days,Accor Live Limitless,Estimated via Accor Live Limitless.
HDFC Regalia Gold,Tap Miles & Go,CREDIT_CARD,AIRLINE,10:1,10.0,0 to 3 days + 14 to 21 days,IHG Rewards Club,Estimated via IHG Rewards Club.
HDFC Regalia Gold,Tap Miles & Go,CREDIT_CARD,AIRLINE,9:1,9.0,0 to 3 days + 1 to 7 days,Marriott Bonvoy,Estimated via Marriott Bonvoy.
HDFC Regalia Gold,TrueBlue,CREDIT_CARD,AIRLINE,10:1,10.0,0 to 3 days + 14 to 21 days,IHG Rewards Club,Estimated via IHG Rewards Club.
HDFC Regalia Gold,Velocity,CREDIT_CARD,AIRLINE,2:1,2.0,0 to 3 days + 7 to 10 days,Accor Live Limitless,Estimated via Accor Live Limitless.
HDFC Regalia Gold,Velocity,CREDIT_CARD,AIRLINE,10:1,10.0,0 to 3 days + 14 to 21 days,IHG Rewards Club,Estimated via IHG Rewards Club.
HDFC Regalia Gold,Velocity,CREDIT_CARD,AIRLINE,9:1,9.0,0 to 3 days + 1 to 7 days,Marriott Bonvoy,Estimated via Marriott Bonvoy.
HDFC Regalia Gold,Virgin Atlantic Flying Club,CREDIT_CARD,AIRLINE,10:1,10.0,0 to 3 days + 14 to 21 days,IHG Rewards Club,Estimated via IHG Rewards Club.
HDFC Regalia Gold,Virgin Atlantic Flying Club,CREDIT_CARD,AIRLINE,9:1,9.0,0 to 3 days + 1 to 7 days,Marriott Bonvoy,Estimated via Marriott Bonvoy.
HDFC Regalia Gold,Voyager,CREDIT_CARD,AIRLINE,10:1,10.0,0 to 3 days + 14 to 21 days,IHG Rewards Club,Estimated via IHG Rewards Club.
HDFC Regalia Gold,Vueling Club,CREDIT_CARD,AIRLINE,3:1,3.0,0 to 3 days + Instant,British Airways Executive Club,Estimated via British Airways Executive Club.
HDFC Regalia Gold,Vueling Club,CREDIT_CARD,AIRLINE,2:1,2.0,0 to 3 days + Instant,Finnair Plus,Estimated via Finnair Plus.
HDFC Regalia Gold,Vueling Club,CREDIT_CARD,AIRLINE,9:1,9.0,0 to 3 days + 1 to 7 days,Marriott Bonvoy,Estimated via Marriott Bonvoy.
HDFC Regalia Gold,Vueling Club,CREDIT_CARD,AIRLINE,3:1,3.0,0 to 3 days + Instant,Qatar Privilege Club,Estimated via Qatar Privilege Club.
HDFC Regalia Gold,Wyndham,CREDIT_CARD,HOTEL,2:1,2.0,0 to 3 days,Direct,
HSBC Premier,ANA Mileage Club,CREDIT_CARD,AIRLINE,5:1,5.0,0 to 1 day + 14 to 21 days,IHG Rewards Club,Estimated via IHG Rewards Club.
HSBC Premier,ANA Mileage Club,CREDIT_CARD,AIRLINE,3:1,3.0,0 to 1 day + Up to 4 Days,Marriott Bonvoy,Estimated via Marriott Bonvoy.
HSBC Premier,Accor Live Limitless,CREDIT_CARD,HOTEL,1:1,1.0,0 to 1 day,Direct,
HSBC Premier,Accor Live Limitless,CREDIT_CARD,HOTEL,5:1,5.0,0 to 1 day + Up to 7 days,JAL Mileage Bank,Estimated via JAL Mileage Bank.
HSBC Premier,Accor Live Limitless,CREDIT_CARD,HOTEL,9:2,4.5,0 to 1 day + Up to 7 days,KrisFlyer,Estimated via KrisFlyer.
HSBC Premier,Accor Live Limitless,CREDIT_CARD,HOTEL,6:1,6.0,0 to 1 day + Up to 7 days,Lotusmiles,Estimated via Lotusmiles.
HSBC Premier,Accor Live Limitless,CREDIT_CARD,HOTEL,7:2,3.5,0 to 1 day + Up to 7 days,Qatar Privilege Club,Estimated via Qatar Privilege Club.
HSBC Premier,AerClub,CREDIT_CARD,AIRLINE,1:1,1.0,0 to 1 day + Instant,British Airways Executive Club,Estimated via British Airways Executive Club.
HSBC Premier,AerClub,CREDIT_CARD,AIRLINE,3:1,3.0,0 to 1 day + Up to 3 Days,Marriott Bonvoy,Estimated via Marriott Bonvoy.
HSBC Premier,AerClub,CREDIT_CARD,AIRLINE,1:1,1.0,0 to 1 day + Instant,Qatar Privilege Club,Estimated via Qatar Privilege Club.
HSBC Premier,Aeromexico Rewards,CREDIT_CARD,AIRLINE,2:1,2.0,0 to 1 day + 7 to 10 days,Accor Live Limitless,Estimated via Accor Live Limitless.
HSBC Premier,Aeromexico Rewards,CREDIT_CARD,AIRLINE,5:1,5.0,0 to 1 day + 14 to 21 days,IHG Rewards Club,Estimated via IHG Rewards Club.
HSBC Premier,Aeromexico Rewards,CREDIT_CARD,AIRLINE,3:1,3.0,0 to 1 day + Up to 4 Days,Marriott Bonvoy,Estimated via Marriott Bonvoy.
HSBC Premier,Aeroplan,CREDIT_CARD,AIRLINE,2:1,2.0,0 to 1 day + 7 to 10 days,Accor Live Limitless,Estimated via Accor Live Limitless.
HSBC Premier,Aeroplan,CREDIT_CARD,AIRLINE,5:1,5.0,0 to 1 day + 14 to 21 days,IHG Rewards Club,Estimated via IHG Rewards Club.
HSBC Premier,Aeroplan,CREDIT_CARD,AIRLINE,3:1,3.0,0 to 1 day + Up to 4 Days,Marriott Bonvoy,Estimated via Marriott Bonvoy.
HSBC Premier,AirAsia Rewards,CREDIT_CARD,AIRLINE,1:3,0.3333333333333333,0 to 1 day,Direct,
HSBC Premier,American Airlines AAdvantage,CREDIT_CARD,AIRLINE,5:1,5.0,0 to 1 day + 14 to 21 days,IHG Rewards Club,Estimated via IHG Rewards Club.
HSBC Premier,American Airlines AAdvantage,CREDIT_CARD,AIRLINE,3:1,3.0,0 to 1 day + 1 to 7 days,Marriott Bonvoy,Estimated via Marriott Bonvoy.
HSBC Premier,Asia Miles (Cathay),CREDIT_CARD,AIRLINE,2:1,2.0,0 to 1 day + 7 to 10 days,Accor Live Limitless,Estimated via Accor Live Limitless.
HSBC Premier,Asia Miles (Cathay),CREDIT_CARD,AIRLINE,5:1,5.0,0 to 1 day + 14 to 21 days,IHG Rewards Club,Estimated via IHG Rewards Club.
HSBC Premier,Asia Miles (Cathay),CREDIT_CARD,AIRLINE,3:1,3.0,0 to 1 day + Up to 5 Days,Marriott Bonvoy,Estimated via Marriott Bonvoy.
HSBC Premier,Asiana Club,CREDIT_CARD,AIRLINE,3:1,3.0,0 to 1 day + Up to 4 Days,Marriott Bonvoy,Estimated via Marriott Bonvoy.
HSBC Premier,Atmos Rewards,CREDIT_CARD,AIRLINE,5:1,5.0,0 to 1 day + 14 to 21 days,IHG Rewards Club,Estimated via IHG Rewards Club.
HSBC Premier,Atmos Rewards,CREDIT_CARD,AIRLINE,3:1,3.0,0 to 1 day + Up to 4 Days,Marriott Bonvoy,Estimated via Marriott Bonvoy.
HSBC Premier,British Airways Executive Club,CREDIT_CARD,AIRLINE,2:1,2.0,0 to 1 day + 7 to 10 days,Accor Live Limitless,Estimated via Accor Live Limitless.
HSBC Premier,British Airways Executive Club,CREDIT_CARD,AIRLINE,1:1,1.0,0 to 1 day,Direct,
HSBC Premier,British Airways Executive Club,CREDIT_CARD,AIRLINE,5:1,5.0,0 to 1 day + 14 to 21 days,IHG Rewards Club,Estimated via IHG Rewards Club.
HSBC Premier,British Airways Executive Club,CREDIT_CARD,AIRLINE,3:1,3.0,0 to 1 day + Up to 3 Days,Marriott Bonvoy,Estimated via Marriott Bonvoy.
HSBC Premier,British Airways Executive Club,CREDIT_CARD,AIRLINE,1:1,1.0,0 to 1 day + Instant,Qatar Privilege Club,Estimated via Qatar Privilege Club.
HSBC Premier,ConnectMiles,CREDIT_CARD,AIRLINE,3:1,3.0,0 to 1 day + 1 to 7 days,Marriott Bonvoy,Estimated via Marriott Bonvoy.
HSBC Premier,Delta SkyMiles,CREDIT_CARD,AIRLINE,2:1,2.0,0 to 1 day + 7 to 10 days,Accor Live Limitless,Estimated via Accor Live Limitless.
HSBC Premier,Delta SkyMiles,CREDIT_CARD,AIRLINE,5:1,5.0,0 to 1 day + 14 to 21 days,IHG Rewards Club,Estimated via IHG Rewards Club.
HSBC Premier,Delta SkyMiles,CREDIT_CARD,AIRLINE,3:1,3.0,0 to 1 day + Up to 1 Day,Marriott Bonvoy,Estimated via Marriott Bonvoy.
HSBC Premier,Eastern Miles,CREDIT_CARD,AIRLINE,5:1,5.0,0 to 1 day + 14 to 21 days,IHG Rewards Club,Estimated via IHG Rewards Club.
HSBC Premier,Emirates Skywards,CREDIT_CARD,AIRLINE,2:1,2.0,0 to 1 day + 7 to 10 days,Accor Live Limitless,Estimated via Accor Live Limitless.
HSBC Premier,Emirates Skywards,CREDIT_CARD,AIRLINE,5:1,5.0,0 to 1 day + 14 to 21 days,IHG Rewards Club,Estimated via IHG Rewards Club.
HSBC Premier,Emirates Skywards,CREDIT_CARD,AIRLINE,3:1,3.0,0 to 1 day + Up to 3 Days,Marriott Bonvoy,Estimated via Marriott Bonvoy.
HSBC Premier,Enrich,CREDIT_CARD,AIRLINE,5:1,5.0,0 to 1 day + 14 to 21 days,IHG Rewards Club,Estimated via IHG Rewards Club.
HSBC Premier,Etihad Guest,CREDIT_CARD,AIRLINE,2:1,2.0,0 to 1 day + 7 to 10 days,Accor Live Limitless,Estimated via Accor Live Limitless.
HSBC Premier,Etihad Guest,CREDIT_CARD,AIRLINE,1:1,1.0,0 to 1 day,Direct,
HSBC Premier,Etihad Guest,CREDIT_CARD,AIRLINE,5:1,5.0,0 to 1 day + 14 to 21 days,IHG Rewards Club,Estimated via IHG Rewards Club.
HSBC Premier,Etihad Guest,CREDIT_CARD,AIRLINE,3:1,3.0,0 to 1 day + Up to 3 Days,Marriott Bonvoy,Estimated via Marriott Bonvoy.
HSBC Premier,FalconFlyer,CREDIT_CARD,AIRLINE,2:1,2.0,0 to 1 day + 7 to 10 days,Accor Live Limitless,Estimated via Accor Live Limitless.
HSBC Premier,FalconFlyer,CREDIT_CARD,AIRLINE,5:1,5.0,0 to 1 day + 14 to 21 days,IHG Rewards Club,Estimated via IHG Rewards Club.
HSBC Premier,Finnair Plus,CREDIT_CARD,AIRLINE,77:50,1.54,0 to 1 day + 7 to 10 days,Accor Live Limitless,Estimated via Accor Live Limitless.
HSBC Premier,Finnair Plus,CREDIT_CARD,AIRLINE,1:1,1.0,0 to 1 day + Instant,British Airways Executive Club,Estimated via British Airways Executive Club.
HSBC Premier,Finnair Plus,CREDIT_CARD,AIRLINE,5:1,5.0,0 to 1 day + 14 to 21 days,IHG Rewards Club,Estimated via IHG Rewards Club.
HSBC Premier,Finnair Plus,CREDIT_CARD,AIRLINE,1:1,1.0,0 to 1 day + Instant,Qatar Privilege Club,Estimated via Qatar Privilege Club.
HSBC Premier,Flying Blue,CREDIT_CARD,AIRLINE,1:1,1.0,0 to 1 day + 7 to 10 days,Accor Live Limitless,Estimated via Accor Live Limitless.
HSBC Premier,Flying Blue,CREDIT_CARD,AIRLINE,1:1,1.0,0 to 1 day,Direct,
HSBC Premier,Flying Blue,CREDIT_CARD,AIRLINE,5:1,5.0,0 to 1 day + 14 to 21 days,IHG Rewards Club,Estimated via IHG Rewards Club.
HSBC Premier,Flying Blue,CREDIT_CARD,AIRLINE,3:1,3.0,0 to 1 day + Up to 3 Days,Marriott Bonvoy,Estimated via Marriott Bonvoy.
HSBC Premier,Fortune Wings Club,CREDIT_CARD,AIRLINE,2:1,2.0,0 to 1 day,Direct,
HSBC Premier,Fortune Wings Club,CREDIT_CARD,AIRLINE,5:1,5.0,0 to 1 day + 14 to 21 days,IHG Rewards Club,Estimated via IHG Rewards Club.
HSBC Premier,Fortune Wings Club,CREDIT_CARD,AIRLINE,3:1,3.0,0 to 1 day + Up to 8 Days,Marriott Bonvoy,Estimated via Marriott Bonvoy.
HSBC Premier,Frontier Miles,CREDIT_CARD,AIRLINE,3:1,3.0,0 to 1 day + Up to 30 Days,Marriott Bonvoy,Estimated via Marriott Bonvoy.
HSBC Premier,Golden Circle,CREDIT_CARD,HOTEL,5:1,5.0,0 to 1 day,Direct,
HSBC Premier,IHG Rewards Club,CREDIT_CARD,HOTEL,1:1,1.0,0 to 1 day,Direct,
HSBC Premier,Iberia Club,CREDIT_CARD,AIRLINE,1:1,1.0,0 to 1 day + 7 to 10 days,Accor Live Limitless,Estimated via Accor Live Limitless.
HSBC Premier,Iberia Club,CREDIT_CARD,AIRLINE,1:1,1.0,0 to 1 day + Instant,British Airways Executive Club,Estimated via British Airways Executive Club.
HSBC Premier,Iberia Club,CREDIT_CARD,AIRLINE,5:1,5.0,0 to 1 day + 14 to 21 days,IHG Rewards Club,Estimated via IHG Rewards Club.
HSBC Premier,Iberia Club,CREDIT_CARD,AIRLINE,3:1,3.0,0 to 1 day + Up to 1 Day,Marriott Bonvoy,Estimated via Marriott Bonvoy.
HSBC Premier,Iberia Club,CREDIT_CARD,AIRLINE,1:1,1.0,0 to 1 day + Instant,Qatar Privilege Club,Estimated via Qatar Privilege Club.
HSBC Premier,Infinity MileageLands,CREDIT_CARD,AIRLINE,1:1,1.0,0 to 1 day,Direct,
HSBC Premier,Infinity MileageLands,CREDIT_CARD,AIRLINE,5:1,5.0,0 to 1 day + 14 to 21 days,IHG Rewards Club,Estimated via IHG Rewards Club.
HSBC Premier,JAL Mileage Bank,CREDIT_CARD,AIRLINE,2:1,2.0,0 to 1 day + 7 to 10 days,Accor Live Limitless,Estimated via Accor Live Limitless.
HSBC Premier,JAL Mileage Bank,CREDIT_CARD,AIRLINE,1:1,1.0,0 to 1 day,Direct,
HSBC Premier,JAL Mileage Bank,CREDIT_CARD,AIRLINE,5:1,5.0,0 to 1 day + 14 to 21 days,IHG Rewards Club,Estimated via IHG Rewards Club.
HSBC Premier,JAL Mileage Bank,CREDIT_CARD,AIRLINE,3:1,3.0,0 to 1 day + Up to 2 Days,Marriott Bonvoy,Estimated via Marriott Bonvoy.
HSBC Premier,Juneyao Air,CREDIT_CARD,AIRLINE,93:7,13.3,0 to 1 day + 7 to 10 days,Accor Live Limitless,Estimated via Accor Live Limitless.
HSBC Premier,KrisFlyer,CREDIT_CARD,AIRLINE,2:1,2.0,0 to 1 day + 7 to 10 days,Accor Live Limitless,Estimated via Accor Live Limitless.
HSBC Premier,KrisFlyer,CREDIT_CARD,AIRLINE,1:1,1.0,0 to 1 day,Direct,
HSBC Premier,KrisFlyer,CREDIT_CARD,AIRLINE,5:1,5.0,0 to 1 day + 14 to 21 days,IHG Rewards Club,Estimated via IHG Rewards Club.
HSBC Premier,KrisFlyer,CREDIT_CARD,AIRLINE,3:1,3.0,0 to 1 day + 1 to 7 days,Marriott Bonvoy,Estimated via Marriott Bonvoy.
HSBC Premier,LATAM Pass,CREDIT_CARD,AIRLINE,2:1,2.0,0 to 1 day + 7 to 10 days,Accor Live Limitless,Estimated via Accor Live Limitless.
HSBC Premier,LATAM Pass,CREDIT_CARD,AIRLINE,3:1,3.0,0 to 1 day + 1 to 7 days,Marriott Bonvoy,Estimated via Marriott Bonvoy.
HSBC Premier,LifeMiles,CREDIT_CARD,AIRLINE,2:1,2.0,0 to 1 day + 7 to 10 days,Accor Live Limitless,Estimated via Accor Live Limitless.
HSBC Premier,LifeMiles,CREDIT_CARD,AIRLINE,5:1,5.0,0 to 1 day + 14 to 21 days,IHG Rewards Club,Estimated via IHG Rewards Club.
HSBC Premier,LifeMiles,CREDIT_CARD,AIRLINE,3:1,3.0,0 to 1 day + 1 to 7 days,Marriott Bonvoy,Estimated via Marriott Bonvoy.
HSBC Premier,Lotusmiles,CREDIT_CARD,AIRLINE,3:2,1.5,0 to 1 day + 7 to 10 days,Accor Live Limitless,Estimated via Accor Live Limitless.
HSBC Premier,Lotusmiles,CREDIT_CARD,AIRLINE,1:1,1.0,0 to 1 day,Direct,
HSBC Premier,Maharaja Club,CREDIT_CARD,AIRLINE,1:1,1.0,0 to 1 day,Direct,
HSBC Premier,Marriott Bonvoy,CREDIT_CARD,HOTEL,1:1,1.0,0 to 1 day,Direct,
HSBC Premier,Marriott Bonvoy,CREDIT_CARD,HOTEL,4:3,1.3333333333333333,0 to 1 day + Up to 7 days,JAL Mileage Bank,Estimated via JAL Mileage Bank.
HSBC Premier,Marriott Bonvoy,CREDIT_CARD,HOTEL,4:3,1.3333333333333333,0 to 1 day + Up to 7 days,KrisFlyer,Estimated via KrisFlyer.
HSBC Premier,Marriott Bonvoy,CREDIT_CARD,HOTEL,2:1,2.0,0 to 1 day + Up to 7 days,MileagePlus,Estimated via MileagePlus.
HSBC Premier,Marriott Bonvoy,CREDIT_CARD,HOTEL,2:1,2.0,0 to 1 day + Up to 7 days,Qatar Privilege Club,Estimated via Qatar Privilege Club.
HSBC Premier,MileagePlus,CREDIT_CARD,AIRLINE,2:1,2.0,0 to 1 day + 7 to 10 days,Accor Live Limitless,Estimated via Accor Live Limitless.
HSBC Premier,MileagePlus,CREDIT_CARD,AIRLINE,2:1,2.0,0 to 1 day,Direct,
HSBC Premier,MileagePlus,CREDIT_CARD,AIRLINE,5:1,5.0,0 to 1 day + 14 to 21 days,IHG Rewards Club,Estimated via IHG Rewards Club.
HSBC Premier,MileagePlus,CREDIT_CARD,AIRLINE,3:1,3.0,0 to 1 day + 1 to 7 days,Marriott Bonvoy,Estimated via Marriott Bonvoy.
HSBC Premier,Miles & More,CREDIT_CARD,AIRLINE,5:1,5.0,0 to 1 day + 14 to 21 days,IHG Rewards Club,Estimated via IHG Rewards Club.
HSBC Premier,Miles & Smiles,CREDIT_CARD,AIRLINE,2:1,2.0,0 to 1 day,Direct,
HSBC Premier,Miles & Smiles,CREDIT_CARD,AIRLINE,5:1,5.0,0 to 1 day + 14 to 21 days,IHG Rewards Club,Estimated via IHG Rewards Club.
HSBC Premier,Miles & Smiles,CREDIT_CARD,AIRLINE,3:1,3.0,0 to 1 day + 1 to 7 days,Marriott Bonvoy,Estimated via Marriott Bonvoy.
HSBC Premier,Miles-Bonus,CREDIT_CARD,AIRLINE,2:1,2.0,0 to 1 day + 7 to 10 days,Accor Live Limitless,Estimated via Accor Live Limitless.
HSBC Premier,Miles-Bonus,CREDIT_CARD,AIRLINE,3:1,3.0,0 to 1 day + Up to 3 Days,Marriott Bonvoy,Estimated via Marriott Bonvoy.
HSBC Premier,Phoenix Miles,CREDIT_CARD,AIRLINE,5:4,1.25,0 to 1 day + 7 to 10 days,Accor Live Limitless,Estimated via Accor Live Limitless.
HSBC Premier,Phoenix Miles,CREDIT_CARD,AIRLINE,5:1,5.0,0 to 1 day + 14 to 21 days,IHG Rewards Club,Estimated via IHG Rewards Club.
HSBC Premier,Phoenix Miles,CREDIT_CARD,AIRLINE,3:1,3.0,0 to 1 day + 1 to 7 days,Marriott Bonvoy,Estimated via Marriott Bonvoy.
HSBC Premier,Qantas Frequent Flyer,CREDIT_CARD,AIRLINE,4:5,0.8,0 to 1 day + 7 to 10 days,Accor Live Limitless,Estimated via Accor Live Limitless.
HSBC Premier,Qantas Frequent Flyer,CREDIT_CARD,AIRLINE,1:1,1.0,0 to 1 day,Direct,
HSBC Premier,Qantas Frequent Flyer,CREDIT_CARD,AIRLINE,5:1,5.0,0 to 1 day + 14 to 21 days,IHG Rewards Club,Estimated via IHG Rewards Club.
HSBC Premier,Qantas Frequent Flyer,CREDIT_CARD,AIRLINE,3:1,3.0,0 to 1 day + 1 to 7 days,Marriott Bonvoy,Estimated via Marriott Bonvoy.
HSBC Premier,Qatar Privilege Club,CREDIT_CARD,AIRLINE,2:1,2.0,0 to 1 day + 7 to 10 days,Accor Live Limitless,Estimated via Accor Live Limitless.
HSBC Premier,Qatar Privilege Club,CREDIT_CARD,AIRLINE,1:1,1.0,0 to 1 day + Instant,British Airways Executive Club,Estimated via British Airways Executive Club.
HSBC Premier,Qatar Privilege Club,CREDIT_CARD,AIRLINE,1:1,1.0,0 to 1 day,Direct,
HSBC Premier,Qatar Privilege Club,CREDIT_CARD,AIRLINE,5:1,5.0,0 to 1 day + 14 to 21 days,IHG Rewards Club,Estimated via IHG Rewards Club.
HSBC Premier,Qatar Privilege Club,CREDIT_CARD,AIRLINE,3:1,3.0,0 to 1 day + Up to 3 Days,Marriott Bonvoy,Estimated via Marriott Bonvoy.
HSBC Premier,Rapid Rewards,CREDIT_CARD,AIRLINE,3:1,3.0,0 to 1 day + 1 to 7 days,Marriott Bonvoy,Estimated via Marriott Bonvoy.
HSBC Premier,Royal Orchid Plus,CREDIT_CARD,AIRLINE,2:1,2.0,0 to 1 day + 7 to 10 days,Accor Live Limitless,Estimated via Accor Live Limitless.
HSBC Premier,Royal Orchid Plus,CREDIT_CARD,AIRLINE,1:1,1.0,0 to 1 day,Direct,
HSBC Premier,Royal Orchid Plus,CREDIT_CARD,AIRLINE,5:1,5.0,0 to 1 day + 14 to 21 days,IHG Rewards Club,Estimated via IHG Rewards Club.
HSBC Premier,Royal Orchid Plus,CREDIT_CARD,AIRLINE,3:1,3.0,0 to 1 day + 1 to 7 days,Marriott Bonvoy,Estimated via Marriott Bonvoy.
HSBC Premier,Saudia Alfursan,CREDIT_CARD,AIRLINE,5:1,5.0,0 to 1 day + 14 to 21 days,IHG Rewards Club,Estimated via IHG Rewards Club.
HSBC Premier,Saudia Alfursan,CREDIT_CARD,AIRLINE,3:1,3.0,0 to 1 day + 1 to 7 days,Marriott Bonvoy,Estimated via Marriott Bonvoy.
HSBC Premier,ShebaMiles,CREDIT_CARD,AIRLINE,3:1,3.0,0 to 1 day + 1 to 7 days,Marriott Bonvoy,Estimated via Marriott Bonvoy.
HSBC Premier,Sky Pearl Club,CREDIT_CARD,AIRLINE,5:1,5.0,0 to 1 day + 14 to 21 days,IHG Rewards Club,Estimated via IHG Rewards Club.
HSBC Premier,Sky Pearl Club,CREDIT_CARD,AIRLINE,3:1,3.0,0 to 1 day + 1 to 7 days,Marriott Bonvoy,Estimated via Marriott Bonvoy.
HSBC Premier,Skypass,CREDIT_CARD,AIRLINE,2:1,2.0,0 to 1 day + 7 to 10 days,Accor Live Limitless,Estimated via Accor Live Limitless.
HSBC Premier,Skypass,CREDIT_CARD,AIRLINE,5:1,5.0,0 to 1 day + 14 to 21 days,IHG Rewards Club,Estimated via IHG Rewards Club.
HSBC Premier,Smiles GOL,CREDIT_CARD,AIRLINE,2:1,2.0,0 to 1 day + 7 to 10 days,Accor Live Limitless,Estimated via Accor Live Limitless.
HSBC Premier,Suma,CREDIT_CARD,DEFAULT,1:1,1.0,0 to 1 day + 7 to 10 days,Accor Live Limitless,Estimated via Accor Live Limitless.
HSBC Premier,Tap Miles & Go,CREDIT_CARD,AIRLINE,2:1,2.0,0 to 1 day + 7 to 10 days,Accor Live Limitless,Estimated via Accor Live Limitless.
HSBC Premier,Tap Miles & Go,CREDIT_CARD,AIRLINE,5:1,5.0,0 to 1 day + 14 to 21 days,IHG Rewards Club,Estimated via IHG Rewards Club.
HSBC Premier,Tap Miles & Go,CREDIT_CARD,AIRLINE,3:1,3.0,0 to 1 day + 1 to 7 days,Marriott Bonvoy,Estimated via Marriott Bonvoy.
HSBC Premier,TrueBlue,CREDIT_CARD,AIRLINE,5:1,5.0,0 to 1 day + 14 to 21 days,IHG Rewards Club,Estimated via IHG Rewards Club.
HSBC Premier,Velocity,CREDIT_CARD,AIRLINE,1:1,1.0,0 to 1 day + 7 to 10 days,Accor Live Limitless,Estimated via Accor Live Limitless.
HSBC Premier,Velocity,CREDIT_CARD,AIRLINE,5:1,5.0,0 to 1 day + 14 to 21 days,IHG Rewards Club,Estimated via IHG Rewards Club.
HSBC Premier,Velocity,CREDIT_CARD,AIRLINE,3:1,3.0,0 to 1 day + 1 to 7 days,Marriott Bonvoy,Estimated via Marriott Bonvoy.
HSBC Premier,Virgin Atlantic Flying Club,CREDIT_CARD,AIRLINE,5:1,5.0,0 to 1 day + 14 to 21 days,IHG Rewards Club,Estimated via IHG Rewards Club.
HSBC Premier,Virgin Atlantic Flying Club,CREDIT_CARD,AIRLINE,3:1,3.0,0 to 1 day + 1 to 7 days,Marriott Bonvoy,Estimated via Marriott Bonvoy.
HSBC Premier,Voyager,CREDIT_CARD,AIRLINE,5:1,5.0,0 to 1 day + 14 to 21 days,IHG Rewards Club,Estimated via IHG Rewards Club.
HSBC Premier,Vueling Club,CREDIT_CARD,AIRLINE,1:1,1.0,0 to 1 day + Instant,British Airways Executive Club,Estimated via British Airways Executive Club.
HSBC Premier,Vueling Club,CREDIT_CARD,AIRLINE,3:1,3.0,0 to 1 day + 1 to 7 days,Marriott Bonvoy,Estimated via Marriott Bonvoy.
HSBC Premier,Vueling Club,CREDIT_CARD,AIRLINE,1:1,1.0,0 to 1 day + Instant,Qatar Privilege Club,Estimated via Qatar Privilege Club.
HSBC Premier,Wyndham,CREDIT_CARD,HOTEL,1:1,1.0,0 to 1 day,Direct,
HSBC TravelOne,ANA Mileage Club,CREDIT_CARD,AIRLINE,5:1,5.0,0 to 1 day + 14 to 21 days,IHG Rewards Club,Estimated via IHG Rewards Club.
HSBC TravelOne,ANA Mileage Club,CREDIT_CARD,AIRLINE,3:1,3.0,0 to 1 day + Up to 4 Days,Marriott Bonvoy,Estimated via Marriott Bonvoy.
HSBC TravelOne,Accor Live Limitless,CREDIT_CARD,HOTEL,1:1,1.0,0 to 1 day,Direct,
HSBC TravelOne,Accor Live Limitless,CREDIT_CARD,HOTEL,5:1,5.0,0 to 1 day + Up to 7 days,JAL Mileage Bank,Estimated via JAL Mileage Bank.
HSBC TravelOne,Accor Live Limitless,CREDIT_CARD,HOTEL,9:2,4.5,0 to 1 day + Up to 7 days,KrisFlyer,Estimated via KrisFlyer.
HSBC TravelOne,Accor Live Limitless,CREDIT_CARD,HOTEL,6:1,6.0,0 to 1 day + Up to 7 days,Lotusmiles,Estimated via Lotusmiles.
HSBC TravelOne,Accor Live Limitless,CREDIT_CARD,HOTEL,7:2,3.5,0 to 1 day + Up to 7 days,Qatar Privilege Club,Estimated via Qatar Privilege Club.
HSBC TravelOne,AerClub,CREDIT_CARD,AIRLINE,1:1,1.0,0 to 1 day + Instant,British Airways Executive Club,Estimated via British Airways Executive Club.
HSBC TravelOne,AerClub,CREDIT_CARD,AIRLINE,3:1,3.0,0 to 1 day + Up to 3 Days,Marriott Bonvoy,Estimated via Marriott Bonvoy.
HSBC TravelOne,AerClub,CREDIT_CARD,AIRLINE,1:1,1.0,0 to 1 day + Instant,Qatar Privilege Club,Estimated via Qatar Privilege Club.
HSBC TravelOne,Aeromexico Rewards,CREDIT_CARD,AIRLINE,2:1,2.0,0 to 1 day + 7 to 10 days,Accor Live Limitless,Estimated via Accor Live Limitless.
HSBC TravelOne,Aeromexico Rewards,CREDIT_CARD,AIRLINE,5:1,5.0,0 to 1 day + 14 to 21 days,IHG Rewards Club,Estimated via IHG Rewards Club.
HSBC TravelOne,Aeromexico Rewards,CREDIT_CARD,AIRLINE,3:1,3.0,0 to 1 day + Up to 4 Days,Marriott Bonvoy,Estimated via Marriott Bonvoy.
HSBC TravelOne,Aeroplan,CREDIT_CARD,AIRLINE,2:1,2.0,0 to 1 day + 7 to 10 days,Accor Live Limitless,Estimated via Accor Live Limitless.
HSBC TravelOne,Aeroplan,CREDIT_CARD,AIRLINE,5:1,5.0,0 to 1 day + 14 to 21 days,IHG Rewards Club,Estimated via IHG Rewards Club.
HSBC TravelOne,Aeroplan,CREDIT_CARD,AIRLINE,3:1,3.0,0 to 1 day + Up to 4 Days,Marriott Bonvoy,Estimated via Marriott Bonvoy.
HSBC TravelOne,AirAsia Rewards,CREDIT_CARD,AIRLINE,1:3,0.3333333333333333,0 to 1 day,Direct,
HSBC TravelOne,American Airlines AAdvantage,CREDIT_CARD,AIRLINE,5:1,5.0,0 to 1 day + 14 to 21 days,IHG Rewards Club,Estimated via IHG Rewards Club.
HSBC TravelOne,American Airlines AAdvantage,CREDIT_CARD,AIRLINE,3:1,3.0,0 to 1 day + 1 to 7 days,Marriott Bonvoy,Estimated via Marriott Bonvoy.
HSBC TravelOne,Asia Miles (Cathay),CREDIT_CARD,AIRLINE,2:1,2.0,0 to 1 day + 7 to 10 days,Accor Live Limitless,Estimated via Accor Live Limitless.
HSBC TravelOne,Asia Miles (Cathay),CREDIT_CARD,AIRLINE,5:1,5.0,0 to 1 day + 14 to 21 days,IHG Rewards Club,Estimated via IHG Rewards Club.
HSBC TravelOne,Asia Miles (Cathay),CREDIT_CARD,AIRLINE,3:1,3.0,0 to 1 day + Up to 5 Days,Marriott Bonvoy,Estimated via Marriott Bonvoy.
HSBC TravelOne,Asiana Club,CREDIT_CARD,AIRLINE,3:1,3.0,0 to 1 day + Up to 4 Days,Marriott Bonvoy,Estimated via Marriott Bonvoy.
HSBC TravelOne,Atmos Rewards,CREDIT_CARD,AIRLINE,5:1,5.0,0 to 1 day + 14 to 21 days,IHG Rewards Club,Estimated via IHG Rewards Club.
HSBC TravelOne,Atmos Rewards,CREDIT_CARD,AIRLINE,3:1,3.0,0 to 1 day + Up to 4 Days,Marriott Bonvoy,Estimated via Marriott Bonvoy.
HSBC TravelOne,British Airways Executive Club,CREDIT_CARD,AIRLINE,2:1,2.0,0 to 1 day + 7 to 10 days,Accor Live Limitless,Estimated via Accor Live Limitless.
HSBC TravelOne,British Airways Executive Club,CREDIT_CARD,AIRLINE,1:1,1.0,0 to 1 day,Direct,
HSBC TravelOne,British Airways Executive Club,CREDIT_CARD,AIRLINE,5:1,5.0,0 to 1 day + 14 to 21 days,IHG Rewards Club,Estimated via IHG Rewards Club.
HSBC TravelOne,British Airways Executive Club,CREDIT_CARD,AIRLINE,3:1,3.0,0 to 1 day + Up to 3 Days,Marriott Bonvoy,Estimated via Marriott Bonvoy.
HSBC TravelOne,British Airways Executive Club,CREDIT_CARD,AIRLINE,1:1,1.0,0 to 1 day + Instant,Qatar Privilege Club,Estimated via Qatar Privilege Club.
HSBC TravelOne,ConnectMiles,CREDIT_CARD,AIRLINE,3:1,3.0,0 to 1 day + 1 to 7 days,Marriott Bonvoy,Estimated via Marriott Bonvoy.
HSBC TravelOne,Delta SkyMiles,CREDIT_CARD,AIRLINE,2:1,2.0,0 to 1 day + 7 to 10 days,Accor Live Limitless,Estimated via Accor Live Limitless.
HSBC TravelOne,Delta SkyMiles,CREDIT_CARD,AIRLINE,5:1,5.0,0 to 1 day + 14 to 21 days,IHG Rewards Club,Estimated via IHG Rewards Club.
HSBC TravelOne,Delta SkyMiles,CREDIT_CARD,AIRLINE,3:1,3.0,0 to 1 day + Up to 1 Day,Marriott Bonvoy,Estimated via Marriott Bonvoy.
HSBC TravelOne,Eastern Miles,CREDIT_CARD,AIRLINE,5:1,5.0,0 to 1 day + 14 to 21 days,IHG Rewards Club,Estimated via IHG Rewards Club.
HSBC TravelOne,Emirates Skywards,CREDIT_CARD,AIRLINE,2:1,2.0,0 to 1 day + 7 to 10 days,Accor Live Limitless,Estimated via Accor Live Limitless.
HSBC TravelOne,Emirates Skywards,CREDIT_CARD,AIRLINE,5:1,5.0,0 to 1 day + 14 to 21 days,IHG Rewards Club,Estimated via IHG Rewards Club.
HSBC TravelOne,Emirates Skywards,CREDIT_CARD,AIRLINE,3:1,3.0,0 to 1 day + Up to 3 Days,Marriott Bonvoy,Estimated via Marriott Bonvoy.
HSBC TravelOne,Enrich,CREDIT_CARD,AIRLINE,5:1,5.0,0 to 1 day + 14 to 21 days,IHG Rewards Club,Estimated via IHG Rewards Club.
HSBC TravelOne,Etihad Guest,CREDIT_CARD,AIRLINE,2:1,2.0,0 to 1 day + 7 to 10 days,Accor Live Limitless,Estimated via Accor Live Limitless.
HSBC TravelOne,Etihad Guest,CREDIT_CARD,AIRLINE,1:1,1.0,0 to 1 day,Direct,
HSBC TravelOne,Etihad Guest,CREDIT_CARD,AIRLINE,5:1,5.0,0 to 1 day + 14 to 21 days,IHG Rewards Club,Estimated via IHG Rewards Club.
HSBC TravelOne,Etihad Guest,CREDIT_CARD,AIRLINE,3:1,3.0,0 to 1 day + Up to 3 Days,Marriott Bonvoy,Estimated via Marriott Bonvoy.
HSBC TravelOne,FalconFlyer,CREDIT_CARD,AIRLINE,2:1,2.0,0 to 1 day + 7 to 10 days,Accor Live Limitless,Estimated via Accor Live Limitless.
HSBC TravelOne,FalconFlyer,CREDIT_CARD,AIRLINE,5:1,5.0,0 to 1 day + 14 to 21 days,IHG Rewards Club,Estimated via IHG Rewards Club.
HSBC TravelOne,Finnair Plus,CREDIT_CARD,AIRLINE,77:50,1.54,0 to 1 day + 7 to 10 days,Accor Live Limitless,Estimated via Accor Live Limitless.
HSBC TravelOne,Finnair Plus,CREDIT_CARD,AIRLINE,1:1,1.0,0 to 1 day + Instant,British Airways Executive Club,Estimated via British Airways Executive Club.
HSBC TravelOne,Finnair Plus,CREDIT_CARD,AIRLINE,5:1,5.0,0 to 1 day + 14 to 21 days,IHG Rewards Club,Estimated via IHG Rewards Club.
HSBC TravelOne,Finnair Plus,CREDIT_CARD,AIRLINE,1:1,1.0,0 to 1 day + Instant,Qatar Privilege Club,Estimated via Qatar Privilege Club.
HSBC TravelOne,Flying Blue,CREDIT_CARD,AIRLINE,1:1,1.0,0 to 1 day + 7 to 10 days,Accor Live Limitless,Estimated via Accor Live Limitless.
HSBC TravelOne,Flying Blue,CREDIT_CARD,AIRLINE,1:1,1.0,0 to 1 day,Direct,
HSBC TravelOne,Flying Blue,CREDIT_CARD,AIRLINE,5:1,5.0,0 to 1 day + 14 to 21 days,IHG Rewards Club,Estimated via IHG Rewards Club.
HSBC TravelOne,Flying Blue,CREDIT_CARD,AIRLINE,3:1,3.0,0 to 1 day + Up to 3 Days,Marriott Bonvoy,Estimated via Marriott Bonvoy.
HSBC TravelOne,Fortune Wings Club,CREDIT_CARD,AIRLINE,2:1,2.0,0 to 1 day,Direct,
HSBC TravelOne,Fortune Wings Club,CREDIT_CARD,AIRLINE,5:1,5.0,0 to 1 day + 14 to 21 days,IHG Rewards Club,Estimated via IHG Rewards Club.
HSBC TravelOne,Fortune Wings Club,CREDIT_CARD,AIRLINE,3:1,3.0,0 to 1 day + Up to 8 Days,Marriott Bonvoy,Estimated via Marriott Bonvoy.
HSBC TravelOne,Frontier Miles,CREDIT_CARD,AIRLINE,3:1,3.0,0 to 1 day + Up to 30 Days,Marriott Bonvoy,Estimated via Marriott Bonvoy.
HSBC TravelOne,Golden Circle,CREDIT_CARD,HOTEL,5:1,5.0,0 to 1 day,Direct,
HSBC TravelOne,IHG Rewards Club,CREDIT_CARD,HOTEL,1:1,1.0,0 to 1 day,Direct,
HSBC TravelOne,Iberia Club,CREDIT_CARD,AIRLINE,1:1,1.0,0 to 1 day + 7 to 10 days,Accor Live Limitless,Estimated via Accor Live Limitless.
HSBC TravelOne,Iberia Club,CREDIT_CARD,AIRLINE,1:1,1.0,0 to 1 day + Instant,British Airways Executive Club,Estimated via British Airways Executive Club.
HSBC TravelOne,Iberia Club,CREDIT_CARD,AIRLINE,5:1,5.0,0 to 1 day + 14 to 21 days,IHG Rewards Club,Estimated via IHG Rewards Club.
HSBC TravelOne,Iberia Club,CREDIT_CARD,AIRLINE,3:1,3.0,0 to 1 day + Up to 1 Day,Marriott Bonvoy,Estimated via Marriott Bonvoy.
HSBC TravelOne,Iberia Club,CREDIT_CARD,AIRLINE,1:1,1.0,0 to 1 day + Instant,Qatar Privilege Club,Estimated via Qatar Privilege Club.
HSBC TravelOne,Infinity MileageLands,CREDIT_CARD,AIRLINE,1:1,1.0,0 to 1 day,Direct,
HSBC TravelOne,Infinity MileageLands,CREDIT_CARD,AIRLINE,5:1,5.0,0 to 1 day + 14 to 21 days,IHG Rewards Club,Estimated via IHG Rewards Club.
HSBC TravelOne,JAL Mileage Bank,CREDIT_CARD,AIRLINE,2:1,2.0,0 to 1 day + 7 to 10 days,Accor Live Limitless,Estimated via Accor Live Limitless.
HSBC TravelOne,JAL Mileage Bank,CREDIT_CARD,AIRLINE,1:1,1.0,0 to 1 day,Direct,
HSBC TravelOne,JAL Mileage Bank,CREDIT_CARD,AIRLINE,5:1,5.0,0 to 1 day + 14 to 21 days,IHG Rewards Club,Estimated via IHG Rewards Club.
HSBC TravelOne,JAL Mileage Bank,CREDIT_CARD,AIRLINE,3:1,3.0,0 to 1 day + Up to 2 Days,Marriott Bonvoy,Estimated via Marriott Bonvoy.
HSBC TravelOne,Juneyao Air,CREDIT_CARD,AIRLINE,93:7,13.3,0 to 1 day + 7 to 10 days,Accor Live Limitless,Estimated via Accor Live Limitless.
HSBC TravelOne,KrisFlyer,CREDIT_CARD,AIRLINE,2:1,2.0,0 to 1 day + 7 to 10 days,Accor Live Limitless,Estimated via Accor Live Limitless.
HSBC TravelOne,KrisFlyer,CREDIT_CARD,AIRLINE,1:1,1.0,0 to 1 day,Direct,
HSBC TravelOne,KrisFlyer,CREDIT_CARD,AIRLINE,5:1,5.0,0 to 1 day + 14 to 21 days,IHG Rewards Club,Estimated via IHG Rewards Club.
HSBC TravelOne,KrisFlyer,CREDIT_CARD,AIRLINE,3:1,3.0,0 to 1 day + 1 to 7 days,Marriott Bonvoy,Estimated via Marriott Bonvoy.
HSBC TravelOne,LATAM Pass,CREDIT_CARD,AIRLINE,2:1,2.0,0 to 1 day + 7 to 10 days,Accor Live Limitless,Estimated via Accor Live Limitless.
HSBC TravelOne,LATAM Pass,CREDIT_CARD,AIRLINE,3:1,3.0,0 to 1 day + 1 to 7 days,Marriott Bonvoy,Estimated via Marriott Bonvoy.
HSBC TravelOne,LifeMiles,CREDIT_CARD,AIRLINE,2:1,2.0,0 to 1 day + 7 to 10 days,Accor Live Limitless,Estimated via Accor Live Limitless.
HSBC TravelOne,LifeMiles,CREDIT_CARD,AIRLINE,5:1,5.0,0 to 1 day + 14 to 21 days,IHG Rewards Club,Estimated via IHG Rewards Club.
HSBC TravelOne,LifeMiles,CREDIT_CARD,AIRLINE,3:1,3.0,0 to 1 day + 1 to 7 days,Marriott Bonvoy,Estimated via Marriott Bonvoy.
HSBC TravelOne,Lotusmiles,CREDIT_CARD,AIRLINE,3:2,1.5,0 to 1 day + 7 to 10 days,Accor Live Limitless,Estimated via Accor Live Limitless.
HSBC TravelOne,Lotusmiles,CREDIT_CARD,AIRLINE,1:1,1.0,0 to 1 day,Direct,
HSBC TravelOne,Maharaja Club,CREDIT_CARD,AIRLINE,1:1,1.0,0 to 1 day,Direct,
HSBC TravelOne,Marriott Bonvoy,CREDIT_CARD,HOTEL,1:1,1.0,0 to 1 day,Direct,
HSBC TravelOne,Marriott Bonvoy,CREDIT_CARD,HOTEL,4:3,1.3333333333333333,0 to 1 day + Up to 7 days,JAL Mileage Bank,Estimated via JAL Mileage Bank.
HSBC TravelOne,Marriott Bonvoy,CREDIT_CARD,HOTEL,4:3,1.3333333333333333,0 to 1 day + Up to 7 days,KrisFlyer,Estimated via KrisFlyer.
HSBC TravelOne,Marriott Bonvoy,CREDIT_CARD,HOTEL,2:1,2.0,0 to 1 day + Up to 7 days,MileagePlus,Estimated via MileagePlus.
HSBC TravelOne,Marriott Bonvoy,CREDIT_CARD,HOTEL,2:1,2.0,0 to 1 day + Up to 7 days,Qatar Privilege Club,Estimated via Qatar Privilege Club.
HSBC TravelOne,MileagePlus,CREDIT_CARD,AIRLINE,2:1,2.0,0 to 1 day + 7 to 10 days,Accor Live Limitless,Estimated via Accor Live Limitless.
HSBC TravelOne,MileagePlus,CREDIT_CARD,AIRLINE,2:1,2.0,0 to 1 day,Direct,
HSBC TravelOne,MileagePlus,CREDIT_CARD,AIRLINE,5:1,5.0,0 to 1 day + 14 to 21 days,IHG Rewards Club,Estimated via IHG Rewards Club.
HSBC TravelOne,MileagePlus,CREDIT_CARD,AIRLINE,3:1,3.0,0 to 1 day + 1 to 7 days,Marriott Bonvoy,Estimated via Marriott Bonvoy.
HSBC TravelOne,Miles & More,CREDIT_CARD,AIRLINE,5:1,5.0,0 to 1 day + 14 to 21 days,IHG Rewards Club,Estimated via IHG Rewards Club.
HSBC TravelOne,Miles & Smiles,CREDIT_CARD,AIRLINE,2:1,2.0,0 to 1 day,Direct,
HSBC TravelOne,Miles & Smiles,CREDIT_CARD,AIRLINE,5:1,5.0,0 to 1 day + 14 to 21 days,IHG Rewards Club,Estimated via IHG Rewards Club.
HSBC TravelOne,Miles & Smiles,CREDIT_CARD,AIRLINE,3:1,3.0,0 to 1 day + 1 to 7 days,Marriott Bonvoy,Estimated via Marriott Bonvoy.
HSBC TravelOne,Miles-Bonus,CREDIT_CARD,AIRLINE,2:1,2.0,0 to 1 day + 7 to 10 days,Accor Live Limitless,Estimated via Accor Live Limitless.
HSBC TravelOne,Miles-Bonus,CREDIT_CARD,AIRLINE,3:1,3.0,0 to 1 day + Up to 3 Days,Marriott Bonvoy,Estimated via Marriott Bonvoy.
HSBC TravelOne,Phoenix Miles,CREDIT_CARD,AIRLINE,5:4,1.25,0 to 1 day + 7 to 10 days,Accor Live Limitless,Estimated via Accor Live Limitless.
HSBC TravelOne,Phoenix Miles,CREDIT_CARD,AIRLINE,5:1,5.0,0 to 1 day + 14 to 21 days,IHG Rewards Club,Estimated via IHG Rewards Club.
HSBC TravelOne,Phoenix Miles,CREDIT_CARD,AIRLINE,3:1,3.0,0 to 1 day + 1 to 7 days,Marriott Bonvoy,Estimated via Marriott Bonvoy.
HSBC TravelOne,Qantas Frequent Flyer,CREDIT_CARD,AIRLINE,4:5,0.8,0 to 1 day + 7 to 10 days,Accor Live Limitless,Estimated via Accor Live Limitless.
HSBC TravelOne,Qantas Frequent Flyer,CREDIT_CARD,AIRLINE,1:1,1.0,0 to 1 day,Direct,
HSBC TravelOne,Qantas Frequent Flyer,CREDIT_CARD,AIRLINE,5:1,5.0,0 to 1 day + 14 to 21 days,IHG Rewards Club,Estimated via IHG Rewards Club.
HSBC TravelOne,Qantas Frequent Flyer,CREDIT_CARD,AIRLINE,3:1,3.0,0 to 1 day + 1 to 7 days,Marriott Bonvoy,Estimated via Marriott Bonvoy.
HSBC TravelOne,Qatar Privilege Club,CREDIT_CARD,AIRLINE,2:1,2.0,0 to 1 day + 7 to 10 days,Accor Live Limitless,Estimated via Accor Live Limitless.
HSBC TravelOne,Qatar Privilege Club,CREDIT_CARD,AIRLINE,1:1,1.0,0 to 1 day + Instant,British Airways Executive Club,Estimated via British Airways Executive Club.
HSBC TravelOne,Qatar Privilege Club,CREDIT_CARD,AIRLINE,1:1,1.0,0 to 1 day,Direct,
HSBC TravelOne,Qatar Privilege Club,CREDIT_CARD,AIRLINE,5:1,5.0,0 to 1 day + 14 to 21 days,IHG Rewards Club,Estimated via IHG Rewards Club.
HSBC TravelOne,Qatar Privilege Club,CREDIT_CARD,AIRLINE,3:1,3.0,0 to 1 day + Up to 3 Days,Marriott Bonvoy,Estimated via Marriott Bonvoy.
HSBC TravelOne,Rapid Rewards,CREDIT_CARD,AIRLINE,3:1,3.0,0 to 1 day + 1 to 7 days,Marriott Bonvoy,Estimated via Marriott Bonvoy.
HSBC TravelOne,Royal Orchid Plus,CREDIT_CARD,AIRLINE,2:1,2.0,0 to 1 day + 7 to 10 days,Accor Live Limitless,Estimated via Accor Live Limitless.
HSBC TravelOne,Royal Orchid Plus,CREDIT_CARD,AIRLINE,1:1,1.0,0 to 1 day,Direct,
HSBC TravelOne,Royal Orchid Plus,CREDIT_CARD,AIRLINE,5:1,5.0,0 to 1 day + 14 to 21 days,IHG Rewards Club,Estimated via IHG Rewards Club.
HSBC TravelOne,Royal Orchid Plus,CREDIT_CARD,AIRLINE,3:1,3.0,0 to 1 day + 1 to 7 days,Marriott Bonvoy,Estimated via Marriott Bonvoy.
HSBC TravelOne,Saudia Alfursan,CREDIT_CARD,AIRLINE,5:1,5.0,0 to 1 day + 14 to 21 days,IHG Rewards Club,Estimated via IHG Rewards Club.
HSBC TravelOne,Saudia Alfursan,CREDIT_CARD,AIRLINE,3:1,3.0,0 to 1 day + 1 to 7 days,Marriott Bonvoy,Estimated via Marriott Bonvoy.
HSBC TravelOne,ShebaMiles,CREDIT_CARD,AIRLINE,3:1,3.0,0 to 1 day + 1 to 7 days,Marriott Bonvoy,Estimated via Marriott Bonvoy.
HSBC TravelOne,Sky Pearl Club,CREDIT_CARD,AIRLINE,5:1,5.0,0 to 1 day + 14 to 21 days,IHG Rewards Club,Estimated via IHG Rewards Club.
HSBC TravelOne,Sky Pearl Club,CREDIT_CARD,AIRLINE,3:1,3.0,0 to 1 day + 1 to 7 days,Marriott Bonvoy,Estimated via Marriott Bonvoy.
HSBC TravelOne,Skypass,CREDIT_CARD,AIRLINE,2:1,2.0,0 to 1 day + 7 to 10 days,Accor Live Limitless,Estimated via Accor Live Limitless.
HSBC TravelOne,Skypass,CREDIT_CARD,AIRLINE,5:1,5.0,0 to 1 day + 14 to 21 days,IHG Rewards Club,Estimated via IHG Rewards Club.
HSBC TravelOne,Smiles GOL,CREDIT_CARD,AIRLINE,2:1,2.0,0 to 1 day + 7 to 10 days,Accor Live Limitless,Estimated via Accor Live Limitless.
HSBC TravelOne,Suma,CREDIT_CARD,DEFAULT,1:1,1.0,0 to 1 day + 7 to 10 days,Accor Live Limitless,Estimated via Accor Live Limitless.
HSBC TravelOne,Tap Miles & Go,CREDIT_CARD,AIRLINE,2:1,2.0,0 to 1 day + 7 to 10 days,Accor Live Limitless,Estimated via Accor Live Limitless.
HSBC TravelOne,Tap Miles & Go,CREDIT_CARD,AIRLINE,5:1,5.0,0 to 1 day + 14 to 21 days,IHG Rewards Club,Estimated via IHG Rewards Club.
HSBC TravelOne,Tap Miles & Go,CREDIT_CARD,AIRLINE,3:1,3.0,0 to 1 day + 1 to 7 days,Marriott Bonvoy,Estimated via Marriott Bonvoy.
HSBC TravelOne,TrueBlue,CREDIT_CARD,AIRLINE,5:1,5.0,0 to 1 day + 14 to 21 days,IHG Rewards Club,Estimated via IHG Rewards Club.
HSBC TravelOne,Velocity,CREDIT_CARD,AIRLINE,1:1,1.0,0 to 1 day + 7 to 10 days,Accor Live Limitless,Estimated via Accor Live Limitless.
HSBC TravelOne,Velocity,CREDIT_CARD,AIRLINE,5:1,5.0,0 to 1 day + 14 to 21 days,IHG Rewards Club,Estimated via IHG Rewards Club.
HSBC TravelOne,Velocity,CREDIT_CARD,AIRLINE,3:1,3.0,0 to 1 day + 1 to 7 days,Marriott Bonvoy,Estimated via Marriott Bonvoy.
HSBC TravelOne,Virgin Atlantic Flying Club,CREDIT_CARD,AIRLINE,5:1,5.0,0 to 1 day + 14 to 21 days,IHG Rewards Club,Estimated via IHG Rewards Club.
HSBC TravelOne,Virgin Atlantic Flying Club,CREDIT_CARD,AIRLINE,3:1,3.0,0 to 1 day + 1 to 7 days,Marriott Bonvoy,Estimated via Marriott Bonvoy.
HSBC TravelOne,Voyager,CREDIT_CARD,AIRLINE,5:1,5.0,0 to 1 day + 14 to 21 days,IHG Rewards Club,Estimated via IHG Rewards Club.
HSBC TravelOne,Vueling Club,CREDIT_CARD,AIRLINE,1:1,1.0,0 to 1 day + Instant,British Airways Executive Club,Estimated via British Airways Executive Club.
HSBC TravelOne,Vueling Club,CREDIT_CARD,AIRLINE,3:1,3.0,0 to 1 day + 1 to 7 days,Marriott Bonvoy,Estimated via Marriott Bonvoy.
HSBC TravelOne,Vueling Club,CREDIT_CARD,AIRLINE,1:1,1.0,0 to 1 day + Instant,Qatar Privilege Club,Estimated via Qatar Privilege Club.
HSBC TravelOne,Wyndham,CREDIT_CARD,HOTEL,1:1,1.0,0 to 1 day,Direct,
HSBC VisaPlatinum,ANA Mileage Club,CREDIT_CARD,AIRLINE,10:1,10.0,0 to 1 day + 14 to 21 days,IHG Rewards Club,Estimated via IHG Rewards Club.
HSBC VisaPlatinum,ANA Mileage Club,CREDIT_CARD,AIRLINE,6:1,6.0,0 to 1 day + Up to 4 Days,Marriott Bonvoy,Estimated via Marriott Bonvoy.
HSBC VisaPlatinum,Accor Live Limitless,CREDIT_CARD,HOTEL,2:1,2.0,0 to 1 day,Direct,
HSBC VisaPlatinum,Accor Live Limitless,CREDIT_CARD,HOTEL,10:1,10.0,0 to 1 day + Up to 7 days,JAL Mileage Bank,Estimated via JAL Mileage Bank.
HSBC VisaPlatinum,Accor Live Limitless,CREDIT_CARD,HOTEL,9:1,9.0,0 to 1 day + Up to 7 days,KrisFlyer,Estimated via KrisFlyer.
HSBC VisaPlatinum,Accor Live Limitless,CREDIT_CARD,HOTEL,12:1,12.0,0 to 1 day + Up to 7 days,Lotusmiles,Estimated via Lotusmiles.
HSBC VisaPlatinum,Accor Live Limitless,CREDIT_CARD,HOTEL,7:1,7.0,0 to 1 day + Up to 7 days,Qatar Privilege Club,Estimated via Qatar Privilege Club.
HSBC VisaPlatinum,AerClub,CREDIT_CARD,AIRLINE,2:1,2.0,0 to 1 day + Instant,British Airways Executive Club,Estimated via British Airways Executive Club.
HSBC VisaPlatinum,AerClub,CREDIT_CARD,AIRLINE,6:1,6.0,0 to 1 day + Up to 3 Days,Marriott Bonvoy,Estimated via Marriott Bonvoy.
HSBC VisaPlatinum,AerClub,CREDIT_CARD,AIRLINE,2:1,2.0,0 to 1 day + Instant,Qatar Privilege Club,Estimated via Qatar Privilege Club.
HSBC VisaPlatinum,Aeromexico Rewards,CREDIT_CARD,AIRLINE,4:1,4.0,0 to 1 day + 7 to 10 days,Accor Live Limitless,Estimated via Accor Live Limitless.
HSBC VisaPlatinum,Aeromexico Rewards,CREDIT_CARD,AIRLINE,10:1,10.0,0 to 1 day + 14 to 21 days,IHG Rewards Club,Estimated via IHG Rewards Club.
HSBC VisaPlatinum,Aeromexico Rewards,CREDIT_CARD,AIRLINE,6:1,6.0,0 to 1 day + Up to 4 Days,Marriott Bonvoy,Estimated via Marriott Bonvoy.
HSBC VisaPlatinum,Aeroplan,CREDIT_CARD,AIRLINE,4:1,4.0,0 to 1 day + 7 to 10 days,Accor Live Limitless,Estimated via Accor Live Limitless.
HSBC VisaPlatinum,Aeroplan,CREDIT_CARD,AIRLINE,10:1,10.0,0 to 1 day + 14 to 21 days,IHG Rewards Club,Estimated via IHG Rewards Club.
HSBC VisaPlatinum,Aeroplan,CREDIT_CARD,AIRLINE,6:1,6.0,0 to 1 day + Up to 4 Days,Marriott Bonvoy,Estimated via Marriott Bonvoy.
HSBC VisaPlatinum,AirAsia Rewards,CREDIT_CARD,AIRLINE,1:2,0.5,0 to 1 day,Direct,
HSBC VisaPlatinum,American Airlines AAdvantage,CREDIT_CARD,AIRLINE,10:1,10.0,0 to 1 day + 14 to 21 days,IHG Rewards Club,Estimated via IHG Rewards Club.
HSBC VisaPlatinum,American Airlines AAdvantage,CREDIT_CARD,AIRLINE,6:1,6.0,0 to 1 day + 1 to 7 days,Marriott Bonvoy,Estimated via Marriott Bonvoy.
HSBC VisaPlatinum,Asia Miles (Cathay),CREDIT_CARD,AIRLINE,4:1,4.0,0 to 1 day + 7 to 10 days,Accor Live Limitless,Estimated via Accor Live Limitless.
HSBC VisaPlatinum,Asia Miles (Cathay),CREDIT_CARD,AIRLINE,10:1,10.0,0 to 1 day + 14 to 21 days,IHG Rewards Club,Estimated via IHG Rewards Club.
HSBC VisaPlatinum,Asia Miles (Cathay),CREDIT_CARD,AIRLINE,6:1,6.0,0 to 1 day + Up to 5 Days,Marriott Bonvoy,Estimated via Marriott Bonvoy.
HSBC VisaPlatinum,Asiana Club,CREDIT_CARD,AIRLINE,6:1,6.0,0 to 1 day + Up to 4 Days,Marriott Bonvoy,Estimated via Marriott Bonvoy.
HSBC VisaPlatinum,Atmos Rewards,CREDIT_CARD,AIRLINE,10:1,10.0,0 to 1 day + 14 to 21 days,IHG Rewards Club,Estimated via IHG Rewards Club.
HSBC VisaPlatinum,Atmos Rewards,CREDIT_CARD,AIRLINE,6:1,6.0,0 to 1 day + Up to 4 Days,Marriott Bonvoy,Estimated via Marriott Bonvoy.
HSBC VisaPlatinum,British Airways Executive Club,CREDIT_CARD,AIRLINE,4:1,4.0,0 to 1 day + 7 to 10 days,Accor Live Limitless,Estimated via Accor Live Limitless.
HSBC VisaPlatinum,British Airways Executive Club,CREDIT_CARD,AIRLINE,2:1,2.0,0 to 1 day,Direct,
HSBC VisaPlatinum,British Airways Executive Club,CREDIT_CARD,AIRLINE,10:1,10.0,0 to 1 day + 14 to 21 days,IHG Rewards Club,Estimated via IHG Rewards Club.
HSBC VisaPlatinum,British Airways Executive Club,CREDIT_CARD,AIRLINE,6:1,6.0,0 to 1 day + Up to 3 Days,Marriott Bonvoy,Estimated via Marriott Bonvoy.
HSBC VisaPlatinum,British Airways Executive Club,CREDIT_CARD,AIRLINE,2:1,2.0,0 to 1 day + Instant,Qatar Privilege Club,Estimated via Qatar Privilege Club.
HSBC VisaPlatinum,ConnectMiles,CREDIT_CARD,AIRLINE,6:1,6.0,0 to 1 day + 1 to 7 days,Marriott Bonvoy,Estimated via Marriott Bonvoy.
HSBC VisaPlatinum,Delta SkyMiles,CREDIT_CARD,AIRLINE,4:1,4.0,0 to 1 day + 7 to 10 days,Accor Live Limitless,Estimated via Accor Live Limitless.
HSBC VisaPlatinum,Delta SkyMiles,CREDIT_CARD,AIRLINE,10:1,10.0,0 to 1 day + 14 to 21 days,IHG Rewards Club,Estimated via IHG Rewards Club.
HSBC VisaPlatinum,Delta SkyMiles,CREDIT_CARD,AIRLINE,6:1,6.0,0 to 1 day + Up to 1 Day,Marriott Bonvoy,Estimated via Marriott Bonvoy.
HSBC VisaPlatinum,Eastern Miles,CREDIT_CARD,AIRLINE,10:1,10.0,0 to 1 day + 14 to 21 days,IHG Rewards Club,Estimated via IHG Rewards Club.
HSBC VisaPlatinum,Emirates Skywards,CREDIT_CARD,AIRLINE,4:1,4.0,0 to 1 day + 7 to 10 days,Accor Live Limitless,Estimated via Accor Live Limitless.
HSBC VisaPlatinum,Emirates Skywards,CREDIT_CARD,AIRLINE,10:1,10.0,0 to 1 day + 14 to 21 days,IHG Rewards Club,Estimated via IHG Rewards Club.
HSBC VisaPlatinum,Emirates Skywards,CREDIT_CARD,AIRLINE,6:1,6.0,0 to 1 day + Up to 3 Days,Marriott Bonvoy,Estimated via Marriott Bonvoy.
HSBC VisaPlatinum,Enrich,CREDIT_CARD,AIRLINE,10:1,10.0,0 to 1 day + 14 to 21 days,IHG Rewards Club,Estimated via IHG Rewards Club.
HSBC VisaPlatinum,Etihad Guest,CREDIT_CARD,AIRLINE,4:1,4.0,0 to 1 day + 7 to 10 days,Accor Live Limitless,Estimated via Accor Live Limitless.
HSBC VisaPlatinum,Etihad Guest,CREDIT_CARD,AIRLINE,2:1,2.0,0 to 1 day,Direct,
HSBC VisaPlatinum,Etihad Guest,CREDIT_CARD,AIRLINE,10:1,10.0,0 to 1 day + 14 to 21 days,IHG Rewards Club,Estimated via IHG Rewards Club.
HSBC VisaPlatinum,Etihad Guest,CREDIT_CARD,AIRLINE,6:1,6.0,0 to 1 day + Up to 3 Days,Marriott Bonvoy,Estimated via Marriott Bonvoy.
HSBC VisaPlatinum,FalconFlyer,CREDIT_CARD,AIRLINE,4:1,4.0,0 to 1 day + 7 to 10 days,Accor Live Limitless,Estimated via Accor Live Limitless.
HSBC VisaPlatinum,FalconFlyer,CREDIT_CARD,AIRLINE,10:1,10.0,0 to 1 day + 14 to 21 days,IHG Rewards Club,Estimated via IHG Rewards Club.
HSBC VisaPlatinum,Finnair Plus,CREDIT_CARD,AIRLINE,77:25,3.08,0 to 1 day + 7 to 10 days,Accor Live Limitless,Estimated via Accor Live Limitless.
HSBC VisaPlatinum,Finnair Plus,CREDIT_CARD,AIRLINE,2:1,2.0,0 to 1 day + Instant,British Airways Executive Club,Estimated via British Airways Executive Club.
HSBC VisaPlatinum,Finnair Plus,CREDIT_CARD,AIRLINE,10:1,10.0,0 to 1 day + 14 to 21 days,IHG Rewards Club,Estimated via IHG Rewards Club.
HSBC VisaPlatinum,Finnair Plus,CREDIT_CARD,AIRLINE,2:1,2.0,0 to 1 day + Instant,Qatar Privilege Club,Estimated via Qatar Privilege Club.
HSBC VisaPlatinum,Flying Blue,CREDIT_CARD,AIRLINE,2:1,2.0,0 to 1 day + 7 to 10 days,Accor Live Limitless,Estimated via Accor Live Limitless.
HSBC VisaPlatinum,Flying Blue,CREDIT_CARD,AIRLINE,2:1,2.0,0 to 1 day,Direct,
HSBC VisaPlatinum,Flying Blue,CREDIT_CARD,AIRLINE,10:1,10.0,0 to 1 day + 14 to 21 days,IHG Rewards Club,Estimated via IHG Rewards Club.
HSBC VisaPlatinum,Flying Blue,CREDIT_CARD,AIRLINE,6:1,6.0,0 to 1 day + Up to 3 Days,Marriott Bonvoy,Estimated via Marriott Bonvoy.
HSBC VisaPlatinum,Fortune Wings Club,CREDIT_CARD,AIRLINE,4:1,4.0,0 to 1 day,Direct,
HSBC VisaPlatinum,Fortune Wings Club,CREDIT_CARD,AIRLINE,10:1,10.0,0 to 1 day + 14 to 21 days,IHG Rewards Club,Estimated via IHG Rewards Club.
HSBC VisaPlatinum,Fortune Wings Club,CREDIT_CARD,AIRLINE,6:1,6.0,0 to 1 day + Up to 8 Days,Marriott Bonvoy,Estimated via Marriott Bonvoy.
HSBC VisaPlatinum,Frontier Miles,CREDIT_CARD,AIRLINE,6:1,6.0,0 to 1 day + Up to 30 Days,Marriott Bonvoy,Estimated via Marriott Bonvoy.
HSBC VisaPlatinum,Golden Circle,CREDIT_CARD,HOTEL,10:1,10.0,0 to 1 day,Direct,
HSBC VisaPlatinum,IHG Rewards Club,CREDIT_CARD,HOTEL,2:1,2.0,0 to 1 day,Direct,
HSBC VisaPlatinum,Iberia Club,CREDIT_CARD,AIRLINE,2:1,2.0,0 to 1 day + 7 to 10 days,Accor Live Limitless,Estimated via Accor Live Limitless.
HSBC VisaPlatinum,Iberia Club,CREDIT_CARD,AIRLINE,2:1,2.0,0 to 1 day + Instant,British Airways Executive Club,Estimated via British Airways Executive Club.
HSBC VisaPlatinum,Iberia Club,CREDIT_CARD,AIRLINE,10:1,10.0,0 to 1 day + 14 to 21 days,IHG Rewards Club,Estimated via IHG Rewards Club.
HSBC VisaPlatinum,Iberia Club,CREDIT_CARD,AIRLINE,6:1,6.0,0 to 1 day + Up to 1 Day,Marriott Bonvoy,Estimated via Marriott Bonvoy.
HSBC VisaPlatinum,Iberia Club,CREDIT_CARD,AIRLINE,2:1,2.0,0 to 1 day + Instant,Qatar Privilege Club,Estimated via Qatar Privilege Club.
HSBC VisaPlatinum,Infinity MileageLands,CREDIT_CARD,AIRLINE,2:1,2.0,0 to 1 day,Direct,
HSBC VisaPlatinum,Infinity MileageLands,CREDIT_CARD,AIRLINE,10:1,10.0,0 to 1 day + 14 to 21 days,IHG Rewards Club,Estimated via IHG Rewards Club.
HSBC VisaPlatinum,JAL Mileage Bank,CREDIT_CARD,AIRLINE,4:1,4.0,0 to 1 day + 7 to 10 days,Accor Live Limitless,Estimated via Accor Live Limitless.
HSBC VisaPlatinum,JAL Mileage Bank,CREDIT_CARD,AIRLINE,2:1,2.0,0 to 1 day,Direct,
HSBC VisaPlatinum,JAL Mileage Bank,CREDIT_CARD,AIRLINE,10:1,10.0,0 to 1 day + 14 to 21 days,IHG Rewards Club,Estimated via IHG Rewards Club.
HSBC VisaPlatinum,JAL Mileage Bank,CREDIT_CARD,AIRLINE,6:1,6.0,0 to 1 day + Up to 2 Days,Marriott Bonvoy,Estimated via Marriott Bonvoy.
HSBC VisaPlatinum,Juneyao Air,CREDIT_CARD,AIRLINE,80:3,26.6,0 to 1 day + 7 to 10 days,Accor Live Limitless,Estimated via Accor Live Limitless.
HSBC VisaPlatinum,KrisFlyer,CREDIT_CARD,AIRLINE,4:1,4.0,0 to 1 day + 7 to 10 days,Accor Live Limitless,Estimated via Accor Live Limitless.
HSBC VisaPlatinum,KrisFlyer,CREDIT_CARD,AIRLINE,2:1,2.0,0 to 1 day,Direct,
HSBC VisaPlatinum,KrisFlyer,CREDIT_CARD,AIRLINE,10:1,10.0,0 to 1 day + 14 to 21 days,IHG Rewards Club,Estimated via IHG Rewards Club.
HSBC VisaPlatinum,KrisFlyer,CREDIT_CARD,AIRLINE,6:1,6.0,0 to 1 day + 1 to 7 days,Marriott Bonvoy,Estimated via Marriott Bonvoy.
HSBC VisaPlatinum,LATAM Pass,CREDIT_CARD,AIRLINE,4:1,4.0,0 to 1 day + 7 to 10 days,Accor Live Limitless,Estimated via Accor Live Limitless.
HSBC VisaPlatinum,LATAM Pass,CREDIT_CARD,AIRLINE,6:1,6.0,0 to 1 day + 1 to 7 days,Marriott Bonvoy,Estimated via Marriott Bonvoy.
HSBC VisaPlatinum,LifeMiles,CREDIT_CARD,AIRLINE,4:1,4.0,0 to 1 day + 7 to 10 days,Accor Live Limitless,Estimated via Accor Live Limitless.
HSBC VisaPlatinum,LifeMiles,CREDIT_CARD,AIRLINE,10:1,10.0,0 to 1 day + 14 to 21 days,IHG Rewards Club,Estimated via IHG Rewards Club.
HSBC VisaPlatinum,LifeMiles,CREDIT_CARD,AIRLINE,6:1,6.0,0 to 1 day + 1 to 7 days,Marriott Bonvoy,Estimated via Marriott Bonvoy.
HSBC VisaPlatinum,Lotusmiles,CREDIT_CARD,AIRLINE,3:1,3.0,0 to 1 day + 7 to 10 days,Accor Live Limitless,Estimated via Accor Live Limitless.
HSBC VisaPlatinum,Lotusmiles,CREDIT_CARD,AIRLINE,2:1,2.0,0 to 1 day,Direct,
HSBC VisaPlatinum,Maharaja Club,CREDIT_CARD,AIRLINE,2:1,2.0,0 to 1 day,Direct,
HSBC VisaPlatinum,Marriott Bonvoy,CREDIT_CARD,HOTEL,2:1,2.0,0 to 1 day,Direct,
HSBC VisaPlatinum,Marriott Bonvoy,CREDIT_CARD,HOTEL,8:3,2.6666666666666665,0 to 1 day + Up to 7 days,JAL Mileage Bank,Estimated via JAL Mileage Bank.
HSBC VisaPlatinum,Marriott Bonvoy,CREDIT_CARD,HOTEL,8:3,2.6666666666666665,0 to 1 day + Up to 7 days,KrisFlyer,Estimated via KrisFlyer.
HSBC VisaPlatinum,Marriott Bonvoy,CREDIT_CARD,HOTEL,3:1,3.0,0 to 1 day + Up to 7 days,MileagePlus,Estimated via MileagePlus.
HSBC VisaPlatinum,Marriott Bonvoy,CREDIT_CARD,HOTEL,4:1,4.0,0 to 1 day + Up to 7 days,Qatar Privilege Club,Estimated via Qatar Privilege Club.
HSBC VisaPlatinum,MileagePlus,CREDIT_CARD,AIRLINE,4:1,4.0,0 to 1 day + 7 to 10 days,Accor Live Limitless,Estimated via Accor Live Limitless.
HSBC VisaPlatinum,MileagePlus,CREDIT_CARD,AIRLINE,3:1,3.0,0 to 1 day,Direct,
HSBC VisaPlatinum,MileagePlus,CREDIT_CARD,AIRLINE,10:1,10.0,0 to 1 day + 14 to 21 days,IHG Rewards Club,Estimated via IHG Rewards Club.
HSBC VisaPlatinum,MileagePlus,CREDIT_CARD,AIRLINE,6:1,6.0,0 to 1 day + 1 to 7 days,Marriott Bonvoy,Estimated via Marriott Bonvoy.
HSBC VisaPlatinum,Miles & More,CREDIT_CARD,AIRLINE,10:1,10.0,0 to 1 day + 14 to 21 days,IHG Rewards Club,Estimated via IHG Rewards Club.
HSBC VisaPlatinum,Miles & Smiles,CREDIT_CARD,AIRLINE,4:1,4.0,0 to 1 day,Direct,
HSBC VisaPlatinum,Miles & Smiles,CREDIT_CARD,AIRLINE,10:1,10.0,0 to 1 day + 14 to 21 days,IHG Rewards Club,Estimated via IHG Rewards Club.
HSBC VisaPlatinum,Miles & Smiles,CREDIT_CARD,AIRLINE,6:1,6.0,0 to 1 day + 1 to 7 days,Marriott Bonvoy,Estimated via Marriott Bonvoy.
HSBC VisaPlatinum,Miles-Bonus,CREDIT_CARD,AIRLINE,4:1,4.0,0 to 1 day + 7 to 10 days,Accor Live Limitless,Estimated via Accor Live Limitless.
HSBC VisaPlatinum,Miles-Bonus,CREDIT_CARD,AIRLINE,6:1,6.0,0 to 1 day + Up to 3 Days,Marriott Bonvoy,Estimated via Marriott Bonvoy.
HSBC VisaPlatinum,Phoenix Miles,CREDIT_CARD,AIRLINE,5:2,2.5,0 to 1 day + 7 to 10 days,Accor Live Limitless,Estimated via Accor Live Limitless.
HSBC VisaPlatinum,Phoenix Miles,CREDIT_CARD,AIRLINE,10:1,10.0,0 to 1 day + 14 to 21 days,IHG Rewards Club,Estimated via IHG Rewards Club.
HSBC VisaPlatinum,Phoenix Miles,CREDIT_CARD,AIRLINE,6:1,6.0,0 to 1 day + 1 to 7 days,Marriott Bonvoy,Estimated via Marriott Bonvoy.
HSBC VisaPlatinum,Qantas Frequent Flyer,CREDIT_CARD,AIRLINE,8:5,1.6,0 to 1 day + 7 to 10 days,Accor Live Limitless,Estimated via Accor Live Limitless.
HSBC VisaPlatinum,Qantas Frequent Flyer,CREDIT_CARD,AIRLINE,2:1,2.0,0 to 1 day,Direct,
HSBC VisaPlatinum,Qantas Frequent Flyer,CREDIT_CARD,AIRLINE,10:1,10.0,0 to 1 day + 14 to 21 days,IHG Rewards Club,Estimated via IHG Rewards Club.
HSBC VisaPlatinum,Qantas Frequent Flyer,CREDIT_CARD,AIRLINE,6:1,6.0,0 to 1 day + 1 to 7 days,Marriott Bonvoy,Estimated via Marriott Bonvoy.
HSBC VisaPlatinum,Qatar Privilege Club,CREDIT_CARD,AIRLINE,4:1,4.0,0 to 1 day + 7 to 10 days,Accor Live Limitless,Estimated via Accor Live Limitless.
HSBC VisaPlatinum,Qatar Privilege Club,CREDIT_CARD,AIRLINE,2:1,2.0,0 to 1 day + Instant,British Airways Executive Club,Estimated via British Airways Executive Club.
HSBC VisaPlatinum,Qatar Privilege Club,CREDIT_CARD,AIRLINE,2:1,2.0,0 to 1 day,Direct,
HSBC VisaPlatinum,Qatar Privilege Club,CREDIT_CARD,AIRLINE,10:1,10.0,0 to 1 day + 14 to 21 days,IHG Rewards Club,Estimated via IHG Rewards Club.
HSBC VisaPlatinum,Qatar Privilege Club,CREDIT_CARD,AIRLINE,6:1,6.0,0 to 1 day + Up to 3 Days,Marriott Bonvoy,Estimated via Marriott Bonvoy.
HSBC VisaPlatinum,Rapid Rewards,CREDIT_CARD,AIRLINE,6:1,6.0,0 to 1 day + 1 to 7 days,Marriott Bonvoy,Estimated via Marriott Bonvoy.
HSBC VisaPlatinum,Royal Orchid Plus,CREDIT_CARD,AIRLINE,4:1,4.0,0 to 1 day + 7 to 10 days,Accor Live Limitless,Estimated via Accor Live Limitless.
HSBC VisaPlatinum,Royal Orchid Plus,CREDIT_CARD,AIRLINE,2:1,2.0,0 to 1 day,Direct,
HSBC VisaPlatinum,Royal Orchid Plus,CREDIT_CARD,AIRLINE,10:1,10.0,0 to 1 day + 14 to 21 days,IHG Rewards Club,Estimated via IHG Rewards Club.
HSBC VisaPlatinum,Royal Orchid Plus,CREDIT_CARD,AIRLINE,6:1,6.0,0 to 1 day + 1 to 7 days,Marriott Bonvoy,Estimated via Marriott Bonvoy.
HSBC VisaPlatinum,Saudia Alfursan,CREDIT_CARD,AIRLINE,10:1,10.0,0 to 1 day + 14 to 21 days,IHG Rewards Club,Estimated via IHG Rewards Club.
HSBC VisaPlatinum,Saudia Alfursan,CREDIT_CARD,AIRLINE,6:1,6.0,0 to 1 day + 1 to 7 days,Marriott Bonvoy,Estimated via Marriott Bonvoy.
HSBC VisaPlatinum,ShebaMiles,CREDIT_CARD,AIRLINE,6:1,6.0,0 to 1 day + 1 to 7 days,Marriott Bonvoy,Estimated via Marriott Bonvoy.
HSBC VisaPlatinum,Sky Pearl Club,CREDIT_CARD,AIRLINE,10:1,10.0,0 to 1 day + 14 to 21 days,IHG Rewards Club,Estimated via IHG Rewards Club.
HSBC VisaPlatinum,Sky Pearl Club,CREDIT_CARD,AIRLINE,6:1,6.0,0 to 1 day + 1 to 7 days,Marriott Bonvoy,Estimated via Marriott Bonvoy.
HSBC VisaPlatinum,Skypass,CREDIT_CARD,AIRLINE,4:1,4.0,0 to 1 day + 7 to 10 days,Accor Live Limitless,Estimated via Accor Live Limitless.
HSBC VisaPlatinum,Skypass,CREDIT_CARD,AIRLINE,10:1,10.0,0 to 1 day + 14 to 21 days,IHG Rewards Club,Estimated via IHG Rewards Club.
HSBC VisaPlatinum,Smiles GOL,CREDIT_CARD,AIRLINE,4:1,4.0,0 to 1 day + 7 to 10 days,Accor Live Limitless,Estimated via Accor Live Limitless.
HSBC VisaPlatinum,Suma,CREDIT_CARD,DEFAULT,2:1,2.0,0 to 1 day + 7 to 10 days,Accor Live Limitless,Estimated via Accor Live Limitless.
HSBC VisaPlatinum,Tap Miles & Go,CREDIT_CARD,AIRLINE,4:1,4.0,0 to 1 day + 7 to 10 days,Accor Live Limitless,Estimated via Accor Live Limitless.
HSBC VisaPlatinum,Tap Miles & Go,CREDIT_CARD,AIRLINE,10:1,10.0,0 to 1 day + 14 to 21 days,IHG Rewards Club,Estimated via IHG Rewards Club.
HSBC VisaPlatinum,Tap Miles & Go,CREDIT_CARD,AIRLINE,6:1,6.0,0 to 1 day + 1 to 7 days,Marriott Bonvoy,Estimated via Marriott Bonvoy.
HSBC VisaPlatinum,TrueBlue,CREDIT_CARD,AIRLINE,10:1,10.0,0 to 1 day + 14 to 21 days,IHG Rewards Club,Estimated via IHG Rewards Club.
HSBC VisaPlatinum,Velocity,CREDIT_CARD,AIRLINE,2:1,2.0,0 to 1 day + 7 to 10 days,Accor Live Limitless,Estimated via Accor Live Limitless.
HSBC VisaPlatinum,Velocity,CREDIT_CARD,AIRLINE,10:1,10.0,0 to 1 day + 14 to 21 days,IHG Rewards Club,Estimated via IHG Rewards Club.
HSBC VisaPlatinum,Velocity,CREDIT_CARD,AIRLINE,6:1,6.0,0 to 1 day + 1 to 7 days,Marriott Bonvoy,Estimated via Marriott Bonvoy.
HSBC VisaPlatinum,Virgin Atlantic Flying Club,CREDIT_CARD,AIRLINE,10:1,10.0,0 to 1 day + 14 to 21 days,IHG Rewards Club,Estimated via IHG Rewards Club.
HSBC VisaPlatinum,Virgin Atlantic Flying Club,CREDIT_CARD,AIRLINE,6:1,6.0,0 to 1 day + 1 to 7 days,Marriott Bonvoy,Estimated via Marriott Bonvoy.
HSBC VisaPlatinum,Voyager,CREDIT_CARD,AIRLINE,10:1,10.0,0 to 1 day + 14 to 21 days,IHG Rewards Club,Estimated via IHG Rewards Club.
HSBC VisaPlatinum,Vueling Club,CREDIT_CARD,AIRLINE,2:1,2.0,0 to 1 day + Instant,British Airways Executive Club,Estimated via British Airways Executive Club.
HSBC VisaPlatinum,Vueling Club,CREDIT_CARD,AIRLINE,6:1,6.0,0 to 1 day + 1 to 7 days,Marriott Bonvoy,Estimated via Marriott Bonvoy.
HSBC VisaPlatinum,Vueling Club,CREDIT_CARD,AIRLINE,2:1,2.0,0 to 1 day + Instant,Qatar Privilege Club,Estimated via Qatar Privilege Club.
HSBC VisaPlatinum,Wyndham,CREDIT_CARD,HOTEL,2:1,2.0,0 to 1 day,Direct,
Hilton Honors,ANA Mileage Club,HOTEL,AIRLINE,10:1,10.0,Up to 30 days,Direct,
Hilton Honors,Accor Live Limitless,HOTEL,HOTEL,40:1,40.0,Up to 30 days + Up to 7 days,Emirates Skywards,Estimated via Emirates Skywards.
Hilton Honors,Accor Live Limitless,HOTEL,HOTEL,50:1,49.99999999999999,Up to 30 days + Up to 7 days,JAL Mileage Bank,Estimated via JAL Mileage Bank.
Hilton Honors,Accor Live Limitless,HOTEL,HOTEL,36:1,36.0,Up to 30 days + Up to 7 days,KrisFlyer,Estimated via KrisFlyer.
Hilton Honors,Accor Live Limitless,HOTEL,HOTEL,35:1,35.0,Up to 30 days + Up to 7 days,Qatar Privilege Club,Estimated via Qatar Privilege Club.
Hilton Honors,AerClub,HOTEL,AIRLINE,10:1,10.0,Up to 30 days + Instant,British Airways Executive Club,Estimated via British Airways Executive Club.
Hilton Honors,AerClub,HOTEL,AIRLINE,10:1,10.0,Up to 30 days + Instant,Qatar Privilege Club,Estimated via Qatar Privilege Club.
Hilton Honors,Aeromexico Rewards,HOTEL,AIRLINE,50:13,3.846153846153846,Up to 30 days,Direct,
Hilton Honors,Aeroplan,HOTEL,AIRLINE,10:1,10.0,Up to 30 days,Direct,
Hilton Honors,AirAsia Rewards,HOTEL,AIRLINE,5:1,5.0,Up to 30 days,Direct,
Hilton Honors,Asia Miles (Cathay),HOTEL,AIRLINE,10:1,10.0,Up to 30 days,Direct,
Hilton Honors,British Airways Executive Club,HOTEL,AIRLINE,10:1,10.0,Up to 30 days,Direct,
Hilton Honors,British Airways Executive Club,HOTEL,AIRLINE,10:1,10.0,Up to 30 days + Instant,Qatar Privilege Club,Estimated via Qatar Privilege Club.
Hilton Honors,Delta SkyMiles,HOTEL,AIRLINE,10:1,10.0,Up to 30 days,Direct,
Hilton Honors,Eastern Miles,HOTEL,AIRLINE,10:1,10.0,Up to 30 days,Direct,
Hilton Honors,Emirates Skywards,HOTEL,AIRLINE,10:1,10.0,Up to 30 days,Direct,
Hilton Honors,Enrich,HOTEL,AIRLINE,25:3,8.333333333333334,Up to 30 days,Direct,
Hilton Honors,Etihad Guest,HOTEL,AIRLINE,10:1,10.0,Up to 30 days,Direct,
Hilton Honors,Finnair Plus,HOTEL,AIRLINE,10:1,10.0,Up to 30 days + Instant,British Airways Executive Club,Estimated via British Airways Executive Club.
Hilton Honors,Finnair Plus,HOTEL,AIRLINE,10:1,10.0,Up to 30 days + Instant,Qatar Privilege Club,Estimated via Qatar Privilege Club.
Hilton Honors,Flying Blue,HOTEL,AIRLINE,10:1,10.0,Up to 30 days,Direct,
Hilton Honors,Fortune Wings Club,HOTEL,AIRLINE,5:2,2.5,Up to 30 days,Direct,
Hilton Honors,Iberia Club,HOTEL,AIRLINE,10:1,10.0,Up to 30 days + Instant,British Airways Executive Club,Estimated via British Airways Executive Club.
Hilton Honors,Iberia Club,HOTEL,AIRLINE,10:1,10.0,Up to 30 days + Instant,Qatar Privilege Club,Estimated via Qatar Privilege Club.
Hilton Honors,Infinity MileageLands,HOTEL,AIRLINE,10:1,10.0,Up to 30 days,Direct,
Hilton Honors,JAL Mileage Bank,HOTEL,AIRLINE,10:1,10.0,Up to 30 days,Direct,
Hilton Honors,KrisFlyer,HOTEL,AIRLINE,8:1,8.0,Up to 30 days,Direct,
Hilton Honors,Marriott Bonvoy,HOTEL,HOTEL,10:1,10.0,Up to 30 days + Up to 7 days,ANA Mileage Club,Estimated via ANA Mileage Club.
Hilton Honors,Marriott Bonvoy,HOTEL,HOTEL,10:1,10.0,Up to 30 days + Up to 7 days,Aeroplan,Estimated via Aeroplan.
Hilton Honors,Marriott Bonvoy,HOTEL,HOTEL,20:1,20.0,Up to 30 days + Up to 7 days,Asia Miles (Cathay),Estimated via Asia Miles (Cathay).
Hilton Honors,Marriott Bonvoy,HOTEL,HOTEL,15:1,15.0,Up to 30 days + Up to 7 days,Emirates Skywards,Estimated via Emirates Skywards.
Hilton Honors,Marriott Bonvoy,HOTEL,HOTEL,40:3,13.333333333333332,Up to 30 days + Up to 7 days,JAL Mileage Bank,Estimated via JAL Mileage Bank.
Hilton Honors,Marriott Bonvoy,HOTEL,HOTEL,32:3,10.666666666666666,Up to 30 days + Up to 7 days,KrisFlyer,Estimated via KrisFlyer.
Hilton Honors,Marriott Bonvoy,HOTEL,HOTEL,10:1,10.0,Up to 30 days + Up to 7 days,MileagePlus,Estimated via MileagePlus.
Hilton Honors,Marriott Bonvoy,HOTEL,HOTEL,20:1,20.0,Up to 30 days + Up to 7 days,Qatar Privilege Club,Estimated via Qatar Privilege Club.
Hilton Honors,Marriott Bonvoy,HOTEL,HOTEL,20:1,20.0,Up to 30 days + Up to 7 days,ShebaMiles,Estimated via ShebaMiles.
Hilton Honors,MileagePlus,HOTEL,AIRLINE,10:1,10.0,Up to 30 days,Direct,
Hilton Honors,Miles & Smiles,HOTEL,AIRLINE,10:1,10.0,Up to 30 days,Direct,
Hilton Honors,Qantas Frequent Flyer,HOTEL,AIRLINE,20:3,6.666666666666667,Up to 30 days,Direct,
Hilton Honors,Qatar Privilege Club,HOTEL,AIRLINE,10:1,10.0,Up to 30 days + Instant,British Airways Executive Club,Estimated via British Airways Executive Club.
Hilton Honors,Qatar Privilege Club,HOTEL,AIRLINE,10:1,10.0,Up to 30 days,Direct,
Hilton Honors,Saudia Alfursan,HOTEL,AIRLINE,10:1,10.0,Up to 30 days,Direct,
Hilton Honors,ShebaMiles,HOTEL,AIRLINE,10:1,10.0,Up to 30 days,Direct,
Hilton Honors,Velocity,HOTEL,AIRLINE,20:3,6.666666666666667,Up to 30 days,Direct,
Hilton Honors,Virgin Atlantic Flying Club,HOTEL,AIRLINE,20:3,6.666666666666667,Up to 30 days,Direct,
Hilton Honors,Vueling Club,HOTEL,AIRLINE,10:1,10.0,Up to 30 days + Instant,British Airways Executive Club,Estimated via British Airways Executive Club.
Hilton Honors,Vueling Club,HOTEL,AIRLINE,10:1,10.0,Up to 30 days + Instant,Qatar Privilege Club,Estimated via Qatar Privilege Club.
ICICI Emeralde Private Metal,Maharaja Club,CREDIT_CARD,AIRLINE,1:1,1.0,Up to 7 days,Direct,
ICICI Times Black,Maharaja Club,CREDIT_CARD,AIRLINE,1:1,1.0,Up to 7 days,Direct,
IHG Rewards Club,ANA Mileage Club,HOTEL,AIRLINE,5:1,5.0,14 to 21 days,Direct,
IHG Rewards Club,Accor Live Limitless,HOTEL,HOTEL,20:1,20.0,14 to 21 days + Up to 7 days,Emirates Skywards,Estimated via Emirates Skywards.
IHG Rewards Club,Accor Live Limitless,HOTEL,HOTEL,20:1,20.0,14 to 21 days + Up to 7 days,FalconFlyer,Estimated via FalconFlyer.
IHG Rewards Club,Accor Live Limitless,HOTEL,HOTEL,23:1,23.0,14 to 21 days + Up to 7 days,Finnair Plus,Estimated via Finnair Plus.
IHG Rewards Club,Accor Live Limitless,HOTEL,HOTEL,25:1,24.999999999999996,14 to 21 days + Up to 7 days,JAL Mileage Bank,Estimated via JAL Mileage Bank.
IHG Rewards Club,Accor Live Limitless,HOTEL,HOTEL,45:2,22.5,14 to 21 days + Up to 7 days,KrisFlyer,Estimated via KrisFlyer.
IHG Rewards Club,Accor Live Limitless,HOTEL,HOTEL,35:2,17.5,14 to 21 days + Up to 7 days,Qatar Privilege Club,Estimated via Qatar Privilege Club.
IHG Rewards Club,AerClub,HOTEL,AIRLINE,5:1,5.0,14 to 21 days + Instant,British Airways Executive Club,Estimated via British Airways Executive Club.
IHG Rewards Club,AerClub,HOTEL,AIRLINE,5:1,5.0,14 to 21 days + Instant,Finnair Plus,Estimated via Finnair Plus.
IHG Rewards Club,AerClub,HOTEL,AIRLINE,5:1,5.0,14 to 21 days + Instant,Iberia Club,Estimated via Iberia Club.
IHG Rewards Club,AerClub,HOTEL,AIRLINE,5:1,5.0,14 to 21 days + Instant,Qatar Privilege Club,Estimated via Qatar Privilege Club.
IHG Rewards Club,Aeromexico Rewards,HOTEL,AIRLINE,5:1,5.0,14 to 21 days,Direct,
IHG Rewards Club,Aeroplan,HOTEL,AIRLINE,5:1,5.0,14 to 21 days,Direct,
IHG Rewards Club,American Airlines AAdvantage,HOTEL,AIRLINE,5:1,5.0,14 to 21 days,Direct,
IHG Rewards Club,Asia Miles (Cathay),HOTEL,AIRLINE,5:1,5.0,14 to 21 days,Direct,
IHG Rewards Club,Atmos Rewards,HOTEL,AIRLINE,5:1,5.0,14 to 21 days,Direct,
IHG Rewards Club,British Airways Executive Club,HOTEL,AIRLINE,5:1,5.0,14 to 21 days,Direct,
IHG Rewards Club,British Airways Executive Club,HOTEL,AIRLINE,5:1,5.0,14 to 21 days + Instant,Finnair Plus,Estimated via Finnair Plus.
IHG Rewards Club,British Airways Executive Club,HOTEL,AIRLINE,5:1,5.0,14 to 21 days + Instant,Iberia Club,Estimated via Iberia Club.
IHG Rewards Club,British Airways Executive Club,HOTEL,AIRLINE,5:1,5.0,14 to 21 days + Instant,Qatar Privilege Club,Estimated via Qatar Privilege Club.
IHG Rewards Club,Delta SkyMiles,HOTEL,AIRLINE,5:1,5.0,14 to 21 days,Direct,
IHG Rewards Club,Eastern Miles,HOTEL,AIRLINE,5:1,5.0,14 to 21 days,Direct,
IHG Rewards Club,Emirates Skywards,HOTEL,AIRLINE,5:1,5.0,14 to 21 days,Direct,
IHG Rewards Club,Enrich,HOTEL,AIRLINE,5:1,5.0,14 to 21 days,Direct,
IHG Rewards Club,Etihad Guest,HOTEL,AIRLINE,5:1,5.0,14 to 21 days,Direct,
IHG Rewards Club,FalconFlyer,HOTEL,AIRLINE,5:1,5.0,14 to 21 days,Direct,
IHG Rewards Club,Finnair Plus,HOTEL,AIRLINE,5:1,5.0,14 to 21 days + Instant,British Airways Executive Club,Estimated via British Airways Executive Club.
IHG Rewards Club,Finnair Plus,HOTEL,AIRLINE,5:1,5.0,14 to 21 days,Direct,
IHG Rewards Club,Finnair Plus,HOTEL,AIRLINE,5:1,5.0,14 to 21 days + Instant,Iberia Club,Estimated via Iberia Club.
IHG Rewards Club,Finnair Plus,HOTEL,AIRLINE,5:1,5.0,14 to 21 days + Instant,Qatar Privilege Club,Estimated via Qatar Privilege Club.
IHG Rewards Club,Flying Blue,HOTEL,AIRLINE,5:1,5.0,14 to 21 days,Direct,
IHG Rewards Club,Fortune Wings Club,HOTEL,AIRLINE,5:1,5.0,14 to 21 days,Direct,
IHG Rewards Club,Iberia Club,HOTEL,AIRLINE,5:1,5.0,14 to 21 days + Instant,British Airways Executive Club,Estimated via British Airways Executive Club.
IHG Rewards Club,Iberia Club,HOTEL,AIRLINE,5:1,5.0,14 to 21 days,Direct,
IHG Rewards Club,Iberia Club,HOTEL,AIRLINE,5:1,5.0,14 to 21 days + Instant,Finnair Plus,Estimated via Finnair Plus.
IHG Rewards Club,Iberia Club,HOTEL,AIRLINE,5:1,5.0,14 to 21 days + Instant,Qatar Privilege Club,Estimated via Qatar Privilege Club.
IHG Rewards Club,Infinity MileageLands,HOTEL,AIRLINE,5:1,5.0,14 to 21 days,Direct,
IHG Rewards Club,JAL Mileage Bank,HOTEL,AIRLINE,5:1,5.0,14 to 21 days,Direct,
IHG Rewards Club,KrisFlyer,HOTEL,AIRLINE,5:1,5.0,14 to 21 days,Direct,
IHG Rewards Club,LifeMiles,HOTEL,AIRLINE,5:1,5.0,14 to 21 days,Direct,
IHG Rewards Club,Marriott Bonvoy,HOTEL,HOTEL,5:1,5.0,14 to 21 days + Up to 7 days,ANA Mileage Club,Estimated via ANA Mileage Club.
IHG Rewards Club,Marriott Bonvoy,HOTEL,HOTEL,5:1,5.0,14 to 21 days + Up to 7 days,Aeroplan,Estimated via Aeroplan.
IHG Rewards Club,Marriott Bonvoy,HOTEL,HOTEL,10:1,10.0,14 to 21 days + Up to 7 days,Asia Miles (Cathay),Estimated via Asia Miles (Cathay).
IHG Rewards Club,Marriott Bonvoy,HOTEL,HOTEL,5:1,5.0,14 to 21 days + Up to 7 days,Atmos Rewards,Estimated via Atmos Rewards.
IHG Rewards Club,Marriott Bonvoy,HOTEL,HOTEL,15:2,7.5,14 to 21 days + Up to 7 days,Emirates Skywards,Estimated via Emirates Skywards.
IHG Rewards Club,Marriott Bonvoy,HOTEL,HOTEL,20:3,6.666666666666666,14 to 21 days + Up to 7 days,JAL Mileage Bank,Estimated via JAL Mileage Bank.
IHG Rewards Club,Marriott Bonvoy,HOTEL,HOTEL,20:3,6.666666666666666,14 to 21 days + Up to 7 days,KrisFlyer,Estimated via KrisFlyer.
IHG Rewards Club,Marriott Bonvoy,HOTEL,HOTEL,5:1,5.0,14 to 21 days + Up to 7 days,MileagePlus,Estimated via MileagePlus.
IHG Rewards Club,Marriott Bonvoy,HOTEL,HOTEL,10:1,10.0,14 to 21 days + Up to 7 days,Qatar Privilege Club,Estimated via Qatar Privilege Club.
IHG Rewards Club,MileagePlus,HOTEL,AIRLINE,5:1,5.0,14 to 21 days,Direct,
IHG Rewards Club,Miles & More,HOTEL,AIRLINE,5:1,5.0,14 to 21 days,Direct,
IHG Rewards Club,Miles & Smiles,HOTEL,AIRLINE,5:1,5.0,14 to 21 days,Direct,
IHG Rewards Club,Phoenix Miles,HOTEL,AIRLINE,5:1,5.0,14 to 21 days,Direct,
IHG Rewards Club,Qantas Frequent Flyer,HOTEL,AIRLINE,5:1,5.0,14 to 21 days,Direct,
IHG Rewards Club,Qatar Privilege Club,HOTEL,AIRLINE,5:1,5.0,14 to 21 days + Instant,British Airways Executive Club,Estimated via British Airways Executive Club.
IHG Rewards Club,Qatar Privilege Club,HOTEL,AIRLINE,5:1,5.0,14 to 21 days,Direct,
IHG Rewards Club,Qatar Privilege Club,HOTEL,AIRLINE,5:1,5.0,14 to 21 days + Instant,Finnair Plus,Estimated via Finnair Plus.
IHG Rewards Club,Qatar Privilege Club,HOTEL,AIRLINE,5:1,5.0,14 to 21 days + Instant,Iberia Club,Estimated via Iberia Club.
IHG Rewards Club,Royal Orchid Plus,HOTEL,AIRLINE,5:1,5.0,14 to 21 days,Direct,
IHG Rewards Club,Saudia Alfursan,HOTEL,AIRLINE,5:1,5.0,14 to 21 days,Direct,
IHG Rewards Club,Sky Pearl Club,HOTEL,AIRLINE,5:1,5.0,14 to 21 days,Direct,
IHG Rewards Club,Skypass,HOTEL,AIRLINE,5:1,5.0,14 to 21 days,Direct,
IHG Rewards Club,Tap Miles & Go,HOTEL,AIRLINE,5:1,5.0,14 to 21 days,Direct,
IHG Rewards Club,TrueBlue,HOTEL,AIRLINE,5:1,5.0,14 to 21 days,Direct,
IHG Rewards Club,Velocity,HOTEL,AIRLINE,5:1,5.0,14 to 21 days,Direct,
IHG Rewards Club,Virgin Atlantic Flying Club,HOTEL,AIRLINE,5:1,5.0,14 to 21 days,Direct,
IHG Rewards Club,Voyager,HOTEL,AIRLINE,5:1,5.0,14 to 21 days,Direct,
IHG Rewards Club,Vueling Club,HOTEL,AIRLINE,5:1,5.0,14 to 21 days + Instant,British Airways Executive Club,Estimated via British Airways Executive Club.
IHG Rewards Club,Vueling Club,HOTEL,AIRLINE,5:1,5.0,14 to 21 days + Instant,Finnair Plus,Estimated via Finnair Plus.
IHG Rewards Club,Vueling Club,HOTEL,AIRLINE,5:1,5.0,14 to 21 days + Instant,Iberia Club,Estimated via Iberia Club.
IHG Rewards Club,Vueling Club,HOTEL,AIRLINE,5:1,5.0,14 to 21 days + Instant,Qatar Privilege Club,Estimated via Qatar Privilege Club.
ITC Club,ANA Mileage Club,HOTEL,AIRLINE,2:1,2.0,7 to 21 days + Up to 4 Days,Marriott Bonvoy,Estimated via Marriott Bonvoy.
ITC Club,AerClub,HOTEL,AIRLINE,2:1,2.0,7 to 21 days + Up to 3 Days,Marriott Bonvoy,Estimated via Marriott Bonvoy.
ITC Club,Aeromexico Rewards,HOTEL,AIRLINE,2:1,2.0,7 to 21 days + Up to 4 Days,Marriott Bonvoy,Estimated via Marriott Bonvoy.
ITC Club,Aeroplan,HOTEL,AIRLINE,2:1,2.0,7 to 21 days + Up to 4 Days,Marriott Bonvoy,Estimated via Marriott Bonvoy.
ITC Club,American Airlines AAdvantage,HOTEL,AIRLINE,2:1,2.0,7 to 21 days + 1 to 7 days,Marriott Bonvoy,Estimated via Marriott Bonvoy.
ITC Club,Asia Miles (Cathay),HOTEL,AIRLINE,2:1,2.0,7 to 21 days + Up to 5 Days,Marriott Bonvoy,Estimated via Marriott Bonvoy.
ITC Club,Asiana Club,HOTEL,AIRLINE,2:1,2.0,7 to 21 days + Up to 4 Days,Marriott Bonvoy,Estimated via Marriott Bonvoy.
ITC Club,Atmos Rewards,HOTEL,AIRLINE,2:1,2.0,7 to 21 days + Up to 4 Days,Marriott Bonvoy,Estimated via Marriott Bonvoy.
ITC Club,British Airways Executive Club,HOTEL,AIRLINE,2:1,2.0,7 to 21 days + Up to 3 Days,Marriott Bonvoy,Estimated via Marriott Bonvoy.
ITC Club,ConnectMiles,HOTEL,AIRLINE,2:1,2.0,7 to 21 days + 1 to 7 days,Marriott Bonvoy,Estimated via Marriott Bonvoy.
ITC Club,Delta SkyMiles,HOTEL,AIRLINE,2:1,2.0,7 to 21 days + Up to 1 Day,Marriott Bonvoy,Estimated via Marriott Bonvoy.
ITC Club,Emirates Skywards,HOTEL,AIRLINE,2:1,2.0,7 to 21 days + Up to 3 Days,Marriott Bonvoy,Estimated via Marriott Bonvoy.
ITC Club,Etihad Guest,HOTEL,AIRLINE,2:1,2.0,7 to 21 days + Up to 3 Days,Marriott Bonvoy,Estimated via Marriott Bonvoy.
ITC Club,Flying Blue,HOTEL,AIRLINE,2:1,2.0,7 to 21 days + Up to 3 Days,Marriott Bonvoy,Estimated via Marriott Bonvoy.
ITC Club,Fortune Wings Club,HOTEL,AIRLINE,2:1,2.0,7 to 21 days + Up to 8 Days,Marriott Bonvoy,Estimated via Marriott Bonvoy.
ITC Club,Frontier Miles,HOTEL,AIRLINE,2:1,2.0,7 to 21 days + Up to 30 Days,Marriott Bonvoy,Estimated via Marriott Bonvoy.
ITC Club,Iberia Club,HOTEL,AIRLINE,2:1,2.0,7 to 21 days + Up to 1 Day,Marriott Bonvoy,Estimated via Marriott Bonvoy.
ITC Club,JAL Mileage Bank,HOTEL,AIRLINE,2:1,2.0,7 to 21 days + Up to 2 Days,Marriott Bonvoy,Estimated via Marriott Bonvoy.
ITC Club,KrisFlyer,HOTEL,AIRLINE,2:1,2.0,7 to 21 days + 1 to 7 days,Marriott Bonvoy,Estimated via Marriott Bonvoy.
ITC Club,LATAM Pass,HOTEL,AIRLINE,2:1,2.0,7 to 21 days + 1 to 7 days,Marriott Bonvoy,Estimated via Marriott Bonvoy.
ITC Club,LifeMiles,HOTEL,AIRLINE,2:1,2.0,7 to 21 days + 1 to 7 days,Marriott Bonvoy,Estimated via Marriott Bonvoy.
ITC Club,Marriott Bonvoy,HOTEL,HOTEL,2:3,0.6666666666666666,7 to 21 days,Direct,
ITC Club,MileagePlus,HOTEL,AIRLINE,2:1,2.0,7 to 21 days + 1 to 7 days,Marriott Bonvoy,Estimated via Marriott Bonvoy.
ITC Club,Miles & Smiles,HOTEL,AIRLINE,2:1,2.0,7 to 21 days + 1 to 7 days,Marriott Bonvoy,Estimated via Marriott Bonvoy.
ITC Club,Miles-Bonus,HOTEL,AIRLINE,2:1,2.0,7 to 21 days + Up to 3 Days,Marriott Bonvoy,Estimated via Marriott Bonvoy.
ITC Club,Phoenix Miles,HOTEL,AIRLINE,2:1,2.0,7 to 21 days + 1 to 7 days,Marriott Bonvoy,Estimated via Marriott Bonvoy.
ITC Club,Qantas Frequent Flyer,HOTEL,AIRLINE,2:1,2.0,7 to 21 days + 1 to 7 days,Marriott Bonvoy,Estimated via Marriott Bonvoy.
ITC Club,Qatar Privilege Club,HOTEL,AIRLINE,2:1,2.0,7 to 21 days + Up to 3 Days,Marriott Bonvoy,Estimated via Marriott Bonvoy.
ITC Club,Rapid Rewards,HOTEL,AIRLINE,2:1,2.0,7 to 21 days + 1 to 7 days,Marriott Bonvoy,Estimated via Marriott Bonvoy.
ITC Club,Royal Orchid Plus,HOTEL,AIRLINE,2:1,2.0,7 to 21 days + 1 to 7 days,Marriott Bonvoy,Estimated via Marriott Bonvoy.
ITC Club,Saudia Alfursan,HOTEL,AIRLINE,2:1,2.0,7 to 21 days + 1 to 7 days,Marriott Bonvoy,Estimated via Marriott Bonvoy.
ITC Club,ShebaMiles,HOTEL,AIRLINE,2:1,2.0,7 to 21 days + 1 to 7 days,Marriott Bonvoy,Estimated via Marriott Bonvoy.
ITC Club,Sky Pearl Club,HOTEL,AIRLINE,2:1,2.0,7 to 21 days + 1 to 7 days,Marriott Bonvoy,Estimated via Marriott Bonvoy.
ITC Club,Tap Miles & Go,HOTEL,AIRLINE,2:1,2.0,7 to 21 days + 1 to 7 days,Marriott Bonvoy,Estimated via Marriott Bonvoy.
ITC Club,Velocity,HOTEL,AIRLINE,2:1,2.0,7 to 21 days + 1 to 7 days,Marriott Bonvoy,Estimated via Marriott Bonvoy.
ITC Club,Virgin Atlantic Flying Club,HOTEL,AIRLINE,2:1,2.0,7 to 21 days + 1 to 7 days,Marriott Bonvoy,Estimated via Marriott Bonvoy.
ITC Club,Vueling Club,HOTEL,AIRLINE,2:1,2.0,7 to 21 days + 1 to 7 days,Marriott Bonvoy,Estimated via Marriott Bonvoy.
Iberia Club,Accor Live Limitless,AIRLINE,HOTEL,23:5,4.6000000000000005,Instant + Up to 7 days,Finnair Plus,Estimated via Finnair Plus.
Iberia Club,Accor Live Limitless,AIRLINE,HOTEL,7:2,3.5,Instant + Up to 7 days,Qatar Privilege Club,Estimated via Qatar Privilege Club.
Iberia Club,AerClub,AIRLINE,AIRLINE,1:1,1.0,Instant + Instant,British Airways Executive Club,Estimated via British Airways Executive Club.
Iberia Club,AerClub,AIRLINE,AIRLINE,1:1,1.0,Instant,Direct,Avios transfer
Iberia Club,AerClub,AIRLINE,AIRLINE,1:1,1.0,Instant + Instant,Finnair Plus,Estimated via Finnair Plus.
Iberia Club,AerClub,AIRLINE,AIRLINE,1:1,1.0,Instant + Instant,Qatar Privilege Club,Estimated via Qatar Privilege Club.
Iberia Club,AerClub,AIRLINE,AIRLINE,1:1,1.0,Instant + Instant,Vueling Club,Estimated via Vueling Club.
Iberia Club,British Airways Executive Club,AIRLINE,AIRLINE,1:1,1.0,Instant + Instant,AerClub,Estimated via AerClub.
Iberia Club,British Airways Executive Club,AIRLINE,AIRLINE,1:1,1.0,Instant,Direct,Avios transfer
Iberia Club,British Airways Executive Club,AIRLINE,AIRLINE,1:1,1.0,Instant + Instant,Finnair Plus,Estimated via Finnair Plus.
Iberia Club,British Airways Executive Club,AIRLINE,AIRLINE,1:1,1.0,Instant + Instant,Qatar Privilege Club,Estimated via Qatar Privilege Club.
Iberia Club,British Airways Executive Club,AIRLINE,AIRLINE,1:1,1.0,Instant + Instant,Vueling Club,Estimated via Vueling Club.
Iberia Club,Finnair Plus,AIRLINE,AIRLINE,1:1,1.0,Instant + Instant,AerClub,Estimated via AerClub.
Iberia Club,Finnair Plus,AIRLINE,AIRLINE,1:1,1.0,Instant + Instant,British Airways Executive Club,Estimated via British Airways Executive Club.
Iberia Club,Finnair Plus,AIRLINE,AIRLINE,1:1,1.0,Instant,Direct,Avios transfer
Iberia Club,Finnair Plus,AIRLINE,AIRLINE,1:1,1.0,Instant + Instant,Qatar Privilege Club,Estimated via Qatar Privilege Club.
Iberia Club,Finnair Plus,AIRLINE,AIRLINE,1:1,1.0,Instant + Instant,Vueling Club,Estimated via Vueling Club.
Iberia Club,Marriott Bonvoy,AIRLINE,HOTEL,2:1,2.0,Instant + Up to 7 days,Qatar Privilege Club,Estimated via Qatar Privilege Club.
Iberia Club,Qatar Privilege Club,AIRLINE,AIRLINE,1:1,1.0,Instant + Instant,AerClub,Estimated via AerClub.
Iberia Club,Qatar Privilege Club,AIRLINE,AIRLINE,1:1,1.0,Instant + Instant,British Airways Executive Club,Estimated via British Airways Executive Club.
Iberia Club,Qatar Privilege Club,AIRLINE,AIRLINE,1:1,1.0,Instant,Direct,Avios transfer
Iberia Club,Qatar Privilege Club,AIRLINE,AIRLINE,1:1,1.0,Instant + Instant,Finnair Plus,Estimated via Finnair Plus.
Iberia Club,Qatar Privilege Club,AIRLINE,AIRLINE,1:1,1.0,Instant + Instant,Vueling Club,Estimated via Vueling Club.
Iberia Club,Vueling Club,AIRLINE,AIRLINE,1:1,1.0,Instant + Instant,AerClub,Estimated via AerClub.
Iberia Club,Vueling Club,AIRLINE,AIRLINE,1:1,1.0,Instant + Instant,British Airways Executive Club,Estimated via British Airways Executive Club.
Iberia Club,Vueling Club,AIRLINE,AIRLINE,1:1,1.0,Instant,Direct,Avios transfer
Iberia Club,Vueling Club,AIRLINE,AIRLINE,1:1,1.0,Instant + Instant,Finnair Plus,Estimated via Finnair Plus.
Iberia Club,Vueling Club,AIRLINE,AIRLINE,1:1,1.0,Instant + Instant,Qatar Privilege Club,Estimated via Qatar Privilege Club.
IndusInd Celesta,Accor Live Limitless,CREDIT_CARD,HOTEL,9:1,9.0,2 to 4 days + Up to 7 days,KrisFlyer,Estimated via KrisFlyer.
IndusInd Celesta,KrisFlyer,CREDIT_CARD,AIRLINE,2:1,2.0,2 to 4 days,Direct,
IndusInd Celesta,Marriott Bonvoy,CREDIT_CARD,HOTEL,8:3,2.6666666666666665,2 to 4 days + Up to 7 days,KrisFlyer,Estimated via KrisFlyer.
IndusInd Crest,Accor Live Limitless,CREDIT_CARD,HOTEL,9:1,9.0,2 to 4 days + Up to 7 days,KrisFlyer,Estimated via KrisFlyer.
IndusInd Crest,KrisFlyer,CREDIT_CARD,AIRLINE,2:1,2.0,2 to 4 days,Direct,
IndusInd Crest,Marriott Bonvoy,CREDIT_CARD,HOTEL,8:3,2.6666666666666665,2 to 4 days + Up to 7 days,KrisFlyer,Estimated via KrisFlyer.
IndusInd Heritage,Accor Live Limitless,CREDIT_CARD,HOTEL,9:1,9.0,2 to 4 days + Up to 7 days,KrisFlyer,Estimated via KrisFlyer.
IndusInd Heritage,KrisFlyer,CREDIT_CARD,AIRLINE,2:1,2.0,2 to 4 days,Direct,
IndusInd Heritage,Maharaja Club,CREDIT_CARD,AIRLINE,2:1,2.0,2 to 4 days,Direct,
IndusInd Heritage,Marriott Bonvoy,CREDIT_CARD,HOTEL,8:3,2.6666666666666665,2 to 4 days + Up to 7 days,KrisFlyer,Estimated via KrisFlyer.
IndusInd Indulge,Accor Live Limitless,CREDIT_CARD,HOTEL,9:1,9.0,2 to 4 days + Up to 7 days,KrisFlyer,Estimated via KrisFlyer.
IndusInd Indulge,KrisFlyer,CREDIT_CARD,AIRLINE,2:1,2.0,2 to 4 days,Direct,
IndusInd Indulge,Maharaja Club,CREDIT_CARD,AIRLINE,2:1,2.0,2 to 4 days,Direct,
IndusInd Indulge,Marriott Bonvoy,CREDIT_CARD,HOTEL,8:3,2.6666666666666665,2 to 4 days + Up to 7 days,KrisFlyer,Estimated via KrisFlyer.
IndusInd Legend,Accor Live Limitless,CREDIT_CARD,HOTEL,18:1,18.0,2 to 4 days + Up to 7 days,KrisFlyer,Estimated via KrisFlyer.
IndusInd Legend,KrisFlyer,CREDIT_CARD,AIRLINE,4:1,4.0,2 to 4 days,Direct,
IndusInd Legend,Maharaja Club,CREDIT_CARD,AIRLINE,4:1,4.0,2 to 4 days,Direct,
IndusInd Legend,Marriott Bonvoy,CREDIT_CARD,HOTEL,16:3,5.333333333333333,2 to 4 days + Up to 7 days,KrisFlyer,Estimated via KrisFlyer.
IndusInd Pinnacle,Accor Live Limitless,CREDIT_CARD,HOTEL,9:1,9.0,2 to 4 days + Up to 7 days,KrisFlyer,Estimated via KrisFlyer.
IndusInd Pinnacle,KrisFlyer,CREDIT_CARD,AIRLINE,2:1,2.0,2 to 4 days,Direct,
IndusInd Pinnacle,Maharaja Club,CREDIT_CARD,AIRLINE,2:1,2.0,2 to 4 days,Direct,
IndusInd Pinnacle,Marriott Bonvoy,CREDIT_CARD,HOTEL,8:3,2.6666666666666665,2 to 4 days + Up to 7 days,KrisFlyer,Estimated via KrisFlyer.
IndusInd Pioneer Private,Accor Live Limitless,CREDIT_CARD,HOTEL,9:2,4.5,2 to 4 days + Up to 7 days,KrisFlyer,Estimated via KrisFlyer.
IndusInd Pioneer Private,KrisFlyer,CREDIT_CARD,AIRLINE,1:1,1.0,2 to 4 days,Direct,
IndusInd Pioneer Private,Maharaja Club,CREDIT_CARD,AIRLINE,1:1,1.0,2 to 4 days,Direct,
IndusInd Pioneer Private,Marriott Bonvoy,CREDIT_CARD,HOTEL,4:3,1.3333333333333333,2 to 4 days + Up to 7 days,KrisFlyer,Estimated via KrisFlyer.
IndusInd Tiger,Accor Live Limitless,CREDIT_CARD,HOTEL,18:1,18.0,2 to 4 days + Up to 7 days,KrisFlyer,Estimated via KrisFlyer.
IndusInd Tiger,KrisFlyer,CREDIT_CARD,AIRLINE,4:1,4.0,2 to 4 days,Direct,
IndusInd Tiger,Marriott Bonvoy,CREDIT_CARD,HOTEL,16:3,5.333333333333333,2 to 4 days + Up to 7 days,KrisFlyer,Estimated via KrisFlyer.
JAL Mileage Bank,ANA Mileage Club,AIRLINE,AIRLINE,4:1,4.0,Up to 7 days + Up to 4 Days,Marriott Bonvoy,Estimated via Marriott Bonvoy.
JAL Mileage Bank,Accor Live Limitless,AIRLINE,HOTEL,5:1,5.0,Up to 7 days,Direct,
JAL Mileage Bank,AerClub,AIRLINE,AIRLINE,4:1,4.0,Up to 7 days + Up to 3 Days,Marriott Bonvoy,Estimated via Marriott Bonvoy.
JAL Mileage Bank,Aeromexico Rewards,AIRLINE,AIRLINE,10:1,10.0,Up to 7 days + 7 to 10 days,Accor Live Limitless,Estimated via Accor Live Limitless.
JAL Mileage Bank,Aeromexico Rewards,AIRLINE,AIRLINE,4:1,4.0,Up to 7 days + Up to 4 Days,Marriott Bonvoy,Estimated via Marriott Bonvoy.
JAL Mileage Bank,Aeroplan,AIRLINE,AIRLINE,10:1,10.0,Up to 7 days + 7 to 10 days,Accor Live Limitless,Estimated via Accor Live Limitless.
JAL Mileage Bank,Aeroplan,AIRLINE,AIRLINE,4:1,4.0,Up to 7 days + Up to 4 Days,Marriott Bonvoy,Estimated via Marriott Bonvoy.
JAL Mileage Bank,American Airlines AAdvantage,AIRLINE,AIRLINE,4:1,4.0,Up to 7 days + 1 to 7 days,Marriott Bonvoy,Estimated via Marriott Bonvoy.
JAL Mileage Bank,Asia Miles (Cathay),AIRLINE,AIRLINE,10:1,10.0,Up to 7 days + 7 to 10 days,Accor Live Limitless,Estimated via Accor Live Limitless.
JAL Mileage Bank,Asia Miles (Cathay),AIRLINE,AIRLINE,4:1,4.0,Up to 7 days + Up to 5 Days,Marriott Bonvoy,Estimated via Marriott Bonvoy.
JAL Mileage Bank,Asiana Club,AIRLINE,AIRLINE,4:1,4.0,Up to 7 days + Up to 4 Days,Marriott Bonvoy,Estimated via Marriott Bonvoy.
JAL Mileage Bank,Atmos Rewards,AIRLINE,AIRLINE,4:1,4.0,Up to 7 days + Up to 4 Days,Marriott Bonvoy,Estimated via Marriott Bonvoy.
JAL Mileage Bank,British Airways Executive Club,AIRLINE,AIRLINE,10:1,10.0,Up to 7 days + 7 to 10 days,Accor Live Limitless,Estimated via Accor Live Limitless.
JAL Mileage Bank,British Airways Executive Club,AIRLINE,AIRLINE,4:1,4.0,Up to 7 days + Up to 3 Days,Marriott Bonvoy,Estimated via Marriott Bonvoy.
JAL Mileage Bank,ConnectMiles,AIRLINE,AIRLINE,4:1,4.0,Up to 7 days + 1 to 7 days,Marriott Bonvoy,Estimated via Marriott Bonvoy.
JAL Mileage Bank,Delta SkyMiles,AIRLINE,AIRLINE,10:1,10.0,Up to 7 days + 7 to 10 days,Accor Live Limitless,Estimated via Accor Live Limitless.
JAL Mileage Bank,Delta SkyMiles,AIRLINE,AIRLINE,4:1,4.0,Up to 7 days + Up to 1 Day,Marriott Bonvoy,Estimated via Marriott Bonvoy.
JAL Mileage Bank,Emirates Skywards,AIRLINE,AIRLINE,10:1,10.0,Up to 7 days + 7 to 10 days,Accor Live Limitless,Estimated via Accor Live Limitless.
JAL Mileage Bank,Emirates Skywards,AIRLINE,AIRLINE,4:1,4.0,Up to 7 days + Up to 3 Days,Marriott Bonvoy,Estimated via Marriott Bonvoy.
JAL Mileage Bank,Etihad Guest,AIRLINE,AIRLINE,10:1,10.0,Up to 7 days + 7 to 10 days,Accor Live Limitless,Estimated via Accor Live Limitless.
JAL Mileage Bank,Etihad Guest,AIRLINE,AIRLINE,4:1,4.0,Up to 7 days + Up to 3 Days,Marriott Bonvoy,Estimated via Marriott Bonvoy.
JAL Mileage Bank,FalconFlyer,AIRLINE,AIRLINE,10:1,10.0,Up to 7 days + 7 to 10 days,Accor Live Limitless,Estimated via Accor Live Limitless.
JAL Mileage Bank,Finnair Plus,AIRLINE,AIRLINE,77:10,7.699999999999999,Up to 7 days + 7 to 10 days,Accor Live Limitless,Estimated via Accor Live Limitless.
JAL Mileage Bank,Flying Blue,AIRLINE,AIRLINE,5:1,5.0,Up to 7 days + 7 to 10 days,Accor Live Limitless,Estimated via Accor Live Limitless.
JAL Mileage Bank,Flying Blue,AIRLINE,AIRLINE,4:1,4.0,Up to 7 days + Up to 3 Days,Marriott Bonvoy,Estimated via Marriott Bonvoy.
JAL Mileage Bank,Fortune Wings Club,AIRLINE,AIRLINE,4:1,4.0,Up to 7 days + Up to 8 Days,Marriott Bonvoy,Estimated via Marriott Bonvoy.
JAL Mileage Bank,Frontier Miles,AIRLINE,AIRLINE,4:1,4.0,Up to 7 days + Up to 30 Days,Marriott Bonvoy,Estimated via Marriott Bonvoy.
JAL Mileage Bank,Iberia Club,AIRLINE,AIRLINE,5:1,5.0,Up to 7 days + 7 to 10 days,Accor Live Limitless,Estimated via Accor Live Limitless.
JAL Mileage Bank,Iberia Club,AIRLINE,AIRLINE,4:1,4.0,Up to 7 days + Up to 1 Day,Marriott Bonvoy,Estimated via Marriott Bonvoy.
JAL Mileage Bank,Juneyao Air,AIRLINE,AIRLINE,67:1,66.5,Up to 7 days + 7 to 10 days,Accor Live Limitless,Estimated via Accor Live Limitless.
JAL Mileage Bank,KrisFlyer,AIRLINE,AIRLINE,10:1,10.0,Up to 7 days + 7 to 10 days,Accor Live Limitless,Estimated via Accor Live Limitless.
JAL Mileage Bank,KrisFlyer,AIRLINE,AIRLINE,4:1,4.0,Up to 7 days + 1 to 7 days,Marriott Bonvoy,Estimated via Marriott Bonvoy.
JAL Mileage Bank,LATAM Pass,AIRLINE,AIRLINE,10:1,10.0,Up to 7 days + 7 to 10 days,Accor Live Limitless,Estimated via Accor Live Limitless.
JAL Mileage Bank,LATAM Pass,AIRLINE,AIRLINE,4:1,4.0,Up to 7 days + 1 to 7 days,Marriott Bonvoy,Estimated via Marriott Bonvoy.
JAL Mileage Bank,LifeMiles,AIRLINE,AIRLINE,10:1,10.0,Up to 7 days + 7 to 10 days,Accor Live Limitless,Estimated via Accor Live Limitless.
JAL Mileage Bank,LifeMiles,AIRLINE,AIRLINE,4:1,4.0,Up to 7 days + 1 to 7 days,Marriott Bonvoy,Estimated via Marriott Bonvoy.
JAL Mileage Bank,Lotusmiles,AIRLINE,AIRLINE,15:2,7.5,Up to 7 days + 7 to 10 days,Accor Live Limitless,Estimated via Accor Live Limitless.
JAL Mileage Bank,Marriott Bonvoy,AIRLINE,HOTEL,4:3,1.3333333333333333,Up to 7 days,Direct,
JAL Mileage Bank,MileagePlus,AIRLINE,AIRLINE,10:1,10.0,Up to 7 days + 7 to 10 days,Accor Live Limitless,Estimated via Accor Live Limitless.
JAL Mileage Bank,MileagePlus,AIRLINE,AIRLINE,4:1,4.0,Up to 7 days + 1 to 7 days,Marriott Bonvoy,Estimated via Marriott Bonvoy.
JAL Mileage Bank,Miles & Smiles,AIRLINE,AIRLINE,4:1,4.0,Up to 7 days + 1 to 7 days,Marriott Bonvoy,Estimated via Marriott Bonvoy.
JAL Mileage Bank,Miles-Bonus,AIRLINE,AIRLINE,10:1,10.0,Up to 7 days + 7 to 10 days,Accor Live Limitless,Estimated via Accor Live Limitless.
JAL Mileage Bank,Miles-Bonus,AIRLINE,AIRLINE,4:1,4.0,Up to 7 days + Up to 3 Days,Marriott Bonvoy,Estimated via Marriott Bonvoy.
JAL Mileage Bank,Phoenix Miles,AIRLINE,AIRLINE,25:4,6.249999999999999,Up to 7 days + 7 to 10 days,Accor Live Limitless,Estimated via Accor Live Limitless.
JAL Mileage Bank,Phoenix Miles,AIRLINE,AIRLINE,4:1,4.0,Up to 7 days + 1 to 7 days,Marriott Bonvoy,Estimated via Marriott Bonvoy.
JAL Mileage Bank,Qantas Frequent Flyer,AIRLINE,AIRLINE,4:1,4.0,Up to 7 days + 7 to 10 days,Accor Live Limitless,Estimated via Accor Live Limitless.
JAL Mileage Bank,Qantas Frequent Flyer,AIRLINE,AIRLINE,4:1,4.0,Up to 7 days + 1 to 7 days,Marriott Bonvoy,Estimated via Marriott Bonvoy.
JAL Mileage Bank,Qatar Privilege Club,AIRLINE,AIRLINE,10:1,10.0,Up to 7 days + 7 to 10 days,Accor Live Limitless,Estimated via Accor Live Limitless.
JAL Mileage Bank,Qatar Privilege Club,AIRLINE,AIRLINE,4:1,4.0,Up to 7 days + Up to 3 Days,Marriott Bonvoy,Estimated via Marriott Bonvoy.
JAL Mileage Bank,Rapid Rewards,AIRLINE,AIRLINE,4:1,4.0,Up to 7 days + 1 to 7 days,Marriott Bonvoy,Estimated via Marriott Bonvoy.
JAL Mileage Bank,Royal Orchid Plus,AIRLINE,AIRLINE,10:1,10.0,Up to 7 days + 7 to 10 days,Accor Live Limitless,Estimated via Accor Live Limitless.
JAL Mileage Bank,Royal Orchid Plus,AIRLINE,AIRLINE,4:1,4.0,Up to 7 days + 1 to 7 days,Marriott Bonvoy,Estimated via Marriott Bonvoy.
JAL Mileage Bank,Saudia Alfursan,AIRLINE,AIRLINE,4:1,4.0,Up to 7 days + 1 to 7 days,Marriott Bonvoy,Estimated via Marriott Bonvoy.
JAL Mileage Bank,ShebaMiles,AIRLINE,AIRLINE,4:1,4.0,Up to 7 days + 1 to 7 days,Marriott Bonvoy,Estimated via Marriott Bonvoy.
JAL Mileage Bank,Sky Pearl Club,AIRLINE,AIRLINE,4:1,4.0,Up to 7 days + 1 to 7 days,Marriott Bonvoy,Estimated via Marriott Bonvoy.
JAL Mileage Bank,Skypass,AIRLINE,AIRLINE,10:1,10.0,Up to 7 days + 7 to 10 days,Accor Live Limitless,Estimated via Accor Live Limitless.
JAL Mileage Bank,Smiles GOL,AIRLINE,AIRLINE,10:1,10.0,Up to 7 days + 7 to 10 days,Accor Live Limitless,Estimated via Accor Live Limitless.
JAL Mileage Bank,Suma,AIRLINE,DEFAULT,5:1,5.0,Up to 7 days + 7 to 10 days,Accor Live Limitless,Estimated via Accor Live Limitless.
JAL Mileage Bank,Tap Miles & Go,AIRLINE,AIRLINE,10:1,10.0,Up to 7 days + 7 to 10 days,Accor Live Limitless,Estimated via Accor Live Limitless.
JAL Mileage Bank,Tap Miles & Go,AIRLINE,AIRLINE,4:1,4.0,Up to 7 days + 1 to 7 days,Marriott Bonvoy,Estimated via Marriott Bonvoy.
JAL Mileage Bank,Velocity,AIRLINE,AIRLINE,5:1,5.0,Up to 7 days + 7 to 10 days,Accor Live Limitless,Estimated via Accor Live Limitless.
JAL Mileage Bank,Velocity,AIRLINE,AIRLINE,4:1,4.0,Up to 7 days + 1 to 7 days,Marriott Bonvoy,Estimated via Marriott Bonvoy.
JAL Mileage Bank,Virgin Atlantic Flying Club,AIRLINE,AIRLINE,4:1,4.0,Up to 7 days + 1 to 7 days,Marriott Bonvoy,Estimated via Marriott Bonvoy.
JAL Mileage Bank,Vueling Club,AIRLINE,AIRLINE,4:1,4.0,Up to 7 days + 1 to 7 days,Marriott Bonvoy,Estimated via Marriott Bonvoy.
Juneyao Air,Accor Live Limitless,AIRLINE,HOTEL,1:4,0.25,Up to 7 days,Direct,
Juneyao Air,Aeromexico Rewards,AIRLINE,AIRLINE,1:2,0.5,Up to 7 days + 7 to 10 days,Accor Live Limitless,Estimated via Accor Live Limitless.
Juneyao Air,Aeroplan,AIRLINE,AIRLINE,1:2,0.5,Up to 7 days + 7 to 10 days,Accor Live Limitless,Estimated via Accor Live Limitless.
Juneyao Air,Asia Miles (Cathay),AIRLINE,AIRLINE,1:2,0.5,Up to 7 days + 7 to 10 days,Accor Live Limitless,Estimated via Accor Live Limitless.
Juneyao Air,British Airways Executive Club,AIRLINE,AIRLINE,1:2,0.5,Up to 7 days + 7 to 10 days,Accor Live Limitless,Estimated via Accor Live Limitless.
Juneyao Air,Delta SkyMiles,AIRLINE,AIRLINE,1:2,0.5,Up to 7 days + 7 to 10 days,Accor Live Limitless,Estimated via Accor Live Limitless.
Juneyao Air,Emirates Skywards,AIRLINE,AIRLINE,1:2,0.5,Up to 7 days + 7 to 10 days,Accor Live Limitless,Estimated via Accor Live Limitless.
Juneyao Air,Etihad Guest,AIRLINE,AIRLINE,1:2,0.5,Up to 7 days + 7 to 10 days,Accor Live Limitless,Estimated via Accor Live Limitless.
Juneyao Air,FalconFlyer,AIRLINE,AIRLINE,1:2,0.5,Up to 7 days + 7 to 10 days,Accor Live Limitless,Estimated via Accor Live Limitless.
Juneyao Air,Finnair Plus,AIRLINE,AIRLINE,77:200,0.385,Up to 7 days + 7 to 10 days,Accor Live Limitless,Estimated via Accor Live Limitless.
Juneyao Air,Flying Blue,AIRLINE,AIRLINE,1:4,0.25,Up to 7 days + 7 to 10 days,Accor Live Limitless,Estimated via Accor Live Limitless.
Juneyao Air,Iberia Club,AIRLINE,AIRLINE,1:4,0.25,Up to 7 days + 7 to 10 days,Accor Live Limitless,Estimated via Accor Live Limitless.
Juneyao Air,JAL Mileage Bank,AIRLINE,AIRLINE,1:2,0.5,Up to 7 days + 7 to 10 days,Accor Live Limitless,Estimated via Accor Live Limitless.
Juneyao Air,KrisFlyer,AIRLINE,AIRLINE,1:2,0.5,Up to 7 days + 7 to 10 days,Accor Live Limitless,Estimated via Accor Live Limitless.
Juneyao Air,LATAM Pass,AIRLINE,AIRLINE,1:2,0.5,Up to 7 days + 7 to 10 days,Accor Live Limitless,Estimated via Accor Live Limitless.
Juneyao Air,LifeMiles,AIRLINE,AIRLINE,1:2,0.5,Up to 7 days + 7 to 10 days,Accor Live Limitless,Estimated via Accor Live Limitless.
Juneyao Air,Lotusmiles,AIRLINE,AIRLINE,3:8,0.375,Up to 7 days + 7 to 10 days,Accor Live Limitless,Estimated via Accor Live Limitless.
Juneyao Air,MileagePlus,AIRLINE,AIRLINE,1:2,0.5,Up to 7 days + 7 to 10 days,Accor Live Limitless,Estimated via Accor Live Limitless.
Juneyao Air,Miles-Bonus,AIRLINE,AIRLINE,1:2,0.5,Up to 7 days + 7 to 10 days,Accor Live Limitless,Estimated via Accor Live Limitless.
Juneyao Air,Phoenix Miles,AIRLINE,AIRLINE,5:16,0.3125,Up to 7 days + 7 to 10 days,Accor Live Limitless,Estimated via Accor Live Limitless.
Juneyao Air,Qantas Frequent Flyer,AIRLINE,AIRLINE,1:5,0.2,Up to 7 days + 7 to 10 days,Accor Live Limitless,Estimated via Accor Live Limitless.
Juneyao Air,Qatar Privilege Club,AIRLINE,AIRLINE,1:2,0.5,Up to 7 days + 7 to 10 days,Accor Live Limitless,Estimated via Accor Live Limitless.
Juneyao Air,Royal Orchid Plus,AIRLINE,AIRLINE,1:2,0.5,Up to 7 days + 7 to 10 days,Accor Live Limitless,Estimated via Accor Live Limitless.
Juneyao Air,Skypass,AIRLINE,AIRLINE,1:2,0.5,Up to 7 days + 7 to 10 days,Accor Live Limitless,Estimated via Accor Live Limitless.
Juneyao Air,Smiles GOL,AIRLINE,AIRLINE,1:2,0.5,Up to 7 days + 7 to 10 days,Accor Live Limitless,Estimated via Accor Live Limitless.
Juneyao Air,Suma,AIRLINE,DEFAULT,1:4,0.25,Up to 7 days + 7 to 10 days,Accor Live Limitless,Estimated via Accor Live Limitless.
Juneyao Air,Tap Miles & Go,AIRLINE,AIRLINE,1:2,0.5,Up to 7 days + 7 to 10 days,Accor Live Limitless,Estimated via Accor Live Limitless.
Juneyao Air,Velocity,AIRLINE,AIRLINE,1:4,0.25,Up to 7 days + 7 to 10 days,Accor Live Limitless,Estimated via Accor Live Limitless.
Kotak Air Plus,ANA Mileage Club,CREDIT_CARD,AIRLINE,9:1,9.0,3 to 5 days + Up to 4 Days,Marriott Bonvoy,Estimated via Marriott Bonvoy.
Kotak Air Plus,Accor Live Limitless,CREDIT_CARD,HOTEL,2:1,2.0,3 to 5 days,Direct,
Kotak Air Plus,Accor Live Limitless,CREDIT_CARD,HOTEL,7:1,7.0,3 to 5 days + Up to 7 days,Qatar Privilege Club,Estimated via Qatar Privilege Club.
Kotak Air Plus,AerClub,CREDIT_CARD,AIRLINE,2:1,2.0,3 to 5 days + Instant,British Airways Executive Club,Estimated via British Airways Executive Club.
Kotak Air Plus,AerClub,CREDIT_CARD,AIRLINE,9:1,9.0,3 to 5 days + Up to 3 Days,Marriott Bonvoy,Estimated via Marriott Bonvoy.
Kotak Air Plus,AerClub,CREDIT_CARD,AIRLINE,2:1,2.0,3 to 5 days + Instant,Qatar Privilege Club,Estimated via Qatar Privilege Club.
Kotak Air Plus,Aeromexico Rewards,CREDIT_CARD,AIRLINE,4:1,4.0,3 to 5 days + 7 to 10 days,Accor Live Limitless,Estimated via Accor Live Limitless.
Kotak Air Plus,Aeromexico Rewards,CREDIT_CARD,AIRLINE,9:1,9.0,3 to 5 days + Up to 4 Days,Marriott Bonvoy,Estimated via Marriott Bonvoy.
Kotak Air Plus,Aeroplan,CREDIT_CARD,AIRLINE,4:1,4.0,3 to 5 days + 7 to 10 days,Accor Live Limitless,Estimated via Accor Live Limitless.
Kotak Air Plus,Aeroplan,CREDIT_CARD,AIRLINE,2:1,2.0,3 to 5 days,Direct,
Kotak Air Plus,Aeroplan,CREDIT_CARD,AIRLINE,9:1,9.0,3 to 5 days + Up to 4 Days,Marriott Bonvoy,Estimated via Marriott Bonvoy.
Kotak Air Plus,American Airlines AAdvantage,CREDIT_CARD,AIRLINE,9:1,9.0,3 to 5 days + 1 to 7 days,Marriott Bonvoy,Estimated via Marriott Bonvoy.
Kotak Air Plus,Asia Miles (Cathay),CREDIT_CARD,AIRLINE,4:1,4.0,3 to 5 days + 7 to 10 days,Accor Live Limitless,Estimated via Accor Live Limitless.
Kotak Air Plus,Asia Miles (Cathay),CREDIT_CARD,AIRLINE,2:1,2.0,3 to 5 days,Direct,
Kotak Air Plus,Asia Miles (Cathay),CREDIT_CARD,AIRLINE,9:1,9.0,3 to 5 days + Up to 5 Days,Marriott Bonvoy,Estimated via Marriott Bonvoy.
Kotak Air Plus,Asiana Club,CREDIT_CARD,AIRLINE,9:1,9.0,3 to 5 days + Up to 4 Days,Marriott Bonvoy,Estimated via Marriott Bonvoy.
Kotak Air Plus,Atmos Rewards,CREDIT_CARD,AIRLINE,9:1,9.0,3 to 5 days + Up to 4 Days,Marriott Bonvoy,Estimated via Marriott Bonvoy.
Kotak Air Plus,British Airways Executive Club,CREDIT_CARD,AIRLINE,4:1,4.0,3 to 5 days + 7 to 10 days,Accor Live Limitless,Estimated via Accor Live Limitless.
Kotak Air Plus,British Airways Executive Club,CREDIT_CARD,AIRLINE,2:1,2.0,3 to 5 days,Direct,
Kotak Air Plus,British Airways Executive Club,CREDIT_CARD,AIRLINE,9:1,9.0,3 to 5 days + Up to 3 Days,Marriott Bonvoy,Estimated via Marriott Bonvoy.
Kotak Air Plus,British Airways Executive Club,CREDIT_CARD,AIRLINE,2:1,2.0,3 to 5 days + Instant,Qatar Privilege Club,Estimated via Qatar Privilege Club.
Kotak Air Plus,ConnectMiles,CREDIT_CARD,AIRLINE,9:1,9.0,3 to 5 days + 1 to 7 days,Marriott Bonvoy,Estimated via Marriott Bonvoy.
Kotak Air Plus,Delta SkyMiles,CREDIT_CARD,AIRLINE,4:1,4.0,3 to 5 days + 7 to 10 days,Accor Live Limitless,Estimated via Accor Live Limitless.
Kotak Air Plus,Delta SkyMiles,CREDIT_CARD,AIRLINE,9:1,9.0,3 to 5 days + Up to 1 Day,Marriott Bonvoy,Estimated via Marriott Bonvoy.
Kotak Air Plus,Emirates Skywards,CREDIT_CARD,AIRLINE,4:1,4.0,3 to 5 days + 7 to 10 days,Accor Live Limitless,Estimated via Accor Live Limitless.
Kotak Air Plus,Emirates Skywards,CREDIT_CARD,AIRLINE,9:1,9.0,3 to 5 days + Up to 3 Days,Marriott Bonvoy,Estimated via Marriott Bonvoy.
Kotak Air Plus,Etihad Guest,CREDIT_CARD,AIRLINE,4:1,4.0,3 to 5 days + 7 to 10 days,Accor Live Limitless,Estimated via Accor Live Limitless.
Kotak Air Plus,Etihad Guest,CREDIT_CARD,AIRLINE,2:1,2.0,3 to 5 days,Direct,
Kotak Air Plus,Etihad Guest,CREDIT_CARD,AIRLINE,9:1,9.0,3 to 5 days + Up to 3 Days,Marriott Bonvoy,Estimated via Marriott Bonvoy.
Kotak Air Plus,FalconFlyer,CREDIT_CARD,AIRLINE,4:1,4.0,3 to 5 days + 7 to 10 days,Accor Live Limitless,Estimated via Accor Live Limitless.
Kotak Air Plus,Finnair Plus,CREDIT_CARD,AIRLINE,77:25,3.08,3 to 5 days + 7 to 10 days,Accor Live Limitless,Estimated via Accor Live Limitless.
Kotak Air Plus,Finnair Plus,CREDIT_CARD,AIRLINE,2:1,2.0,3 to 5 days + Instant,British Airways Executive Club,Estimated via British Airways Executive Club.
Kotak Air Plus,Finnair Plus,CREDIT_CARD,AIRLINE,2:1,2.0,3 to 5 days + Instant,Qatar Privilege Club,Estimated via Qatar Privilege Club.
Kotak Air Plus,Flying Blue,CREDIT_CARD,AIRLINE,2:1,2.0,3 to 5 days + 7 to 10 days,Accor Live Limitless,Estimated via Accor Live Limitless.
Kotak Air Plus,Flying Blue,CREDIT_CARD,AIRLINE,2:1,2.0,3 to 5 days,Direct,
Kotak Air Plus,Flying Blue,CREDIT_CARD,AIRLINE,9:1,9.0,3 to 5 days + Up to 3 Days,Marriott Bonvoy,Estimated via Marriott Bonvoy.
Kotak Air Plus,Fortune Wings Club,CREDIT_CARD,AIRLINE,9:1,9.0,3 to 5 days + Up to 8 Days,Marriott Bonvoy,Estimated via Marriott Bonvoy.
Kotak Air Plus,Frontier Miles,CREDIT_CARD,AIRLINE,9:1,9.0,3 to 5 days + Up to 30 Days,Marriott Bonvoy,Estimated via Marriott Bonvoy.
Kotak Air Plus,Iberia Club,CREDIT_CARD,AIRLINE,2:1,2.0,3 to 5 days + 7 to 10 days,Accor Live Limitless,Estimated via Accor Live Limitless.
Kotak Air Plus,Iberia Club,CREDIT_CARD,AIRLINE,2:1,2.0,3 to 5 days + Instant,British Airways Executive Club,Estimated via British Airways Executive Club.
Kotak Air Plus,Iberia Club,CREDIT_CARD,AIRLINE,9:1,9.0,3 to 5 days + Up to 1 Day,Marriott Bonvoy,Estimated via Marriott Bonvoy.
Kotak Air Plus,Iberia Club,CREDIT_CARD,AIRLINE,2:1,2.0,3 to 5 days + Instant,Qatar Privilege Club,Estimated via Qatar Privilege Club.
Kotak Air Plus,JAL Mileage Bank,CREDIT_CARD,AIRLINE,4:1,4.0,3 to 5 days + 7 to 10 days,Accor Live Limitless,Estimated via Accor Live Limitless.
Kotak Air Plus,JAL Mileage Bank,CREDIT_CARD,AIRLINE,9:1,9.0,3 to 5 days + Up to 2 Days,Marriott Bonvoy,Estimated via Marriott Bonvoy.
Kotak Air Plus,Juneyao Air,CREDIT_CARD,AIRLINE,80:3,26.6,3 to 5 days + 7 to 10 days,Accor Live Limitless,Estimated via Accor Live Limitless.
Kotak Air Plus,KrisFlyer,CREDIT_CARD,AIRLINE,4:1,4.0,3 to 5 days + 7 to 10 days,Accor Live Limitless,Estimated via Accor Live Limitless.
Kotak Air Plus,KrisFlyer,CREDIT_CARD,AIRLINE,9:1,9.0,3 to 5 days + 1 to 7 days,Marriott Bonvoy,Estimated via Marriott Bonvoy.
Kotak Air Plus,LATAM Pass,CREDIT_CARD,AIRLINE,4:1,4.0,3 to 5 days + 7 to 10 days,Accor Live Limitless,Estimated via Accor Live Limitless.
Kotak Air Plus,LATAM Pass,CREDIT_CARD,AIRLINE,9:1,9.0,3 to 5 days + 1 to 7 days,Marriott Bonvoy,Estimated via Marriott Bonvoy.
Kotak Air Plus,LifeMiles,CREDIT_CARD,AIRLINE,4:1,4.0,3 to 5 days + 7 to 10 days,Accor Live Limitless,Estimated via Accor Live Limitless.
Kotak Air Plus,LifeMiles,CREDIT_CARD,AIRLINE,9:1,9.0,3 to 5 days + 1 to 7 days,Marriott Bonvoy,Estimated via Marriott Bonvoy.
Kotak Air Plus,Lotusmiles,CREDIT_CARD,AIRLINE,3:1,3.0,3 to 5 days + 7 to 10 days,Accor Live Limitless,Estimated via Accor Live Limitless.
Kotak Air Plus,Maharaja Club,CREDIT_CARD,AIRLINE,2:1,2.0,3 to 5 days,Direct,
Kotak Air Plus,Marriott Bonvoy,CREDIT_CARD,HOTEL,2:1,2.0,3 to 5 days + Up to 7 days,Aeroplan,Estimated via Aeroplan.
Kotak Air Plus,Marriott Bonvoy,CREDIT_CARD,HOTEL,4:1,4.0,3 to 5 days + Up to 7 days,Asia Miles (Cathay),Estimated via Asia Miles (Cathay).
Kotak Air Plus,Marriott Bonvoy,CREDIT_CARD,HOTEL,3:1,3.0,3 to 5 days,Direct,
Kotak Air Plus,Marriott Bonvoy,CREDIT_CARD,HOTEL,2:1,2.0,3 to 5 days + Up to 7 days,MileagePlus,Estimated via MileagePlus.
Kotak Air Plus,Marriott Bonvoy,CREDIT_CARD,HOTEL,4:1,4.0,3 to 5 days + Up to 7 days,Qatar Privilege Club,Estimated via Qatar Privilege Club.
Kotak Air Plus,MileagePlus,CREDIT_CARD,AIRLINE,4:1,4.0,3 to 5 days + 7 to 10 days,Accor Live Limitless,Estimated via Accor Live Limitless.
Kotak Air Plus,MileagePlus,CREDIT_CARD,AIRLINE,2:1,2.0,3 to 5 days,Direct,
Kotak Air Plus,MileagePlus,CREDIT_CARD,AIRLINE,9:1,9.0,3 to 5 days + 1 to 7 days,Marriott Bonvoy,Estimated via Marriott Bonvoy.
Kotak Air Plus,Miles & Smiles,CREDIT_CARD,AIRLINE,9:1,9.0,3 to 5 days + 1 to 7 days,Marriott Bonvoy,Estimated via Marriott Bonvoy.
Kotak Air Plus,Miles-Bonus,CREDIT_CARD,AIRLINE,4:1,4.0,3 to 5 days + 7 to 10 days,Accor Live Limitless,Estimated via Accor Live Limitless.
Kotak Air Plus,Miles-Bonus,CREDIT_CARD,AIRLINE,9:1,9.0,3 to 5 days + Up to 3 Days,Marriott Bonvoy,Estimated via Marriott Bonvoy.
Kotak Air Plus,Phoenix Miles,CREDIT_CARD,AIRLINE,5:2,2.5,3 to 5 days + 7 to 10 days,Accor Live Limitless,Estimated via Accor Live Limitless.
Kotak Air Plus,Phoenix Miles,CREDIT_CARD,AIRLINE,9:1,9.0,3 to 5 days + 1 to 7 days,Marriott Bonvoy,Estimated via Marriott Bonvoy.
Kotak Air Plus,Qantas Frequent Flyer,CREDIT_CARD,AIRLINE,8:5,1.6,3 to 5 days + 7 to 10 days,Accor Live Limitless,Estimated via Accor Live Limitless.
Kotak Air Plus,Qantas Frequent Flyer,CREDIT_CARD,AIRLINE,9:1,9.0,3 to 5 days + 1 to 7 days,Marriott Bonvoy,Estimated via Marriott Bonvoy.
Kotak Air Plus,Qatar Privilege Club,CREDIT_CARD,AIRLINE,4:1,4.0,3 to 5 days + 7 to 10 days,Accor Live Limitless,Estimated via Accor Live Limitless.
Kotak Air Plus,Qatar Privilege Club,CREDIT_CARD,AIRLINE,2:1,2.0,3 to 5 days + Instant,British Airways Executive Club,Estimated via British Airways Executive Club.
Kotak Air Plus,Qatar Privilege Club,CREDIT_CARD,AIRLINE,2:1,2.0,3 to 5 days,Direct,
Kotak Air Plus,Qatar Privilege Club,CREDIT_CARD,AIRLINE,9:1,9.0,3 to 5 days + Up to 3 Days,Marriott Bonvoy,Estimated via Marriott Bonvoy.
Kotak Air Plus,Rapid Rewards,CREDIT_CARD,AIRLINE,9:1,9.0,3 to 5 days + 1 to 7 days,Marriott Bonvoy,Estimated via Marriott Bonvoy.
Kotak Air Plus,Royal Orchid Plus,CREDIT_CARD,AIRLINE,4:1,4.0,3 to 5 days + 7 to 10 days,Accor Live Limitless,Estimated via Accor Live Limitless.
Kotak Air Plus,Royal Orchid Plus,CREDIT_CARD,AIRLINE,9:1,9.0,3 to 5 days + 1 to 7 days,Marriott Bonvoy,Estimated via Marriott Bonvoy.
Kotak Air Plus,Saudia Alfursan,CREDIT_CARD,AIRLINE,9:1,9.0,3 to 5 days + 1 to 7 days,Marriott Bonvoy,Estimated via Marriott Bonvoy.
Kotak Air Plus,ShebaMiles,CREDIT_CARD,AIRLINE,9:1,9.0,3 to 5 days + 1 to 7 days,Marriott Bonvoy,Estimated via Marriott Bonvoy.
Kotak Air Plus,Sky Pearl Club,CREDIT_CARD,AIRLINE,9:1,9.0,3 to 5 days + 1 to 7 days,Marriott Bonvoy,Estimated via Marriott Bonvoy.
Kotak Air Plus,Skypass,CREDIT_CARD,AIRLINE,4:1,4.0,3 to 5 days + 7 to 10 days,Accor Live Limitless,Estimated via Accor Live Limitless.
Kotak Air Plus,Smiles GOL,CREDIT_CARD,AIRLINE,4:1,4.0,3 to 5 days + 7 to 10 days,Accor Live Limitless,Estimated via Accor Live Limitless.
Kotak Air Plus,Suma,CREDIT_CARD,DEFAULT,2:1,2.0,3 to 5 days + 7 to 10 days,Accor Live Limitless,Estimated via Accor Live Limitless.
Kotak Air Plus,Tap Miles & Go,CREDIT_CARD,AIRLINE,4:1,4.0,3 to 5 days + 7 to 10 days,Accor Live Limitless,Estimated via Accor Live Limitless.
Kotak Air Plus,Tap Miles & Go,CREDIT_CARD,AIRLINE,9:1,9.0,3 to 5 days + 1 to 7 days,Marriott Bonvoy,Estimated via Marriott Bonvoy.
Kotak Air Plus,Velocity,CREDIT_CARD,AIRLINE,2:1,2.0,3 to 5 days + 7 to 10 days,Accor Live Limitless,Estimated via Accor Live Limitless.
Kotak Air Plus,Velocity,CREDIT_CARD,AIRLINE,9:1,9.0,3 to 5 days + 1 to 7 days,Marriott Bonvoy,Estimated via Marriott Bonvoy.
Kotak Air Plus,Virgin Atlantic Flying Club,CREDIT_CARD,AIRLINE,9:1,9.0,3 to 5 days + 1 to 7 days,Marriott Bonvoy,Estimated via Marriott Bonvoy.
Kotak Air Plus,Vueling Club,CREDIT_CARD,AIRLINE,2:1,2.0,3 to 5 days + Instant,British Airways Executive Club,Estimated via British Airways Executive Club.
Kotak Air Plus,Vueling Club,CREDIT_CARD,AIRLINE,9:1,9.0,3 to 5 days + 1 to 7 days,Marriott Bonvoy,Estimated via Marriott Bonvoy.
Kotak Air Plus,Vueling Club,CREDIT_CARD,AIRLINE,2:1,2.0,3 to 5 days + Instant,Qatar Privilege Club,Estimated via Qatar Privilege Club.
Kotak Solitaire,ANA Mileage Club,CREDIT_CARD,AIRLINE,9:1,9.0,3 to 5 days + Up to 4 Days,Marriott Bonvoy,Estimated via Marriott Bonvoy.
Kotak Solitaire,Accor Live Limitless,CREDIT_CARD,HOTEL,2:1,2.0,3 to 5 days,Direct,
Kotak Solitaire,Accor Live Limitless,CREDIT_CARD,HOTEL,7:1,7.0,3 to 5 days + Up to 7 days,Qatar Privilege Club,Estimated via Qatar Privilege Club.
Kotak Solitaire,AerClub,CREDIT_CARD,AIRLINE,2:1,2.0,3 to 5 days + Instant,British Airways Executive Club,Estimated via British Airways Executive Club.
Kotak Solitaire,AerClub,CREDIT_CARD,AIRLINE,9:1,9.0,3 to 5 days + Up to 3 Days,Marriott Bonvoy,Estimated via Marriott Bonvoy.
Kotak Solitaire,AerClub,CREDIT_CARD,AIRLINE,2:1,2.0,3 to 5 days + Instant,Qatar Privilege Club,Estimated via Qatar Privilege Club.
Kotak Solitaire,Aeromexico Rewards,CREDIT_CARD,AIRLINE,4:1,4.0,3 to 5 days + 7 to 10 days,Accor Live Limitless,Estimated via Accor Live Limitless.
Kotak Solitaire,Aeromexico Rewards,CREDIT_CARD,AIRLINE,9:1,9.0,3 to 5 days + Up to 4 Days,Marriott Bonvoy,Estimated via Marriott Bonvoy.
Kotak Solitaire,Aeroplan,CREDIT_CARD,AIRLINE,4:1,4.0,3 to 5 days + 7 to 10 days,Accor Live Limitless,Estimated via Accor Live Limitless.
Kotak Solitaire,Aeroplan,CREDIT_CARD,AIRLINE,9:1,9.0,3 to 5 days + Up to 4 Days,Marriott Bonvoy,Estimated via Marriott Bonvoy.
Kotak Solitaire,American Airlines AAdvantage,CREDIT_CARD,AIRLINE,9:1,9.0,3 to 5 days + 1 to 7 days,Marriott Bonvoy,Estimated via Marriott Bonvoy.
Kotak Solitaire,Asia Miles (Cathay),CREDIT_CARD,AIRLINE,4:1,4.0,3 to 5 days + 7 to 10 days,Accor Live Limitless,Estimated via Accor Live Limitless.
Kotak Solitaire,Asia Miles (Cathay),CREDIT_CARD,AIRLINE,2:1,2.0,3 to 5 days,Direct,
Kotak Solitaire,Asia Miles (Cathay),CREDIT_CARD,AIRLINE,9:1,9.0,3 to 5 days + Up to 5 Days,Marriott Bonvoy,Estimated via Marriott Bonvoy.
Kotak Solitaire,Asiana Club,CREDIT_CARD,AIRLINE,9:1,9.0,3 to 5 days + Up to 4 Days,Marriott Bonvoy,Estimated via Marriott Bonvoy.
Kotak Solitaire,Atmos Rewards,CREDIT_CARD,AIRLINE,9:1,9.0,3 to 5 days + Up to 4 Days,Marriott Bonvoy,Estimated via Marriott Bonvoy.
Kotak Solitaire,British Airways Executive Club,CREDIT_CARD,AIRLINE,4:1,4.0,3 to 5 days + 7 to 10 days,Accor Live Limitless,Estimated via Accor Live Limitless.
Kotak Solitaire,British Airways Executive Club,CREDIT_CARD,AIRLINE,2:1,2.0,3 to 5 days,Direct,
Kotak Solitaire,British Airways Executive Club,CREDIT_CARD,AIRLINE,9:1,9.0,3 to 5 days + Up to 3 Days,Marriott Bonvoy,Estimated via Marriott Bonvoy.
Kotak Solitaire,British Airways Executive Club,CREDIT_CARD,AIRLINE,2:1,2.0,3 to 5 days + Instant,Qatar Privilege Club,Estimated via Qatar Privilege Club.
Kotak Solitaire,ConnectMiles,CREDIT_CARD,AIRLINE,9:1,9.0,3 to 5 days + 1 to 7 days,Marriott Bonvoy,Estimated via Marriott Bonvoy.
Kotak Solitaire,Delta SkyMiles,CREDIT_CARD,AIRLINE,4:1,4.0,3 to 5 days + 7 to 10 days,Accor Live Limitless,Estimated via Accor Live Limitless.
Kotak Solitaire,Delta SkyMiles,CREDIT_CARD,AIRLINE,9:1,9.0,3 to 5 days + Up to 1 Day,Marriott Bonvoy,Estimated via Marriott Bonvoy.
Kotak Solitaire,Emirates Skywards,CREDIT_CARD,AIRLINE,4:1,4.0,3 to 5 days + 7 to 10 days,Accor Live Limitless,Estimated via Accor Live Limitless.
Kotak Solitaire,Emirates Skywards,CREDIT_CARD,AIRLINE,9:1,9.0,3 to 5 days + Up to 3 Days,Marriott Bonvoy,Estimated via Marriott Bonvoy.
Kotak Solitaire,Etihad Guest,CREDIT_CARD,AIRLINE,4:1,4.0,3 to 5 days + 7 to 10 days,Accor Live Limitless,Estimated via Accor Live Limitless.
Kotak Solitaire,Etihad Guest,CREDIT_CARD,AIRLINE,2:1,2.0,3 to 5 days,Direct,
Kotak Solitaire,Etihad Guest,CREDIT_CARD,AIRLINE,9:1,9.0,3 to 5 days + Up to 3 Days,Marriott Bonvoy,Estimated via Marriott Bonvoy.
Kotak Solitaire,FalconFlyer,CREDIT_CARD,AIRLINE,4:1,4.0,3 to 5 days + 7 to 10 days,Accor Live Limitless,Estimated via Accor Live Limitless.
Kotak Solitaire,Finnair Plus,CREDIT_CARD,AIRLINE,77:25,3.08,3 to 5 days + 7 to 10 days,Accor Live Limitless,Estimated via Accor Live Limitless.
Kotak Solitaire,Finnair Plus,CREDIT_CARD,AIRLINE,2:1,2.0,3 to 5 days + Instant,British Airways Executive Club,Estimated via British Airways Executive Club.
Kotak Solitaire,Finnair Plus,CREDIT_CARD,AIRLINE,2:1,2.0,3 to 5 days + Instant,Qatar Privilege Club,Estimated via Qatar Privilege Club.
Kotak Solitaire,Flying Blue,CREDIT_CARD,AIRLINE,2:1,2.0,3 to 5 days + 7 to 10 days,Accor Live Limitless,Estimated via Accor Live Limitless.
Kotak Solitaire,Flying Blue,CREDIT_CARD,AIRLINE,2:1,2.0,3 to 5 days,Direct,
Kotak Solitaire,Flying Blue,CREDIT_CARD,AIRLINE,9:1,9.0,3 to 5 days + Up to 3 Days,Marriott Bonvoy,Estimated via Marriott Bonvoy.
Kotak Solitaire,Fortune Wings Club,CREDIT_CARD,AIRLINE,9:1,9.0,3 to 5 days + Up to 8 Days,Marriott Bonvoy,Estimated via Marriott Bonvoy.
Kotak Solitaire,Frontier Miles,CREDIT_CARD,AIRLINE,9:1,9.0,3 to 5 days + Up to 30 Days,Marriott Bonvoy,Estimated via Marriott Bonvoy.
Kotak Solitaire,Iberia Club,CREDIT_CARD,AIRLINE,2:1,2.0,3 to 5 days + 7 to 10 days,Accor Live Limitless,Estimated via Accor Live Limitless.
Kotak Solitaire,Iberia Club,CREDIT_CARD,AIRLINE,2:1,2.0,3 to 5 days + Instant,British Airways Executive Club,Estimated via British Airways Executive Club.
Kotak Solitaire,Iberia Club,CREDIT_CARD,AIRLINE,9:1,9.0,3 to 5 days + Up to 1 Day,Marriott Bonvoy,Estimated via Marriott Bonvoy.
Kotak Solitaire,Iberia Club,CREDIT_CARD,AIRLINE,2:1,2.0,3 to 5 days + Instant,Qatar Privilege Club,Estimated via Qatar Privilege Club.
Kotak Solitaire,JAL Mileage Bank,CREDIT_CARD,AIRLINE,4:1,4.0,3 to 5 days + 7 to 10 days,Accor Live Limitless,Estimated via Accor Live Limitless.
Kotak Solitaire,JAL Mileage Bank,CREDIT_CARD,AIRLINE,9:1,9.0,3 to 5 days + Up to 2 Days,Marriott Bonvoy,Estimated via Marriott Bonvoy.
Kotak Solitaire,Juneyao Air,CREDIT_CARD,AIRLINE,80:3,26.6,3 to 5 days + 7 to 10 days,Accor Live Limitless,Estimated via Accor Live Limitless.
Kotak Solitaire,KrisFlyer,CREDIT_CARD,AIRLINE,4:1,4.0,3 to 5 days + 7 to 10 days,Accor Live Limitless,Estimated via Accor Live Limitless.
Kotak Solitaire,KrisFlyer,CREDIT_CARD,AIRLINE,9:1,9.0,3 to 5 days + 1 to 7 days,Marriott Bonvoy,Estimated via Marriott Bonvoy.
Kotak Solitaire,LATAM Pass,CREDIT_CARD,AIRLINE,4:1,4.0,3 to 5 days + 7 to 10 days,Accor Live Limitless,Estimated via Accor Live Limitless.
Kotak Solitaire,LATAM Pass,CREDIT_CARD,AIRLINE,9:1,9.0,3 to 5 days + 1 to 7 days,Marriott Bonvoy,Estimated via Marriott Bonvoy.
Kotak Solitaire,LifeMiles,CREDIT_CARD,AIRLINE,4:1,4.0,3 to 5 days + 7 to 10 days,Accor Live Limitless,Estimated via Accor Live Limitless.
Kotak Solitaire,LifeMiles,CREDIT_CARD,AIRLINE,9:1,9.0,3 to 5 days + 1 to 7 days,Marriott Bonvoy,Estimated via Marriott Bonvoy.
Kotak Solitaire,Lotusmiles,CREDIT_CARD,AIRLINE,3:1,3.0,3 to 5 days + 7 to 10 days,Accor Live Limitless,Estimated via Accor Live Limitless.
Kotak Solitaire,Maharaja Club,CREDIT_CARD,AIRLINE,1:1,1.0,3 to 5 days,Direct,
Kotak Solitaire,Marriott Bonvoy,CREDIT_CARD,HOTEL,4:1,4.0,3 to 5 days + Up to 7 days,Asia Miles (Cathay),Estimated via Asia Miles (Cathay).
Kotak Solitaire,Marriott Bonvoy,CREDIT_CARD,HOTEL,3:1,3.0,3 to 5 days,Direct,
Kotak Solitaire,Marriott Bonvoy,CREDIT_CARD,HOTEL,2:1,2.0,3 to 5 days + Up to 7 days,MileagePlus,Estimated via MileagePlus.
Kotak Solitaire,Marriott Bonvoy,CREDIT_CARD,HOTEL,4:1,4.0,3 to 5 days + Up to 7 days,Qatar Privilege Club,Estimated via Qatar Privilege Club.
Kotak Solitaire,MileagePlus,CREDIT_CARD,AIRLINE,4:1,4.0,3 to 5 days + 7 to 10 days,Accor Live Limitless,Estimated via Accor Live Limitless.
Kotak Solitaire,MileagePlus,CREDIT_CARD,AIRLINE,2:1,2.0,3 to 5 days,Direct,
Kotak Solitaire,MileagePlus,CREDIT_CARD,AIRLINE,9:1,9.0,3 to 5 days + 1 to 7 days,Marriott Bonvoy,Estimated via Marriott Bonvoy.
Kotak Solitaire,Miles & Smiles,CREDIT_CARD,AIRLINE,9:1,9.0,3 to 5 days + 1 to 7 days,Marriott Bonvoy,Estimated via Marriott Bonvoy.
Kotak Solitaire,Miles-Bonus,CREDIT_CARD,AIRLINE,4:1,4.0,3 to 5 days + 7 to 10 days,Accor Live Limitless,Estimated via Accor Live Limitless.
Kotak Solitaire,Miles-Bonus,CREDIT_CARD,AIRLINE,9:1,9.0,3 to 5 days + Up to 3 Days,Marriott Bonvoy,Estimated via Marriott Bonvoy.
Kotak Solitaire,Phoenix Miles,CREDIT_CARD,AIRLINE,5:2,2.5,3 to 5 days + 7 to 10 days,Accor Live Limitless,Estimated via Accor Live Limitless.
Kotak Solitaire,Phoenix Miles,CREDIT_CARD,AIRLINE,9:1,9.0,3 to 5 days + 1 to 7 days,Marriott Bonvoy,Estimated via Marriott Bonvoy.
Kotak Solitaire,Qantas Frequent Flyer,CREDIT_CARD,AIRLINE,8:5,1.6,3 to 5 days + 7 to 10 days,Accor Live Limitless,Estimated via Accor Live Limitless.
Kotak Solitaire,Qantas Frequent Flyer,CREDIT_CARD,AIRLINE,9:1,9.0,3 to 5 days + 1 to 7 days,Marriott Bonvoy,Estimated via Marriott Bonvoy.
Kotak Solitaire,Qatar Privilege Club,CREDIT_CARD,AIRLINE,4:1,4.0,3 to 5 days + 7 to 10 days,Accor Live Limitless,Estimated via Accor Live Limitless.
Kotak Solitaire,Qatar Privilege Club,CREDIT_CARD,AIRLINE,2:1,2.0,3 to 5 days + Instant,British Airways Executive Club,Estimated via British Airways Executive Club.
Kotak Solitaire,Qatar Privilege Club,CREDIT_CARD,AIRLINE,2:1,2.0,3 to 5 days,Direct,
Kotak Solitaire,Qatar Privilege Club,CREDIT_CARD,AIRLINE,9:1,9.0,3 to 5 days + Up to 3 Days,Marriott Bonvoy,Estimated via Marriott Bonvoy.
Kotak Solitaire,Rapid Rewards,CREDIT_CARD,AIRLINE,9:1,9.0,3 to 5 days + 1 to 7 days,Marriott Bonvoy,Estimated via Marriott Bonvoy.
Kotak Solitaire,Royal Orchid Plus,CREDIT_CARD,AIRLINE,4:1,4.0,3 to 5 days + 7 to 10 days,Accor Live Limitless,Estimated via Accor Live Limitless.
Kotak Solitaire,Royal Orchid Plus,CREDIT_CARD,AIRLINE,9:1,9.0,3 to 5 days + 1 to 7 days,Marriott Bonvoy,Estimated via Marriott Bonvoy.
Kotak Solitaire,Saudia Alfursan,CREDIT_CARD,AIRLINE,9:1,9.0,3 to 5 days + 1 to 7 days,Marriott Bonvoy,Estimated via Marriott Bonvoy.
Kotak Solitaire,ShebaMiles,CREDIT_CARD,AIRLINE,9:1,9.0,3 to 5 days + 1 to 7 days,Marriott Bonvoy,Estimated via Marriott Bonvoy.
Kotak Solitaire,Sky Pearl Club,CREDIT_CARD,AIRLINE,9:1,9.0,3 to 5 days + 1 to 7 days,Marriott Bonvoy,Estimated via Marriott Bonvoy.
Kotak Solitaire,Skypass,CREDIT_CARD,AIRLINE,4:1,4.0,3 to 5 days + 7 to 10 days,Accor Live Limitless,Estimated via Accor Live Limitless.
Kotak Solitaire,Smiles GOL,CREDIT_CARD,AIRLINE,4:1,4.0,3 to 5 days + 7 to 10 days,Accor Live Limitless,Estimated via Accor Live Limitless.
Kotak Solitaire,Suma,CREDIT_CARD,DEFAULT,2:1,2.0,3 to 5 days + 7 to 10 days,Accor Live Limitless,Estimated via Accor Live Limitless.
Kotak Solitaire,Tap Miles & Go,CREDIT_CARD,AIRLINE,4:1,4.0,3 to 5 days + 7 to 10 days,Accor Live Limitless,Estimated via Accor Live Limitless.
Kotak Solitaire,Tap Miles & Go,CREDIT_CARD,AIRLINE,9:1,9.0,3 to 5 days + 1 to 7 days,Marriott Bonvoy,Estimated via Marriott Bonvoy.
Kotak Solitaire,Velocity,CREDIT_CARD,AIRLINE,2:1,2.0,3 to 5 days + 7 to 10 days,Accor Live Limitless,Estimated via Accor Live Limitless.
Kotak Solitaire,Velocity,CREDIT_CARD,AIRLINE,9:1,9.0,3 to 5 days + 1 to 7 days,Marriott Bonvoy,Estimated via Marriott Bonvoy.
Kotak Solitaire,Virgin Atlantic Flying Club,CREDIT_CARD,AIRLINE,9:1,9.0,3 to 5 days + 1 to 7 days,Marriott Bonvoy,Estimated via Marriott Bonvoy.
Kotak Solitaire,Vueling Club,CREDIT_CARD,AIRLINE,2:1,2.0,3 to 5 days + Instant,British Airways Executive Club,Estimated via British Airways Executive Club.
Kotak Solitaire,Vueling Club,CREDIT_CARD,AIRLINE,9:1,9.0,3 to 5 days + 1 to 7 days,Marriott Bonvoy,Estimated via Marriott Bonvoy.
Kotak Solitaire,Vueling Club,CREDIT_CARD,AIRLINE,2:1,2.0,3 to 5 days + Instant,Qatar Privilege Club,Estimated via Qatar Privilege Club.
KrisFlyer,ANA Mileage Club,AIRLINE,AIRLINE,4:1,4.0,Up to 7 days + Up to 4 Days,Marriott Bonvoy,Estimated via Marriott Bonvoy.
KrisFlyer,Accor Live Limitless,AIRLINE,HOTEL,9:2,4.5,Up to 7 days,Direct,
KrisFlyer,AerClub,AIRLINE,AIRLINE,4:1,4.0,Up to 7 days + Up to 3 Days,Marriott Bonvoy,Estimated via Marriott Bonvoy.
KrisFlyer,Aeromexico Rewards,AIRLINE,AIRLINE,9:1,9.0,Up to 7 days + 7 to 10 days,Accor Live Limitless,Estimated via Accor Live Limitless.
KrisFlyer,Aeromexico Rewards,AIRLINE,AIRLINE,4:1,4.0,Up to 7 days + Up to 4 Days,Marriott Bonvoy,Estimated via Marriott Bonvoy.
KrisFlyer,Aeroplan,AIRLINE,AIRLINE,9:1,9.0,Up to 7 days + 7 to 10 days,Accor Live Limitless,Estimated via Accor Live Limitless.
KrisFlyer,Aeroplan,AIRLINE,AIRLINE,4:1,4.0,Up to 7 days + Up to 4 Days,Marriott Bonvoy,Estimated via Marriott Bonvoy.
KrisFlyer,American Airlines AAdvantage,AIRLINE,AIRLINE,4:1,4.0,Up to 7 days + 1 to 7 days,Marriott Bonvoy,Estimated via Marriott Bonvoy.
KrisFlyer,Asia Miles (Cathay),AIRLINE,AIRLINE,9:1,9.0,Up to 7 days + 7 to 10 days,Accor Live Limitless,Estimated via Accor Live Limitless.
KrisFlyer,Asia Miles (Cathay),AIRLINE,AIRLINE,4:1,4.0,Up to 7 days + Up to 5 Days,Marriott Bonvoy,Estimated via Marriott Bonvoy.
KrisFlyer,Asiana Club,AIRLINE,AIRLINE,4:1,4.0,Up to 7 days + Up to 4 Days,Marriott Bonvoy,Estimated via Marriott Bonvoy.
KrisFlyer,Atmos Rewards,AIRLINE,AIRLINE,4:1,4.0,Up to 7 days + Up to 4 Days,Marriott Bonvoy,Estimated via Marriott Bonvoy.
KrisFlyer,British Airways Executive Club,AIRLINE,AIRLINE,9:1,9.0,Up to 7 days + 7 to 10 days,Accor Live Limitless,Estimated via Accor Live Limitless.
KrisFlyer,British Airways Executive Club,AIRLINE,AIRLINE,4:1,4.0,Up to 7 days + Up to 3 Days,Marriott Bonvoy,Estimated via Marriott Bonvoy.
KrisFlyer,ConnectMiles,AIRLINE,AIRLINE,4:1,4.0,Up to 7 days + 1 to 7 days,Marriott Bonvoy,Estimated via Marriott Bonvoy.
KrisFlyer,Delta SkyMiles,AIRLINE,AIRLINE,9:1,9.0,Up to 7 days + 7 to 10 days,Accor Live Limitless,Estimated via Accor Live Limitless.
KrisFlyer,Delta SkyMiles,AIRLINE,AIRLINE,4:1,4.0,Up to 7 days + Up to 1 Day,Marriott Bonvoy,Estimated via Marriott Bonvoy.
KrisFlyer,Emirates Skywards,AIRLINE,AIRLINE,9:1,9.0,Up to 7 days + 7 to 10 days,Accor Live Limitless,Estimated via Accor Live Limitless.
KrisFlyer,Emirates Skywards,AIRLINE,AIRLINE,4:1,4.0,Up to 7 days + Up to 3 Days,Marriott Bonvoy,Estimated via Marriott Bonvoy.
KrisFlyer,Etihad Guest,AIRLINE,AIRLINE,9:1,9.0,Up to 7 days + 7 to 10 days,Accor Live Limitless,Estimated via Accor Live Limitless.
KrisFlyer,Etihad Guest,AIRLINE,AIRLINE,4:1,4.0,Up to 7 days + Up to 3 Days,Marriott Bonvoy,Estimated via Marriott Bonvoy.
KrisFlyer,FalconFlyer,AIRLINE,AIRLINE,9:1,9.0,Up to 7 days + 7 to 10 days,Accor Live Limitless,Estimated via Accor Live Limitless.
KrisFlyer,Finnair Plus,AIRLINE,AIRLINE,97:14,6.930000000000001,Up to 7 days + 7 to 10 days,Accor Live Limitless,Estimated via Accor Live Limitless.
KrisFlyer,Flying Blue,AIRLINE,AIRLINE,9:2,4.5,Up to 7 days + 7 to 10 days,Accor Live Limitless,Estimated via Accor Live Limitless.
KrisFlyer,Flying Blue,AIRLINE,AIRLINE,4:1,4.0,Up to 7 days + Up to 3 Days,Marriott Bonvoy,Estimated via Marriott Bonvoy.
KrisFlyer,Fortune Wings Club,AIRLINE,AIRLINE,4:1,4.0,Up to 7 days + Up to 8 Days,Marriott Bonvoy,Estimated via Marriott Bonvoy.
KrisFlyer,Frontier Miles,AIRLINE,AIRLINE,4:1,4.0,Up to 7 days + Up to 30 Days,Marriott Bonvoy,Estimated via Marriott Bonvoy.
KrisFlyer,Iberia Club,AIRLINE,AIRLINE,9:2,4.5,Up to 7 days + 7 to 10 days,Accor Live Limitless,Estimated via Accor Live Limitless.
KrisFlyer,Iberia Club,AIRLINE,AIRLINE,4:1,4.0,Up to 7 days + Up to 1 Day,Marriott Bonvoy,Estimated via Marriott Bonvoy.
KrisFlyer,JAL Mileage Bank,AIRLINE,AIRLINE,9:1,9.0,Up to 7 days + 7 to 10 days,Accor Live Limitless,Estimated via Accor Live Limitless.
KrisFlyer,JAL Mileage Bank,AIRLINE,AIRLINE,4:1,4.0,Up to 7 days + Up to 2 Days,Marriott Bonvoy,Estimated via Marriott Bonvoy.
KrisFlyer,Juneyao Air,AIRLINE,AIRLINE,60:1,59.85,Up to 7 days + 7 to 10 days,Accor Live Limitless,Estimated via Accor Live Limitless.
KrisFlyer,LATAM Pass,AIRLINE,AIRLINE,9:1,9.0,Up to 7 days + 7 to 10 days,Accor Live Limitless,Estimated via Accor Live Limitless.
KrisFlyer,LATAM Pass,AIRLINE,AIRLINE,4:1,4.0,Up to 7 days + 1 to 7 days,Marriott Bonvoy,Estimated via Marriott Bonvoy.
KrisFlyer,LifeMiles,AIRLINE,AIRLINE,9:1,9.0,Up to 7 days + 7 to 10 days,Accor Live Limitless,Estimated via Accor Live Limitless.
KrisFlyer,LifeMiles,AIRLINE,AIRLINE,4:1,4.0,Up to 7 days + 1 to 7 days,Marriott Bonvoy,Estimated via Marriott Bonvoy.
KrisFlyer,Lotusmiles,AIRLINE,AIRLINE,27:4,6.75,Up to 7 days + 7 to 10 days,Accor Live Limitless,Estimated via Accor Live Limitless.
KrisFlyer,Marriott Bonvoy,AIRLINE,HOTEL,4:3,1.3333333333333333,Up to 7 days,Direct,
KrisFlyer,MileagePlus,AIRLINE,AIRLINE,9:1,9.0,Up to 7 days + 7 to 10 days,Accor Live Limitless,Estimated via Accor Live Limitless.
KrisFlyer,MileagePlus,AIRLINE,AIRLINE,4:1,4.0,Up to 7 days + 1 to 7 days,Marriott Bonvoy,Estimated via Marriott Bonvoy.
KrisFlyer,Miles & Smiles,AIRLINE,AIRLINE,4:1,4.0,Up to 7 days + 1 to 7 days,Marriott Bonvoy,Estimated via Marriott Bonvoy.
KrisFlyer,Miles-Bonus,AIRLINE,AIRLINE,9:1,9.0,Up to 7 days + 7 to 10 days,Accor Live Limitless,Estimated via Accor Live Limitless.
KrisFlyer,Miles-Bonus,AIRLINE,AIRLINE,4:1,4.0,Up to 7 days + Up to 3 Days,Marriott Bonvoy,Estimated via Marriott Bonvoy.
KrisFlyer,Phoenix Miles,AIRLINE,AIRLINE,45:8,5.625,Up to 7 days + 7 to 10 days,Accor Live Limitless,Estimated via Accor Live Limitless.
KrisFlyer,Phoenix Miles,AIRLINE,AIRLINE,4:1,4.0,Up to 7 days + 1 to 7 days,Marriott Bonvoy,Estimated via Marriott Bonvoy.
KrisFlyer,Qantas Frequent Flyer,AIRLINE,AIRLINE,18:5,3.5999999999999996,Up to 7 days + 7 to 10 days,Accor Live Limitless,Estimated via Accor Live Limitless.
KrisFlyer,Qantas Frequent Flyer,AIRLINE,AIRLINE,4:1,4.0,Up to 7 days + 1 to 7 days,Marriott Bonvoy,Estimated via Marriott Bonvoy.
KrisFlyer,Qatar Privilege Club,AIRLINE,AIRLINE,9:1,9.0,Up to 7 days + 7 to 10 days,Accor Live Limitless,Estimated via Accor Live Limitless.
KrisFlyer,Qatar Privilege Club,AIRLINE,AIRLINE,4:1,4.0,Up to 7 days + Up to 3 Days,Marriott Bonvoy,Estimated via Marriott Bonvoy.
KrisFlyer,Rapid Rewards,AIRLINE,AIRLINE,4:1,4.0,Up to 7 days + 1 to 7 days,Marriott Bonvoy,Estimated via Marriott Bonvoy.
KrisFlyer,Royal Orchid Plus,AIRLINE,AIRLINE,9:1,9.0,Up to 7 days + 7 to 10 days,Accor Live Limitless,Estimated via Accor Live Limitless.
KrisFlyer,Royal Orchid Plus,AIRLINE,AIRLINE,4:1,4.0,Up to 7 days + 1 to 7 days,Marriott Bonvoy,Estimated via Marriott Bonvoy.
KrisFlyer,Saudia Alfursan,AIRLINE,AIRLINE,4:1,4.0,Up to 7 days + 1 to 7 days,Marriott Bonvoy,Estimated via Marriott Bonvoy.
KrisFlyer,ShebaMiles,AIRLINE,AIRLINE,4:1,4.0,Up to 7 days + 1 to 7 days,Marriott Bonvoy,Estimated via Marriott Bonvoy.
KrisFlyer,Sky Pearl Club,AIRLINE,AIRLINE,4:1,4.0,Up to 7 days + 1 to 7 days,Marriott Bonvoy,Estimated via Marriott Bonvoy.
KrisFlyer,Skypass,AIRLINE,AIRLINE,9:1,9.0,Up to 7 days + 7 to 10 days,Accor Live Limitless,Estimated via Accor Live Limitless.
KrisFlyer,Smiles GOL,AIRLINE,AIRLINE,9:1,9.0,Up to 7 days + 7 to 10 days,Accor Live Limitless,Estimated via Accor Live Limitless.
KrisFlyer,Suma,AIRLINE,DEFAULT,9:2,4.5,Up to 7 days + 7 to 10 days,Accor Live Limitless,Estimated via Accor Live Limitless.
KrisFlyer,Tap Miles & Go,AIRLINE,AIRLINE,9:1,9.0,Up to 7 days + 7 to 10 days,Accor Live Limitless,Estimated via Accor Live Limitless.
KrisFlyer,Tap Miles & Go,AIRLINE,AIRLINE,4:1,4.0,Up to 7 days + 1 to 7 days,Marriott Bonvoy,Estimated via Marriott Bonvoy.
KrisFlyer,Velocity,AIRLINE,AIRLINE,9:2,4.5,Up to 7 days + 7 to 10 days,Accor Live Limitless,Estimated via Accor Live Limitless.
KrisFlyer,Velocity,AIRLINE,AIRLINE,4:1,4.0,Up to 7 days + 1 to 7 days,Marriott Bonvoy,Estimated via Marriott Bonvoy.
KrisFlyer,Virgin Atlantic Flying Club,AIRLINE,AIRLINE,4:1,4.0,Up to 7 days + 1 to 7 days,Marriott Bonvoy,Estimated via Marriott Bonvoy.
KrisFlyer,Vueling Club,AIRLINE,AIRLINE,4:1,4.0,Up to 7 days + 1 to 7 days,Marriott Bonvoy,Estimated via Marriott Bonvoy.
LATAM Pass,Accor Live Limitless,AIRLINE,HOTEL,91:16,5.680000000000001,Up to 7 days,Direct,
LATAM Pass,Aeromexico Rewards,AIRLINE,AIRLINE,91:8,11.360000000000001,Up to 7 days + 7 to 10 days,Accor Live Limitless,Estimated via Accor Live Limitless.
LATAM Pass,Aeroplan,AIRLINE,AIRLINE,91:8,11.360000000000001,Up to 7 days + 7 to 10 days,Accor Live Limitless,Estimated via Accor Live Limitless.
LATAM Pass,Asia Miles (Cathay),AIRLINE,AIRLINE,91:8,11.360000000000001,Up to 7 days + 7 to 10 days,Accor Live Limitless,Estimated via Accor Live Limitless.
LATAM Pass,British Airways Executive Club,AIRLINE,AIRLINE,91:8,11.360000000000001,Up to 7 days + 7 to 10 days,Accor Live Limitless,Estimated via Accor Live Limitless.
LATAM Pass,Delta SkyMiles,AIRLINE,AIRLINE,91:8,11.360000000000001,Up to 7 days + 7 to 10 days,Accor Live Limitless,Estimated via Accor Live Limitless.
LATAM Pass,Emirates Skywards,AIRLINE,AIRLINE,91:8,11.360000000000001,Up to 7 days + 7 to 10 days,Accor Live Limitless,Estimated via Accor Live Limitless.
LATAM Pass,Etihad Guest,AIRLINE,AIRLINE,91:8,11.360000000000001,Up to 7 days + 7 to 10 days,Accor Live Limitless,Estimated via Accor Live Limitless.
LATAM Pass,FalconFlyer,AIRLINE,AIRLINE,91:8,11.360000000000001,Up to 7 days + 7 to 10 days,Accor Live Limitless,Estimated via Accor Live Limitless.
LATAM Pass,Finnair Plus,AIRLINE,AIRLINE,35:4,8.747200000000001,Up to 7 days + 7 to 10 days,Accor Live Limitless,Estimated via Accor Live Limitless.
LATAM Pass,Flying Blue,AIRLINE,AIRLINE,91:16,5.680000000000001,Up to 7 days + 7 to 10 days,Accor Live Limitless,Estimated via Accor Live Limitless.
LATAM Pass,Iberia Club,AIRLINE,AIRLINE,91:16,5.680000000000001,Up to 7 days + 7 to 10 days,Accor Live Limitless,Estimated via Accor Live Limitless.
LATAM Pass,JAL Mileage Bank,AIRLINE,AIRLINE,91:8,11.360000000000001,Up to 7 days + 7 to 10 days,Accor Live Limitless,Estimated via Accor Live Limitless.
LATAM Pass,Juneyao Air,AIRLINE,AIRLINE,76:1,75.54400000000001,Up to 7 days + 7 to 10 days,Accor Live Limitless,Estimated via Accor Live Limitless.
LATAM Pass,KrisFlyer,AIRLINE,AIRLINE,91:8,11.360000000000001,Up to 7 days + 7 to 10 days,Accor Live Limitless,Estimated via Accor Live Limitless.
LATAM Pass,LifeMiles,AIRLINE,AIRLINE,91:8,11.360000000000001,Up to 7 days + 7 to 10 days,Accor Live Limitless,Estimated via Accor Live Limitless.
LATAM Pass,Lotusmiles,AIRLINE,AIRLINE,17:2,8.520000000000001,Up to 7 days + 7 to 10 days,Accor Live Limitless,Estimated via Accor Live Limitless.
LATAM Pass,MileagePlus,AIRLINE,AIRLINE,91:8,11.360000000000001,Up to 7 days + 7 to 10 days,Accor Live Limitless,Estimated via Accor Live Limitless.
LATAM Pass,Miles-Bonus,AIRLINE,AIRLINE,91:8,11.360000000000001,Up to 7 days + 7 to 10 days,Accor Live Limitless,Estimated via Accor Live Limitless.
LATAM Pass,Phoenix Miles,AIRLINE,AIRLINE,71:10,7.1,Up to 7 days + 7 to 10 days,Accor Live Limitless,Estimated via Accor Live Limitless.
LATAM Pass,Qantas Frequent Flyer,AIRLINE,AIRLINE,50:11,4.5440000000000005,Up to 7 days + 7 to 10 days,Accor Live Limitless,Estimated via Accor Live Limitless.
LATAM Pass,Qatar Privilege Club,AIRLINE,AIRLINE,91:8,11.360000000000001,Up to 7 days + 7 to 10 days,Accor Live Limitless,Estimated via Accor Live Limitless.
LATAM Pass,Royal Orchid Plus,AIRLINE,AIRLINE,91:8,11.360000000000001,Up to 7 days + 7 to 10 days,Accor Live Limitless,Estimated via Accor Live Limitless.
LATAM Pass,Skypass,AIRLINE,AIRLINE,91:8,11.360000000000001,Up to 7 days + 7 to 10 days,Accor Live Limitless,Estimated via Accor Live Limitless.
LATAM Pass,Smiles GOL,AIRLINE,AIRLINE,91:8,11.360000000000001,Up to 7 days + 7 to 10 days,Accor Live Limitless,Estimated via Accor Live Limitless.
LATAM Pass,Suma,AIRLINE,DEFAULT,91:16,5.680000000000001,Up to 7 days + 7 to 10 days,Accor Live Limitless,Estimated via Accor Live Limitless.
LATAM Pass,Tap Miles & Go,AIRLINE,AIRLINE,91:8,11.360000000000001,Up to 7 days + 7 to 10 days,Accor Live Limitless,Estimated via Accor Live Limitless.
LATAM Pass,Velocity,AIRLINE,AIRLINE,91:16,5.680000000000001,Up to 7 days + 7 to 10 days,Accor Live Limitless,Estimated via Accor Live Limitless.
Lotusmiles,Accor Live Limitless,AIRLINE,HOTEL,6:1,6.0,Up to 7 days,Direct,
Lotusmiles,Aeromexico Rewards,AIRLINE,AIRLINE,12:1,12.0,Up to 7 days + 7 to 10 days,Accor Live Limitless,Estimated via Accor Live Limitless.
Lotusmiles,Aeroplan,AIRLINE,AIRLINE,12:1,12.0,Up to 7 days + 7 to 10 days,Accor Live Limitless,Estimated via Accor Live Limitless.
Lotusmiles,Asia Miles (Cathay),AIRLINE,AIRLINE,12:1,12.0,Up to 7 days + 7 to 10 days,Accor Live Limitless,Estimated via Accor Live Limitless.
Lotusmiles,British Airways Executive Club,AIRLINE,AIRLINE,12:1,12.0,Up to 7 days + 7 to 10 days,Accor Live Limitless,Estimated via Accor Live Limitless.
Lotusmiles,Delta SkyMiles,AIRLINE,AIRLINE,12:1,12.0,Up to 7 days + 7 to 10 days,Accor Live Limitless,Estimated via Accor Live Limitless.
Lotusmiles,Emirates Skywards,AIRLINE,AIRLINE,12:1,12.0,Up to 7 days + 7 to 10 days,Accor Live Limitless,Estimated via Accor Live Limitless.
Lotusmiles,Etihad Guest,AIRLINE,AIRLINE,12:1,12.0,Up to 7 days + 7 to 10 days,Accor Live Limitless,Estimated via Accor Live Limitless.
Lotusmiles,FalconFlyer,AIRLINE,AIRLINE,12:1,12.0,Up to 7 days + 7 to 10 days,Accor Live Limitless,Estimated via Accor Live Limitless.
Lotusmiles,Finnair Plus,AIRLINE,AIRLINE,37:4,9.24,Up to 7 days + 7 to 10 days,Accor Live Limitless,Estimated via Accor Live Limitless.
Lotusmiles,Flying Blue,AIRLINE,AIRLINE,6:1,6.0,Up to 7 days + 7 to 10 days,Accor Live Limitless,Estimated via Accor Live Limitless.
Lotusmiles,Iberia Club,AIRLINE,AIRLINE,6:1,6.0,Up to 7 days + 7 to 10 days,Accor Live Limitless,Estimated via Accor Live Limitless.
Lotusmiles,JAL Mileage Bank,AIRLINE,AIRLINE,12:1,12.0,Up to 7 days + 7 to 10 days,Accor Live Limitless,Estimated via Accor Live Limitless.
Lotusmiles,Juneyao Air,AIRLINE,AIRLINE,80:1,79.80000000000001,Up to 7 days + 7 to 10 days,Accor Live Limitless,Estimated via Accor Live Limitless.
Lotusmiles,KrisFlyer,AIRLINE,AIRLINE,12:1,12.0,Up to 7 days + 7 to 10 days,Accor Live Limitless,Estimated via Accor Live Limitless.
Lotusmiles,LATAM Pass,AIRLINE,AIRLINE,12:1,12.0,Up to 7 days + 7 to 10 days,Accor Live Limitless,Estimated via Accor Live Limitless.
Lotusmiles,LifeMiles,AIRLINE,AIRLINE,12:1,12.0,Up to 7 days + 7 to 10 days,Accor Live Limitless,Estimated via Accor Live Limitless.
Lotusmiles,MileagePlus,AIRLINE,AIRLINE,12:1,12.0,Up to 7 days + 7 to 10 days,Accor Live Limitless,Estimated via Accor Live Limitless.
Lotusmiles,Miles-Bonus,AIRLINE,AIRLINE,12:1,12.0,Up to 7 days + 7 to 10 days,Accor Live Limitless,Estimated via Accor Live Limitless.
Lotusmiles,Phoenix Miles,AIRLINE,AIRLINE,15:2,7.5,Up to 7 days + 7 to 10 days,Accor Live Limitless,Estimated via Accor Live Limitless.
Lotusmiles,Qantas Frequent Flyer,AIRLINE,AIRLINE,24:5,4.800000000000001,Up to 7 days + 7 to 10 days,Accor Live Limitless,Estimated via Accor Live Limitless.
Lotusmiles,Qatar Privilege Club,AIRLINE,AIRLINE,12:1,12.0,Up to 7 days + 7 to 10 days,Accor Live Limitless,Estimated via Accor Live Limitless.
Lotusmiles,Royal Orchid Plus,AIRLINE,AIRLINE,12:1,12.0,Up to 7 days + 7 to 10 days,Accor Live Limitless,Estimated via Accor Live Limitless.
Lotusmiles,Skypass,AIRLINE,AIRLINE,12:1,12.0,Up to 7 days + 7 to 10 days,Accor Live Limitless,Estimated via Accor Live Limitless.
Lotusmiles,Smiles GOL,AIRLINE,AIRLINE,12:1,12.0,Up to 7 days + 7 to 10 days,Accor Live Limitless,Estimated via Accor Live Limitless.
Lotusmiles,Suma,AIRLINE,DEFAULT,6:1,6.0,Up to 7 days + 7 to 10 days,Accor Live Limitless,Estimated via Accor Live Limitless.
Lotusmiles,Tap Miles & Go,AIRLINE,AIRLINE,12:1,12.0,Up to 7 days + 7 to 10 days,Accor Live Limitless,Estimated via Accor Live Limitless.
Lotusmiles,Velocity,AIRLINE,AIRLINE,6:1,6.0,Up to 7 days + 7 to 10 days,Accor Live Limitless,Estimated via Accor Live Limitless.
Marriott Bonvoy,ANA Mileage Club,HOTEL,AIRLINE,3:1,3.0,Up to 4 Days,Direct,
Marriott Bonvoy,Accor Live Limitless,HOTEL,HOTEL,12:1,12.0,Up to 3 Days + Up to 7 days,Emirates Skywards,Estimated via Emirates Skywards.
Marriott Bonvoy,Accor Live Limitless,HOTEL,HOTEL,15:1,15.0,Up to 2 Days + Up to 7 days,JAL Mileage Bank,Estimated via JAL Mileage Bank.
Marriott Bonvoy,Accor Live Limitless,HOTEL,HOTEL,27:2,13.5,1 to 7 days + Up to 7 days,KrisFlyer,Estimated via KrisFlyer.
Marriott Bonvoy,Accor Live Limitless,HOTEL,HOTEL,17:1,17.040000000000003,1 to 7 days + Up to 7 days,LATAM Pass,Estimated via LATAM Pass.
Marriott Bonvoy,Accor Live Limitless,HOTEL,HOTEL,12:1,12.0,Up to 3 Days + Up to 7 days,Miles-Bonus,Estimated via Miles-Bonus.
Marriott Bonvoy,Accor Live Limitless,HOTEL,HOTEL,21:2,10.5,Up to 3 Days + Up to 7 days,Qatar Privilege Club,Estimated via Qatar Privilege Club.
Marriott Bonvoy,AerClub,HOTEL,AIRLINE,3:1,3.0,Up to 3 Days + Instant,British Airways Executive Club,Estimated via British Airways Executive Club.
Marriott Bonvoy,AerClub,HOTEL,AIRLINE,3:1,3.0,Up to 3 Days,Direct,
Marriott Bonvoy,AerClub,HOTEL,AIRLINE,3:1,3.0,Up to 1 Day + Instant,Iberia Club,Estimated via Iberia Club.
Marriott Bonvoy,AerClub,HOTEL,AIRLINE,3:1,3.0,Up to 3 Days + Instant,Qatar Privilege Club,Estimated via Qatar Privilege Club.
Marriott Bonvoy,AerClub,HOTEL,AIRLINE,3:1,3.0,1 to 7 days + Instant,Vueling Club,Estimated via Vueling Club.
Marriott Bonvoy,Aeromexico Rewards,HOTEL,AIRLINE,3:1,3.0,Up to 4 Days,Direct,
Marriott Bonvoy,Aeroplan,HOTEL,AIRLINE,3:1,3.0,Up to 4 Days,Direct,
Marriott Bonvoy,American Airlines AAdvantage,HOTEL,AIRLINE,3:1,3.0,1 to 7 days,Direct,
Marriott Bonvoy,Asia Miles (Cathay),HOTEL,AIRLINE,3:1,3.0,Up to 5 Days,Direct,
Marriott Bonvoy,Asiana Club,HOTEL,AIRLINE,3:1,3.0,Up to 4 Days,Direct,
Marriott Bonvoy,Atmos Rewards,HOTEL,AIRLINE,3:1,3.0,Up to 4 Days,Direct,
Marriott Bonvoy,British Airways Executive Club,HOTEL,AIRLINE,3:1,3.0,Up to 3 Days + Instant,AerClub,Estimated via AerClub.
Marriott Bonvoy,British Airways Executive Club,HOTEL,AIRLINE,3:1,3.0,Up to 3 Days,Direct,
Marriott Bonvoy,British Airways Executive Club,HOTEL,AIRLINE,3:1,3.0,Up to 1 Day + Instant,Iberia Club,Estimated via Iberia Club.
Marriott Bonvoy,British Airways Executive Club,HOTEL,AIRLINE,3:1,3.0,Up to 3 Days + Instant,Qatar Privilege Club,Estimated via Qatar Privilege Club.
Marriott Bonvoy,British Airways Executive Club,HOTEL,AIRLINE,3:1,3.0,1 to 7 days + Instant,Vueling Club,Estimated via Vueling Club.
Marriott Bonvoy,ConnectMiles,HOTEL,AIRLINE,3:1,3.0,1 to 7 days,Direct,
Marriott Bonvoy,Delta SkyMiles,HOTEL,AIRLINE,3:1,3.0,Up to 1 Day,Direct,
Marriott Bonvoy,Emirates Skywards,HOTEL,AIRLINE,3:1,3.0,Up to 3 Days,Direct,
Marriott Bonvoy,Etihad Guest,HOTEL,AIRLINE,3:1,3.0,Up to 3 Days,Direct,
Marriott Bonvoy,Finnair Plus,HOTEL,AIRLINE,3:1,3.0,Up to 3 Days + Instant,AerClub,Estimated via AerClub.
Marriott Bonvoy,Finnair Plus,HOTEL,AIRLINE,3:1,3.0,Up to 3 Days + Instant,British Airways Executive Club,Estimated via British Airways Executive Club.
Marriott Bonvoy,Finnair Plus,HOTEL,AIRLINE,3:1,3.0,Up to 1 Day + Instant,Iberia Club,Estimated via Iberia Club.
Marriott Bonvoy,Finnair Plus,HOTEL,AIRLINE,3:1,3.0,Up to 3 Days + Instant,Qatar Privilege Club,Estimated via Qatar Privilege Club.
Marriott Bonvoy,Finnair Plus,HOTEL,AIRLINE,3:1,3.0,1 to 7 days + Instant,Vueling Club,Estimated via Vueling Club.
Marriott Bonvoy,Flying Blue,HOTEL,AIRLINE,3:1,3.0,Up to 3 Days,Direct,
Marriott Bonvoy,Fortune Wings Club,HOTEL,AIRLINE,3:1,3.0,Up to 8 Days,Direct,
Marriott Bonvoy,Frontier Miles,HOTEL,AIRLINE,3:1,3.0,Up to 30 Days,Direct,
Marriott Bonvoy,Iberia Club,HOTEL,AIRLINE,3:1,3.0,Up to 3 Days + Instant,AerClub,Estimated via AerClub.
Marriott Bonvoy,Iberia Club,HOTEL,AIRLINE,3:1,3.0,Up to 3 Days + Instant,British Airways Executive Club,Estimated via British Airways Executive Club.
Marriott Bonvoy,Iberia Club,HOTEL,AIRLINE,3:1,3.0,Up to 1 Day,Direct,
Marriott Bonvoy,Iberia Club,HOTEL,AIRLINE,3:1,3.0,Up to 3 Days + Instant,Qatar Privilege Club,Estimated via Qatar Privilege Club.
Marriott Bonvoy,Iberia Club,HOTEL,AIRLINE,3:1,3.0,1 to 7 days + Instant,Vueling Club,Estimated via Vueling Club.
Marriott Bonvoy,JAL Mileage Bank,HOTEL,AIRLINE,3:1,3.0,Up to 2 Days,Direct,
Marriott Bonvoy,KrisFlyer,HOTEL,AIRLINE,3:1,3.0,1 to 7 days,Direct,
Marriott Bonvoy,LATAM Pass,HOTEL,AIRLINE,3:1,3.0,1 to 7 days,Direct,
Marriott Bonvoy,LifeMiles,HOTEL,AIRLINE,3:1,3.0,1 to 7 days,Direct,
Marriott Bonvoy,MileagePlus,HOTEL,AIRLINE,3:1,3.0,1 to 7 days,Direct,
Marriott Bonvoy,Miles & Smiles,HOTEL,AIRLINE,3:1,3.0,1 to 7 days,Direct,
Marriott Bonvoy,Miles-Bonus,HOTEL,AIRLINE,3:1,3.0,Up to 3 Days,Direct,
Marriott Bonvoy,Phoenix Miles,HOTEL,AIRLINE,3:1,3.0,1 to 7 days,Direct,
Marriott Bonvoy,Qantas Frequent Flyer,HOTEL,AIRLINE,3:1,3.0,1 to 7 days,Direct,
Marriott Bonvoy,Qatar Privilege Club,HOTEL,AIRLINE,3:1,3.0,Up to 3 Days + Instant,AerClub,Estimated via AerClub.
Marriott Bonvoy,Qatar Privilege Club,HOTEL,AIRLINE,3:1,3.0,Up to 3 Days + Instant,British Airways Executive Club,Estimated via British Airways Executive Club.
Marriott Bonvoy,Qatar Privilege Club,HOTEL,AIRLINE,3:1,3.0,Up to 3 Days,Direct,
Marriott Bonvoy,Qatar Privilege Club,HOTEL,AIRLINE,3:1,3.0,Up to 1 Day + Instant,Iberia Club,Estimated via Iberia Club.
Marriott Bonvoy,Qatar Privilege Club,HOTEL,AIRLINE,3:1,3.0,1 to 7 days + Instant,Vueling Club,Estimated via Vueling Club.
Marriott Bonvoy,Rapid Rewards,HOTEL,AIRLINE,3:1,3.0,1 to 7 days,Direct,
Marriott Bonvoy,Royal Orchid Plus,HOTEL,AIRLINE,3:1,3.0,1 to 7 days,Direct,
Marriott Bonvoy,Saudia Alfursan,HOTEL,AIRLINE,3:1,3.0,1 to 7 days,Direct,
Marriott Bonvoy,ShebaMiles,HOTEL,AIRLINE,3:1,3.0,1 to 7 days,Direct,
Marriott Bonvoy,Sky Pearl Club,HOTEL,AIRLINE,3:1,3.0,1 to 7 days,Direct,
Marriott Bonvoy,Tap Miles & Go,HOTEL,AIRLINE,3:1,3.0,1 to 7 days,Direct,
Marriott Bonvoy,Velocity,HOTEL,AIRLINE,3:1,3.0,1 to 7 days,Direct,
Marriott Bonvoy,Virgin Atlantic Flying Club,HOTEL,AIRLINE,3:1,3.0,1 to 7 days,Direct,
Marriott Bonvoy,Vueling Club,HOTEL,AIRLINE,3:1,3.0,Up to 3 Days + Instant,AerClub,Estimated via AerClub.
Marriott Bonvoy,Vueling Club,HOTEL,AIRLINE,3:1,3.0,Up to 3 Days + Instant,British Airways Executive Club,Estimated via British Airways Executive Club.
Marriott Bonvoy,Vueling Club,HOTEL,AIRLINE,3:1,3.0,1 to 7 days,Direct,
Marriott Bonvoy,Vueling Club,HOTEL,AIRLINE,3:1,3.0,Up to 1 Day + Instant,Iberia Club,Estimated via Iberia Club.
Marriott Bonvoy,Vueling Club,HOTEL,AIRLINE,3:1,3.0,Up to 3 Days + Instant,Qatar Privilege Club,Estimated via Qatar Privilege Club.
MileagePlus,ANA Mileage Club,AIRLINE,AIRLINE,3:1,3.0,Up to 7 days + Up to 4 Days,Marriott Bonvoy,Estimated via Marriott Bonvoy.
MileagePlus,AerClub,AIRLINE,AIRLINE,3:1,3.0,Up to 7 days + Up to 3 Days,Marriott Bonvoy,Estimated via Marriott Bonvoy.
MileagePlus,Aeromexico Rewards,AIRLINE,AIRLINE,3:1,3.0,Up to 7 days + Up to 4 Days,Marriott Bonvoy,Estimated via Marriott Bonvoy.
MileagePlus,Aeroplan,AIRLINE,AIRLINE,3:1,3.0,Up to 7 days + Up to 4 Days,Marriott Bonvoy,Estimated via Marriott Bonvoy.
MileagePlus,American Airlines AAdvantage,AIRLINE,AIRLINE,3:1,3.0,Up to 7 days + 1 to 7 days,Marriott Bonvoy,Estimated via Marriott Bonvoy.
MileagePlus,Asia Miles (Cathay),AIRLINE,AIRLINE,3:1,3.0,Up to 7 days + Up to 5 Days,Marriott Bonvoy,Estimated via Marriott Bonvoy.
MileagePlus,Asiana Club,AIRLINE,AIRLINE,3:1,3.0,Up to 7 days + Up to 4 Days,Marriott Bonvoy,Estimated via Marriott Bonvoy.
MileagePlus,Atmos Rewards,AIRLINE,AIRLINE,3:1,3.0,Up to 7 days + Up to 4 Days,Marriott Bonvoy,Estimated via Marriott Bonvoy.
MileagePlus,British Airways Executive Club,AIRLINE,AIRLINE,3:1,3.0,Up to 7 days + Up to 3 Days,Marriott Bonvoy,Estimated via Marriott Bonvoy.
MileagePlus,ConnectMiles,AIRLINE,AIRLINE,3:1,3.0,Up to 7 days + 1 to 7 days,Marriott Bonvoy,Estimated via Marriott Bonvoy.
MileagePlus,Delta SkyMiles,AIRLINE,AIRLINE,3:1,3.0,Up to 7 days + Up to 1 Day,Marriott Bonvoy,Estimated via Marriott Bonvoy.
MileagePlus,Emirates Skywards,AIRLINE,AIRLINE,3:1,3.0,Up to 7 days + Up to 3 Days,Marriott Bonvoy,Estimated via Marriott Bonvoy.
MileagePlus,Etihad Guest,AIRLINE,AIRLINE,3:1,3.0,Up to 7 days + Up to 3 Days,Marriott Bonvoy,Estimated via Marriott Bonvoy.
MileagePlus,Flying Blue,AIRLINE,AIRLINE,3:1,3.0,Up to 7 days + Up to 3 Days,Marriott Bonvoy,Estimated via Marriott Bonvoy.
MileagePlus,Fortune Wings Club,AIRLINE,AIRLINE,3:1,3.0,Up to 7 days + Up to 8 Days,Marriott Bonvoy,Estimated via Marriott Bonvoy.
MileagePlus,Frontier Miles,AIRLINE,AIRLINE,3:1,3.0,Up to 7 days + Up to 30 Days,Marriott Bonvoy,Estimated via Marriott Bonvoy.
MileagePlus,Iberia Club,AIRLINE,AIRLINE,3:1,3.0,Up to 7 days + Up to 1 Day,Marriott Bonvoy,Estimated via Marriott Bonvoy.
MileagePlus,JAL Mileage Bank,AIRLINE,AIRLINE,3:1,3.0,Up to 7 days + Up to 2 Days,Marriott Bonvoy,Estimated via Marriott Bonvoy.
MileagePlus,KrisFlyer,AIRLINE,AIRLINE,3:1,3.0,Up to 7 days + 1 to 7 days,Marriott Bonvoy,Estimated via Marriott Bonvoy.
MileagePlus,LATAM Pass,AIRLINE,AIRLINE,3:1,3.0,Up to 7 days + 1 to 7 days,Marriott Bonvoy,Estimated via Marriott Bonvoy.
MileagePlus,LifeMiles,AIRLINE,AIRLINE,3:1,3.0,Up to 7 days + 1 to 7 days,Marriott Bonvoy,Estimated via Marriott Bonvoy.
MileagePlus,Marriott Bonvoy,AIRLINE,HOTEL,1:1,1.0,Up to 7 days,Direct,
MileagePlus,Miles & Smiles,AIRLINE,AIRLINE,3:1,3.0,Up to 7 days + 1 to 7 days,Marriott Bonvoy,Estimated via Marriott Bonvoy.
MileagePlus,Miles-Bonus,AIRLINE,AIRLINE,3:1,3.0,Up to 7 days + Up to 3 Days,Marriott Bonvoy,Estimated via Marriott Bonvoy.
MileagePlus,Phoenix Miles,AIRLINE,AIRLINE,3:1,3.0,Up to 7 days + 1 to 7 days,Marriott Bonvoy,Estimated via Marriott Bonvoy.
MileagePlus,Qantas Frequent Flyer,AIRLINE,AIRLINE,3:1,3.0,Up to 7 days + 1 to 7 days,Marriott Bonvoy,Estimated via Marriott Bonvoy.
MileagePlus,Qatar Privilege Club,AIRLINE,AIRLINE,3:1,3.0,Up to 7 days + Up to 3 Days,Marriott Bonvoy,Estimated via Marriott Bonvoy.
MileagePlus,Rapid Rewards,AIRLINE,AIRLINE,3:1,3.0,Up to 7 days + 1 to 7 days,Marriott Bonvoy,Estimated via Marriott Bonvoy.
MileagePlus,Royal Orchid Plus,AIRLINE,AIRLINE,3:1,3.0,Up to 7 days + 1 to 7 days,Marriott Bonvoy,Estimated via Marriott Bonvoy.
MileagePlus,Saudia Alfursan,AIRLINE,AIRLINE,3:1,3.0,Up to 7 days + 1 to 7 days,Marriott Bonvoy,Estimated via Marriott Bonvoy.
MileagePlus,ShebaMiles,AIRLINE,AIRLINE,3:1,3.0,Up to 7 days + 1 to 7 days,Marriott Bonvoy,Estimated via Marriott Bonvoy.
MileagePlus,Sky Pearl Club,AIRLINE,AIRLINE,3:1,3.0,Up to 7 days + 1 to 7 days,Marriott Bonvoy,Estimated via Marriott Bonvoy.
MileagePlus,Tap Miles & Go,AIRLINE,AIRLINE,3:1,3.0,Up to 7 days + 1 to 7 days,Marriott Bonvoy,Estimated via Marriott Bonvoy.
MileagePlus,Velocity,AIRLINE,AIRLINE,3:1,3.0,Up to 7 days + 1 to 7 days,Marriott Bonvoy,Estimated via Marriott Bonvoy.
MileagePlus,Virgin Atlantic Flying Club,AIRLINE,AIRLINE,3:1,3.0,Up to 7 days + 1 to 7 days,Marriott Bonvoy,Estimated via Marriott Bonvoy.
MileagePlus,Vueling Club,AIRLINE,AIRLINE,3:1,3.0,Up to 7 days + 1 to 7 days,Marriott Bonvoy,Estimated via Marriott Bonvoy.
Miles-Bonus,Accor Live Limitless,AIRLINE,HOTEL,4:1,4.0,Up to 7 days,Direct,
Miles-Bonus,Aeromexico Rewards,AIRLINE,AIRLINE,8:1,8.0,Up to 7 days + 7 to 10 days,Accor Live Limitless,Estimated via Accor Live Limitless.
Miles-Bonus,Aeroplan,AIRLINE,AIRLINE,8:1,8.0,Up to 7 days + 7 to 10 days,Accor Live Limitless,Estimated via Accor Live Limitless.
Miles-Bonus,Asia Miles (Cathay),AIRLINE,AIRLINE,8:1,8.0,Up to 7 days + 7 to 10 days,Accor Live Limitless,Estimated via Accor Live Limitless.
Miles-Bonus,British Airways Executive Club,AIRLINE,AIRLINE,8:1,8.0,Up to 7 days + 7 to 10 days,Accor Live Limitless,Estimated via Accor Live Limitless.
Miles-Bonus,Delta SkyMiles,AIRLINE,AIRLINE,8:1,8.0,Up to 7 days + 7 to 10 days,Accor Live Limitless,Estimated via Accor Live Limitless.
Miles-Bonus,Emirates Skywards,AIRLINE,AIRLINE,8:1,8.0,Up to 7 days + 7 to 10 days,Accor Live Limitless,Estimated via Accor Live Limitless.
Miles-Bonus,Etihad Guest,AIRLINE,AIRLINE,8:1,8.0,Up to 7 days + 7 to 10 days,Accor Live Limitless,Estimated via Accor Live Limitless.
Miles-Bonus,FalconFlyer,AIRLINE,AIRLINE,8:1,8.0,Up to 7 days + 7 to 10 days,Accor Live Limitless,Estimated via Accor Live Limitless.
Miles-Bonus,Finnair Plus,AIRLINE,AIRLINE,80:13,6.16,Up to 7 days + 7 to 10 days,Accor Live Limitless,Estimated via Accor Live Limitless.
Miles-Bonus,Flying Blue,AIRLINE,AIRLINE,4:1,4.0,Up to 7 days + 7 to 10 days,Accor Live Limitless,Estimated via Accor Live Limitless.
Miles-Bonus,Iberia Club,AIRLINE,AIRLINE,4:1,4.0,Up to 7 days + 7 to 10 days,Accor Live Limitless,Estimated via Accor Live Limitless.
Miles-Bonus,JAL Mileage Bank,AIRLINE,AIRLINE,8:1,8.0,Up to 7 days + 7 to 10 days,Accor Live Limitless,Estimated via Accor Live Limitless.
Miles-Bonus,Juneyao Air,AIRLINE,AIRLINE,53:1,53.2,Up to 7 days + 7 to 10 days,Accor Live Limitless,Estimated via Accor Live Limitless.
Miles-Bonus,KrisFlyer,AIRLINE,AIRLINE,8:1,8.0,Up to 7 days + 7 to 10 days,Accor Live Limitless,Estimated via Accor Live Limitless.
Miles-Bonus,LATAM Pass,AIRLINE,AIRLINE,8:1,8.0,Up to 7 days + 7 to 10 days,Accor Live Limitless,Estimated via Accor Live Limitless.
Miles-Bonus,LifeMiles,AIRLINE,AIRLINE,8:1,8.0,Up to 7 days + 7 to 10 days,Accor Live Limitless,Estimated via Accor Live Limitless.
Miles-Bonus,Lotusmiles,AIRLINE,AIRLINE,6:1,6.0,Up to 7 days + 7 to 10 days,Accor Live Limitless,Estimated via Accor Live Limitless.
Miles-Bonus,MileagePlus,AIRLINE,AIRLINE,8:1,8.0,Up to 7 days + 7 to 10 days,Accor Live Limitless,Estimated via Accor Live Limitless.
Miles-Bonus,Phoenix Miles,AIRLINE,AIRLINE,5:1,5.0,Up to 7 days + 7 to 10 days,Accor Live Limitless,Estimated via Accor Live Limitless.
Miles-Bonus,Qantas Frequent Flyer,AIRLINE,AIRLINE,16:5,3.2,Up to 7 days + 7 to 10 days,Accor Live Limitless,Estimated via Accor Live Limitless.
Miles-Bonus,Qatar Privilege Club,AIRLINE,AIRLINE,8:1,8.0,Up to 7 days + 7 to 10 days,Accor Live Limitless,Estimated via Accor Live Limitless.
Miles-Bonus,Royal Orchid Plus,AIRLINE,AIRLINE,8:1,8.0,Up to 7 days + 7 to 10 days,Accor Live Limitless,Estimated via Accor Live Limitless.
Miles-Bonus,Skypass,AIRLINE,AIRLINE,8:1,8.0,Up to 7 days + 7 to 10 days,Accor Live Limitless,Estimated via Accor Live Limitless.
Miles-Bonus,Smiles GOL,AIRLINE,AIRLINE,8:1,8.0,Up to 7 days + 7 to 10 days,Accor Live Limitless,Estimated via Accor Live Limitless.
Miles-Bonus,Suma,AIRLINE,DEFAULT,4:1,4.0,Up to 7 days + 7 to 10 days,Accor Live Limitless,Estimated via Accor Live Limitless.
Miles-Bonus,Tap Miles & Go,AIRLINE,AIRLINE,8:1,8.0,Up to 7 days + 7 to 10 days,Accor Live Limitless,Estimated via Accor Live Limitless.
Miles-Bonus,Velocity,AIRLINE,AIRLINE,4:1,4.0,Up to 7 days + 7 to 10 days,Accor Live Limitless,Estimated via Accor Live Limitless.
Qatar Privilege Club,ANA Mileage Club,AIRLINE,AIRLINE,6:1,6.0,Up to 7 days + Up to 4 Days,Marriott Bonvoy,Estimated via Marriott Bonvoy.
Qatar Privilege Club,Accor Live Limitless,AIRLINE,HOTEL,7:2,3.5,Up to 7 days,Direct,
Qatar Privilege Club,Accor Live Limitless,AIRLINE,HOTEL,23:5,4.6000000000000005,Instant + Up to 7 days,Finnair Plus,Estimated via Finnair Plus.
Qatar Privilege Club,AerClub,AIRLINE,AIRLINE,1:1,1.0,Instant + Instant,British Airways Executive Club,Estimated via British Airways Executive Club.
Qatar Privilege Club,AerClub,AIRLINE,AIRLINE,1:1,1.0,Instant,Direct,Avios transfer
Qatar Privilege Club,AerClub,AIRLINE,AIRLINE,1:1,1.0,Instant + Instant,Finnair Plus,Estimated via Finnair Plus.
Qatar Privilege Club,AerClub,AIRLINE,AIRLINE,1:1,1.0,Instant + Instant,Iberia Club,Estimated via Iberia Club.
Qatar Privilege Club,AerClub,AIRLINE,AIRLINE,6:1,6.0,Up to 7 days + Up to 3 Days,Marriott Bonvoy,Estimated via Marriott Bonvoy.
Qatar Privilege Club,AerClub,AIRLINE,AIRLINE,1:1,1.0,Instant + Instant,Vueling Club,Estimated via Vueling Club.
Qatar Privilege Club,Aeromexico Rewards,AIRLINE,AIRLINE,7:1,7.0,Up to 7 days + 7 to 10 days,Accor Live Limitless,Estimated via Accor Live Limitless.
Qatar Privilege Club,Aeromexico Rewards,AIRLINE,AIRLINE,6:1,6.0,Up to 7 days + Up to 4 Days,Marriott Bonvoy,Estimated via Marriott Bonvoy.
Qatar Privilege Club,Aeroplan,AIRLINE,AIRLINE,7:1,7.0,Up to 7 days + 7 to 10 days,Accor Live Limitless,Estimated via Accor Live Limitless.
Qatar Privilege Club,Aeroplan,AIRLINE,AIRLINE,6:1,6.0,Up to 7 days + Up to 4 Days,Marriott Bonvoy,Estimated via Marriott Bonvoy.
Qatar Privilege Club,American Airlines AAdvantage,AIRLINE,AIRLINE,6:1,6.0,Up to 7 days + 1 to 7 days,Marriott Bonvoy,Estimated via Marriott Bonvoy.
Qatar Privilege Club,Asia Miles (Cathay),AIRLINE,AIRLINE,7:1,7.0,Up to 7 days + 7 to 10 days,Accor Live Limitless,Estimated via Accor Live Limitless.
Qatar Privilege Club,Asia Miles (Cathay),AIRLINE,AIRLINE,6:1,6.0,Up to 7 days + Up to 5 Days,Marriott Bonvoy,Estimated via Marriott Bonvoy.
Qatar Privilege Club,Asiana Club,AIRLINE,AIRLINE,6:1,6.0,Up to 7 days + Up to 4 Days,Marriott Bonvoy,Estimated via Marriott Bonvoy.
Qatar Privilege Club,Atmos Rewards,AIRLINE,AIRLINE,6:1,6.0,Up to 7 days + Up to 4 Days,Marriott Bonvoy,Estimated via Marriott Bonvoy.
Qatar Privilege Club,British Airways Executive Club,AIRLINE,AIRLINE,7:1,7.0,Up to 7 days + 7 to 10 days,Accor Live Limitless,Estimated via Accor Live Limitless.
Qatar Privilege Club,British Airways Executive Club,AIRLINE,AIRLINE,1:1,1.0,Instant + Instant,AerClub,Estimated via AerClub.
Qatar Privilege Club,British Airways Executive Club,AIRLINE,AIRLINE,1:1,1.0,Instant,Direct,Avios transfer
Qatar Privilege Club,British Airways Executive Club,AIRLINE,AIRLINE,1:1,1.0,Instant + Instant,Finnair Plus,Estimated via Finnair Plus.
Qatar Privilege Club,British Airways Executive Club,AIRLINE,AIRLINE,1:1,1.0,Instant + Instant,Iberia Club,Estimated via Iberia Club.
Qatar Privilege Club,British Airways Executive Club,AIRLINE,AIRLINE,6:1,6.0,Up to 7 days + Up to 3 Days,Marriott Bonvoy,Estimated via Marriott Bonvoy.
Qatar Privilege Club,British Airways Executive Club,AIRLINE,AIRLINE,1:1,1.0,Instant + Instant,Vueling Club,Estimated via Vueling Club.
Qatar Privilege Club,ConnectMiles,AIRLINE,AIRLINE,6:1,6.0,Up to 7 days + 1 to 7 days,Marriott Bonvoy,Estimated via Marriott Bonvoy.
Qatar Privilege Club,Delta SkyMiles,AIRLINE,AIRLINE,7:1,7.0,Up to 7 days + 7 to 10 days,Accor Live Limitless,Estimated via Accor Live Limitless.
Qatar Privilege Club,Delta SkyMiles,AIRLINE,AIRLINE,6:1,6.0,Up to 7 days + Up to 1 Day,Marriott Bonvoy,Estimated via Marriott Bonvoy.
Qatar Privilege Club,Emirates Skywards,AIRLINE,AIRLINE,7:1,7.0,Up to 7 days + 7 to 10 days,Accor Live Limitless,Estimated via Accor Live Limitless.
Qatar Privilege Club,Emirates Skywards,AIRLINE,AIRLINE,6:1,6.0,Up to 7 days + Up to 3 Days,Marriott Bonvoy,Estimated via Marriott Bonvoy.
Qatar Privilege Club,Etihad Guest,AIRLINE,AIRLINE,7:1,7.0,Up to 7 days + 7 to 10 days,Accor Live Limitless,Estimated via Accor Live Limitless.
Qatar Privilege Club,Etihad Guest,AIRLINE,AIRLINE,6:1,6.0,Up to 7 days + Up to 3 Days,Marriott Bonvoy,Estimated via Marriott Bonvoy.
Qatar Privilege Club,FalconFlyer,AIRLINE,AIRLINE,7:1,7.0,Up to 7 days + 7 to 10 days,Accor Live Limitless,Estimated via Accor Live Limitless.
Qatar Privilege Club,Finnair Plus,AIRLINE,AIRLINE,97:18,5.390000000000001,Up to 7 days + 7 to 10 days,Accor Live Limitless,Estimated via Accor Live Limitless.
Qatar Privilege Club,Finnair Plus,AIRLINE,AIRLINE,1:1,1.0,Instant + Instant,AerClub,Estimated via AerClub.
Qatar Privilege Club,Finnair Plus,AIRLINE,AIRLINE,1:1,1.0,Instant + Instant,British Airways Executive Club,Estimated via British Airways Executive Club.
Qatar Privilege Club,Finnair Plus,AIRLINE,AIRLINE,1:1,1.0,Instant,Direct,Avios transfer
Qatar Privilege Club,Finnair Plus,AIRLINE,AIRLINE,1:1,1.0,Instant + Instant,Iberia Club,Estimated via Iberia Club.
Qatar Privilege Club,Finnair Plus,AIRLINE,AIRLINE,1:1,1.0,Instant + Instant,Vueling Club,Estimated via Vueling Club.
Qatar Privilege Club,Flying Blue,AIRLINE,AIRLINE,7:2,3.5,Up to 7 days + 7 to 10 days,Accor Live Limitless,Estimated via Accor Live Limitless.
Qatar Privilege Club,Flying Blue,AIRLINE,AIRLINE,6:1,6.0,Up to 7 days + Up to 3 Days,Marriott Bonvoy,Estimated via Marriott Bonvoy.
Qatar Privilege Club,Fortune Wings Club,AIRLINE,AIRLINE,6:1,6.0,Up to 7 days + Up to 8 Days,Marriott Bonvoy,Estimated via Marriott Bonvoy.
Qatar Privilege Club,Frontier Miles,AIRLINE,AIRLINE,6:1,6.0,Up to 7 days + Up to 30 Days,Marriott Bonvoy,Estimated via Marriott Bonvoy.
Qatar Privilege Club,Iberia Club,AIRLINE,AIRLINE,7:2,3.5,Up to 7 days + 7 to 10 days,Accor Live Limitless,Estimated via Accor Live Limitless.
Qatar Privilege Club,Iberia Club,AIRLINE,AIRLINE,1:1,1.0,Instant + Instant,AerClub,Estimated via AerClub.
Qatar Privilege Club,Iberia Club,AIRLINE,AIRLINE,1:1,1.0,Instant + Instant,British Airways Executive Club,Estimated via British Airways Executive Club.
Qatar Privilege Club,Iberia Club,AIRLINE,AIRLINE,1:1,1.0,Instant,Direct,Avios transfer
Qatar Privilege Club,Iberia Club,AIRLINE,AIRLINE,1:1,1.0,Instant + Instant,Finnair Plus,Estimated via Finnair Plus.
Qatar Privilege Club,Iberia Club,AIRLINE,AIRLINE,6:1,6.0,Up to 7 days + Up to 1 Day,Marriott Bonvoy,Estimated via Marriott Bonvoy.
Qatar Privilege Club,Iberia Club,AIRLINE,AIRLINE,1:1,1.0,Instant + Instant,Vueling Club,Estimated via Vueling Club.
Qatar Privilege Club,JAL Mileage Bank,AIRLINE,AIRLINE,7:1,7.0,Up to 7 days + 7 to 10 days,Accor Live Limitless,Estimated via Accor Live Limitless.
Qatar Privilege Club,JAL Mileage Bank,AIRLINE,AIRLINE,6:1,6.0,Up to 7 days + Up to 2 Days,Marriott Bonvoy,Estimated via Marriott Bonvoy.
Qatar Privilege Club,Juneyao Air,AIRLINE,AIRLINE,93:2,46.550000000000004,Up to 7 days + 7 to 10 days,Accor Live Limitless,Estimated via Accor Live Limitless.
Qatar Privilege Club,KrisFlyer,AIRLINE,AIRLINE,7:1,7.0,Up to 7 days + 7 to 10 days,Accor Live Limitless,Estimated via Accor Live Limitless.
Qatar Privilege Club,KrisFlyer,AIRLINE,AIRLINE,6:1,6.0,Up to 7 days + 1 to 7 days,Marriott Bonvoy,Estimated via Marriott Bonvoy.
Qatar Privilege Club,LATAM Pass,AIRLINE,AIRLINE,7:1,7.0,Up to 7 days + 7 to 10 days,Accor Live Limitless,Estimated via Accor Live Limitless.
Qatar Privilege Club,LATAM Pass,AIRLINE,AIRLINE,6:1,6.0,Up to 7 days + 1 to 7 days,Marriott Bonvoy,Estimated via Marriott Bonvoy.
Qatar Privilege Club,LifeMiles,AIRLINE,AIRLINE,7:1,7.0,Up to 7 days + 7 to 10 days,Accor Live Limitless,Estimated via Accor Live Limitless.
Qatar Privilege Club,LifeMiles,AIRLINE,AIRLINE,6:1,6.0,Up to 7 days + 1 to 7 days,Marriott Bonvoy,Estimated via Marriott Bonvoy.
Qatar Privilege Club,Lotusmiles,AIRLINE,AIRLINE,21:4,5.25,Up to 7 days + 7 to 10 days,Accor Live Limitless,Estimated via Accor Live Limitless.
Qatar Privilege Club,Marriott Bonvoy,AIRLINE,HOTEL,2:1,2.0,Up to 7 days,Direct,
Qatar Privilege Club,MileagePlus,AIRLINE,AIRLINE,7:1,7.0,Up to 7 days + 7 to 10 days,Accor Live Limitless,Estimated via Accor Live Limitless.
Qatar Privilege Club,MileagePlus,AIRLINE,AIRLINE,6:1,6.0,Up to 7 days + 1 to 7 days,Marriott Bonvoy,Estimated via Marriott Bonvoy.
Qatar Privilege Club,Miles & Smiles,AIRLINE,AIRLINE,6:1,6.0,Up to 7 days + 1 to 7 days,Marriott Bonvoy,Estimated via Marriott Bonvoy.
Qatar Privilege Club,Miles-Bonus,AIRLINE,AIRLINE,7:1,7.0,Up to 7 days + 7 to 10 days,Accor Live Limitless,Estimated via Accor Live Limitless.
Qatar Privilege Club,Miles-Bonus,AIRLINE,AIRLINE,6:1,6.0,Up to 7 days + Up to 3 Days,Marriott Bonvoy,Estimated via Marriott Bonvoy.
Qatar Privilege Club,Phoenix Miles,AIRLINE,AIRLINE,35:8,4.375,Up to 7 days + 7 to 10 days,Accor Live Limitless,Estimated via Accor Live Limitless.
Qatar Privilege Club,Phoenix Miles,AIRLINE,AIRLINE,6:1,6.0,Up to 7 days + 1 to 7 days,Marriott Bonvoy,Estimated via Marriott Bonvoy.
Qatar Privilege Club,Qantas Frequent Flyer,AIRLINE,AIRLINE,14:5,2.8000000000000003,Up to 7 days + 7 to 10 days,Accor Live Limitless,Estimated via Accor Live Limitless.
Qatar Privilege Club,Qantas Frequent Flyer,AIRLINE,AIRLINE,6:1,6.0,Up to 7 days + 1 to 7 days,Marriott Bonvoy,Estimated via Marriott Bonvoy.
Qatar Privilege Club,Rapid Rewards,AIRLINE,AIRLINE,6:1,6.0,Up to 7 days + 1 to 7 days,Marriott Bonvoy,Estimated via Marriott Bonvoy.
Qatar Privilege Club,Royal Orchid Plus,AIRLINE,AIRLINE,7:1,7.0,Up to 7 days + 7 to 10 days,Accor Live Limitless,Estimated via Accor Live Limitless.
Qatar Privilege Club,Royal Orchid Plus,AIRLINE,AIRLINE,6:1,6.0,Up to 7 days + 1 to 7 days,Marriott Bonvoy,Estimated via Marriott Bonvoy.
Qatar Privilege Club,Saudia Alfursan,AIRLINE,AIRLINE,6:1,6.0,Up to 7 days + 1 to 7 days,Marriott Bonvoy,Estimated via Marriott Bonvoy.
Qatar Privilege Club,ShebaMiles,AIRLINE,AIRLINE,6:1,6.0,Up to 7 days + 1 to 7 days,Marriott Bonvoy,Estimated via Marriott Bonvoy.
Qatar Privilege Club,Sky Pearl Club,AIRLINE,AIRLINE,6:1,6.0,Up to 7 days + 1 to 7 days,Marriott Bonvoy,Estimated via Marriott Bonvoy.
Qatar Privilege Club,Skypass,AIRLINE,AIRLINE,7:1,7.0,Up to 7 days + 7 to 10 days,Accor Live Limitless,Estimated via Accor Live Limitless.
Qatar Privilege Club,Smiles GOL,AIRLINE,AIRLINE,7:1,7.0,Up to 7 days + 7 to 10 days,Accor Live Limitless,Estimated via Accor Live Limitless.
Qatar Privilege Club,Suma,AIRLINE,DEFAULT,7:2,3.5,Up to 7 days + 7 to 10 days,Accor Live Limitless,Estimated via Accor Live Limitless.
Qatar Privilege Club,Tap Miles & Go,AIRLINE,AIRLINE,7:1,7.0,Up to 7 days + 7 to 10 days,Accor Live Limitless,Estimated via Accor Live Limitless.
Qatar Privilege Club,Tap Miles & Go,AIRLINE,AIRLINE,6:1,6.0,Up to 7 days + 1 to 7 days,Marriott Bonvoy,Estimated via Marriott Bonvoy.
Qatar Privilege Club,Velocity,AIRLINE,AIRLINE,7:2,3.5,Up to 7 days + 7 to 10 days,Accor Live Limitless,Estimated via Accor Live Limitless.
Qatar Privilege Club,Velocity,AIRLINE,AIRLINE,6:1,6.0,Up to 7 days + 1 to 7 days,Marriott Bonvoy,Estimated via Marriott Bonvoy.
Qatar Privilege Club,Virgin Atlantic Flying Club,AIRLINE,AIRLINE,6:1,6.0,Up to 7 days + 1 to 7 days,Marriott Bonvoy,Estimated via Marriott Bonvoy.
Qatar Privilege Club,Vueling Club,AIRLINE,AIRLINE,1:1,1.0,Instant + Instant,AerClub,Estimated via AerClub.
Qatar Privilege Club,Vueling Club,AIRLINE,AIRLINE,1:1,1.0,Instant + Instant,British Airways Executive Club,Estimated via British Airways Executive Club.
Qatar Privilege Club,Vueling Club,AIRLINE,AIRLINE,1:1,1.0,Instant,Direct,Avios transfer
Qatar Privilege Club,Vueling Club,AIRLINE,AIRLINE,1:1,1.0,Instant + Instant,Finnair Plus,Estimated via Finnair Plus.
Qatar Privilege Club,Vueling Club,AIRLINE,AIRLINE,1:1,1.0,Instant + Instant,Iberia Club,Estimated via Iberia Club.
Qatar Privilege Club,Vueling Club,AIRLINE,AIRLINE,6:1,6.0,Up to 7 days + 1 to 7 days,Marriott Bonvoy,Estimated via Marriott Bonvoy.
Rove Miles,Accor Live Limitless,OTHER,HOTEL,1:1,1.0,0 to 24 hours,Direct,
Rove Miles,Accor Live Limitless,OTHER,HOTEL,23:5,4.6000000000000005,0 to 24 hours + Up to 7 days,Finnair Plus,Estimated via Finnair Plus.
Rove Miles,Accor Live Limitless,OTHER,HOTEL,5:1,5.0,0 to 24 hours + Up to 7 days,JAL Mileage Bank,Estimated via JAL Mileage Bank.
Rove Miles,Accor Live Limitless,OTHER,HOTEL,6:1,6.0,0 to 24 hours + Up to 7 days,Lotusmiles,Estimated via Lotusmiles.
Rove Miles,Accor Live Limitless,OTHER,HOTEL,7:2,3.5,0 to 24 hours + Up to 7 days,Qatar Privilege Club,Estimated via Qatar Privilege Club.
Rove Miles,AerClub,OTHER,AIRLINE,1:1,1.0,0 to 24 hours + Instant,Finnair Plus,Estimated via Finnair Plus.
Rove Miles,AerClub,OTHER,AIRLINE,1:1,1.0,0 to 24 hours + Instant,Qatar Privilege Club,Estimated via Qatar Privilege Club.
Rove Miles,Aeromexico Rewards,OTHER,AIRLINE,2:1,2.0,0 to 24 hours + 7 to 10 days,Accor Live Limitless,Estimated via Accor Live Limitless.
Rove Miles,Aeromexico Rewards,OTHER,AIRLINE,1:1,1.0,0 to 24 hours,Direct,
Rove Miles,Aeroplan,OTHER,AIRLINE,2:1,2.0,0 to 24 hours + 7 to 10 days,Accor Live Limitless,Estimated via Accor Live Limitless.
Rove Miles,Asia Miles (Cathay),OTHER,AIRLINE,2:1,2.0,0 to 24 hours + 7 to 10 days,Accor Live Limitless,Estimated via Accor Live Limitless.
Rove Miles,Asia Miles (Cathay),OTHER,AIRLINE,1:1,1.0,0 to 24 hours,Direct,
Rove Miles,British Airways Executive Club,OTHER,AIRLINE,2:1,2.0,0 to 24 hours + 7 to 10 days,Accor Live Limitless,Estimated via Accor Live Limitless.
Rove Miles,British Airways Executive Club,OTHER,AIRLINE,1:1,1.0,0 to 24 hours + Instant,Finnair Plus,Estimated via Finnair Plus.
Rove Miles,British Airways Executive Club,OTHER,AIRLINE,1:1,1.0,0 to 24 hours + Instant,Qatar Privilege Club,Estimated via Qatar Privilege Club.
Rove Miles,Delta SkyMiles,OTHER,AIRLINE,2:1,2.0,0 to 24 hours + 7 to 10 days,Accor Live Limitless,Estimated via Accor Live Limitless.
Rove Miles,Emirates Skywards,OTHER,AIRLINE,2:1,2.0,0 to 24 hours + 7 to 10 days,Accor Live Limitless,Estimated via Accor Live Limitless.
Rove Miles,Etihad Guest,OTHER,AIRLINE,2:1,2.0,0 to 24 hours + 7 to 10 days,Accor Live Limitless,Estimated via Accor Live Limitless.
Rove Miles,Etihad Guest,OTHER,AIRLINE,1:1,1.0,0 to 24 hours,Direct,
Rove Miles,FalconFlyer,OTHER,AIRLINE,2:1,2.0,0 to 24 hours + 7 to 10 days,Accor Live Limitless,Estimated via Accor Live Limitless.
Rove Miles,Finnair Plus,OTHER,AIRLINE,77:50,1.54,0 to 24 hours + 7 to 10 days,Accor Live Limitless,Estimated via Accor Live Limitless.
Rove Miles,Finnair Plus,OTHER,AIRLINE,1:1,1.0,0 to 24 hours,Direct,
Rove Miles,Finnair Plus,OTHER,AIRLINE,1:1,1.0,0 to 24 hours + Instant,Qatar Privilege Club,Estimated via Qatar Privilege Club.
Rove Miles,Flying Blue,OTHER,AIRLINE,1:1,1.0,0 to 24 hours + 7 to 10 days,Accor Live Limitless,Estimated via Accor Live Limitless.
Rove Miles,Flying Blue,OTHER,AIRLINE,1:1,1.0,0 to 24 hours,Direct,
Rove Miles,Fortune Wings Club,OTHER,AIRLINE,1:1,1.0,0 to 24 hours,Direct,
Rove Miles,Iberia Club,OTHER,AIRLINE,1:1,1.0,0 to 24 hours + 7 to 10 days,Accor Live Limitless,Estimated via Accor Live Limitless.
Rove Miles,Iberia Club,OTHER,AIRLINE,1:1,1.0,0 to 24 hours + Instant,Finnair Plus,Estimated via Finnair Plus.
Rove Miles,Iberia Club,OTHER,AIRLINE,1:1,1.0,0 to 24 hours + Instant,Qatar Privilege Club,Estimated via Qatar Privilege Club.
Rove Miles,JAL Mileage Bank,OTHER,AIRLINE,2:1,2.0,0 to 24 hours + 7 to 10 days,Accor Live Limitless,Estimated via Accor Live Limitless.
Rove Miles,JAL Mileage Bank,OTHER,AIRLINE,1:1,1.0,0 to 24 hours,Direct,
Rove Miles,Juneyao Air,OTHER,AIRLINE,93:7,13.3,0 to 24 hours + 7 to 10 days,Accor Live Limitless,Estimated via Accor Live Limitless.
Rove Miles,KrisFlyer,OTHER,AIRLINE,2:1,2.0,0 to 24 hours + 7 to 10 days,Accor Live Limitless,Estimated via Accor Live Limitless.
Rove Miles,LATAM Pass,OTHER,AIRLINE,2:1,2.0,0 to 24 hours + 7 to 10 days,Accor Live Limitless,Estimated via Accor Live Limitless.
Rove Miles,LifeMiles,OTHER,AIRLINE,2:1,2.0,0 to 24 hours + 7 to 10 days,Accor Live Limitless,Estimated via Accor Live Limitless.
Rove Miles,Lotusmiles,OTHER,AIRLINE,3:2,1.5,0 to 24 hours + 7 to 10 days,Accor Live Limitless,Estimated via Accor Live Limitless.
Rove Miles,Lotusmiles,OTHER,AIRLINE,1:1,1.0,0 to 24 hours,Direct,
Rove Miles,Maharaja Club,OTHER,AIRLINE,1:1,1.0,0 to 24 hours,Direct,
Rove Miles,Marriott Bonvoy,OTHER,HOTEL,2:1,2.0,0 to 24 hours + Up to 7 days,Asia Miles (Cathay),Estimated via Asia Miles (Cathay).
Rove Miles,Marriott Bonvoy,OTHER,HOTEL,4:3,1.3333333333333333,0 to 24 hours + Up to 7 days,JAL Mileage Bank,Estimated via JAL Mileage Bank.
Rove Miles,Marriott Bonvoy,OTHER,HOTEL,2:1,2.0,0 to 24 hours + Up to 7 days,Qatar Privilege Club,Estimated via Qatar Privilege Club.
Rove Miles,MileagePlus,OTHER,AIRLINE,2:1,2.0,0 to 24 hours + 7 to 10 days,Accor Live Limitless,Estimated via Accor Live Limitless.
Rove Miles,Miles & More,OTHER,AIRLINE,1:1,1.0,0 to 24 hours,Direct,
Rove Miles,Miles & Smiles,OTHER,AIRLINE,1:1,1.0,0 to 24 hours,Direct,
Rove Miles,Miles-Bonus,OTHER,AIRLINE,2:1,2.0,0 to 24 hours + 7 to 10 days,Accor Live Limitless,Estimated via Accor Live Limitless.
Rove Miles,Phoenix Miles,OTHER,AIRLINE,5:4,1.25,0 to 24 hours + 7 to 10 days,Accor Live Limitless,Estimated via Accor Live Limitless.
Rove Miles,Qantas Frequent Flyer,OTHER,AIRLINE,4:5,0.8,0 to 24 hours + 7 to 10 days,Accor Live Limitless,Estimated via Accor Live Limitless.
Rove Miles,Qatar Privilege Club,OTHER,AIRLINE,2:1,2.0,0 to 24 hours + 7 to 10 days,Accor Live Limitless,Estimated via Accor Live Limitless.
Rove Miles,Qatar Privilege Club,OTHER,AIRLINE,1:1,1.0,0 to 24 hours,Direct,
Rove Miles,Qatar Privilege Club,OTHER,AIRLINE,1:1,1.0,0 to 24 hours + Instant,Finnair Plus,Estimated via Finnair Plus.
Rove Miles,Royal Orchid Plus,OTHER,AIRLINE,2:1,2.0,0 to 24 hours + 7 to 10 days,Accor Live Limitless,Estimated via Accor Live Limitless.
Rove Miles,Royal Orchid Plus,OTHER,AIRLINE,1:1,1.0,0 to 24 hours,Direct,
Rove Miles,SAS EuroBonus,OTHER,AIRLINE,1:1,1.0,0 to 24 hours,Direct,
Rove Miles,Skypass,OTHER,AIRLINE,2:1,2.0,0 to 24 hours + 7 to 10 days,Accor Live Limitless,Estimated via Accor Live Limitless.
Rove Miles,Smiles GOL,OTHER,AIRLINE,2:1,2.0,0 to 24 hours + 7 to 10 days,Accor Live Limitless,Estimated via Accor Live Limitless.
Rove Miles,Suma,OTHER,DEFAULT,1:1,1.0,0 to 24 hours + 7 to 10 days,Accor Live Limitless,Estimated via Accor Live Limitless.
Rove Miles,Tap Miles & Go,OTHER,AIRLINE,2:1,2.0,0 to 24 hours + 7 to 10 days,Accor Live Limitless,Estimated via Accor Live Limitless.
Rove Miles,Velocity,OTHER,AIRLINE,1:1,1.0,0 to 24 hours + 7 to 10 days,Accor Live Limitless,Estimated via Accor Live Limitless.
Rove Miles,Vueling Club,OTHER,AIRLINE,1:1,1.0,0 to 24 hours + Instant,Finnair Plus,Estimated via Finnair Plus.
Rove Miles,Vueling Club,OTHER,AIRLINE,1:1,1.0,0 to 24 hours + Instant,Qatar Privilege Club,Estimated via Qatar Privilege Club.
SBI Air India Platinum,Maharaja Club,CREDIT_CARD,AIRLINE,1:1,1.0,Up to 7 days,Direct,
SBI Air India Signature,Maharaja Club,CREDIT_CARD,AIRLINE,1:1,1.0,Up to 7 days,Direct,
SBI Aurum,Accor Live Limitless,CREDIT_CARD,HOTEL,35:2,17.5,Up to 2 days + Up to 7 days,Qatar Privilege Club,Estimated via Qatar Privilege Club.
SBI Aurum,AerClub,CREDIT_CARD,AIRLINE,5:1,5.0,Up to 2 days + Instant,Qatar Privilege Club,Estimated via Qatar Privilege Club.
SBI Aurum,AirAsia Rewards,CREDIT_CARD,AIRLINE,4:1,4.0,Up to 2 days,Direct,
SBI Aurum,British Airways Executive Club,CREDIT_CARD,AIRLINE,5:1,5.0,Up to 2 days + Instant,Qatar Privilege Club,Estimated via Qatar Privilege Club.
SBI Aurum,Finnair Plus,CREDIT_CARD,AIRLINE,5:1,5.0,Up to 2 days + Instant,Qatar Privilege Club,Estimated via Qatar Privilege Club.
SBI Aurum,ITC Club,CREDIT_CARD,HOTEL,5:1,5.0,Up to 2 days,Direct,
SBI Aurum,Iberia Club,CREDIT_CARD,AIRLINE,5:1,5.0,Up to 2 days + Instant,Qatar Privilege Club,Estimated via Qatar Privilege Club.
SBI Aurum,Maharaja Club,CREDIT_CARD,AIRLINE,5:1,5.0,Up to 2 days,Direct,
SBI Aurum,Marriott Bonvoy,CREDIT_CARD,HOTEL,10:3,3.333333333333333,Up to 2 days + 7 to 21 days,ITC Club,Estimated via ITC Club.
SBI Aurum,Marriott Bonvoy,CREDIT_CARD,HOTEL,10:1,10.0,Up to 2 days + Up to 7 days,Qatar Privilege Club,Estimated via Qatar Privilege Club.
SBI Aurum,Qatar Privilege Club,CREDIT_CARD,AIRLINE,5:1,5.0,Up to 2 days,Direct,
SBI Aurum,Vueling Club,CREDIT_CARD,AIRLINE,5:1,5.0,Up to 2 days + Instant,Qatar Privilege Club,Estimated via Qatar Privilege Club.
SBI Miles,AA Rewards,CREDIT_CARD,AIRLINE,2:1,2.0,Up to 2 days,Direct,
SBI Miles,ANA Mileage Club,CREDIT_CARD,AIRLINE,5:1,5.0,Up to 2 days + 14 to 21 days,IHG Rewards Club,Estimated via IHG Rewards Club.
SBI Miles,Accor Live Limitless,CREDIT_CARD,HOTEL,2:1,2.0,Up to 2 days,Direct,
SBI Miles,Accor Live Limitless,CREDIT_CARD,HOTEL,8:1,8.0,Up to 2 days + Up to 7 days,Emirates Skywards,Estimated via Emirates Skywards.
SBI Miles,Accor Live Limitless,CREDIT_CARD,HOTEL,10:1,10.0,Up to 2 days + Up to 7 days,JAL Mileage Bank,Estimated via JAL Mileage Bank.
SBI Miles,Accor Live Limitless,CREDIT_CARD,HOTEL,6:1,6.0,Up to 2 days + Up to 7 days,Lotusmiles,Estimated via Lotusmiles.
SBI Miles,Accor Live Limitless,CREDIT_CARD,HOTEL,7:1,7.0,Up to 2 days + Up to 7 days,Qatar Privilege Club,Estimated via Qatar Privilege Club.
SBI Miles,AerClub,CREDIT_CARD,AIRLINE,1:1,1.0,Up to 2 days + Instant,British Airways Executive Club,Estimated via British Airways Executive Club.
SBI Miles,AerClub,CREDIT_CARD,AIRLINE,2:1,2.0,Up to 2 days + Instant,Qatar Privilege Club,Estimated via Qatar Privilege Club.
SBI Miles,Aeromexico Rewards,CREDIT_CARD,AIRLINE,4:1,4.0,Up to 2 days + 7 to 10 days,Accor Live Limitless,Estimated via Accor Live Limitless.
SBI Miles,Aeromexico Rewards,CREDIT_CARD,AIRLINE,5:1,5.0,Up to 2 days + 14 to 21 days,IHG Rewards Club,Estimated via IHG Rewards Club.
SBI Miles,Aeroplan,CREDIT_CARD,AIRLINE,4:1,4.0,Up to 2 days + 7 to 10 days,Accor Live Limitless,Estimated via Accor Live Limitless.
SBI Miles,Aeroplan,CREDIT_CARD,AIRLINE,1:1,1.0,Up to 2 days,Direct,
SBI Miles,Aeroplan,CREDIT_CARD,AIRLINE,5:1,5.0,Up to 2 days + 14 to 21 days,IHG Rewards Club,Estimated via IHG Rewards Club.
SBI Miles,AirAsia Rewards,CREDIT_CARD,AIRLINE,1:1,1.0,Up to 2 days,Direct,
SBI Miles,American Airlines AAdvantage,CREDIT_CARD,AIRLINE,5:1,5.0,Up to 2 days + 14 to 21 days,IHG Rewards Club,Estimated via IHG Rewards Club.
SBI Miles,Asia Miles (Cathay),CREDIT_CARD,AIRLINE,4:1,4.0,Up to 2 days + 7 to 10 days,Accor Live Limitless,Estimated via Accor Live Limitless.
SBI Miles,Asia Miles (Cathay),CREDIT_CARD,AIRLINE,1:1,1.0,Up to 2 days,Direct,
SBI Miles,Asia Miles (Cathay),CREDIT_CARD,AIRLINE,5:1,5.0,Up to 2 days + 14 to 21 days,IHG Rewards Club,Estimated via IHG Rewards Club.
SBI Miles,Atmos Rewards,CREDIT_CARD,AIRLINE,5:1,5.0,Up to 2 days + 14 to 21 days,IHG Rewards Club,Estimated via IHG Rewards Club.
SBI Miles,British Airways Executive Club,CREDIT_CARD,AIRLINE,4:1,4.0,Up to 2 days + 7 to 10 days,Accor Live Limitless,Estimated via Accor Live Limitless.
SBI Miles,British Airways Executive Club,CREDIT_CARD,AIRLINE,1:1,1.0,Up to 2 days,Direct,
SBI Miles,British Airways Executive Club,CREDIT_CARD,AIRLINE,5:1,5.0,Up to 2 days + 14 to 21 days,IHG Rewards Club,Estimated via IHG Rewards Club.
SBI Miles,British Airways Executive Club,CREDIT_CARD,AIRLINE,2:1,2.0,Up to 2 days + Instant,Qatar Privilege Club,Estimated via Qatar Privilege Club.
SBI Miles,Delta SkyMiles,CREDIT_CARD,AIRLINE,4:1,4.0,Up to 2 days + 7 to 10 days,Accor Live Limitless,Estimated via Accor Live Limitless.
SBI Miles,Delta SkyMiles,CREDIT_CARD,AIRLINE,5:1,5.0,Up to 2 days + 14 to 21 days,IHG Rewards Club,Estimated via IHG Rewards Club.
SBI Miles,Eastern Miles,CREDIT_CARD,AIRLINE,5:1,5.0,Up to 2 days + 14 to 21 days,IHG Rewards Club,Estimated via IHG Rewards Club.
SBI Miles,Emirates Skywards,CREDIT_CARD,AIRLINE,4:1,4.0,Up to 2 days + 7 to 10 days,Accor Live Limitless,Estimated via Accor Live Limitless.
SBI Miles,Emirates Skywards,CREDIT_CARD,AIRLINE,2:1,2.0,Up to 2 days,Direct,
SBI Miles,Emirates Skywards,CREDIT_CARD,AIRLINE,5:1,5.0,Up to 2 days + 14 to 21 days,IHG Rewards Club,Estimated via IHG Rewards Club.
SBI Miles,Enrich,CREDIT_CARD,AIRLINE,5:1,5.0,Up to 2 days + 14 to 21 days,IHG Rewards Club,Estimated via IHG Rewards Club.
SBI Miles,Etihad Guest,CREDIT_CARD,AIRLINE,4:1,4.0,Up to 2 days + 7 to 10 days,Accor Live Limitless,Estimated via Accor Live Limitless.
SBI Miles,Etihad Guest,CREDIT_CARD,AIRLINE,1:1,1.0,Up to 2 days,Direct,
SBI Miles,Etihad Guest,CREDIT_CARD,AIRLINE,5:1,5.0,Up to 2 days + 14 to 21 days,IHG Rewards Club,Estimated via IHG Rewards Club.
SBI Miles,FalconFlyer,CREDIT_CARD,AIRLINE,4:1,4.0,Up to 2 days + 7 to 10 days,Accor Live Limitless,Estimated via Accor Live Limitless.
SBI Miles,FalconFlyer,CREDIT_CARD,AIRLINE,5:1,5.0,Up to 2 days + 14 to 21 days,IHG Rewards Club,Estimated via IHG Rewards Club.
SBI Miles,Finnair Plus,CREDIT_CARD,AIRLINE,77:25,3.08,Up to 2 days + 7 to 10 days,Accor Live Limitless,Estimated via Accor Live Limitless.
SBI Miles,Finnair Plus,CREDIT_CARD,AIRLINE,1:1,1.0,Up to 2 days + Instant,British Airways Executive Club,Estimated via British Airways Executive Club.
SBI Miles,Finnair Plus,CREDIT_CARD,AIRLINE,5:1,5.0,Up to 2 days + 14 to 21 days,IHG Rewards Club,Estimated via IHG Rewards Club.
SBI Miles,Finnair Plus,CREDIT_CARD,AIRLINE,2:1,2.0,Up to 2 days + Instant,Qatar Privilege Club,Estimated via Qatar Privilege Club.
SBI Miles,Flying Blue,CREDIT_CARD,AIRLINE,2:1,2.0,Up to 2 days + 7 to 10 days,Accor Live Limitless,Estimated via Accor Live Limitless.
SBI Miles,Flying Blue,CREDIT_CARD,AIRLINE,1:1,1.0,Up to 2 days,Direct,
SBI Miles,Flying Blue,CREDIT_CARD,AIRLINE,5:1,5.0,Up to 2 days + 14 to 21 days,IHG Rewards Club,Estimated via IHG Rewards Club.
SBI Miles,Fortune Wings Club,CREDIT_CARD,AIRLINE,5:1,5.0,Up to 2 days + 14 to 21 days,IHG Rewards Club,Estimated via IHG Rewards Club.
SBI Miles,Golden Circle,CREDIT_CARD,HOTEL,6:1,6.0,Up to 2 days,Direct,
SBI Miles,IHG Rewards Club,CREDIT_CARD,HOTEL,1:1,1.0,Up to 2 days,Direct,
SBI Miles,ITC Club,CREDIT_CARD,HOTEL,2:1,2.0,Up to 2 days,Direct,
SBI Miles,Iberia Club,CREDIT_CARD,AIRLINE,2:1,2.0,Up to 2 days + 7 to 10 days,Accor Live Limitless,Estimated via Accor Live Limitless.
SBI Miles,Iberia Club,CREDIT_CARD,AIRLINE,1:1,1.0,Up to 2 days + Instant,British Airways Executive Club,Estimated via British Airways Executive Club.
SBI Miles,Iberia Club,CREDIT_CARD,AIRLINE,5:1,5.0,Up to 2 days + 14 to 21 days,IHG Rewards Club,Estimated via IHG Rewards Club.
SBI Miles,Iberia Club,CREDIT_CARD,AIRLINE,2:1,2.0,Up to 2 days + Instant,Qatar Privilege Club,Estimated via Qatar Privilege Club.
SBI Miles,Infinity MileageLands,CREDIT_CARD,AIRLINE,5:1,5.0,Up to 2 days + 14 to 21 days,IHG Rewards Club,Estimated via IHG Rewards Club.
SBI Miles,JAL Mileage Bank,CREDIT_CARD,AIRLINE,4:1,4.0,Up to 2 days + 7 to 10 days,Accor Live Limitless,Estimated via Accor Live Limitless.
SBI Miles,JAL Mileage Bank,CREDIT_CARD,AIRLINE,2:1,2.0,Up to 2 days,Direct,
SBI Miles,JAL Mileage Bank,CREDIT_CARD,AIRLINE,5:1,5.0,Up to 2 days + 14 to 21 days,IHG Rewards Club,Estimated via IHG Rewards Club.
SBI Miles,Jumeirah One,CREDIT_CARD,HOTEL,2:1,2.0,Up to 2 days,Direct,
SBI Miles,Juneyao Air,CREDIT_CARD,AIRLINE,80:3,26.6,Up to 2 days + 7 to 10 days,Accor Live Limitless,Estimated via Accor Live Limitless.
SBI Miles,KrisFlyer,CREDIT_CARD,AIRLINE,4:1,4.0,Up to 2 days + 7 to 10 days,Accor Live Limitless,Estimated via Accor Live Limitless.
SBI Miles,KrisFlyer,CREDIT_CARD,AIRLINE,5:1,5.0,Up to 2 days + 14 to 21 days,IHG Rewards Club,Estimated via IHG Rewards Club.
SBI Miles,LATAM Pass,CREDIT_CARD,AIRLINE,4:1,4.0,Up to 2 days + 7 to 10 days,Accor Live Limitless,Estimated via Accor Live Limitless.
SBI Miles,LifeMiles,CREDIT_CARD,AIRLINE,4:1,4.0,Up to 2 days + 7 to 10 days,Accor Live Limitless,Estimated via Accor Live Limitless.
SBI Miles,LifeMiles,CREDIT_CARD,AIRLINE,5:1,5.0,Up to 2 days + 14 to 21 days,IHG Rewards Club,Estimated via IHG Rewards Club.
SBI Miles,Lotusmiles,CREDIT_CARD,AIRLINE,3:1,3.0,Up to 2 days + 7 to 10 days,Accor Live Limitless,Estimated via Accor Live Limitless.
SBI Miles,Lotusmiles,CREDIT_CARD,AIRLINE,1:1,1.0,Up to 2 days,Direct,
SBI Miles,Maharaja Club,CREDIT_CARD,AIRLINE,1:1,1.0,Up to 2 days,Direct,
SBI Miles,Marriott Bonvoy,CREDIT_CARD,HOTEL,1:1,1.0,Up to 2 days + Up to 7 days,Aeroplan,Estimated via Aeroplan.
SBI Miles,Marriott Bonvoy,CREDIT_CARD,HOTEL,2:1,2.0,Up to 2 days + Up to 7 days,Asia Miles (Cathay),Estimated via Asia Miles (Cathay).
SBI Miles,Marriott Bonvoy,CREDIT_CARD,HOTEL,3:1,3.0,Up to 2 days + Up to 7 days,Emirates Skywards,Estimated via Emirates Skywards.
SBI Miles,Marriott Bonvoy,CREDIT_CARD,HOTEL,4:3,1.3333333333333333,Up to 2 days + 7 to 21 days,ITC Club,Estimated via ITC Club.
SBI Miles,Marriott Bonvoy,CREDIT_CARD,HOTEL,8:3,2.6666666666666665,Up to 2 days + Up to 7 days,JAL Mileage Bank,Estimated via JAL Mileage Bank.
SBI Miles,Marriott Bonvoy,CREDIT_CARD,HOTEL,2:1,2.0,Up to 2 days + Up to 7 days,MileagePlus,Estimated via MileagePlus.
SBI Miles,Marriott Bonvoy,CREDIT_CARD,HOTEL,4:1,4.0,Up to 2 days + Up to 7 days,Qatar Privilege Club,Estimated via Qatar Privilege Club.
SBI Miles,Marriott Bonvoy,CREDIT_CARD,HOTEL,4:1,4.0,Up to 2 days + Up to 7 days,ShebaMiles,Estimated via ShebaMiles.
SBI Miles,MileagePlus,CREDIT_CARD,AIRLINE,4:1,4.0,Up to 2 days + 7 to 10 days,Accor Live Limitless,Estimated via Accor Live Limitless.
SBI Miles,MileagePlus,CREDIT_CARD,AIRLINE,2:1,2.0,Up to 2 days,Direct,
SBI Miles,MileagePlus,CREDIT_CARD,AIRLINE,5:1,5.0,Up to 2 days + 14 to 21 days,IHG Rewards Club,Estimated via IHG Rewards Club.
SBI Miles,Miles & More,CREDIT_CARD,AIRLINE,5:1,5.0,Up to 2 days + 14 to 21 days,IHG Rewards Club,Estimated via IHG Rewards Club.
SBI Miles,Miles & Smiles,CREDIT_CARD,AIRLINE,2:1,2.0,Up to 2 days,Direct,
SBI Miles,Miles & Smiles,CREDIT_CARD,AIRLINE,5:1,5.0,Up to 2 days + 14 to 21 days,IHG Rewards Club,Estimated via IHG Rewards Club.
SBI Miles,Miles-Bonus,CREDIT_CARD,AIRLINE,4:1,4.0,Up to 2 days + 7 to 10 days,Accor Live Limitless,Estimated via Accor Live Limitless.
SBI Miles,Orchid Rewards,CREDIT_CARD,HOTEL,1:1,1.0,Up to 2 days,Direct,
SBI Miles,Phoenix Miles,CREDIT_CARD,AIRLINE,5:2,2.5,Up to 2 days + 7 to 10 days,Accor Live Limitless,Estimated via Accor Live Limitless.
SBI Miles,Phoenix Miles,CREDIT_CARD,AIRLINE,5:1,5.0,Up to 2 days + 14 to 21 days,IHG Rewards Club,Estimated via IHG Rewards Club.
SBI Miles,Qantas Frequent Flyer,CREDIT_CARD,AIRLINE,8:5,1.6,Up to 2 days + 7 to 10 days,Accor Live Limitless,Estimated via Accor Live Limitless.
SBI Miles,Qantas Frequent Flyer,CREDIT_CARD,AIRLINE,1:1,1.0,Up to 2 days,Direct,
SBI Miles,Qantas Frequent Flyer,CREDIT_CARD,AIRLINE,5:1,5.0,Up to 2 days + 14 to 21 days,IHG Rewards Club,Estimated via IHG Rewards Club.
SBI Miles,Qatar Privilege Club,CREDIT_CARD,AIRLINE,4:1,4.0,Up to 2 days + 7 to 10 days,Accor Live Limitless,Estimated via Accor Live Limitless.
SBI Miles,Qatar Privilege Club,CREDIT_CARD,AIRLINE,1:1,1.0,Up to 2 days + Instant,British Airways Executive Club,Estimated via British Airways Executive Club.
SBI Miles,Qatar Privilege Club,CREDIT_CARD,AIRLINE,2:1,2.0,Up to 2 days,Direct,
SBI Miles,Qatar Privilege Club,CREDIT_CARD,AIRLINE,5:1,5.0,Up to 2 days + 14 to 21 days,IHG Rewards Club,Estimated via IHG Rewards Club.
SBI Miles,Radisson Rewards,CREDIT_CARD,HOTEL,1:1,1.0,Up to 2 days,Direct,
SBI Miles,Royal Orchid Plus,CREDIT_CARD,AIRLINE,4:1,4.0,Up to 2 days + 7 to 10 days,Accor Live Limitless,Estimated via Accor Live Limitless.
SBI Miles,Royal Orchid Plus,CREDIT_CARD,AIRLINE,1:1,1.0,Up to 2 days,Direct,
SBI Miles,Royal Orchid Plus,CREDIT_CARD,AIRLINE,5:1,5.0,Up to 2 days + 14 to 21 days,IHG Rewards Club,Estimated via IHG Rewards Club.
SBI Miles,Saudia Alfursan,CREDIT_CARD,AIRLINE,2:1,2.0,Up to 2 days,Direct,
SBI Miles,Saudia Alfursan,CREDIT_CARD,AIRLINE,5:1,5.0,Up to 2 days + 14 to 21 days,IHG Rewards Club,Estimated via IHG Rewards Club.
SBI Miles,ShebaMiles,CREDIT_CARD,AIRLINE,2:1,2.0,Up to 2 days,Direct,
SBI Miles,Sky Pearl Club,CREDIT_CARD,AIRLINE,5:1,5.0,Up to 2 days + 14 to 21 days,IHG Rewards Club,Estimated via IHG Rewards Club.
SBI Miles,Skypass,CREDIT_CARD,AIRLINE,4:1,4.0,Up to 2 days + 7 to 10 days,Accor Live Limitless,Estimated via Accor Live Limitless.
SBI Miles,Skypass,CREDIT_CARD,AIRLINE,5:1,5.0,Up to 2 days + 14 to 21 days,IHG Rewards Club,Estimated via IHG Rewards Club.
SBI Miles,Smiles GOL,CREDIT_CARD,AIRLINE,4:1,4.0,Up to 2 days + 7 to 10 days,Accor Live Limitless,Estimated via Accor Live Limitless.
SBI Miles,SpiceClub,CREDIT_CARD,AIRLINE,1:1,1.0,Up to 2 days,Direct,
SBI Miles,Suma,CREDIT_CARD,DEFAULT,2:1,2.0,Up to 2 days + 7 to 10 days,Accor Live Limitless,Estimated via Accor Live Limitless.
SBI Miles,Tap Miles & Go,CREDIT_CARD,AIRLINE,4:1,4.0,Up to 2 days + 7 to 10 days,Accor Live Limitless,Estimated via Accor Live Limitless.
SBI Miles,Tap Miles & Go,CREDIT_CARD,AIRLINE,5:1,5.0,Up to 2 days + 14 to 21 days,IHG Rewards Club,Estimated via IHG Rewards Club.
SBI Miles,TrueBlue,CREDIT_CARD,AIRLINE,5:1,5.0,Up to 2 days + 14 to 21 days,IHG Rewards Club,Estimated via IHG Rewards Club.
SBI Miles,Velocity,CREDIT_CARD,AIRLINE,2:1,2.0,Up to 2 days + 7 to 10 days,Accor Live Limitless,Estimated via Accor Live Limitless.
SBI Miles,Velocity,CREDIT_CARD,AIRLINE,5:1,5.0,Up to 2 days + 14 to 21 days,IHG Rewards Club,Estimated via IHG Rewards Club.
SBI Miles,Virgin Atlantic Flying Club,CREDIT_CARD,AIRLINE,5:1,5.0,Up to 2 days + 14 to 21 days,IHG Rewards Club,Estimated via IHG Rewards Club.
SBI Miles,Voyager,CREDIT_CARD,AIRLINE,5:1,5.0,Up to 2 days + 14 to 21 days,IHG Rewards Club,Estimated via IHG Rewards Club.
SBI Miles,Vueling Club,CREDIT_CARD,AIRLINE,1:1,1.0,Up to 2 days + Instant,British Airways Executive Club,Estimated via British Airways Executive Club.
SBI Miles,Vueling Club,CREDIT_CARD,AIRLINE,2:1,2.0,Up to 2 days + Instant,Qatar Privilege Club,Estimated via Qatar Privilege Club.
SBI Miles,Wyndham,CREDIT_CARD,HOTEL,1:1,1.0,Up to 2 days,Direct,
SBI Miles Elite,AA Rewards,CREDIT_CARD,AIRLINE,2:1,2.0,Up to 2 days,Direct,
SBI Miles Elite,ANA Mileage Club,CREDIT_CARD,AIRLINE,5:1,5.0,Up to 2 days + 14 to 21 days,IHG Rewards Club,Estimated via IHG Rewards Club.
SBI Miles Elite,Accor Live Limitless,CREDIT_CARD,HOTEL,2:1,2.0,Up to 2 days,Direct,
SBI Miles Elite,Accor Live Limitless,CREDIT_CARD,HOTEL,8:1,8.0,Up to 2 days + Up to 7 days,Emirates Skywards,Estimated via Emirates Skywards.
SBI Miles Elite,Accor Live Limitless,CREDIT_CARD,HOTEL,10:1,10.0,Up to 2 days + Up to 7 days,JAL Mileage Bank,Estimated via JAL Mileage Bank.
SBI Miles Elite,Accor Live Limitless,CREDIT_CARD,HOTEL,6:1,6.0,Up to 2 days + Up to 7 days,Lotusmiles,Estimated via Lotusmiles.
SBI Miles Elite,Accor Live Limitless,CREDIT_CARD,HOTEL,7:1,7.0,Up to 2 days + Up to 7 days,Qatar Privilege Club,Estimated via Qatar Privilege Club.
SBI Miles Elite,AerClub,CREDIT_CARD,AIRLINE,1:1,1.0,Up to 2 days + Instant,British Airways Executive Club,Estimated via British Airways Executive Club.
SBI Miles Elite,AerClub,CREDIT_CARD,AIRLINE,2:1,2.0,Up to 2 days + Instant,Qatar Privilege Club,Estimated via Qatar Privilege Club.
SBI Miles Elite,Aeromexico Rewards,CREDIT_CARD,AIRLINE,4:1,4.0,Up to 2 days + 7 to 10 days,Accor Live Limitless,Estimated via Accor Live Limitless.
SBI Miles Elite,Aeromexico Rewards,CREDIT_CARD,AIRLINE,5:1,5.0,Up to 2 days + 14 to 21 days,IHG Rewards Club,Estimated via IHG Rewards Club.
SBI Miles Elite,Aeroplan,CREDIT_CARD,AIRLINE,4:1,4.0,Up to 2 days + 7 to 10 days,Accor Live Limitless,Estimated via Accor Live Limitless.
SBI Miles Elite,Aeroplan,CREDIT_CARD,AIRLINE,1:1,1.0,Up to 2 days,Direct,
SBI Miles Elite,Aeroplan,CREDIT_CARD,AIRLINE,5:1,5.0,Up to 2 days + 14 to 21 days,IHG Rewards Club,Estimated via IHG Rewards Club.
SBI Miles Elite,AirAsia Rewards,CREDIT_CARD,AIRLINE,1:1,1.0,Up to 2 days,Direct,
SBI Miles Elite,American Airlines AAdvantage,CREDIT_CARD,AIRLINE,5:1,5.0,Up to 2 days + 14 to 21 days,IHG Rewards Club,Estimated via IHG Rewards Club.
SBI Miles Elite,Asia Miles (Cathay),CREDIT_CARD,AIRLINE,4:1,4.0,Up to 2 days + 7 to 10 days,Accor Live Limitless,Estimated via Accor Live Limitless.
SBI Miles Elite,Asia Miles (Cathay),CREDIT_CARD,AIRLINE,1:1,1.0,Up to 2 days,Direct,
SBI Miles Elite,Asia Miles (Cathay),CREDIT_CARD,AIRLINE,5:1,5.0,Up to 2 days + 14 to 21 days,IHG Rewards Club,Estimated via IHG Rewards Club.
SBI Miles Elite,Atmos Rewards,CREDIT_CARD,AIRLINE,5:1,5.0,Up to 2 days + 14 to 21 days,IHG Rewards Club,Estimated via IHG Rewards Club.
SBI Miles Elite,British Airways Executive Club,CREDIT_CARD,AIRLINE,4:1,4.0,Up to 2 days + 7 to 10 days,Accor Live Limitless,Estimated via Accor Live Limitless.
SBI Miles Elite,British Airways Executive Club,CREDIT_CARD,AIRLINE,1:1,1.0,Up to 2 days,Direct,
SBI Miles Elite,British Airways Executive Club,CREDIT_CARD,AIRLINE,5:1,5.0,Up to 2 days + 14 to 21 days,IHG Rewards Club,Estimated via IHG Rewards Club.
SBI Miles Elite,British Airways Executive Club,CREDIT_CARD,AIRLINE,2:1,2.0,Up to 2 days + Instant,Qatar Privilege Club,Estimated via Qatar Privilege Club.
SBI Miles Elite,Delta SkyMiles,CREDIT_CARD,AIRLINE,4:1,4.0,Up to 2 days + 7 to 10 days,Accor Live Limitless,Estimated via Accor Live Limitless.
SBI Miles Elite,Delta SkyMiles,CREDIT_CARD,AIRLINE,5:1,5.0,Up to 2 days + 14 to 21 days,IHG Rewards Club,Estimated via IHG Rewards Club.
SBI Miles Elite,Eastern Miles,CREDIT_CARD,AIRLINE,5:1,5.0,Up to 2 days + 14 to 21 days,IHG Rewards Club,Estimated via IHG Rewards Club.
SBI Miles Elite,Emirates Skywards,CREDIT_CARD,AIRLINE,4:1,4.0,Up to 2 days + 7 to 10 days,Accor Live Limitless,Estimated via Accor Live Limitless.
SBI Miles Elite,Emirates Skywards,CREDIT_CARD,AIRLINE,2:1,2.0,Up to 2 days,Direct,
SBI Miles Elite,Emirates Skywards,CREDIT_CARD,AIRLINE,5:1,5.0,Up to 2 days + 14 to 21 days,IHG Rewards Club,Estimated via IHG Rewards Club.
SBI Miles Elite,Enrich,CREDIT_CARD,AIRLINE,5:1,5.0,Up to 2 days + 14 to 21 days,IHG Rewards Club,Estimated via IHG Rewards Club.
SBI Miles Elite,Etihad Guest,CREDIT_CARD,AIRLINE,4:1,4.0,Up to 2 days + 7 to 10 days,Accor Live Limitless,Estimated via Accor Live Limitless.
SBI Miles Elite,Etihad Guest,CREDIT_CARD,AIRLINE,1:1,1.0,Up to 2 days,Direct,
SBI Miles Elite,Etihad Guest,CREDIT_CARD,AIRLINE,5:1,5.0,Up to 2 days + 14 to 21 days,IHG Rewards Club,Estimated via IHG Rewards Club.
SBI Miles Elite,FalconFlyer,CREDIT_CARD,AIRLINE,4:1,4.0,Up to 2 days + 7 to 10 days,Accor Live Limitless,Estimated via Accor Live Limitless.
SBI Miles Elite,FalconFlyer,CREDIT_CARD,AIRLINE,5:1,5.0,Up to 2 days + 14 to 21 days,IHG Rewards Club,Estimated via IHG Rewards Club.
SBI Miles Elite,Finnair Plus,CREDIT_CARD,AIRLINE,77:25,3.08,Up to 2 days + 7 to 10 days,Accor Live Limitless,Estimated via Accor Live Limitless.
SBI Miles Elite,Finnair Plus,CREDIT_CARD,AIRLINE,1:1,1.0,Up to 2 days + Instant,British Airways Executive Club,Estimated via British Airways Executive Club.
SBI Miles Elite,Finnair Plus,CREDIT_CARD,AIRLINE,5:1,5.0,Up to 2 days + 14 to 21 days,IHG Rewards Club,Estimated via IHG Rewards Club.
SBI Miles Elite,Finnair Plus,CREDIT_CARD,AIRLINE,2:1,2.0,Up to 2 days + Instant,Qatar Privilege Club,Estimated via Qatar Privilege Club.
SBI Miles Elite,Flying Blue,CREDIT_CARD,AIRLINE,2:1,2.0,Up to 2 days + 7 to 10 days,Accor Live Limitless,Estimated via Accor Live Limitless.
SBI Miles Elite,Flying Blue,CREDIT_CARD,AIRLINE,1:1,1.0,Up to 2 days,Direct,
SBI Miles Elite,Flying Blue,CREDIT_CARD,AIRLINE,5:1,5.0,Up to 2 days + 14 to 21 days,IHG Rewards Club,Estimated via IHG Rewards Club.
SBI Miles Elite,Fortune Wings Club,CREDIT_CARD,AIRLINE,5:1,5.0,Up to 2 days + 14 to 21 days,IHG Rewards Club,Estimated via IHG Rewards Club.
SBI Miles Elite,Golden Circle,CREDIT_CARD,HOTEL,6:1,6.0,Up to 2 days,Direct,
SBI Miles Elite,IHG Rewards Club,CREDIT_CARD,HOTEL,1:1,1.0,Up to 2 days,Direct,
SBI Miles Elite,ITC Club,CREDIT_CARD,HOTEL,2:1,2.0,Up to 2 days,Direct,
SBI Miles Elite,Iberia Club,CREDIT_CARD,AIRLINE,2:1,2.0,Up to 2 days + 7 to 10 days,Accor Live Limitless,Estimated via Accor Live Limitless.
SBI Miles Elite,Iberia Club,CREDIT_CARD,AIRLINE,1:1,1.0,Up to 2 days + Instant,British Airways Executive Club,Estimated via British Airways Executive Club.
SBI Miles Elite,Iberia Club,CREDIT_CARD,AIRLINE,5:1,5.0,Up to 2 days + 14 to 21 days,IHG Rewards Club,Estimated via IHG Rewards Club.
SBI Miles Elite,Iberia Club,CREDIT_CARD,AIRLINE,2:1,2.0,Up to 2 days + Instant,Qatar Privilege Club,Estimated via Qatar Privilege Club.
SBI Miles Elite,Infinity MileageLands,CREDIT_CARD,AIRLINE,5:1,5.0,Up to 2 days + 14 to 21 days,IHG Rewards Club,Estimated via IHG Rewards Club.
SBI Miles Elite,JAL Mileage Bank,CREDIT_CARD,AIRLINE,4:1,4.0,Up to 2 days + 7 to 10 days,Accor Live Limitless,Estimated via Accor Live Limitless.
SBI Miles Elite,JAL Mileage Bank,CREDIT_CARD,AIRLINE,2:1,2.0,Up to 2 days,Direct,
SBI Miles Elite,JAL Mileage Bank,CREDIT_CARD,AIRLINE,5:1,5.0,Up to 2 days + 14 to 21 days,IHG Rewards Club,Estimated via IHG Rewards Club.
SBI Miles Elite,Jumeirah One,CREDIT_CARD,HOTEL,2:1,2.0,Up to 2 days,Direct,
SBI Miles Elite,Juneyao Air,CREDIT_CARD,AIRLINE,80:3,26.6,Up to 2 days + 7 to 10 days,Accor Live Limitless,Estimated via Accor Live Limitless.
SBI Miles Elite,KrisFlyer,CREDIT_CARD,AIRLINE,4:1,4.0,Up to 2 days + 7 to 10 days,Accor Live Limitless,Estimated via Accor Live Limitless.
SBI Miles Elite,KrisFlyer,CREDIT_CARD,AIRLINE,5:1,5.0,Up to 2 days + 14 to 21 days,IHG Rewards Club,Estimated via IHG Rewards Club.
SBI Miles Elite,LATAM Pass,CREDIT_CARD,AIRLINE,4:1,4.0,Up to 2 days + 7 to 10 days,Accor Live Limitless,Estimated via Accor Live Limitless.
SBI Miles Elite,LifeMiles,CREDIT_CARD,AIRLINE,4:1,4.0,Up to 2 days + 7 to 10 days,Accor Live Limitless,Estimated via Accor Live Limitless.
SBI Miles Elite,LifeMiles,CREDIT_CARD,AIRLINE,5:1,5.0,Up to 2 days + 14 to 21 days,IHG Rewards Club,Estimated via IHG Rewards Club.
SBI Miles Elite,Lotusmiles,CREDIT_CARD,AIRLINE,3:1,3.0,Up to 2 days + 7 to 10 days,Accor Live Limitless,Estimated via Accor Live Limitless.
SBI Miles Elite,Lotusmiles,CREDIT_CARD,AIRLINE,1:1,1.0,Up to 2 days,Direct,
SBI Miles Elite,Maharaja Club,CREDIT_CARD,AIRLINE,1:1,1.0,Up to 2 days,Direct,
SBI Miles Elite,Marriott Bonvoy,CREDIT_CARD,HOTEL,1:1,1.0,Up to 2 days + Up to 7 days,Aeroplan,Estimated via Aeroplan.
SBI Miles Elite,Marriott Bonvoy,CREDIT_CARD,HOTEL,2:1,2.0,Up to 2 days + Up to 7 days,Asia Miles (Cathay),Estimated via Asia Miles (Cathay).
SBI Miles Elite,Marriott Bonvoy,CREDIT_CARD,HOTEL,3:1,3.0,Up to 2 days + Up to 7 days,Emirates Skywards,Estimated via Emirates Skywards.
SBI Miles Elite,Marriott Bonvoy,CREDIT_CARD,HOTEL,4:3,1.3333333333333333,Up to 2 days + 7 to 21 days,ITC Club,Estimated via ITC Club.
SBI Miles Elite,Marriott Bonvoy,CREDIT_CARD,HOTEL,8:3,2.6666666666666665,Up to 2 days + Up to 7 days,JAL Mileage Bank,Estimated via JAL Mileage Bank.
SBI Miles Elite,Marriott Bonvoy,CREDIT_CARD,HOTEL,2:1,2.0,Up to 2 days + Up to 7 days,MileagePlus,Estimated via MileagePlus.
SBI Miles Elite,Marriott Bonvoy,CREDIT_CARD,HOTEL,4:1,4.0,Up to 2 days + Up to 7 days,Qatar Privilege Club,Estimated via Qatar Privilege Club.
SBI Miles Elite,Marriott Bonvoy,CREDIT_CARD,HOTEL,4:1,4.0,Up to 2 days + Up to 7 days,ShebaMiles,Estimated via ShebaMiles.
SBI Miles Elite,MileagePlus,CREDIT_CARD,AIRLINE,4:1,4.0,Up to 2 days + 7 to 10 days,Accor Live Limitless,Estimated via Accor Live Limitless.
SBI Miles Elite,MileagePlus,CREDIT_CARD,AIRLINE,2:1,2.0,Up to 2 days,Direct,
SBI Miles Elite,MileagePlus,CREDIT_CARD,AIRLINE,5:1,5.0,Up to 2 days + 14 to 21 days,IHG Rewards Club,Estimated via IHG Rewards Club.
SBI Miles Elite,Miles & More,CREDIT_CARD,AIRLINE,5:1,5.0,Up to 2 days + 14 to 21 days,IHG Rewards Club,Estimated via IHG Rewards Club.
SBI Miles Elite,Miles & Smiles,CREDIT_CARD,AIRLINE,2:1,2.0,Up to 2 days,Direct,
SBI Miles Elite,Miles & Smiles,CREDIT_CARD,AIRLINE,5:1,5.0,Up to 2 days + 14 to 21 days,IHG Rewards Club,Estimated via IHG Rewards Club.
SBI Miles Elite,Miles-Bonus,CREDIT_CARD,AIRLINE,4:1,4.0,Up to 2 days + 7 to 10 days,Accor Live Limitless,Estimated via Accor Live Limitless.
SBI Miles Elite,Orchid Rewards,CREDIT_CARD,HOTEL,1:1,1.0,Up to 2 days,Direct,
SBI Miles Elite,Phoenix Miles,CREDIT_CARD,AIRLINE,5:2,2.5,Up to 2 days + 7 to 10 days,Accor Live Limitless,Estimated via Accor Live Limitless.
SBI Miles Elite,Phoenix Miles,CREDIT_CARD,AIRLINE,5:1,5.0,Up to 2 days + 14 to 21 days,IHG Rewards Club,Estimated via IHG Rewards Club.
SBI Miles Elite,Qantas Frequent Flyer,CREDIT_CARD,AIRLINE,8:5,1.6,Up to 2 days + 7 to 10 days,Accor Live Limitless,Estimated via Accor Live Limitless.
SBI Miles Elite,Qantas Frequent Flyer,CREDIT_CARD,AIRLINE,1:1,1.0,Up to 2 days,Direct,
SBI Miles Elite,Qantas Frequent Flyer,CREDIT_CARD,AIRLINE,5:1,5.0,Up to 2 days + 14 to 21 days,IHG Rewards Club,Estimated via IHG Rewards Club.
SBI Miles Elite,Qatar Privilege Club,CREDIT_CARD,AIRLINE,4:1,4.0,Up to 2 days + 7 to 10 days,Accor Live Limitless,Estimated via Accor Live Limitless.
SBI Miles Elite,Qatar Privilege Club,CREDIT_CARD,AIRLINE,1:1,1.0,Up to 2 days + Instant,British Airways Executive Club,Estimated via British Airways Executive Club.
SBI Miles Elite,Qatar Privilege Club,CREDIT_CARD,AIRLINE,2:1,2.0,Up to 2 days,Direct,
SBI Miles Elite,Qatar Privilege Club,CREDIT_CARD,AIRLINE,5:1,5.0,Up to 2 days + 14 to 21 days,IHG Rewards Club,Estimated via IHG Rewards Club.
SBI Miles Elite,Radisson Rewards,CREDIT_CARD,HOTEL,1:1,1.0,Up to 2 days,Direct,
SBI Miles Elite,Royal Orchid Plus,CREDIT_CARD,AIRLINE,4:1,4.0,Up to 2 days + 7 to 10 days,Accor Live Limitless,Estimated via Accor Live Limitless.
SBI Miles Elite,Royal Orchid Plus,CREDIT_CARD,AIRLINE,1:1,1.0,Up to 2 days,Direct,
SBI Miles Elite,Royal Orchid Plus,CREDIT_CARD,AIRLINE,5:1,5.0,Up to 2 days + 14 to 21 days,IHG Rewards Club,Estimated via IHG Rewards Club.
SBI Miles Elite,Saudia Alfursan,CREDIT_CARD,AIRLINE,2:1,2.0,Up to 2 days,Direct,
SBI Miles Elite,Saudia Alfursan,CREDIT_CARD,AIRLINE,5:1,5.0,Up to 2 days + 14 to 21 days,IHG Rewards Club,Estimated via IHG Rewards Club.
SBI Miles Elite,ShebaMiles,CREDIT_CARD,AIRLINE,2:1,2.0,Up to 2 days,Direct,
SBI Miles Elite,Sky Pearl Club,CREDIT_CARD,AIRLINE,5:1,5.0,Up to 2 days + 14 to 21 days,IHG Rewards Club,Estimated via IHG Rewards Club.
SBI Miles Elite,Skypass,CREDIT_CARD,AIRLINE,4:1,4.0,Up to 2 days + 7 to 10 days,Accor Live Limitless,Estimated via Accor Live Limitless.
SBI Miles Elite,Skypass,CREDIT_CARD,AIRLINE,5:1,5.0,Up to 2 days + 14 to 21 days,IHG Rewards Club,Estimated via IHG Rewards Club.
SBI Miles Elite,Smiles GOL,CREDIT_CARD,AIRLINE,4:1,4.0,Up to 2 days + 7 to 10 days,Accor Live Limitless,Estimated via Accor Live Limitless.
SBI Miles Elite,SpiceClub,CREDIT_CARD,AIRLINE,1:1,1.0,Up to 2 days,Direct,
SBI Miles Elite,Suma,CREDIT_CARD,DEFAULT,2:1,2.0,Up to 2 days + 7 to 10 days,Accor Live Limitless,Estimated via Accor Live Limitless.
SBI Miles Elite,Tap Miles & Go,CREDIT_CARD,AIRLINE,4:1,4.0,Up to 2 days + 7 to 10 days,Accor Live Limitless,Estimated via Accor Live Limitless.
SBI Miles Elite,Tap Miles & Go,CREDIT_CARD,AIRLINE,5:1,5.0,Up to 2 days + 14 to 21 days,IHG Rewards Club,Estimated via IHG Rewards Club.
SBI Miles Elite,TrueBlue,CREDIT_CARD,AIRLINE,5:1,5.0,Up to 2 days + 14 to 21 days,IHG Rewards Club,Estimated via IHG Rewards Club.
SBI Miles Elite,Velocity,CREDIT_CARD,AIRLINE,2:1,2.0,Up to 2 days + 7 to 10 days,Accor Live Limitless,Estimated via Accor Live Limitless.
SBI Miles Elite,Velocity,CREDIT_CARD,AIRLINE,5:1,5.0,Up to 2 days + 14 to 21 days,IHG Rewards Club,Estimated via IHG Rewards Club.
SBI Miles Elite,Virgin Atlantic Flying Club,CREDIT_CARD,AIRLINE,5:1,5.0,Up to 2 days + 14 to 21 days,IHG Rewards Club,Estimated via IHG Rewards Club.
SBI Miles Elite,Voyager,CREDIT_CARD,AIRLINE,5:1,5.0,Up to 2 days + 14 to 21 days,IHG Rewards Club,Estimated via IHG Rewards Club.
SBI Miles Elite,Vueling Club,CREDIT_CARD,AIRLINE,1:1,1.0,Up to 2 days + Instant,British Airways Executive Club,Estimated via British Airways Executive Club.
SBI Miles Elite,Vueling Club,CREDIT_CARD,AIRLINE,2:1,2.0,Up to 2 days + Instant,Qatar Privilege Club,Estimated via Qatar Privilege Club.
SBI Miles Elite,Wyndham,CREDIT_CARD,HOTEL,1:1,1.0,Up to 2 days,Direct,
SBI Miles Prime,AA Rewards,CREDIT_CARD,AIRLINE,2:1,2.0,Up to 2 days,Direct,
SBI Miles Prime,ANA Mileage Club,CREDIT_CARD,AIRLINE,5:1,5.0,Up to 2 days + 14 to 21 days,IHG Rewards Club,Estimated via IHG Rewards Club.
SBI Miles Prime,Accor Live Limitless,CREDIT_CARD,HOTEL,2:1,2.0,Up to 2 days,Direct,
SBI Miles Prime,Accor Live Limitless,CREDIT_CARD,HOTEL,8:1,8.0,Up to 2 days + Up to 7 days,Emirates Skywards,Estimated via Emirates Skywards.
SBI Miles Prime,Accor Live Limitless,CREDIT_CARD,HOTEL,10:1,10.0,Up to 2 days + Up to 7 days,JAL Mileage Bank,Estimated via JAL Mileage Bank.
SBI Miles Prime,Accor Live Limitless,CREDIT_CARD,HOTEL,6:1,6.0,Up to 2 days + Up to 7 days,Lotusmiles,Estimated via Lotusmiles.
SBI Miles Prime,Accor Live Limitless,CREDIT_CARD,HOTEL,7:1,7.0,Up to 2 days + Up to 7 days,Qatar Privilege Club,Estimated via Qatar Privilege Club.
SBI Miles Prime,AerClub,CREDIT_CARD,AIRLINE,1:1,1.0,Up to 2 days + Instant,British Airways Executive Club,Estimated via British Airways Executive Club.
SBI Miles Prime,AerClub,CREDIT_CARD,AIRLINE,2:1,2.0,Up to 2 days + Instant,Qatar Privilege Club,Estimated via Qatar Privilege Club.
SBI Miles Prime,Aeromexico Rewards,CREDIT_CARD,AIRLINE,4:1,4.0,Up to 2 days + 7 to 10 days,Accor Live Limitless,Estimated via Accor Live Limitless.
SBI Miles Prime,Aeromexico Rewards,CREDIT_CARD,AIRLINE,5:1,5.0,Up to 2 days + 14 to 21 days,IHG Rewards Club,Estimated via IHG Rewards Club.
SBI Miles Prime,Aeroplan,CREDIT_CARD,AIRLINE,4:1,4.0,Up to 2 days + 7 to 10 days,Accor Live Limitless,Estimated via Accor Live Limitless.
SBI Miles Prime,Aeroplan,CREDIT_CARD,AIRLINE,1:1,1.0,Up to 2 days,Direct,
SBI Miles Prime,Aeroplan,CREDIT_CARD,AIRLINE,5:1,5.0,Up to 2 days + 14 to 21 days,IHG Rewards Club,Estimated via IHG Rewards Club.
SBI Miles Prime,AirAsia Rewards,CREDIT_CARD,AIRLINE,1:1,1.0,Up to 2 days,Direct,
SBI Miles Prime,American Airlines AAdvantage,CREDIT_CARD,AIRLINE,5:1,5.0,Up to 2 days + 14 to 21 days,IHG Rewards Club,Estimated via IHG Rewards Club.
SBI Miles Prime,Asia Miles (Cathay),CREDIT_CARD,AIRLINE,4:1,4.0,Up to 2 days + 7 to 10 days,Accor Live Limitless,Estimated via Accor Live Limitless.
SBI Miles Prime,Asia Miles (Cathay),CREDIT_CARD,AIRLINE,1:1,1.0,Up to 2 days,Direct,
SBI Miles Prime,Asia Miles (Cathay),CREDIT_CARD,AIRLINE,5:1,5.0,Up to 2 days + 14 to 21 days,IHG Rewards Club,Estimated via IHG Rewards Club.
SBI Miles Prime,Atmos Rewards,CREDIT_CARD,AIRLINE,5:1,5.0,Up to 2 days + 14 to 21 days,IHG Rewards Club,Estimated via IHG Rewards Club.
SBI Miles Prime,British Airways Executive Club,CREDIT_CARD,AIRLINE,4:1,4.0,Up to 2 days + 7 to 10 days,Accor Live Limitless,Estimated via Accor Live Limitless.
SBI Miles Prime,British Airways Executive Club,CREDIT_CARD,AIRLINE,1:1,1.0,Up to 2 days,Direct,
SBI Miles Prime,British Airways Executive Club,CREDIT_CARD,AIRLINE,5:1,5.0,Up to 2 days + 14 to 21 days,IHG Rewards Club,Estimated via IHG Rewards Club.
SBI Miles Prime,British Airways Executive Club,CREDIT_CARD,AIRLINE,2:1,2.0,Up to 2 days + Instant,Qatar Privilege Club,Estimated via Qatar Privilege Club.
SBI Miles Prime,Delta SkyMiles,CREDIT_CARD,AIRLINE,4:1,4.0,Up to 2 days + 7 to 10 days,Accor Live Limitless,Estimated via Accor Live Limitless.
SBI Miles Prime,Delta SkyMiles,CREDIT_CARD,AIRLINE,5:1,5.0,Up to 2 days + 14 to 21 days,IHG Rewards Club,Estimated via IHG Rewards Club.
SBI Miles Prime,Eastern Miles,CREDIT_CARD,AIRLINE,5:1,5.0,Up to 2 days + 14 to 21 days,IHG Rewards Club,Estimated via IHG Rewards Club.
SBI Miles Prime,Emirates Skywards,CREDIT_CARD,AIRLINE,4:1,4.0,Up to 2 days + 7 to 10 days,Accor Live Limitless,Estimated via Accor Live Limitless.
SBI Miles Prime,Emirates Skywards,CREDIT_CARD,AIRLINE,2:1,2.0,Up to 2 days,Direct,
SBI Miles Prime,Emirates Skywards,CREDIT_CARD,AIRLINE,5:1,5.0,Up to 2 days + 14 to 21 days,IHG Rewards Club,Estimated via IHG Rewards Club.
SBI Miles Prime,Enrich,CREDIT_CARD,AIRLINE,5:1,5.0,Up to 2 days + 14 to 21 days,IHG Rewards Club,Estimated via IHG Rewards Club.
SBI Miles Prime,Etihad Guest,CREDIT_CARD,AIRLINE,4:1,4.0,Up to 2 days + 7 to 10 days,Accor Live Limitless,Estimated via Accor Live Limitless.
SBI Miles Prime,Etihad Guest,CREDIT_CARD,AIRLINE,1:1,1.0,Up to 2 days,Direct,
SBI Miles Prime,Etihad Guest,CREDIT_CARD,AIRLINE,5:1,5.0,Up to 2 days + 14 to 21 days,IHG Rewards Club,Estimated via IHG Rewards Club.
SBI Miles Prime,FalconFlyer,CREDIT_CARD,AIRLINE,4:1,4.0,Up to 2 days + 7 to 10 days,Accor Live Limitless,Estimated via Accor Live Limitless.
SBI Miles Prime,FalconFlyer,CREDIT_CARD,AIRLINE,5:1,5.0,Up to 2 days + 14 to 21 days,IHG Rewards Club,Estimated via IHG Rewards Club.
SBI Miles Prime,Finnair Plus,CREDIT_CARD,AIRLINE,77:25,3.08,Up to 2 days + 7 to 10 days,Accor Live Limitless,Estimated via Accor Live Limitless.
SBI Miles Prime,Finnair Plus,CREDIT_CARD,AIRLINE,1:1,1.0,Up to 2 days + Instant,British Airways Executive Club,Estimated via British Airways Executive Club.
SBI Miles Prime,Finnair Plus,CREDIT_CARD,AIRLINE,5:1,5.0,Up to 2 days + 14 to 21 days,IHG Rewards Club,Estimated via IHG Rewards Club.
SBI Miles Prime,Finnair Plus,CREDIT_CARD,AIRLINE,2:1,2.0,Up to 2 days + Instant,Qatar Privilege Club,Estimated via Qatar Privilege Club.
SBI Miles Prime,Flying Blue,CREDIT_CARD,AIRLINE,2:1,2.0,Up to 2 days + 7 to 10 days,Accor Live Limitless,Estimated via Accor Live Limitless.
SBI Miles Prime,Flying Blue,CREDIT_CARD,AIRLINE,1:1,1.0,Up to 2 days,Direct,
SBI Miles Prime,Flying Blue,CREDIT_CARD,AIRLINE,5:1,5.0,Up to 2 days + 14 to 21 days,IHG Rewards Club,Estimated via IHG Rewards Club.
SBI Miles Prime,Fortune Wings Club,CREDIT_CARD,AIRLINE,5:1,5.0,Up to 2 days + 14 to 21 days,IHG Rewards Club,Estimated via IHG Rewards Club.
SBI Miles Prime,Golden Circle,CREDIT_CARD,HOTEL,6:1,6.0,Up to 2 days,Direct,
SBI Miles Prime,IHG Rewards Club,CREDIT_CARD,HOTEL,1:1,1.0,Up to 2 days,Direct,
SBI Miles Prime,ITC Club,CREDIT_CARD,HOTEL,2:1,2.0,Up to 2 days,Direct,
SBI Miles Prime,Iberia Club,CREDIT_CARD,AIRLINE,2:1,2.0,Up to 2 days + 7 to 10 days,Accor Live Limitless,Estimated via Accor Live Limitless.
SBI Miles Prime,Iberia Club,CREDIT_CARD,AIRLINE,1:1,1.0,Up to 2 days + Instant,British Airways Executive Club,Estimated via British Airways Executive Club.
SBI Miles Prime,Iberia Club,CREDIT_CARD,AIRLINE,5:1,5.0,Up to 2 days + 14 to 21 days,IHG Rewards Club,Estimated via IHG Rewards Club.
SBI Miles Prime,Iberia Club,CREDIT_CARD,AIRLINE,2:1,2.0,Up to 2 days + Instant,Qatar Privilege Club,Estimated via Qatar Privilege Club.
SBI Miles Prime,Infinity MileageLands,CREDIT_CARD,AIRLINE,5:1,5.0,Up to 2 days + 14 to 21 days,IHG Rewards Club,Estimated via IHG Rewards Club.
SBI Miles Prime,JAL Mileage Bank,CREDIT_CARD,AIRLINE,4:1,4.0,Up to 2 days + 7 to 10 days,Accor Live Limitless,Estimated via Accor Live Limitless.
SBI Miles Prime,JAL Mileage Bank,CREDIT_CARD,AIRLINE,2:1,2.0,Up to 2 days,Direct,
SBI Miles Prime,JAL Mileage Bank,CREDIT_CARD,AIRLINE,5:1,5.0,Up to 2 days + 14 to 21 days,IHG Rewards Club,Estimated via IHG Rewards Club.
SBI Miles Prime,Jumeirah One,CREDIT_CARD,HOTEL,2:1,2.0,Up to 2 days,Direct,
SBI Miles Prime,Juneyao Air,CREDIT_CARD,AIRLINE,80:3,26.6,Up to 2 days + 7 to 10 days,Accor Live Limitless,Estimated via Accor Live Limitless.
SBI Miles Prime,KrisFlyer,CREDIT_CARD,AIRLINE,4:1,4.0,Up to 2 days + 7 to 10 days,Accor Live Limitless,Estimated via Accor Live Limitless.
SBI Miles Prime,KrisFlyer,CREDIT_CARD,AIRLINE,5:1,5.0,Up to 2 days + 14 to 21 days,IHG Rewards Club,Estimated via IHG Rewards Club.
SBI Miles Prime,LATAM Pass,CREDIT_CARD,AIRLINE,4:1,4.0,Up to 2 days + 7 to 10 days,Accor Live Limitless,Estimated via Accor Live Limitless.
SBI Miles Prime,LifeMiles,CREDIT_CARD,AIRLINE,4:1,4.0,Up to 2 days + 7 to 10 days,Accor Live Limitless,Estimated via Accor Live Limitless.
SBI Miles Prime,LifeMiles,CREDIT_CARD,AIRLINE,5:1,5.0,Up to 2 days + 14 to 21 days,IHG Rewards Club,Estimated via IHG Rewards Club.
SBI Miles Prime,Lotusmiles,CREDIT_CARD,AIRLINE,3:1,3.0,Up to 2 days + 7 to 10 days,Accor Live Limitless,Estimated via Accor Live Limitless.
SBI Miles Prime,Lotusmiles,CREDIT_CARD,AIRLINE,1:1,1.0,Up to 2 days,Direct,
SBI Miles Prime,Maharaja Club,CREDIT_CARD,AIRLINE,1:1,1.0,Up to 2 days,Direct,
SBI Miles Prime,Marriott Bonvoy,CREDIT_CARD,HOTEL,1:1,1.0,Up to 2 days + Up to 7 days,Aeroplan,Estimated via Aeroplan.
SBI Miles Prime,Marriott Bonvoy,CREDIT_CARD,HOTEL,2:1,2.0,Up to 2 days + Up to 7 days,Asia Miles (Cathay),Estimated via Asia Miles (Cathay).
SBI Miles Prime,Marriott Bonvoy,CREDIT_CARD,HOTEL,3:1,3.0,Up to 2 days + Up to 7 days,Emirates Skywards,Estimated via Emirates Skywards.
SBI Miles Prime,Marriott Bonvoy,CREDIT_CARD,HOTEL,4:3,1.3333333333333333,Up to 2 days + 7 to 21 days,ITC Club,Estimated via ITC Club.
SBI Miles Prime,Marriott Bonvoy,CREDIT_CARD,HOTEL,8:3,2.6666666666666665,Up to 2 days + Up to 7 days,JAL Mileage Bank,Estimated via JAL Mileage Bank.
SBI Miles Prime,Marriott Bonvoy,CREDIT_CARD,HOTEL,2:1,2.0,Up to 2 days + Up to 7 days,MileagePlus,Estimated via MileagePlus.
SBI Miles Prime,Marriott Bonvoy,CREDIT_CARD,HOTEL,4:1,4.0,Up to 2 days + Up to 7 days,Qatar Privilege Club,Estimated via Qatar Privilege Club.
SBI Miles Prime,Marriott Bonvoy,CREDIT_CARD,HOTEL,4:1,4.0,Up to 2 days + Up to 7 days,ShebaMiles,Estimated via ShebaMiles.
SBI Miles Prime,MileagePlus,CREDIT_CARD,AIRLINE,4:1,4.0,Up to 2 days + 7 to 10 days,Accor Live Limitless,Estimated via Accor Live Limitless.
SBI Miles Prime,MileagePlus,CREDIT_CARD,AIRLINE,2:1,2.0,Up to 2 days,Direct,
SBI Miles Prime,MileagePlus,CREDIT_CARD,AIRLINE,5:1,5.0,Up to 2 days + 14 to 21 days,IHG Rewards Club,Estimated via IHG Rewards Club.
SBI Miles Prime,Miles & More,CREDIT_CARD,AIRLINE,5:1,5.0,Up to 2 days + 14 to 21 days,IHG Rewards Club,Estimated via IHG Rewards Club.
SBI Miles Prime,Miles & Smiles,CREDIT_CARD,AIRLINE,2:1,2.0,Up to 2 days,Direct,
SBI Miles Prime,Miles & Smiles,CREDIT_CARD,AIRLINE,5:1,5.0,Up to 2 days + 14 to 21 days,IHG Rewards Club,Estimated via IHG Rewards Club.
SBI Miles Prime,Miles-Bonus,CREDIT_CARD,AIRLINE,4:1,4.0,Up to 2 days + 7 to 10 days,Accor Live Limitless,Estimated via Accor Live Limitless.
SBI Miles Prime,Orchid Rewards,CREDIT_CARD,HOTEL,1:1,1.0,Up to 2 days,Direct,
SBI Miles Prime,Phoenix Miles,CREDIT_CARD,AIRLINE,5:2,2.5,Up to 2 days + 7 to 10 days,Accor Live Limitless,Estimated via Accor Live Limitless.
SBI Miles Prime,Phoenix Miles,CREDIT_CARD,AIRLINE,5:1,5.0,Up to 2 days + 14 to 21 days,IHG Rewards Club,Estimated via IHG Rewards Club.
SBI Miles Prime,Qantas Frequent Flyer,CREDIT_CARD,AIRLINE,8:5,1.6,Up to 2 days + 7 to 10 days,Accor Live Limitless,Estimated via Accor Live Limitless.
SBI Miles Prime,Qantas Frequent Flyer,CREDIT_CARD,AIRLINE,1:1,1.0,Up to 2 days,Direct,
SBI Miles Prime,Qantas Frequent Flyer,CREDIT_CARD,AIRLINE,5:1,5.0,Up to 2 days + 14 to 21 days,IHG Rewards Club,Estimated via IHG Rewards Club.
SBI Miles Prime,Qatar Privilege Club,CREDIT_CARD,AIRLINE,4:1,4.0,Up to 2 days + 7 to 10 days,Accor Live Limitless,Estimated via Accor Live Limitless.
SBI Miles Prime,Qatar Privilege Club,CREDIT_CARD,AIRLINE,1:1,1.0,Up to 2 days + Instant,British Airways Executive Club,Estimated via British Airways Executive Club.
SBI Miles Prime,Qatar Privilege Club,CREDIT_CARD,AIRLINE,2:1,2.0,Up to 2 days,Direct,
SBI Miles Prime,Qatar Privilege Club,CREDIT_CARD,AIRLINE,5:1,5.0,Up to 2 days + 14 to 21 days,IHG Rewards Club,Estimated via IHG Rewards Club.
SBI Miles Prime,Radisson Rewards,CREDIT_CARD,HOTEL,1:1,1.0,Up to 2 days,Direct,
SBI Miles Prime,Royal Orchid Plus,CREDIT_CARD,AIRLINE,4:1,4.0,Up to 2 days + 7 to 10 days,Accor Live Limitless,Estimated via Accor Live Limitless.
SBI Miles Prime,Royal Orchid Plus,CREDIT_CARD,AIRLINE,1:1,1.0,Up to 2 days,Direct,
SBI Miles Prime,Royal Orchid Plus,CREDIT_CARD,AIRLINE,5:1,5.0,Up to 2 days + 14 to 21 days,IHG Rewards Club,Estimated via IHG Rewards Club.
SBI Miles Prime,Saudia Alfursan,CREDIT_CARD,AIRLINE,2:1,2.0,Up to 2 days,Direct,
SBI Miles Prime,Saudia Alfursan,CREDIT_CARD,AIRLINE,5:1,5.0,Up to 2 days + 14 to 21 days,IHG Rewards Club,Estimated via IHG Rewards Club.
SBI Miles Prime,ShebaMiles,CREDIT_CARD,AIRLINE,2:1,2.0,Up to 2 days,Direct,
SBI Miles Prime,Sky Pearl Club,CREDIT_CARD,AIRLINE,5:1,5.0,Up to 2 days + 14 to 21 days,IHG Rewards Club,Estimated via IHG Rewards Club.
SBI Miles Prime,Skypass,CREDIT_CARD,AIRLINE,4:1,4.0,Up to 2 days + 7 to 10 days,Accor Live Limitless,Estimated via Accor Live Limitless.
SBI Miles Prime,Skypass,CREDIT_CARD,AIRLINE,5:1,5.0,Up to 2 days + 14 to 21 days,IHG Rewards Club,Estimated via IHG Rewards Club.
SBI Miles Prime,Smiles GOL,CREDIT_CARD,AIRLINE,4:1,4.0,Up to 2 days + 7 to 10 days,Accor Live Limitless,Estimated via Accor Live Limitless.
SBI Miles Prime,SpiceClub,CREDIT_CARD,AIRLINE,1:1,1.0,Up to 2 days,Direct,
SBI Miles Prime,Suma,CREDIT_CARD,DEFAULT,2:1,2.0,Up to 2 days + 7 to 10 days,Accor Live Limitless,Estimated via Accor Live Limitless.
SBI Miles Prime,Tap Miles & Go,CREDIT_CARD,AIRLINE,4:1,4.0,Up to 2 days + 7 to 10 days,Accor Live Limitless,Estimated via Accor Live Limitless.
SBI Miles Prime,Tap Miles & Go,CREDIT_CARD,AIRLINE,5:1,5.0,Up to 2 days + 14 to 21 days,IHG Rewards Club,Estimated via IHG Rewards Club.
SBI Miles Prime,TrueBlue,CREDIT_CARD,AIRLINE,5:1,5.0,Up to 2 days + 14 to 21 days,IHG Rewards Club,Estimated via IHG Rewards Club.
SBI Miles Prime,Velocity,CREDIT_CARD,AIRLINE,2:1,2.0,Up to 2 days + 7 to 10 days,Accor Live Limitless,Estimated via Accor Live Limitless.
SBI Miles Prime,Velocity,CREDIT_CARD,AIRLINE,5:1,5.0,Up to 2 days + 14 to 21 days,IHG Rewards Club,Estimated via IHG Rewards Club.
SBI Miles Prime,Virgin Atlantic Flying Club,CREDIT_CARD,AIRLINE,5:1,5.0,Up to 2 days + 14 to 21 days,IHG Rewards Club,Estimated via IHG Rewards Club.
SBI Miles Prime,Voyager,CREDIT_CARD,AIRLINE,5:1,5.0,Up to 2 days + 14 to 21 days,IHG Rewards Club,Estimated via IHG Rewards Club.
SBI Miles Prime,Vueling Club,CREDIT_CARD,AIRLINE,1:1,1.0,Up to 2 days + Instant,British Airways Executive Club,Estimated via British Airways Executive Club.
SBI Miles Prime,Vueling Club,CREDIT_CARD,AIRLINE,2:1,2.0,Up to 2 days + Instant,Qatar Privilege Club,Estimated via Qatar Privilege Club.
SBI Miles Prime,Wyndham,CREDIT_CARD,HOTEL,1:1,1.0,Up to 2 days,Direct,
ShebaMiles,ANA Mileage Club,AIRLINE,AIRLINE,6:1,6.0,Up to 7 days + Up to 4 Days,Marriott Bonvoy,Estimated via Marriott Bonvoy.
ShebaMiles,AerClub,AIRLINE,AIRLINE,6:1,6.0,Up to 7 days + Up to 3 Days,Marriott Bonvoy,Estimated via Marriott Bonvoy.
ShebaMiles,Aeromexico Rewards,AIRLINE,AIRLINE,6:1,6.0,Up to 7 days + Up to 4 Days,Marriott Bonvoy,Estimated via Marriott Bonvoy.
ShebaMiles,Aeroplan,AIRLINE,AIRLINE,6:1,6.0,Up to 7 days + Up to 4 Days,Marriott Bonvoy,Estimated via Marriott Bonvoy.
ShebaMiles,American Airlines AAdvantage,AIRLINE,AIRLINE,6:1,6.0,Up to 7 days + 1 to 7 days,Marriott Bonvoy,Estimated via Marriott Bonvoy.
ShebaMiles,Asia Miles (Cathay),AIRLINE,AIRLINE,6:1,6.0,Up to 7 days + Up to 5 Days,Marriott Bonvoy,Estimated via Marriott Bonvoy.
ShebaMiles,Asiana Club,AIRLINE,AIRLINE,6:1,6.0,Up to 7 days + Up to 4 Days,Marriott Bonvoy,Estimated via Marriott Bonvoy.
ShebaMiles,Atmos Rewards,AIRLINE,AIRLINE,6:1,6.0,Up to 7 days + Up to 4 Days,Marriott Bonvoy,Estimated via Marriott Bonvoy.
ShebaMiles,British Airways Executive Club,AIRLINE,AIRLINE,6:1,6.0,Up to 7 days + Up to 3 Days,Marriott Bonvoy,Estimated via Marriott Bonvoy.
ShebaMiles,ConnectMiles,AIRLINE,AIRLINE,6:1,6.0,Up to 7 days + 1 to 7 days,Marriott Bonvoy,Estimated via Marriott Bonvoy.
ShebaMiles,Delta SkyMiles,AIRLINE,AIRLINE,6:1,6.0,Up to 7 days + Up to 1 Day,Marriott Bonvoy,Estimated via Marriott Bonvoy.
ShebaMiles,Emirates Skywards,AIRLINE,AIRLINE,6:1,6.0,Up to 7 days + Up to 3 Days,Marriott Bonvoy,Estimated via Marriott Bonvoy.
ShebaMiles,Etihad Guest,AIRLINE,AIRLINE,6:1,6.0,Up to 7 days + Up to 3 Days,Marriott Bonvoy,Estimated via Marriott Bonvoy.
ShebaMiles,Flying Blue,AIRLINE,AIRLINE,6:1,6.0,Up to 7 days + Up to 3 Days,Marriott Bonvoy,Estimated via Marriott Bonvoy.
ShebaMiles,Fortune Wings Club,AIRLINE,AIRLINE,6:1,6.0,Up to 7 days + Up to 8 Days,Marriott Bonvoy,Estimated via Marriott Bonvoy.
ShebaMiles,Frontier Miles,AIRLINE,AIRLINE,6:1,6.0,Up to 7 days + Up to 30 Days,Marriott Bonvoy,Estimated via Marriott Bonvoy.
ShebaMiles,Iberia Club,AIRLINE,AIRLINE,6:1,6.0,Up to 7 days + Up to 1 Day,Marriott Bonvoy,Estimated via Marriott Bonvoy.
ShebaMiles,JAL Mileage Bank,AIRLINE,AIRLINE,6:1,6.0,Up to 7 days + Up to 2 Days,Marriott Bonvoy,Estimated via Marriott Bonvoy.
ShebaMiles,KrisFlyer,AIRLINE,AIRLINE,6:1,6.0,Up to 7 days + 1 to 7 days,Marriott Bonvoy,Estimated via Marriott Bonvoy.
ShebaMiles,LATAM Pass,AIRLINE,AIRLINE,6:1,6.0,Up to 7 days + 1 to 7 days,Marriott Bonvoy,Estimated via Marriott Bonvoy.
ShebaMiles,LifeMiles,AIRLINE,AIRLINE,6:1,6.0,Up to 7 days + 1 to 7 days,Marriott Bonvoy,Estimated via Marriott Bonvoy.
ShebaMiles,Marriott Bonvoy,AIRLINE,HOTEL,2:1,2.0,Up to 7 days,Direct,
ShebaMiles,MileagePlus,AIRLINE,AIRLINE,6:1,6.0,Up to 7 days + 1 to 7 days,Marriott Bonvoy,Estimated via Marriott Bonvoy.
ShebaMiles,Miles & Smiles,AIRLINE,AIRLINE,6:1,6.0,Up to 7 days + 1 to 7 days,Marriott Bonvoy,Estimated via Marriott Bonvoy.
ShebaMiles,Miles-Bonus,AIRLINE,AIRLINE,6:1,6.0,Up to 7 days + Up to 3 Days,Marriott Bonvoy,Estimated via Marriott Bonvoy.
ShebaMiles,Phoenix Miles,AIRLINE,AIRLINE,6:1,6.0,Up to 7 days + 1 to 7 days,Marriott Bonvoy,Estimated via Marriott Bonvoy.
ShebaMiles,Qantas Frequent Flyer,AIRLINE,AIRLINE,6:1,6.0,Up to 7 days + 1 to 7 days,Marriott Bonvoy,Estimated via Marriott Bonvoy.
ShebaMiles,Qatar Privilege Club,AIRLINE,AIRLINE,6:1,6.0,Up to 7 days + Up to 3 Days,Marriott Bonvoy,Estimated via Marriott Bonvoy.
ShebaMiles,Rapid Rewards,AIRLINE,AIRLINE,6:1,6.0,Up to 7 days + 1 to 7 days,Marriott Bonvoy,Estimated via Marriott Bonvoy.
ShebaMiles,Royal Orchid Plus,AIRLINE,AIRLINE,6:1,6.0,Up to 7 days + 1 to 7 days,Marriott Bonvoy,Estimated via Marriott Bonvoy.
ShebaMiles,Saudia Alfursan,AIRLINE,AIRLINE,6:1,6.0,Up to 7 days + 1 to 7 days,Marriott Bonvoy,Estimated via Marriott Bonvoy.
ShebaMiles,Sky Pearl Club,AIRLINE,AIRLINE,6:1,6.0,Up to 7 days + 1 to 7 days,Marriott Bonvoy,Estimated via Marriott Bonvoy.
ShebaMiles,Tap Miles & Go,AIRLINE,AIRLINE,6:1,6.0,Up to 7 days + 1 to 7 days,Marriott Bonvoy,Estimated via Marriott Bonvoy.
ShebaMiles,Velocity,AIRLINE,AIRLINE,6:1,6.0,Up to 7 days + 1 to 7 days,Marriott Bonvoy,Estimated via Marriott Bonvoy.
ShebaMiles,Virgin Atlantic Flying Club,AIRLINE,AIRLINE,6:1,6.0,Up to 7 days + 1 to 7 days,Marriott Bonvoy,Estimated via Marriott Bonvoy.
ShebaMiles,Vueling Club,AIRLINE,AIRLINE,6:1,6.0,Up to 7 days + 1 to 7 days,Marriott Bonvoy,Estimated via Marriott Bonvoy.
Suma,Accor Live Limitless,DEFAULT,HOTEL,4:1,4.0,Up to 7 days,Direct,
Suma,Aeromexico Rewards,DEFAULT,AIRLINE,8:1,8.0,Up to 7 days + 7 to 10 days,Accor Live Limitless,Estimated via Accor Live Limitless.
Suma,Aeroplan,DEFAULT,AIRLINE,8:1,8.0,Up to 7 days + 7 to 10 days,Accor Live Limitless,Estimated via Accor Live Limitless.
Suma,Asia Miles (Cathay),DEFAULT,AIRLINE,8:1,8.0,Up to 7 days + 7 to 10 days,Accor Live Limitless,Estimated via Accor Live Limitless.
Suma,British Airways Executive Club,DEFAULT,AIRLINE,8:1,8.0,Up to 7 days + 7 to 10 days,Accor Live Limitless,Estimated via Accor Live Limitless.
Suma,Delta SkyMiles,DEFAULT,AIRLINE,8:1,8.0,Up to 7 days + 7 to 10 days,Accor Live Limitless,Estimated via Accor Live Limitless.
Suma,Emirates Skywards,DEFAULT,AIRLINE,8:1,8.0,Up to 7 days + 7 to 10 days,Accor Live Limitless,Estimated via Accor Live Limitless.
Suma,Etihad Guest,DEFAULT,AIRLINE,8:1,8.0,Up to 7 days + 7 to 10 days,Accor Live Limitless,Estimated via Accor Live Limitless.
Suma,FalconFlyer,DEFAULT,AIRLINE,8:1,8.0,Up to 7 days + 7 to 10 days,Accor Live Limitless,Estimated via Accor Live Limitless.
Suma,Finnair Plus,DEFAULT,AIRLINE,80:13,6.16,Up to 7 days + 7 to 10 days,Accor Live Limitless,Estimated via Accor Live Limitless.
Suma,Flying Blue,DEFAULT,AIRLINE,4:1,4.0,Up to 7 days + 7 to 10 days,Accor Live Limitless,Estimated via Accor Live Limitless.
Suma,Iberia Club,DEFAULT,AIRLINE,4:1,4.0,Up to 7 days + 7 to 10 days,Accor Live Limitless,Estimated via Accor Live Limitless.
Suma,JAL Mileage Bank,DEFAULT,AIRLINE,8:1,8.0,Up to 7 days + 7 to 10 days,Accor Live Limitless,Estimated via Accor Live Limitless.
Suma,Juneyao Air,DEFAULT,AIRLINE,53:1,53.2,Up to 7 days + 7 to 10 days,Accor Live Limitless,Estimated via Accor Live Limitless.
Suma,KrisFlyer,DEFAULT,AIRLINE,8:1,8.0,Up to 7 days + 7 to 10 days,Accor Live Limitless,Estimated via Accor Live Limitless.
Suma,LATAM Pass,DEFAULT,AIRLINE,8:1,8.0,Up to 7 days + 7 to 10 days,Accor Live Limitless,Estimated via Accor Live Limitless.
Suma,LifeMiles,DEFAULT,AIRLINE,8:1,8.0,Up to 7 days + 7 to 10 days,Accor Live Limitless,Estimated via Accor Live Limitless.
Suma,Lotusmiles,DEFAULT,AIRLINE,6:1,6.0,Up to 7 days + 7 to 10 days,Accor Live Limitless,Estimated via Accor Live Limitless.
Suma,MileagePlus,DEFAULT,AIRLINE,8:1,8.0,Up to 7 days + 7 to 10 days,Accor Live Limitless,Estimated via Accor Live Limitless.
Suma,Miles-Bonus,DEFAULT,AIRLINE,8:1,8.0,Up to 7 days + 7 to 10 days,Accor Live Limitless,Estimated via Accor Live Limitless.
Suma,Phoenix Miles,DEFAULT,AIRLINE,5:1,5.0,Up to 7 days + 7 to 10 days,Accor Live Limitless,Estimated via Accor Live Limitless.
Suma,Qantas Frequent Flyer,DEFAULT,AIRLINE,16:5,3.2,Up to 7 days + 7 to 10 days,Accor Live Limitless,Estimated via Accor Live Limitless.
Suma,Qatar Privilege Club,DEFAULT,AIRLINE,8:1,8.0,Up to 7 days + 7 to 10 days,Accor Live Limitless,Estimated via Accor Live Limitless.
Suma,Royal Orchid Plus,DEFAULT,AIRLINE,8:1,8.0,Up to 7 days + 7 to 10 days,Accor Live Limitless,Estimated via Accor Live Limitless.
Suma,Skypass,DEFAULT,AIRLINE,8:1,8.0,Up to 7 days + 7 to 10 days,Accor Live Limitless,Estimated via Accor Live Limitless.
Suma,Smiles GOL,DEFAULT,AIRLINE,8:1,8.0,Up to 7 days + 7 to 10 days,Accor Live Limitless,Estimated via Accor Live Limitless.
Suma,Tap Miles & Go,DEFAULT,AIRLINE,8:1,8.0,Up to 7 days + 7 to 10 days,Accor Live Limitless,Estimated via Accor Live Limitless.
Suma,Velocity,DEFAULT,AIRLINE,4:1,4.0,Up to 7 days + 7 to 10 days,Accor Live Limitless,Estimated via Accor Live Limitless.
Vueling Club,Accor Live Limitless,AIRLINE,HOTEL,23:5,4.6000000000000005,Instant + Up to 7 days,Finnair Plus,Estimated via Finnair Plus.
Vueling Club,Accor Live Limitless,AIRLINE,HOTEL,7:2,3.5,Instant + Up to 7 days,Qatar Privilege Club,Estimated via Qatar Privilege Club.
Vueling Club,AerClub,AIRLINE,AIRLINE,1:1,1.0,Instant + Instant,British Airways Executive Club,Estimated via British Airways Executive Club.
Vueling Club,AerClub,AIRLINE,AIRLINE,1:1,1.0,Instant,Direct,Avios transfer
Vueling Club,AerClub,AIRLINE,AIRLINE,1:1,1.0,Instant + Instant,Finnair Plus,Estimated via Finnair Plus.
Vueling Club,AerClub,AIRLINE,AIRLINE,1:1,1.0,Instant + Instant,Iberia Club,Estimated via Iberia Club.
Vueling Club,AerClub,AIRLINE,AIRLINE,1:1,1.0,Instant + Instant,Qatar Privilege Club,Estimated via Qatar Privilege Club.
Vueling Club,British Airways Executive Club,AIRLINE,AIRLINE,1:1,1.0,Instant + Instant,AerClub,Estimated via AerClub.
Vueling Club,British Airways Executive Club,AIRLINE,AIRLINE,1:1,1.0,Instant,Direct,Avios transfer
Vueling Club,British Airways Executive Club,AIRLINE,AIRLINE,1:1,1.0,Instant + Instant,Finnair Plus,Estimated via Finnair Plus.
Vueling Club,British Airways Executive Club,AIRLINE,AIRLINE,1:1,1.0,Instant + Instant,Iberia Club,Estimated via Iberia Club.
Vueling Club,British Airways Executive Club,AIRLINE,AIRLINE,1:1,1.0,Instant + Instant,Qatar Privilege Club,Estimated via Qatar Privilege Club.
Vueling Club,Finnair Plus,AIRLINE,AIRLINE,1:1,1.0,Instant + Instant,AerClub,Estimated via AerClub.
Vueling Club,Finnair Plus,AIRLINE,AIRLINE,1:1,1.0,Instant + Instant,British Airways Executive Club,Estimated via British Airways Executive Club.
Vueling Club,Finnair Plus,AIRLINE,AIRLINE,1:1,1.0,Instant,Direct,Avios transfer
Vueling Club,Finnair Plus,AIRLINE,AIRLINE,1:1,1.0,Instant + Instant,Iberia Club,Estimated via Iberia Club.
Vueling Club,Finnair Plus,AIRLINE,AIRLINE,1:1,1.0,Instant + Instant,Qatar Privilege Club,Estimated via Qatar Privilege Club.
Vueling Club,Iberia Club,AIRLINE,AIRLINE,1:1,1.0,Instant + Instant,AerClub,Estimated via AerClub.
Vueling Club,Iberia Club,AIRLINE,AIRLINE,1:1,1.0,Instant + Instant,British Airways Executive Club,Estimated via British Airways Executive Club.
Vueling Club,Iberia Club,AIRLINE,AIRLINE,1:1,1.0,Instant,Direct,Avios transfer
Vueling Club,Iberia Club,AIRLINE,AIRLINE,1:1,1.0,Instant + Instant,Finnair Plus,Estimated via Finnair Plus.
Vueling Club,Iberia Club,AIRLINE,AIRLINE,1:1,1.0,Instant + Instant,Qatar Privilege Club,Estimated via Qatar Privilege Club.
Vueling Club,Marriott Bonvoy,AIRLINE,HOTEL,2:1,2.0,Instant + Up to 7 days,Qatar Privilege Club,Estimated via Qatar Privilege Club.
Vueling Club,Qatar Privilege Club,AIRLINE,AIRLINE,1:1,1.0,Instant + Instant,AerClub,Estimated via AerClub.
Vueling Club,Qatar Privilege Club,AIRLINE,AIRLINE,1:1,1.0,Instant + Instant,British Airways Executive Club,Estimated via British Airways Executive Club.
Vueling Club,Qatar Privilege Club,AIRLINE,AIRLINE,1:1,1.0,Instant,Direct,Avios transfer
Vueling Club,Qatar Privilege Club,AIRLINE,AIRLINE,1:1,1.0,Instant + Instant,Finnair Plus,Estimated via Finnair Plus.
Vueling Club,Qatar Privilege Club,AIRLINE,AIRLINE,1:1,1.0,Instant + Instant,Iberia Club,Estimated via Iberia Club.
Yes Marquee,Maharaja Club,CREDIT_CARD,AIRLINE,15:1,15.0,3 to 7 days,Direct,
Yes Private,Maharaja Club,CREDIT_CARD,AIRLINE,6:1,6.0,3 to 7 days,Direct,
Yes Reserv,Maharaja Club,CREDIT_CARD,AIRLINE,15:1,15.0,3 to 7 days,Direct,
